baseline,use_tdma,swarm_size,packet_loss,num_objectives,num_threats,slot_duration,trial,sci,ce,pdr,mtc,converged,frames_to_consensus,consensus_verified,consensus_regressions,frames_to_stability,packets_sent,packets_received,packets_offered,tx_opportunities,p_tx_success,p_rx_given_tx,p_e2e,total_frames,timestamp
ideal_omni,0,10,0.0,5,2,0.05,0,0.699274,0.6,1.0,0.2,True,2,1,17,25,690,6210,6210,690,1.0,1.0,1.0,69,2026-09-03T19:11:24
ideal_omni,0,10,0.0,5,2,0.05,1,0.603411,0.6,1.0,0.4,True,4,1,9,18,430,3870,3870,430,1.0,1.0,1.0,43,2026-09-03T19:11:24
ideal_omni,0,10,0.0,5,2,0.05,2,0.441775,0.8,1.0,0.5,True,5,1,0,8,250,2250,2250,250,1.0,1.0,1.0,25,2026-09-03T19:11:24
ideal_omni,0,10,0.0,5,2,0.05,3,0.671785,0.6,1.0,0.4,True,4,1,22,27,870,7830,7830,870,1.0,1.0,1.0,87,2026-09-03T19:11:24
ideal_omni,0,10,0.0,5,2,0.05,4,0.541494,0.8,1.0,0.2,True,2,1,0,6,220,1980,1980,220,1.0,1.0,1.0,22,2026-09-03T19:11:24
ideal_omni,0,10,0.0,5,2,0.05,5,0.52498,0.4,1.0,0.3,True,3,1,0,7,230,2070,2070,230,1.0,1.0,1.0,23,2026-09-03T19:11:24
ideal_omni,0,10,0.0,5,2,0.05,6,0.581488,0.4,1.0,0.4,True,4,1,9,20,370,3330,3330,370,1.0,1.0,1.0,37,2026-09-03T19:11:24
ideal_omni,0,10,0.0,5,2,0.05,7,0.69171,0.6,1.0,0.6,True,6,1,1,9,430,3870,3870,430,1.0,1.0,1.0,43,2026-09-03T19:11:24
ideal_omni,0,10,0.0,5,2,0.05,8,0.59022,0.6,1.0,0.2,True,2,1,5,6,570,5130,5130,570,1.0,1.0,1.0,57,2026-09-03T19:11:25
ideal_omni,0,10,0.0,5,2,0.05,9,0.52484,0.8,1.0,0.2,True,2,1,3,10,270,2430,2430,270,1.0,1.0,1.0,27,2026-09-03T19:11:25
ideal_omni,0,10,0.0,5,2,0.05,10,0.564739,0.8,1.0,0.7,True,7,1,1,12,290,2610,2610,290,1.0,1.0,1.0,29,2026-09-03T19:11:25
ideal_omni,0,10,0.0,5,2,0.05,11,0.653033,0.8,1.0,0.1,True,1,1,4,5,640,5760,5760,640,1.0,1.0,1.0,64,2026-09-03T19:11:25
ideal_omni,0,10,0.0,5,2,0.05,12,0.582896,0.8,1.0,0.3,True,3,1,0,6,230,2070,2070,230,1.0,1.0,1.0,23,2026-09-03T19:11:25
ideal_omni,0,10,0.0,5,2,0.05,13,0.545088,1.0,1.0,0.1,True,1,1,1,5,310,2790,2790,310,1.0,1.0,1.0,31,2026-09-03T19:11:25
ideal_omni,0,10,0.0,5,2,0.05,14,0.572867,1.0,1.0,0.3,True,3,1,1,8,250,2250,2250,250,1.0,1.0,1.0,25,2026-09-03T19:11:25
ideal_omni,0,10,0.0,5,2,0.05,15,0.659268,0.6,1.0,0.2,True,2,1,2,6,310,2790,2790,310,1.0,1.0,1.0,31,2026-09-03T19:11:25
ideal_omni,0,10,0.0,5,2,0.05,16,0.618557,0.6,1.0,0.8,True,8,1,0,11,280,2520,2520,280,1.0,1.0,1.0,28,2026-09-03T19:11:25
ideal_omni,0,10,0.0,5,2,0.05,17,0.689951,0.6,1.0,0.5,True,5,1,13,22,550,4950,4950,550,1.0,1.0,1.0,55,2026-09-03T19:11:25
ideal_omni,0,10,0.0,5,2,0.05,18,0.554273,0.6,1.0,0.5,True,5,1,0,8,250,2250,2250,250,1.0,1.0,1.0,25,2026-09-03T19:11:26
ideal_omni,0,10,0.0,5,2,0.05,19,0.591506,0.6,1.0,0.2,True,2,1,1,6,340,3060,3060,340,1.0,1.0,1.0,34,2026-09-03T19:11:26
ideal_omni,0,10,0.0,5,2,0.05,20,0.542766,0.8,1.0,0.7,True,7,1,2,15,310,2790,2790,310,1.0,1.0,1.0,31,2026-09-03T19:11:26
ideal_omni,0,10,0.0,5,2,0.05,21,0.535746,0.8,1.0,0.3,True,3,1,1,6,320,2880,2880,320,1.0,1.0,1.0,32,2026-09-03T19:11:26
ideal_omni,0,10,0.0,5,2,0.05,22,0.63739,0.2,1.0,0.4,True,4,1,0,7,240,2160,2160,240,1.0,1.0,1.0,24,2026-09-03T19:11:26
ideal_omni,0,10,0.0,5,2,0.05,23,0.521699,0.6,1.0,0.3,True,3,1,0,6,230,2070,2070,230,1.0,1.0,1.0,23,2026-09-03T19:11:26
ideal_omni,0,10,0.0,5,2,0.05,24,0.542272,0.8,1.0,0.1,True,1,1,1,7,230,2070,2070,230,1.0,1.0,1.0,23,2026-09-03T19:11:26
ideal_omni,0,10,0.0,5,2,0.05,25,0.606133,0.8,1.0,0.2,True,2,1,9,6,390,3510,3510,390,1.0,1.0,1.0,39,2026-09-03T19:11:26
ideal_omni,0,10,0.0,5,2,0.05,26,0.633868,0.8,1.0,1.2,True,12,1,0,15,320,2880,2880,320,1.0,1.0,1.0,32,2026-09-03T19:11:26
ideal_omni,0,10,0.0,5,2,0.05,27,0.597288,0.8,1.0,0.4,True,4,1,0,8,240,2160,2160,240,1.0,1.0,1.0,24,2026-09-03T19:11:26
ideal_omni,0,10,0.0,5,2,0.05,28,0.598014,0.6,1.0,0.2,True,2,1,1,9,250,2250,2250,250,1.0,1.0,1.0,25,2026-09-03T19:11:26
ideal_omni,0,10,0.0,5,2,0.05,29,0.610432,0.6,1.0,0.4,True,4,1,1,10,260,2340,2340,260,1.0,1.0,1.0,26,2026-09-03T19:11:26
ideal_omni,0,30,0.0,5,2,0.05,0,0.685895,1.0,1.0,0.3,True,3,1,6,16,1440,41760,41760,1440,1.0,1.0,1.0,48,2026-09-03T19:11:27
ideal_omni,0,30,0.0,5,2,0.05,1,0.676417,0.4,1.0,0.2,True,2,1,5,8,1410,40890,40890,1410,1.0,1.0,1.0,47,2026-09-03T19:11:28
ideal_omni,0,30,0.0,5,2,0.05,2,0.500801,0.8,1.0,0.8,True,8,1,0,12,840,24360,24360,840,1.0,1.0,1.0,28,2026-09-03T19:11:27
ideal_omni,0,30,0.0,5,2,0.05,3,0.705044,0.8,1.0,0.1,True,1,1,4,8,1620,46980,46980,1620,1.0,1.0,1.0,54,2026-09-03T19:11:28
ideal_omni,0,30,0.0,5,2,0.05,4,0.754338,0.8,1.0,0.2,True,2,1,4,6,2130,61770,61770,2130,1.0,1.0,1.0,71,2026-09-03T19:11:28
ideal_omni,0,30,0.0,5,2,0.05,5,0.615261,0.6,1.0,0.3,True,3,1,0,7,690,20010,20010,690,1.0,1.0,1.0,23,2026-09-03T19:11:28
ideal_omni,0,30,0.0,5,2,0.05,6,0.648503,0.6,1.0,0.2,True,2,1,4,9,1290,37410,37410,1290,1.0,1.0,1.0,43,2026-09-03T19:11:28
ideal_omni,0,30,0.0,5,2,0.05,7,0.581861,0.8,1.0,0.6,True,6,1,0,9,780,22620,22620,780,1.0,1.0,1.0,26,2026-09-03T19:11:28
ideal_omni,0,30,0.0,5,2,0.05,8,0.659927,0.8,1.0,0.4,True,4,1,2,8,1350,39150,39150,1350,1.0,1.0,1.0,45,2026-09-03T19:11:28
ideal_omni,0,30,0.0,5,2,0.05,9,0.644448,0.8,1.0,0.2,True,2,1,10,15,1230,35670,35670,1230,1.0,1.0,1.0,41,2026-09-03T19:11:28
ideal_omni,0,30,0.0,5,2,0.05,10,0.639174,0.6,1.0,0.5,True,5,1,1,11,810,23490,23490,810,1.0,1.0,1.0,27,2026-09-03T19:11:28
ideal_omni,0,30,0.0,5,2,0.05,11,0.694353,0.8,1.0,0.1,True,1,1,3,7,1230,35670,35670,1230,1.0,1.0,1.0,41,2026-09-03T19:11:28
ideal_omni,0,30,0.0,5,2,0.05,12,0.697919,1.0,1.0,0.6,True,6,1,1,10,1380,40020,40020,1380,1.0,1.0,1.0,46,2026-09-03T19:11:28
ideal_omni,0,30,0.0,5,2,0.05,13,0.727082,1.0,1.0,0.1,True,1,1,2,5,1530,44370,44370,1530,1.0,1.0,1.0,51,2026-09-03T19:11:28
ideal_omni,0,30,0.0,5,2,0.05,14,0.612678,1.0,1.0,0.1,True,1,1,5,12,1230,35670,35670,1230,1.0,1.0,1.0,41,2026-09-03T19:11:29
ideal_omni,0,30,0.0,5,2,0.05,15,0.661137,1.0,1.0,0.2,True,2,1,8,8,1260,36540,36540,1260,1.0,1.0,1.0,42,2026-09-03T19:11:29
ideal_omni,0,30,0.0,5,2,0.05,16,0.698503,0.8,1.0,1.2,True,12,1,5,9,2550,73950,73950,2550,1.0,1.0,1.0,85,2026-09-03T19:11:29
ideal_omni,0,30,0.0,5,2,0.05,17,0.565695,1.0,1.0,0.3,True,3,1,1,7,900,26100,26100,900,1.0,1.0,1.0,30,2026-09-03T19:11:29
ideal_omni,0,30,0.0,5,2,0.05,18,0.576453,0.8,1.0,0.2,True,2,1,5,12,840,24360,24360,840,1.0,1.0,1.0,28,2026-09-03T19:11:29
ideal_omni,0,30,0.0,5,2,0.05,19,0.677725,0.6,1.0,0.1,True,1,1,5,7,1560,45240,45240,1560,1.0,1.0,1.0,52,2026-09-03T19:11:29
ideal_omni,0,30,0.0,5,2,0.05,20,0.643068,0.8,1.0,0.8,True,8,1,2,11,1320,38280,38280,1320,1.0,1.0,1.0,44,2026-09-03T19:11:29
ideal_omni,0,30,0.0,5,2,0.05,21,0.572722,1.0,1.0,0.1,True,1,1,1,10,780,22620,22620,780,1.0,1.0,1.0,26,2026-09-03T19:11:29
ideal_omni,0,30,0.0,5,2,0.05,22,0.664901,1.0,1.0,0.3,True,3,1,4,17,1020,29580,29580,1020,1.0,1.0,1.0,34,2026-09-03T19:11:29
ideal_omni,0,30,0.0,5,2,0.05,23,0.640188,1.0,1.0,0.2,True,2,1,8,14,1230,35670,35670,1230,1.0,1.0,1.0,41,2026-09-03T19:11:29
ideal_omni,0,30,0.0,5,2,0.05,24,0.599104,0.8,1.0,0.1,True,1,1,2,7,900,26100,26100,900,1.0,1.0,1.0,30,2026-09-03T19:11:29
ideal_omni,0,30,0.0,5,2,0.05,25,0.672185,0.8,1.0,0.2,True,2,1,11,22,1170,33930,33930,1170,1.0,1.0,1.0,39,2026-09-03T19:11:29
ideal_omni,0,30,0.0,5,2,0.05,26,0.704861,0.8,1.0,1.4,True,14,1,1,17,1230,35670,35670,1230,1.0,1.0,1.0,41,2026-09-03T19:11:29
ideal_omni,0,30,0.0,5,2,0.05,27,0.604931,0.8,1.0,0.2,True,2,1,3,12,870,25230,25230,870,1.0,1.0,1.0,29,2026-09-03T19:11:29
ideal_omni,0,30,0.0,5,2,0.05,28,0.661275,0.8,1.0,0.1,True,1,1,2,7,1110,32190,32190,1110,1.0,1.0,1.0,37,2026-09-03T19:11:29
ideal_omni,0,30,0.0,5,2,0.05,29,0.701105,0.8,1.0,0.1,True,1,1,2,5,1560,45240,45240,1560,1.0,1.0,1.0,52,2026-09-03T19:11:29
ideal_omni,0,50,0.0,5,2,0.05,0,0.735271,0.8,1.0,0.4,True,4,1,7,8,3550,173950,173950,3550,1.0,1.0,1.0,71,2026-09-03T19:11:32
ideal_omni,0,50,0.0,5,2,0.05,1,0.713205,0.8,1.0,0.1,True,1,1,6,8,4150,203350,203350,4150,1.0,1.0,1.0,83,2026-09-03T19:11:33
ideal_omni,0,50,0.0,5,2,0.05,2,0.647849,0.8,1.0,0.9,True,9,1,3,13,2250,110250,110250,2250,1.0,1.0,1.0,45,2026-09-03T19:11:31
ideal_omni,0,50,0.0,5,2,0.05,3,0.727636,1.0,1.0,0.1,True,1,1,12,5,4150,203350,203350,4150,1.0,1.0,1.0,83,2026-09-03T19:11:33
ideal_omni,0,50,0.0,5,2,0.05,4,0.662681,1.0,1.0,0.2,True,2,1,5,16,2100,102900,102900,2100,1.0,1.0,1.0,42,2026-09-03T19:11:31
ideal_omni,0,50,0.0,5,2,0.05,5,0.699039,1.0,1.0,0.2,True,2,1,3,6,2750,134750,134750,2750,1.0,1.0,1.0,55,2026-09-03T19:11:32
ideal_omni,0,50,0.0,5,2,0.05,6,0.680218,0.6,1.0,0.3,True,3,1,6,7,2300,112700,112700,2300,1.0,1.0,1.0,46,2026-09-03T19:11:31
ideal_omni,0,50,0.0,5,2,0.05,7,0.688198,1.0,1.0,0.6,True,6,1,5,13,2350,115150,115150,2350,1.0,1.0,1.0,47,2026-09-03T19:11:32
ideal_omni,0,50,0.0,5,2,0.05,8,0.646094,0.8,1.0,0.3,True,3,1,3,7,1800,88200,88200,1800,1.0,1.0,1.0,36,2026-09-03T19:11:31
ideal_omni,0,50,0.0,5,2,0.05,9,0.635459,0.8,1.0,0.9,True,9,1,1,13,2050,100450,100450,2050,1.0,1.0,1.0,41,2026-09-03T19:11:32
ideal_omni,0,50,0.0,5,2,0.05,10,0.65821,0.6,1.0,0.5,True,5,1,3,10,1750,85750,85750,1750,1.0,1.0,1.0,35,2026-09-03T19:11:31
ideal_omni,0,50,0.0,5,2,0.05,11,0.596718,1.0,1.0,0.1,True,1,1,2,7,1550,75950,75950,1550,1.0,1.0,1.0,31,2026-09-03T19:11:32
ideal_omni,0,50,0.0,5,2,0.05,12,0.677851,1.0,1.0,0.1,True,1,1,5,11,2300,112700,112700,2300,1.0,1.0,1.0,46,2026-09-03T19:11:32
ideal_omni,0,50,0.0,5,2,0.05,13,0.736226,1.0,1.0,0.1,True,1,1,5,16,3000,147000,147000,3000,1.0,1.0,1.0,60,2026-09-03T19:11:34
ideal_omni,0,50,0.0,5,2,0.05,14,0.61385,1.0,1.0,0.3,True,3,1,5,12,1950,95550,95550,1950,1.0,1.0,1.0,39,2026-09-03T19:11:32
ideal_omni,0,50,0.0,5,2,0.05,15,0.719036,1.0,1.0,0.2,True,2,1,5,6,2550,124950,124950,2550,1.0,1.0,1.0,51,2026-09-03T19:11:34
ideal_omni,0,50,0.0,5,2,0.05,16,0.609226,1.0,1.0,0.2,True,2,1,3,6,1800,88200,88200,1800,1.0,1.0,1.0,36,2026-09-03T19:11:32
ideal_omni,0,50,0.0,5,2,0.05,17,0.625707,1.0,1.0,0.3,True,3,1,5,13,1450,71050,71050,1450,1.0,1.0,1.0,29,2026-09-03T19:11:33
ideal_omni,0,50,0.0,5,2,0.05,18,0.65577,0.8,1.0,0.2,True,2,1,8,19,2050,100450,100450,2050,1.0,1.0,1.0,41,2026-09-03T19:11:33
ideal_omni,0,50,0.0,5,2,0.05,19,0.654896,1.0,1.0,0.8,True,8,1,2,12,2200,107800,107800,2200,1.0,1.0,1.0,44,2026-09-03T19:11:34
ideal_omni,0,50,0.0,5,2,0.05,20,0.600676,0.8,1.0,0.1,True,1,1,4,10,1650,80850,80850,1650,1.0,1.0,1.0,33,2026-09-03T19:11:33
ideal_omni,0,50,0.0,5,2,0.05,21,0.701642,1.0,1.0,0.1,True,1,1,4,10,3000,147000,147000,3000,1.0,1.0,1.0,60,2026-09-03T19:11:35
ideal_omni,0,50,0.0,5,2,0.05,22,0.713919,1.0,1.0,0.1,True,1,1,6,12,2900,142100,142100,2900,1.0,1.0,1.0,58,2026-09-03T19:11:34
ideal_omni,0,50,0.0,5,2,0.05,23,0.653722,1.0,1.0,0.1,True,1,1,6,5,2150,105350,105350,2150,1.0,1.0,1.0,43,2026-09-03T19:11:36
ideal_omni,0,50,0.0,5,2,0.05,24,0.701517,1.0,1.0,0.1,True,1,1,7,8,2600,127400,127400,2600,1.0,1.0,1.0,52,2026-09-03T19:11:34
ideal_omni,0,50,0.0,5,2,0.05,25,0.685973,0.8,1.0,0.2,True,2,1,12,15,2400,117600,117600,2400,1.0,1.0,1.0,48,2026-09-03T19:11:36
ideal_omni,0,50,0.0,5,2,0.05,26,0.708363,0.8,1.0,0.2,True,2,1,7,6,2250,110250,110250,2250,1.0,1.0,1.0,45,2026-09-03T19:11:35
ideal_omni,0,50,0.0,5,2,0.05,27,0.720476,0.8,1.0,0.6,True,6,1,5,12,2700,132300,132300,2700,1.0,1.0,1.0,54,2026-09-03T19:11:37
ideal_omni,0,50,0.0,5,2,0.05,28,0.637685,1.0,1.0,0.9,True,9,1,2,19,1750,85750,85750,1750,1.0,1.0,1.0,35,2026-09-03T19:11:35
ideal_omni,0,50,0.0,5,2,0.05,29,0.648987,1.0,1.0,0.1,True,1,1,5,5,2000,98000,98000,2000,1.0,1.0,1.0,40,2026-09-03T19:11:36
tdma_clean,1,10,0.0,5,2,0.05,0,0.51762,0.8,1.0,1.6,True,16,1,8,30,92,828,828,92,1.0,1.0,1.0,46,2026-09-03T19:11:34
tdma_clean,1,10,0.0,5,2,0.05,1,0.474823,0.8,1.0,2.0,True,20,1,7,23,110,990,990,110,1.0,1.0,1.0,55,2026-09-03T19:11:34
tdma_clean,1,10,0.0,5,2,0.05,2,0.408783,0.6,1.0,1.9,True,19,1,21,38,164,1476,1476,164,1.0,1.0,1.0,82,2026-09-03T19:11:34
tdma_clean,1,10,0.0,5,2,0.05,3,0.649682,0.8,1.0,2.8,True,28,1,9,32,196,1764,1764,196,1.0,1.0,1.0,98,2026-09-03T19:11:34
tdma_clean,1,10,0.0,5,2,0.05,4,0.602313,0.8,1.0,1.1,True,11,1,4,9,98,882,882,98,1.0,1.0,1.0,49,2026-09-03T19:11:34
tdma_clean,1,10,0.0,5,2,0.05,5,0.678226,0.8,1.0,2.3,True,23,1,5,24,124,1116,1116,124,1.0,1.0,1.0,62,2026-09-03T19:11:34
tdma_clean,1,10,0.0,5,2,0.05,6,0.635409,0.6,1.0,2.8,True,28,1,8,27,134,1206,1206,134,1.0,1.0,1.0,67,2026-09-03T19:11:34
tdma_clean,1,10,0.0,5,2,0.05,7,0.604383,0.6,1.0,1.4,True,14,1,4,12,86,774,774,86,1.0,1.0,1.0,43,2026-09-03T19:11:34
tdma_clean,1,10,0.0,5,2,0.05,8,0.489549,0.6,1.0,1.5,True,15,1,2,23,78,702,702,78,1.0,1.0,1.0,39,2026-09-03T19:11:34
tdma_clean,1,10,0.0,5,2,0.05,9,0.548705,0.8,1.0,1.7,True,17,1,9,16,146,1314,1314,146,1.0,1.0,1.0,73,2026-09-03T19:11:34
tdma_clean,1,10,0.0,5,2,0.05,10,0.574727,0.8,1.0,1.5,True,15,1,0,19,70,630,630,70,1.0,1.0,1.0,35,2026-09-03T19:11:34
tdma_clean,1,10,0.0,5,2,0.05,11,0.718896,0.8,1.0,1.4,True,14,1,12,15,138,1242,1242,138,1.0,1.0,1.0,69,2026-09-03T19:11:35
tdma_clean,1,10,0.0,5,2,0.05,12,0.684021,0.6,1.0,0.9,True,9,1,7,13,118,1062,1062,118,1.0,1.0,1.0,59,2026-09-03T19:11:35
tdma_clean,1,10,0.0,5,2,0.05,13,0.64919,0.8,1.0,0.8,True,8,1,8,15,106,954,954,106,1.0,1.0,1.0,53,2026-09-03T19:11:35
tdma_clean,1,10,0.0,5,2,0.05,14,0.579933,1.0,1.0,1.2,True,12,1,5,22,84,756,756,84,1.0,1.0,1.0,42,2026-09-03T19:11:35
tdma_clean,1,10,0.0,5,2,0.05,15,0.62383,0.8,1.0,1.4,True,14,1,0,18,68,612,612,68,1.0,1.0,1.0,34,2026-09-03T19:11:35
tdma_clean,1,10,0.0,5,2,0.05,16,0.484515,0.8,1.0,1.7,True,17,1,0,21,74,666,666,74,1.0,1.0,1.0,37,2026-09-03T19:11:35
tdma_clean,1,10,0.0,5,2,0.05,17,0.638229,0.6,1.0,2.1,True,21,1,0,24,82,738,738,82,1.0,1.0,1.0,41,2026-09-03T19:11:35
tdma_clean,1,10,0.0,5,2,0.05,18,0.593059,0.6,1.0,1.0,True,10,1,4,18,70,630,630,70,1.0,1.0,1.0,35,2026-09-03T19:11:35
tdma_clean,1,10,0.0,5,2,0.05,19,0.572253,1.0,1.0,1.5,True,15,1,12,20,128,1152,1152,128,1.0,1.0,1.0,64,2026-09-03T19:11:35
tdma_clean,1,10,0.0,5,2,0.05,20,0.601303,1.0,1.0,1.3,True,13,1,5,13,104,936,936,104,1.0,1.0,1.0,52,2026-09-03T19:11:35
tdma_clean,1,10,0.0,5,2,0.05,21,0.596137,0.6,1.0,1.3,True,13,1,9,34,100,900,900,100,1.0,1.0,1.0,50,2026-09-03T19:11:35
tdma_clean,1,10,0.0,5,2,0.05,22,0.668103,0.6,1.0,1.8,True,18,1,4,23,86,774,774,86,1.0,1.0,1.0,43,2026-09-03T19:11:35
tdma_clean,1,10,0.0,5,2,0.05,23,0.528522,1.0,1.0,1.0,True,10,1,9,17,126,1134,1134,126,1.0,1.0,1.0,63,2026-09-03T19:11:35
tdma_clean,1,10,0.0,5,2,0.05,24,0.481313,0.8,1.0,1.2,True,12,1,0,16,64,576,576,64,1.0,1.0,1.0,32,2026-09-03T19:11:35
tdma_clean,1,10,0.0,5,2,0.05,25,0.570413,0.8,1.0,2.3,True,23,1,0,27,86,774,774,86,1.0,1.0,1.0,43,2026-09-03T19:11:35
tdma_clean,1,10,0.0,5,2,0.05,26,0.682227,0.6,1.0,0.7,True,7,1,13,25,84,756,756,84,1.0,1.0,1.0,42,2026-09-03T19:11:35
tdma_clean,1,10,0.0,5,2,0.05,27,0.593912,0.8,1.0,0.5,True,5,1,4,14,60,540,540,60,1.0,1.0,1.0,30,2026-09-03T19:11:35
tdma_clean,1,10,0.0,5,2,0.05,28,0.657823,0.6,1.0,0.9,True,9,1,9,13,98,882,882,98,1.0,1.0,1.0,49,2026-09-03T19:11:35
tdma_clean,1,10,0.0,5,2,0.05,29,0.61382,0.6,1.0,1.3,True,13,1,0,17,66,594,594,66,1.0,1.0,1.0,33,2026-09-03T19:11:35
tdma_clean,1,30,0.0,5,2,0.05,0,0.742903,0.6,1.0,3.9,True,39,1,18,28,166,4814,4814,166,1.0,1.0,1.0,83,2026-09-03T19:11:36
tdma_clean,1,30,0.0,5,2,0.05,1,0.682806,1.0,1.0,4.2,True,42,1,0,38,124,3596,3596,124,1.0,1.0,1.0,62,2026-09-03T19:11:36
tdma_clean,1,30,0.0,5,2,0.05,2,0.666944,1.0,1.0,3.3,True,33,1,5,31,132,3828,3828,132,1.0,1.0,1.0,66,2026-09-03T19:11:36
tdma_clean,1,30,0.0,5,2,0.05,3,0.683927,0.8,1.0,5.1,True,51,1,0,28,142,4118,4118,142,1.0,1.0,1.0,71,2026-09-03T19:11:36
tdma_clean,1,30,0.0,5,2,0.05,4,0.714574,1.0,1.0,2.9,True,29,1,19,39,144,4176,4176,144,1.0,1.0,1.0,72,2026-09-03T19:11:36
tdma_clean,1,30,0.0,5,2,0.05,5,0.734617,0.8,1.0,3.8,True,38,1,6,37,166,4814,4814,166,1.0,1.0,1.0,83,2026-09-03T19:11:36
tdma_clean,1,30,0.0,5,2,0.05,6,0.668432,1.0,1.0,3.9,True,39,1,0,32,118,3422,3422,118,1.0,1.0,1.0,59,2026-09-03T19:11:36
tdma_clean,1,30,0.0,5,2,0.05,7,0.732201,0.8,1.0,2.1,True,21,1,38,31,168,4872,4872,168,1.0,1.0,1.0,84,2026-09-03T19:11:36
tdma_clean,1,30,0.0,5,2,0.05,8,0.705518,1.0,1.0,3.4,True,34,1,7,27,132,3828,3828,132,1.0,1.0,1.0,66,2026-09-03T19:11:37
tdma_clean,1,30,0.0,5,2,0.05,9,0.603925,0.8,1.0,2.5,True,25,1,0,29,90,2610,2610,90,1.0,1.0,1.0,45,2026-09-03T19:11:37
tdma_clean,1,30,0.0,5,2,0.05,10,0.731862,0.6,1.0,5.2,True,52,1,12,49,174,5046,5046,174,1.0,1.0,1.0,87,2026-09-03T19:11:37
tdma_clean,1,30,0.0,5,2,0.05,11,0.668147,1.0,1.0,2.8,True,28,1,0,32,96,2784,2784,96,1.0,1.0,1.0,48,2026-09-03T19:11:37
tdma_clean,1,30,0.0,5,2,0.05,12,0.671405,0.8,1.0,3.0,True,30,1,0,19,100,2900,2900,100,1.0,1.0,1.0,50,2026-09-03T19:11:36
tdma_clean,1,30,0.0,5,2,0.05,13,0.691325,1.0,1.0,1.9,True,19,1,22,24,134,3886,3886,134,1.0,1.0,1.0,67,2026-09-03T19:11:37
tdma_clean,1,30,0.0,5,2,0.05,14,0.677456,1.0,1.0,3.6,True,36,1,0,30,112,3248,3248,112,1.0,1.0,1.0,56,2026-09-03T19:11:36
tdma_clean,1,30,0.0,5,2,0.05,15,0.684493,1.0,1.0,4.0,True,40,1,0,32,120,3480,3480,120,1.0,1.0,1.0,60,2026-09-03T19:11:37
tdma_clean,1,30,0.0,5,2,0.05,16,0.731867,1.0,1.0,2.7,True,27,1,6,25,138,4002,4002,138,1.0,1.0,1.0,69,2026-09-03T19:11:37
tdma_clean,1,30,0.0,5,2,0.05,17,0.727755,0.8,1.0,2.7,True,27,1,11,19,130,3770,3770,130,1.0,1.0,1.0,65,2026-09-03T19:11:37
tdma_clean,1,30,0.0,5,2,0.05,18,0.710428,0.4,1.0,3.3,True,33,1,17,26,174,5046,5046,174,1.0,1.0,1.0,87,2026-09-03T19:11:37
tdma_clean,1,30,0.0,5,2,0.05,19,0.682275,0.8,1.0,3.8,True,38,1,0,37,116,3364,3364,116,1.0,1.0,1.0,58,2026-09-03T19:11:37
tdma_clean,1,30,0.0,5,2,0.05,20,0.625718,1.0,1.0,3.2,True,32,1,0,36,104,3016,3016,104,1.0,1.0,1.0,52,2026-09-03T19:11:37
tdma_clean,1,30,0.0,5,2,0.05,21,0.614958,0.8,1.0,3.3,True,33,1,20,21,162,4698,4698,162,1.0,1.0,1.0,81,2026-09-03T19:11:37
tdma_clean,1,30,0.0,5,2,0.05,22,0.739741,0.8,1.0,4.8,True,48,1,4,27,148,4292,4292,148,1.0,1.0,1.0,74,2026-09-03T19:11:37
tdma_clean,1,30,0.0,5,2,0.05,23,0.725614,1.0,1.0,3.7,True,37,1,6,25,136,3944,3944,136,1.0,1.0,1.0,68,2026-09-03T19:11:37
tdma_clean,1,30,0.0,5,2,0.05,24,0.650898,1.0,1.0,2.8,True,28,1,3,35,108,3132,3132,108,1.0,1.0,1.0,54,2026-09-03T19:11:37
tdma_clean,1,30,0.0,5,2,0.05,25,0.699122,0.8,1.0,3.3,True,33,1,0,22,106,3074,3074,106,1.0,1.0,1.0,53,2026-09-03T19:11:37
tdma_clean,1,30,0.0,5,2,0.05,26,0.702101,1.0,1.0,2.4,True,24,1,26,36,142,4118,4118,142,1.0,1.0,1.0,71,2026-09-03T19:11:37
tdma_clean,1,30,0.0,5,2,0.05,27,0.726556,1.0,1.0,4.1,True,41,1,2,22,156,4524,4524,156,1.0,1.0,1.0,78,2026-09-03T19:11:38
tdma_clean,1,30,0.0,5,2,0.05,28,0.740617,0.6,1.0,2.3,True,23,1,34,32,178,5162,5162,178,1.0,1.0,1.0,89,2026-09-03T19:11:37
tdma_clean,1,30,0.0,5,2,0.05,29,0.603443,0.8,1.0,2.2,True,22,1,0,26,84,2436,2436,84,1.0,1.0,1.0,42,2026-09-03T19:11:38
tdma_clean,1,50,0.0,5,2,0.05,0,0.53742,0.2,1.0,3.3,True,33,0,426,37,1000,49000,49000,1000,1.0,1.0,1.0,500,2026-09-03T19:11:43
tdma_clean,1,50,0.0,5,2,0.05,1,0.550601,0.4,1.0,8.5,True,85,0,351,39,1000,49000,49000,1000,1.0,1.0,1.0,500,2026-09-03T19:11:49
tdma_clean,1,50,0.0,5,2,0.05,2,0.636033,0.2,1.0,6.5,True,65,0,378,38,1000,49000,49000,1000,1.0,1.0,1.0,500,2026-09-03T19:11:43
tdma_clean,1,50,0.0,5,2,0.05,3,0.610322,0.2,1.0,4.4,True,44,0,420,135,1000,49000,49000,1000,1.0,1.0,1.0,500,2026-09-03T19:11:49
tdma_clean,1,50,0.0,5,2,0.05,4,0.63459,0.0,1.0,5.6,True,56,0,381,35,1000,49000,49000,1000,1.0,1.0,1.0,500,2026-09-03T19:11:43
tdma_clean,1,50,0.0,5,2,0.05,5,0.610663,0.0,1.0,4.9,True,49,0,350,42,1000,49000,49000,1000,1.0,1.0,1.0,500,2026-09-03T19:11:49
tdma_clean,1,50,0.0,5,2,0.05,6,0.60391,0.4,1.0,6.9,True,69,0,356,34,1000,49000,49000,1000,1.0,1.0,1.0,500,2026-09-03T19:11:43
tdma_clean,1,50,0.0,5,2,0.05,7,0.570524,0.4,1.0,4.5,True,45,0,397,500,1000,49000,49000,1000,1.0,1.0,1.0,500,2026-09-03T19:11:49
tdma_clean,1,50,0.0,5,2,0.05,8,0.566971,0.2,1.0,3.7,True,37,0,415,84,1000,49000,49000,1000,1.0,1.0,1.0,500,2026-09-03T19:11:43
tdma_clean,1,50,0.0,5,2,0.05,9,0.530302,0.2,1.0,5.4,True,54,0,392,33,1000,49000,49000,1000,1.0,1.0,1.0,500,2026-09-03T19:11:49
tdma_clean,1,50,0.0,5,2,0.05,10,0.574637,0.2,1.0,6.3,True,63,0,341,35,1000,49000,49000,1000,1.0,1.0,1.0,500,2026-09-03T19:11:43
tdma_clean,1,50,0.0,5,2,0.05,11,0.58428,0.4,1.0,5.6,True,56,0,372,30,1000,49000,49000,1000,1.0,1.0,1.0,500,2026-09-03T19:11:49
tdma_clean,1,50,0.0,5,2,0.05,12,0.574573,0.2,1.0,4.7,True,47,0,376,53,1000,49000,49000,1000,1.0,1.0,1.0,500,2026-09-03T19:11:44
tdma_clean,1,50,0.0,5,2,0.05,13,0.636161,0.2,1.0,5.4,True,54,0,376,58,1000,49000,49000,1000,1.0,1.0,1.0,500,2026-09-03T19:11:50
tdma_clean,1,50,0.0,5,2,0.05,14,0.608051,0.2,1.0,5.1,True,51,0,315,30,1000,49000,49000,1000,1.0,1.0,1.0,500,2026-09-03T19:11:43
tdma_clean,1,50,0.0,5,2,0.05,15,0.65524,0.2,1.0,3.5,True,35,0,387,226,1000,49000,49000,1000,1.0,1.0,1.0,500,2026-09-03T19:11:49
tdma_clean,1,50,0.0,5,2,0.05,16,0.589463,0.4,1.0,10.8,True,108,0,320,28,1000,49000,49000,1000,1.0,1.0,1.0,500,2026-09-03T19:11:55
tdma_clean,1,50,0.0,5,2,0.05,17,0.604682,0.2,1.0,5.1,True,51,0,372,35,1000,49000,49000,1000,1.0,1.0,1.0,500,2026-09-03T19:12:02
tdma_clean,1,50,0.0,5,2,0.05,18,0.563848,0.2,1.0,4.6,True,46,0,389,25,1000,49000,49000,1000,1.0,1.0,1.0,500,2026-09-03T19:11:56
tdma_clean,1,50,0.0,5,2,0.05,19,0.556303,0.2,1.0,4.3,True,43,0,399,197,1000,49000,49000,1000,1.0,1.0,1.0,500,2026-09-03T19:12:02
tdma_clean,1,50,0.0,5,2,0.05,20,0.606012,0.2,1.0,4.7,True,47,0,374,101,1000,49000,49000,1000,1.0,1.0,1.0,500,2026-09-03T19:11:56
tdma_clean,1,50,0.0,5,2,0.05,21,0.541074,0.2,1.0,5.1,True,51,0,354,52,1000,49000,49000,1000,1.0,1.0,1.0,500,2026-09-03T19:12:02
tdma_clean,1,50,0.0,5,2,0.05,22,0.601727,0.4,1.0,5.5,True,55,0,386,32,1000,49000,49000,1000,1.0,1.0,1.0,500,2026-09-03T19:11:56
tdma_clean,1,50,0.0,5,2,0.05,23,0.592511,0.2,1.0,10.2,True,102,0,359,48,1000,49000,49000,1000,1.0,1.0,1.0,500,2026-09-03T19:12:03
tdma_clean,1,50,0.0,5,2,0.05,24,0.572371,0.2,1.0,8.6,True,86,0,327,57,1000,49000,49000,1000,1.0,1.0,1.0,500,2026-09-03T19:11:56
tdma_clean,1,50,0.0,5,2,0.05,25,0.592099,0.4,1.0,4.1,True,41,0,393,31,1000,49000,49000,1000,1.0,1.0,1.0,500,2026-09-03T19:12:02
tdma_clean,1,50,0.0,5,2,0.05,26,0.597274,0.0,1.0,3.2,True,32,0,399,198,1000,49000,49000,1000,1.0,1.0,1.0,500,2026-09-03T19:11:57
tdma_clean,1,50,0.0,5,2,0.05,27,0.576989,0.2,1.0,3.8,True,38,0,392,42,1000,49000,49000,1000,1.0,1.0,1.0,500,2026-09-03T19:12:03
tdma_clean,1,50,0.0,5,2,0.05,28,0.571701,0.2,1.0,6.7,True,67,0,384,54,1000,49000,49000,1000,1.0,1.0,1.0,500,2026-09-03T19:11:57
tdma_clean,1,50,0.0,5,2,0.05,29,0.610447,0.0,1.0,5.3,True,53,0,303,19,1000,49000,49000,1000,1.0,1.0,1.0,500,2026-09-03T19:12:03
no_tdma_packet_loss,0,10,0.0,5,2,0.05,0,0.699274,0.6,1.0,0.2,True,2,1,17,25,690,6210,6210,690,1.0,1.0,1.0,69,2026-09-03T19:11:50
no_tdma_packet_loss,0,10,0.0,5,2,0.05,1,0.603411,0.6,1.0,0.4,True,4,1,9,18,430,3870,3870,430,1.0,1.0,1.0,43,2026-09-03T19:11:50
no_tdma_packet_loss,0,10,0.0,5,2,0.05,2,0.441775,0.8,1.0,0.5,True,5,1,0,8,250,2250,2250,250,1.0,1.0,1.0,25,2026-09-03T19:11:50
no_tdma_packet_loss,0,10,0.0,5,2,0.05,3,0.671785,0.6,1.0,0.4,True,4,1,22,27,870,7830,7830,870,1.0,1.0,1.0,87,2026-09-03T19:11:51
no_tdma_packet_loss,0,10,0.0,5,2,0.05,4,0.541494,0.8,1.0,0.2,True,2,1,0,6,220,1980,1980,220,1.0,1.0,1.0,22,2026-09-03T19:11:51
no_tdma_packet_loss,0,10,0.0,5,2,0.05,5,0.52498,0.4,1.0,0.3,True,3,1,0,7,230,2070,2070,230,1.0,1.0,1.0,23,2026-09-03T19:11:51
no_tdma_packet_loss,0,10,0.0,5,2,0.05,6,0.581488,0.4,1.0,0.4,True,4,1,9,20,370,3330,3330,370,1.0,1.0,1.0,37,2026-09-03T19:11:51
no_tdma_packet_loss,0,10,0.0,5,2,0.05,7,0.69171,0.6,1.0,0.6,True,6,1,1,9,430,3870,3870,430,1.0,1.0,1.0,43,2026-09-03T19:11:51
no_tdma_packet_loss,0,10,0.0,5,2,0.05,8,0.59022,0.6,1.0,0.2,True,2,1,5,6,570,5130,5130,570,1.0,1.0,1.0,57,2026-09-03T19:11:51
no_tdma_packet_loss,0,10,0.0,5,2,0.05,9,0.52484,0.8,1.0,0.2,True,2,1,3,10,270,2430,2430,270,1.0,1.0,1.0,27,2026-09-03T19:11:51
no_tdma_packet_loss,0,10,0.0,5,2,0.05,10,0.564739,0.8,1.0,0.7,True,7,1,1,12,290,2610,2610,290,1.0,1.0,1.0,29,2026-09-03T19:11:51
no_tdma_packet_loss,0,10,0.0,5,2,0.05,11,0.653033,0.8,1.0,0.1,True,1,1,4,5,640,5760,5760,640,1.0,1.0,1.0,64,2026-09-03T19:11:51
no_tdma_packet_loss,0,10,0.0,5,2,0.05,12,0.582896,0.8,1.0,0.3,True,3,1,0,6,230,2070,2070,230,1.0,1.0,1.0,23,2026-09-03T19:11:51
no_tdma_packet_loss,0,10,0.0,5,2,0.05,13,0.545088,1.0,1.0,0.1,True,1,1,1,5,310,2790,2790,310,1.0,1.0,1.0,31,2026-09-03T19:11:51
no_tdma_packet_loss,0,10,0.0,5,2,0.05,14,0.572867,1.0,1.0,0.3,True,3,1,1,8,250,2250,2250,250,1.0,1.0,1.0,25,2026-09-03T19:11:52
no_tdma_packet_loss,0,10,0.0,5,2,0.05,15,0.659268,0.6,1.0,0.2,True,2,1,2,6,310,2790,2790,310,1.0,1.0,1.0,31,2026-09-03T19:11:52
no_tdma_packet_loss,0,10,0.0,5,2,0.05,16,0.618557,0.6,1.0,0.8,True,8,1,0,11,280,2520,2520,280,1.0,1.0,1.0,28,2026-09-03T19:11:52
no_tdma_packet_loss,0,10,0.0,5,2,0.05,17,0.689951,0.6,1.0,0.5,True,5,1,13,22,550,4950,4950,550,1.0,1.0,1.0,55,2026-09-03T19:11:52
no_tdma_packet_loss,0,10,0.0,5,2,0.05,18,0.554273,0.6,1.0,0.5,True,5,1,0,8,250,2250,2250,250,1.0,1.0,1.0,25,2026-09-03T19:11:52
no_tdma_packet_loss,0,10,0.0,5,2,0.05,19,0.591506,0.6,1.0,0.2,True,2,1,1,6,340,3060,3060,340,1.0,1.0,1.0,34,2026-09-03T19:11:52
no_tdma_packet_loss,0,10,0.0,5,2,0.05,20,0.542766,0.8,1.0,0.7,True,7,1,2,15,310,2790,2790,310,1.0,1.0,1.0,31,2026-09-03T19:11:52
no_tdma_packet_loss,0,10,0.0,5,2,0.05,21,0.535746,0.8,1.0,0.3,True,3,1,1,6,320,2880,2880,320,1.0,1.0,1.0,32,2026-09-03T19:11:52
no_tdma_packet_loss,0,10,0.0,5,2,0.05,22,0.63739,0.2,1.0,0.4,True,4,1,0,7,240,2160,2160,240,1.0,1.0,1.0,24,2026-09-03T19:11:52
no_tdma_packet_loss,0,10,0.0,5,2,0.05,23,0.521699,0.6,1.0,0.3,True,3,1,0,6,230,2070,2070,230,1.0,1.0,1.0,23,2026-09-03T19:11:52
no_tdma_packet_loss,0,10,0.0,5,2,0.05,24,0.542272,0.8,1.0,0.1,True,1,1,1,7,230,2070,2070,230,1.0,1.0,1.0,23,2026-09-03T19:11:52
no_tdma_packet_loss,0,10,0.0,5,2,0.05,25,0.606133,0.8,1.0,0.2,True,2,1,9,6,390,3510,3510,390,1.0,1.0,1.0,39,2026-09-03T19:11:52
no_tdma_packet_loss,0,10,0.0,5,2,0.05,26,0.633868,0.8,1.0,1.2,True,12,1,0,15,320,2880,2880,320,1.0,1.0,1.0,32,2026-09-03T19:11:53
no_tdma_packet_loss,0,10,0.0,5,2,0.05,27,0.597288,0.8,1.0,0.4,True,4,1,0,8,240,2160,2160,240,1.0,1.0,1.0,24,2026-09-03T19:11:53
no_tdma_packet_loss,0,10,0.0,5,2,0.05,28,0.598014,0.6,1.0,0.2,True,2,1,1,9,250,2250,2250,250,1.0,1.0,1.0,25,2026-09-03T19:11:53
no_tdma_packet_loss,0,10,0.0,5,2,0.05,29,0.610432,0.6,1.0,0.4,True,4,1,1,10,260,2340,2340,260,1.0,1.0,1.0,26,2026-09-03T19:11:53
no_tdma_packet_loss,0,10,0.05,5,2,0.05,0,0.696089,0.6,0.934622,0.2,True,2,1,17,25,659,5804,6210,690,0.955072,0.978587,0.934622,69,2026-09-03T19:11:53
no_tdma_packet_loss,0,10,0.05,5,2,0.05,1,0.593127,0.6,0.928682,0.4,True,4,1,9,18,408,3594,3870,430,0.948837,0.978758,0.928682,43,2026-09-03T19:11:53
no_tdma_packet_loss,0,10,0.05,5,2,0.05,2,0.441789,0.8,0.928,0.5,True,5,1,0,8,239,2088,2250,250,0.956,0.970711,0.928,25,2026-09-03T19:11:53
no_tdma_packet_loss,0,10,0.05,5,2,0.05,3,0.668727,0.6,0.931439,0.4,True,4,1,21,27,839,7377,7920,880,0.953409,0.976957,0.931439,88,2026-09-03T19:11:53
no_tdma_packet_loss,0,10,0.05,5,2,0.05,4,0.541494,0.8,0.929293,0.2,True,2,1,0,6,210,1840,1980,220,0.954545,0.973545,0.929293,22,2026-09-03T19:11:53
no_tdma_packet_loss,0,10,0.05,5,2,0.05,5,0.524946,0.4,0.929952,0.3,True,3,1,0,7,219,1925,2070,230,0.952174,0.976662,0.929952,23,2026-09-03T19:11:53
no_tdma_packet_loss,0,10,0.05,5,2,0.05,6,0.581488,0.4,0.942643,0.4,True,4,1,9,20,356,3139,3330,370,0.962162,0.979713,0.942643,37,2026-09-03T19:11:53
no_tdma_packet_loss,0,10,0.05,5,2,0.05,7,0.687976,0.6,0.933333,0.6,True,6,1,1,9,401,3528,3780,420,0.954762,0.977556,0.933333,42,2026-09-03T19:11:54
no_tdma_packet_loss,0,10,0.05,5,2,0.05,8,0.594638,0.6,0.923002,0.3,True,3,1,5,7,539,4735,5130,570,0.945614,0.976087,0.923002,57,2026-09-03T19:11:54
no_tdma_packet_loss,0,10,0.05,5,2,0.05,9,0.52484,0.8,0.915226,0.2,True,2,1,3,10,253,2224,2430,270,0.937037,0.976724,0.915226,27,2026-09-03T19:11:54
no_tdma_packet_loss,0,10,0.05,5,2,0.05,10,0.590833,0.6,0.934188,0.5,True,5,1,11,23,373,3279,3510,390,0.95641,0.976765,0.934188,39,2026-09-03T19:11:54
no_tdma_packet_loss,0,10,0.05,5,2,0.05,11,0.668295,0.8,0.93125,0.1,True,1,1,6,5,611,5364,5760,640,0.954688,0.97545,0.93125,64,2026-09-03T19:11:54
no_tdma_packet_loss,0,10,0.05,5,2,0.05,12,0.582896,0.8,0.944444,0.3,True,3,1,0,6,222,1955,2070,230,0.965217,0.978478,0.944444,23,2026-09-03T19:11:54
no_tdma_packet_loss,0,10,0.05,5,2,0.05,13,0.545088,1.0,0.935484,0.1,True,1,1,1,5,297,2610,2790,310,0.958065,0.976431,0.935484,31,2026-09-03T19:11:54
no_tdma_packet_loss,0,10,0.05,5,2,0.05,14,0.567603,1.0,0.940889,0.3,True,3,1,1,8,241,2117,2250,250,0.964,0.976026,0.940889,25,2026-09-03T19:11:54
no_tdma_packet_loss,0,10,0.05,5,2,0.05,15,0.659243,0.6,0.927599,0.2,True,2,1,2,6,295,2588,2790,310,0.951613,0.974765,0.927599,31,2026-09-03T19:11:54
no_tdma_packet_loss,0,10,0.05,5,2,0.05,16,0.618557,0.6,0.949206,0.8,True,8,1,0,11,272,2392,2520,280,0.971429,0.977124,0.949206,28,2026-09-03T19:11:54
no_tdma_packet_loss,0,10,0.05,5,2,0.05,17,0.662343,0.4,0.934656,0.4,True,4,1,16,25,402,3533,3780,420,0.957143,0.976506,0.934656,42,2026-09-03T19:11:54
no_tdma_packet_loss,0,10,0.05,5,2,0.05,18,0.645461,0.6,0.937143,0.5,True,5,1,2,8,337,2952,3150,350,0.962857,0.973294,0.937143,35,2026-09-03T19:11:54
no_tdma_packet_loss,0,10,0.05,5,2,0.05,19,0.729976,0.6,0.911407,0.2,True,2,1,4,6,700,6152,6750,750,0.933333,0.976508,0.911407,75,2026-09-03T19:11:55
no_tdma_packet_loss,0,10,0.05,5,2,0.05,20,0.574418,0.8,0.911111,0.7,True,7,1,3,15,299,2624,2880,320,0.934375,0.975102,0.911111,32,2026-09-03T19:11:55
no_tdma_packet_loss,0,10,0.05,5,2,0.05,21,0.537797,0.8,0.914583,0.3,True,3,1,1,6,299,2634,2880,320,0.934375,0.978818,0.914583,32,2026-09-03T19:11:55
no_tdma_packet_loss,0,10,0.05,5,2,0.05,22,0.636256,0.2,0.914352,0.4,True,4,1,0,7,226,1975,2160,240,0.941667,0.970993,0.914352,24,2026-09-03T19:11:55
no_tdma_packet_loss,0,10,0.05,5,2,0.05,23,0.521775,0.6,0.928019,0.3,True,3,1,0,6,218,1921,2070,230,0.947826,0.979103,0.928019,23,2026-09-03T19:11:55
no_tdma_packet_loss,0,10,0.05,5,2,0.05,24,0.542272,0.8,0.922222,0.1,True,1,1,1,7,217,1909,2070,230,0.943478,0.977471,0.922222,23,2026-09-03T19:11:55
no_tdma_packet_loss,0,10,0.05,5,2,0.05,25,0.600985,0.8,0.934211,0.2,True,2,1,9,6,365,3195,3420,380,0.960526,0.972603,0.934211,38,2026-09-03T19:11:55
no_tdma_packet_loss,0,10,0.05,5,2,0.05,26,0.633868,0.8,0.941319,1.2,True,12,1,0,15,309,2711,2880,320,0.965625,0.974829,0.941319,32,2026-09-03T19:11:55
no_tdma_packet_loss,0,10,0.05,5,2,0.05,27,0.603469,0.8,0.931556,0.5,True,5,1,0,9,239,2096,2250,250,0.956,0.97443,0.931556,25,2026-09-03T19:11:55
no_tdma_packet_loss,0,10,0.05,5,2,0.05,28,0.598014,0.6,0.912,0.2,True,2,1,1,9,234,2052,2250,250,0.936,0.974359,0.912,25,2026-09-03T19:11:55
no_tdma_packet_loss,0,10,0.05,5,2,0.05,29,0.608374,0.6,0.930769,0.4,True,4,1,1,10,248,2178,2340,260,0.953846,0.975806,0.930769,26,2026-09-03T19:11:56
no_tdma_packet_loss,0,10,0.15,5,2,0.05,0,0.61971,0.6,0.787037,1.5,True,15,1,3,10,355,2975,3780,420,0.845238,0.931142,0.787037,42,2026-09-03T19:11:56
no_tdma_packet_loss,0,10,0.15,5,2,0.05,1,0.644709,0.4,0.780117,0.5,True,5,1,11,18,637,5336,6840,760,0.838158,0.930752,0.780117,76,2026-09-03T19:11:56
no_tdma_packet_loss,0,10,0.15,5,2,0.05,2,0.453069,0.8,0.764368,0.9,True,9,1,0,12,242,1995,2610,290,0.834483,0.915978,0.764368,29,2026-09-03T19:11:56
no_tdma_packet_loss,0,10,0.15,5,2,0.05,3,0.666117,0.4,0.784217,0.4,True,4,1,21,28,744,6211,7920,880,0.845455,0.927569,0.784217,88,2026-09-03T19:11:56
no_tdma_packet_loss,0,10,0.15,5,2,0.05,4,0.531346,0.8,0.793434,0.2,True,2,1,0,6,189,1571,1980,220,0.859091,0.923574,0.793434,22,2026-09-03T19:11:56
no_tdma_packet_loss,0,10,0.15,5,2,0.05,5,0.532343,0.4,0.780556,0.4,True,4,1,0,8,203,1686,2160,240,0.845833,0.922824,0.780556,24,2026-09-03T19:11:56
no_tdma_packet_loss,0,10,0.15,5,2,0.05,6,0.611484,0.6,0.794595,0.4,True,4,1,9,20,316,2646,3330,370,0.854054,0.93038,0.794595,37,2026-09-03T19:11:56
no_tdma_packet_loss,0,10,0.15,5,2,0.05,7,0.657536,0.6,0.759753,0.7,True,7,1,3,14,369,3077,4050,450,0.82,0.926528,0.759753,45,2026-09-03T19:11:57
no_tdma_packet_loss,0,10,0.15,5,2,0.05,8,0.63262,0.6,0.790741,0.4,True,4,1,3,8,511,4270,5400,600,0.851667,0.928463,0.790741,60,2026-09-03T19:11:57
no_tdma_packet_loss,0,10,0.15,5,2,0.05,9,0.52484,0.8,0.784774,0.2,True,2,1,3,10,230,1907,2430,270,0.851852,0.921256,0.784774,27,2026-09-03T19:11:57
no_tdma_packet_loss,0,10,0.15,5,2,0.05,10,0.567521,0.8,0.794253,0.7,True,7,1,1,12,248,2073,2610,290,0.855172,0.928763,0.794253,29,2026-09-03T19:11:57
no_tdma_packet_loss,0,10,0.15,5,2,0.05,11,0.737922,0.6,0.786667,0.2,True,2,1,6,6,553,4602,5850,650,0.850769,0.924653,0.786667,65,2026-09-03T19:11:57
no_tdma_packet_loss,0,10,0.15,5,2,0.05,12,0.582896,0.8,0.850242,0.3,True,3,1,0,6,211,1760,2070,230,0.917391,0.926804,0.850242,23,2026-09-03T19:11:57
no_tdma_packet_loss,0,10,0.15,5,2,0.05,13,0.575824,0.8,0.808333,0.3,True,3,1,2,7,280,2328,2880,320,0.875,0.92381,0.808333,32,2026-09-03T19:11:57
no_tdma_packet_loss,0,10,0.15,5,2,0.05,14,0.67676,0.6,0.776667,0.5,True,5,1,3,8,419,3495,4500,500,0.838,0.92681,0.776667,50,2026-09-03T19:11:57
no_tdma_packet_loss,0,10,0.15,5,2,0.05,15,0.631883,0.8,0.774306,0.4,True,4,1,4,16,268,2230,2880,320,0.8375,0.924544,0.774306,32,2026-09-03T19:11:57
no_tdma_packet_loss,0,10,0.15,5,2,0.05,16,0.618557,0.6,0.828968,0.8,True,8,1,0,11,250,2089,2520,280,0.892857,0.928444,0.828968,28,2026-09-03T19:11:57
no_tdma_packet_loss,0,10,0.15,5,2,0.05,17,0.616359,0.8,0.783232,0.5,True,5,1,13,22,463,3877,4950,550,0.841818,0.930406,0.783232,55,2026-09-03T19:11:58
no_tdma_packet_loss,0,10,0.15,5,2,0.05,18,0.644559,0.6,0.813333,0.6,True,6,1,3,8,306,2562,3150,350,0.874286,0.930283,0.813333,35,2026-09-03T19:11:58
no_tdma_packet_loss,0,10,0.15,5,2,0.05,19,0.664086,0.6,0.776955,0.2,True,2,1,3,6,453,3776,4860,540,0.838889,0.926171,0.776955,54,2026-09-03T19:11:58
no_tdma_packet_loss,0,10,0.15,5,2,0.05,20,0.49307,0.8,0.792963,1.0,True,10,1,0,14,256,2141,2700,300,0.853333,0.929253,0.792963,30,2026-09-03T19:11:58
no_tdma_packet_loss,0,10,0.15,5,2,0.05,21,0.536186,0.8,0.792014,0.3,True,3,1,1,6,275,2281,2880,320,0.859375,0.921616,0.792014,32,2026-09-03T19:11:58
no_tdma_packet_loss,0,10,0.15,5,2,0.05,22,0.641753,0.2,0.757407,0.4,True,4,1,0,7,197,1636,2160,240,0.820833,0.92273,0.757407,24,2026-09-03T19:11:58
no_tdma_packet_loss,0,10,0.15,5,2,0.05,23,0.523798,0.6,0.805797,0.3,True,3,1,0,7,202,1668,2070,230,0.878261,0.917492,0.805797,23,2026-09-03T19:11:58
no_tdma_packet_loss,0,10,0.15,5,2,0.05,24,0.590874,0.6,0.807516,0.4,True,4,1,1,8,296,2471,3060,340,0.870588,0.927553,0.807516,34,2026-09-03T19:11:58
no_tdma_packet_loss,0,10,0.15,5,2,0.05,25,0.602271,0.8,0.787302,0.3,True,3,1,11,7,361,2976,3780,420,0.859524,0.915974,0.787302,42,2026-09-03T19:11:58
no_tdma_packet_loss,0,10,0.15,5,2,0.05,26,0.631744,0.8,0.812654,1.6,True,16,1,0,19,317,2633,3240,360,0.880556,0.922888,0.812654,36,2026-09-03T19:11:58
no_tdma_packet_loss,0,10,0.15,5,2,0.05,27,0.592473,0.8,0.797585,0.3,True,3,1,0,7,198,1651,2070,230,0.86087,0.926487,0.797585,23,2026-09-03T19:11:58
no_tdma_packet_loss,0,10,0.15,5,2,0.05,28,0.709929,0.6,0.783502,0.2,True,2,1,20,6,559,4654,5940,660,0.84697,0.925065,0.783502,66,2026-09-03T19:11:58
no_tdma_packet_loss,0,10,0.15,5,2,0.05,29,0.615819,0.6,0.795726,0.4,True,4,1,1,10,223,1862,2340,260,0.857692,0.927753,0.795726,26,2026-09-03T19:11:58
no_tdma_packet_loss,0,10,0.3,5,2,0.05,0,0.674863,0.6,0.603599,1.5,True,15,1,5,22,503,3857,6390,710,0.708451,0.851999,0.603599,71,2026-09-03T19:11:59
no_tdma_packet_loss,0,10,0.3,5,2,0.05,1,0.623597,0.6,0.589655,0.3,True,3,1,15,27,397,3078,5220,580,0.684483,0.861461,0.589655,58,2026-09-03T19:11:59
no_tdma_packet_loss,0,10,0.3,5,2,0.05,2,0.406841,0.8,0.593004,0.7,True,7,1,0,9,191,1441,2430,270,0.707407,0.838278,0.593004,27,2026-09-03T19:11:59
no_tdma_packet_loss,0,10,0.3,5,2,0.05,3,0.686252,0.4,0.575758,0.4,True,4,1,23,27,446,3420,5940,660,0.675758,0.852018,0.575758,66,2026-09-03T19:11:59
no_tdma_packet_loss,0,10,0.3,5,2,0.05,4,0.533447,0.8,0.556481,0.4,True,4,1,0,7,158,1202,2160,240,0.658333,0.845288,0.556481,24,2026-09-03T19:11:59
no_tdma_packet_loss,0,10,0.3,5,2,0.05,5,0.548371,0.6,0.593778,0.5,True,5,1,0,9,172,1336,2250,250,0.688,0.863049,0.593778,25,2026-09-03T19:11:59
no_tdma_packet_loss,0,10,0.3,5,2,0.05,6,0.579142,0.4,0.644144,0.4,True,4,1,9,20,278,2145,3330,370,0.751351,0.857314,0.644144,37,2026-09-03T19:11:59
no_tdma_packet_loss,0,10,0.3,5,2,0.05,7,0.726612,0.4,0.567361,1.1,True,11,1,9,14,320,2451,4320,480,0.666667,0.851042,0.567361,48,2026-09-03T19:11:59
no_tdma_packet_loss,0,10,0.3,5,2,0.05,8,0.523495,0.6,0.629391,0.3,True,3,1,4,14,228,1756,2790,310,0.735484,0.85575,0.629391,31,2026-09-03T19:11:59
no_tdma_packet_loss,0,10,0.3,5,2,0.05,9,0.546116,0.6,0.630453,0.2,True,2,1,3,10,200,1532,2430,270,0.740741,0.851111,0.630453,27,2026-09-03T19:11:59
no_tdma_packet_loss,0,10,0.3,5,2,0.05,10,0.598788,0.8,0.595926,1.0,True,10,1,0,14,210,1609,2700,300,0.7,0.851323,0.595926,30,2026-09-03T19:12:00
no_tdma_packet_loss,0,10,0.3,5,2,0.05,11,0.669489,0.8,0.58906,0.4,True,4,1,11,16,448,3446,5850,650,0.689231,0.854663,0.58906,65,2026-09-03T19:12:00
no_tdma_packet_loss,0,10,0.3,5,2,0.05,12,0.692191,0.8,0.588889,0.5,True,5,1,6,9,318,2438,4140,460,0.691304,0.851852,0.588889,46,2026-09-03T19:12:00
no_tdma_packet_loss,0,10,0.3,5,2,0.05,13,0.63811,1.0,0.606452,0.4,True,4,1,1,8,220,1692,2790,310,0.709677,0.854545,0.606452,31,2026-09-03T19:12:00
no_tdma_packet_loss,0,10,0.3,5,2,0.05,14,0.5804,1.0,0.585185,0.7,True,7,1,0,8,186,1422,2430,270,0.688889,0.849462,0.585185,27,2026-09-03T19:12:00
no_tdma_packet_loss,0,10,0.3,5,2,0.05,15,0.608826,0.8,0.629524,0.3,True,3,1,6,19,261,1983,3150,350,0.745714,0.844189,0.629524,35,2026-09-03T19:12:00
no_tdma_packet_loss,0,10,0.3,5,2,0.05,16,0.615813,0.6,0.634921,0.8,True,8,1,0,11,206,1600,2520,280,0.735714,0.862999,0.634921,28,2026-09-03T19:12:00
no_tdma_packet_loss,0,10,0.3,5,2,0.05,17,0.651198,0.8,0.614444,1.9,True,19,1,4,22,426,3318,5400,600,0.71,0.865415,0.614444,60,2026-09-03T19:12:00
no_tdma_packet_loss,0,10,0.3,5,2,0.05,18,0.616091,1.0,0.601852,0.5,True,5,1,7,9,468,3575,5940,660,0.709091,0.848765,0.601852,66,2026-09-03T19:12:00
no_tdma_packet_loss,0,10,0.3,5,2,0.05,19,0.655582,0.6,0.585802,0.2,True,2,1,2,6,372,2847,4860,540,0.688889,0.850358,0.585802,54,2026-09-03T19:12:00
no_tdma_packet_loss,0,10,0.3,5,2,0.05,20,0.495818,0.8,0.594815,1.0,True,10,1,0,14,208,1606,2700,300,0.693333,0.857906,0.594815,30,2026-09-03T19:12:00
no_tdma_packet_loss,0,10,0.3,5,2,0.05,21,0.648794,0.6,0.617647,0.3,True,3,1,18,7,371,2835,4590,510,0.727451,0.849057,0.617647,51,2026-09-03T19:12:00
no_tdma_packet_loss,0,10,0.3,5,2,0.05,22,0.634122,0.2,0.602564,0.6,True,6,1,0,9,186,1410,2340,260,0.715385,0.842294,0.602564,26,2026-09-03T19:12:00
no_tdma_packet_loss,0,10,0.3,5,2,0.05,23,0.6755,0.6,0.598186,0.5,True,5,1,3,7,346,2638,4410,490,0.706122,0.847142,0.598186,49,2026-09-03T19:12:00
no_tdma_packet_loss,0,10,0.3,5,2,0.05,24,0.602477,0.4,0.665278,0.4,True,4,1,0,8,189,1437,2160,240,0.7875,0.844797,0.665278,24,2026-09-03T19:12:00
no_tdma_packet_loss,0,10,0.3,5,2,0.05,25,0.575291,0.8,0.577493,0.5,True,5,1,9,22,266,2027,3510,390,0.682051,0.8467,0.577493,39,2026-09-03T19:12:01
no_tdma_packet_loss,0,10,0.3,5,2,0.05,26,0.627485,0.8,0.617593,1.6,True,16,1,0,19,260,2001,3240,360,0.722222,0.855128,0.617593,36,2026-09-03T19:12:01
no_tdma_packet_loss,0,10,0.3,5,2,0.05,27,0.611878,0.8,0.580843,0.9,True,9,1,0,12,196,1516,2610,290,0.675862,0.85941,0.580843,29,2026-09-03T19:12:01
no_tdma_packet_loss,0,10,0.3,5,2,0.05,28,0.722522,0.4,0.594636,0.5,True,5,1,9,11,607,4656,7830,870,0.697701,0.852279,0.594636,87,2026-09-03T19:12:01
no_tdma_packet_loss,0,10,0.3,5,2,0.05,29,0.652275,0.6,0.615054,0.6,True,6,1,1,15,223,1716,2790,310,0.719355,0.855007,0.615054,31,2026-09-03T19:12:01
no_tdma_packet_loss,0,30,0.0,5,2,0.05,0,0.685895,1.0,1.0,0.3,True,3,1,6,16,1440,41760,41760,1440,1.0,1.0,1.0,48,2026-09-03T19:12:01
no_tdma_packet_loss,0,30,0.0,5,2,0.05,1,0.676417,0.4,1.0,0.2,True,2,1,5,8,1410,40890,40890,1410,1.0,1.0,1.0,47,2026-09-03T19:12:02
no_tdma_packet_loss,0,30,0.0,5,2,0.05,2,0.500801,0.8,1.0,0.8,True,8,1,0,12,840,24360,24360,840,1.0,1.0,1.0,28,2026-09-03T19:12:02
no_tdma_packet_loss,0,30,0.0,5,2,0.05,3,0.705044,0.8,1.0,0.1,True,1,1,4,8,1620,46980,46980,1620,1.0,1.0,1.0,54,2026-09-03T19:12:03
no_tdma_packet_loss,0,30,0.0,5,2,0.05,4,0.754338,0.8,1.0,0.2,True,2,1,4,6,2130,61770,61770,2130,1.0,1.0,1.0,71,2026-09-03T19:12:03
no_tdma_packet_loss,0,30,0.0,5,2,0.05,5,0.615261,0.6,1.0,0.3,True,3,1,0,7,690,20010,20010,690,1.0,1.0,1.0,23,2026-09-03T19:12:03
no_tdma_packet_loss,0,30,0.0,5,2,0.05,6,0.648503,0.6,1.0,0.2,True,2,1,4,9,1290,37410,37410,1290,1.0,1.0,1.0,43,2026-09-03T19:12:02
no_tdma_packet_loss,0,30,0.0,5,2,0.05,7,0.581861,0.8,1.0,0.6,True,6,1,0,9,780,22620,22620,780,1.0,1.0,1.0,26,2026-09-03T19:12:03
no_tdma_packet_loss,0,30,0.0,5,2,0.05,8,0.659927,0.8,1.0,0.4,True,4,1,2,8,1350,39150,39150,1350,1.0,1.0,1.0,45,2026-09-03T19:12:03
no_tdma_packet_loss,0,30,0.0,5,2,0.05,9,0.644448,0.8,1.0,0.2,True,2,1,10,15,1230,35670,35670,1230,1.0,1.0,1.0,41,2026-09-03T19:12:03
no_tdma_packet_loss,0,30,0.0,5,2,0.05,10,0.639174,0.6,1.0,0.5,True,5,1,1,11,810,23490,23490,810,1.0,1.0,1.0,27,2026-09-03T19:12:03
no_tdma_packet_loss,0,30,0.0,5,2,0.05,11,0.694353,0.8,1.0,0.1,True,1,1,3,7,1230,35670,35670,1230,1.0,1.0,1.0,41,2026-09-03T19:12:03
no_tdma_packet_loss,0,30,0.0,5,2,0.05,12,0.697919,1.0,1.0,0.6,True,6,1,1,10,1380,40020,40020,1380,1.0,1.0,1.0,46,2026-09-03T19:12:03
no_tdma_packet_loss,0,30,0.0,5,2,0.05,13,0.727082,1.0,1.0,0.1,True,1,1,2,5,1530,44370,44370,1530,1.0,1.0,1.0,51,2026-09-03T19:12:04
no_tdma_packet_loss,0,30,0.0,5,2,0.05,14,0.612678,1.0,1.0,0.1,True,1,1,5,12,1230,35670,35670,1230,1.0,1.0,1.0,41,2026-09-03T19:12:03
no_tdma_packet_loss,0,30,0.0,5,2,0.05,15,0.661137,1.0,1.0,0.2,True,2,1,8,8,1260,36540,36540,1260,1.0,1.0,1.0,42,2026-09-03T19:12:04
no_tdma_packet_loss,0,30,0.0,5,2,0.05,16,0.698503,0.8,1.0,1.2,True,12,1,5,9,2550,73950,73950,2550,1.0,1.0,1.0,85,2026-09-03T19:12:04
no_tdma_packet_loss,0,30,0.0,5,2,0.05,17,0.565695,1.0,1.0,0.3,True,3,1,1,7,900,26100,26100,900,1.0,1.0,1.0,30,2026-09-03T19:12:04
no_tdma_packet_loss,0,30,0.0,5,2,0.05,18,0.576453,0.8,1.0,0.2,True,2,1,5,12,840,24360,24360,840,1.0,1.0,1.0,28,2026-09-03T19:12:03
no_tdma_packet_loss,0,30,0.0,5,2,0.05,19,0.677725,0.6,1.0,0.1,True,1,1,5,7,1560,45240,45240,1560,1.0,1.0,1.0,52,2026-09-03T19:12:04
no_tdma_packet_loss,0,30,0.0,5,2,0.05,20,0.643068,0.8,1.0,0.8,True,8,1,2,11,1320,38280,38280,1320,1.0,1.0,1.0,44,2026-09-03T19:12:03
no_tdma_packet_loss,0,30,0.0,5,2,0.05,21,0.572722,1.0,1.0,0.1,True,1,1,1,10,780,22620,22620,780,1.0,1.0,1.0,26,2026-09-03T19:12:04
no_tdma_packet_loss,0,30,0.0,5,2,0.05,22,0.664901,1.0,1.0,0.3,True,3,1,4,17,1020,29580,29580,1020,1.0,1.0,1.0,34,2026-09-03T19:12:03
no_tdma_packet_loss,0,30,0.0,5,2,0.05,23,0.640188,1.0,1.0,0.2,True,2,1,8,14,1230,35670,35670,1230,1.0,1.0,1.0,41,2026-09-03T19:12:04
no_tdma_packet_loss,0,30,0.0,5,2,0.05,24,0.599104,0.8,1.0,0.1,True,1,1,2,7,900,26100,26100,900,1.0,1.0,1.0,30,2026-09-03T19:12:03
no_tdma_packet_loss,0,30,0.0,5,2,0.05,25,0.672185,0.8,1.0,0.2,True,2,1,11,22,1170,33930,33930,1170,1.0,1.0,1.0,39,2026-09-03T19:12:04
no_tdma_packet_loss,0,30,0.0,5,2,0.05,26,0.704861,0.8,1.0,1.4,True,14,1,1,17,1230,35670,35670,1230,1.0,1.0,1.0,41,2026-09-03T19:12:04
no_tdma_packet_loss,0,30,0.0,5,2,0.05,27,0.604931,0.8,1.0,0.2,True,2,1,3,12,870,25230,25230,870,1.0,1.0,1.0,29,2026-09-03T19:12:04
no_tdma_packet_loss,0,30,0.0,5,2,0.05,28,0.661275,0.8,1.0,0.1,True,1,1,2,7,1110,32190,32190,1110,1.0,1.0,1.0,37,2026-09-03T19:12:04
no_tdma_packet_loss,0,30,0.0,5,2,0.05,29,0.701105,0.8,1.0,0.1,True,1,1,2,5,1560,45240,45240,1560,1.0,1.0,1.0,52,2026-09-03T19:12:05
no_tdma_packet_loss,0,30,0.05,5,2,0.05,0,0.695902,1.0,0.920338,0.4,True,4,1,7,16,1387,39234,42630,1470,0.943537,0.975412,0.920338,49,2026-09-03T19:12:04
no_tdma_packet_loss,0,30,0.05,5,2,0.05,1,0.680726,0.4,0.935852,0.5,True,5,1,4,9,1352,38267,40890,1410,0.958865,0.976,0.935852,47,2026-09-03T19:12:05
no_tdma_packet_loss,0,30,0.05,5,2,0.05,2,0.504224,1.0,0.916092,0.7,True,7,1,0,10,761,21519,23490,810,0.939506,0.975078,0.916092,27,2026-09-03T19:12:04
no_tdma_packet_loss,0,30,0.05,5,2,0.05,3,0.736897,0.8,0.926506,0.1,True,1,1,8,10,1879,53200,57420,1980,0.94899,0.976308,0.926506,66,2026-09-03T19:12:05
no_tdma_packet_loss,0,30,0.05,5,2,0.05,4,0.76243,0.8,0.928791,0.2,True,2,1,4,6,1769,50099,53940,1860,0.951075,0.97657,0.928791,62,2026-09-03T19:12:04
no_tdma_packet_loss,0,30,0.05,5,2,0.05,5,0.614336,0.6,0.936132,0.3,True,3,1,0,7,663,18732,20010,690,0.96087,0.974255,0.936132,23,2026-09-03T19:12:05
no_tdma_packet_loss,0,30,0.05,5,2,0.05,6,0.649861,0.6,0.925047,0.2,True,2,1,5,9,1223,34606,37410,1290,0.948062,0.975724,0.925047,43,2026-09-03T19:12:04
no_tdma_packet_loss,0,30,0.05,5,2,0.05,7,0.582745,0.8,0.917905,0.6,True,6,1,0,9,735,20763,22620,780,0.942308,0.974103,0.917905,26,2026-09-03T19:12:05
no_tdma_packet_loss,0,30,0.05,5,2,0.05,8,0.663924,0.8,0.926079,0.4,True,4,1,2,8,1281,36256,39150,1350,0.948889,0.975962,0.926079,45,2026-09-03T19:12:04
no_tdma_packet_loss,0,30,0.05,5,2,0.05,9,0.672221,0.8,0.919695,1.1,True,11,1,4,15,1471,41607,45240,1560,0.942949,0.975339,0.919695,52,2026-09-03T19:12:05
no_tdma_packet_loss,0,30,0.05,5,2,0.05,10,0.642872,0.6,0.928608,0.5,True,5,1,1,11,771,21813,23490,810,0.951852,0.97558,0.928608,27,2026-09-03T19:12:04
no_tdma_packet_loss,0,30,0.05,5,2,0.05,11,0.697818,0.8,0.923071,0.3,True,3,1,2,7,1192,33729,36540,1260,0.946032,0.975729,0.923071,42,2026-09-03T19:12:05
no_tdma_packet_loss,0,30,0.05,5,2,0.05,12,0.608315,1.0,0.927896,0.6,True,6,1,0,10,742,20989,22620,780,0.951282,0.975416,0.927896,26,2026-09-03T19:12:04
no_tdma_packet_loss,0,30,0.05,5,2,0.05,13,0.726865,1.0,0.925338,0.1,True,1,1,3,5,1935,54743,59160,2040,0.948529,0.97555,0.925338,68,2026-09-03T19:12:05
no_tdma_packet_loss,0,30,0.05,5,2,0.05,14,0.651887,1.0,0.927361,0.2,True,2,1,7,12,1455,41147,44370,1530,0.95098,0.975163,0.927361,51,2026-09-03T19:12:05
no_tdma_packet_loss,0,30,0.05,5,2,0.05,15,0.657881,1.0,0.926327,0.2,True,2,1,8,8,1196,33848,36540,1260,0.949206,0.975897,0.926327,42,2026-09-03T19:12:06
no_tdma_packet_loss,0,30,0.05,5,2,0.05,16,0.650816,0.8,0.925718,1.2,True,12,1,1,9,1367,38658,41760,1440,0.949306,0.975153,0.925718,48,2026-09-03T19:12:05
no_tdma_packet_loss,0,30,0.05,5,2,0.05,17,0.567157,1.0,0.920728,0.3,True,3,1,1,7,849,24031,26100,900,0.943333,0.976037,0.920728,30,2026-09-03T19:12:05
no_tdma_packet_loss,0,30,0.05,5,2,0.05,18,0.573522,0.8,0.91798,0.2,True,2,1,5,12,792,22362,24360,840,0.942857,0.973615,0.91798,28,2026-09-03T19:12:05
no_tdma_packet_loss,0,30,0.05,5,2,0.05,19,0.675918,0.6,0.92973,0.1,True,1,1,6,7,1487,42061,45240,1560,0.953205,0.975373,0.92973,52,2026-09-03T19:12:06
no_tdma_packet_loss,0,30,0.05,5,2,0.05,20,0.643668,0.8,0.926541,0.8,True,8,1,2,17,1254,35468,38280,1320,0.95,0.975307,0.926541,44,2026-09-03T19:12:05
no_tdma_packet_loss,0,30,0.05,5,2,0.05,21,0.572694,1.0,0.941468,0.1,True,1,1,1,10,752,21296,22620,780,0.964103,0.976522,0.941468,26,2026-09-03T19:12:06
no_tdma_packet_loss,0,30,0.05,5,2,0.05,22,0.672348,0.4,0.922069,0.3,True,3,1,3,10,993,28077,30450,1050,0.945714,0.974997,0.922069,35,2026-09-03T19:12:05
no_tdma_packet_loss,0,30,0.05,5,2,0.05,23,0.695308,1.0,0.925575,0.9,True,9,1,6,7,1481,41873,45240,1560,0.949359,0.974947,0.925575,52,2026-09-03T19:12:06
no_tdma_packet_loss,0,30,0.05,5,2,0.05,24,0.598906,0.8,0.937395,0.1,True,1,1,2,7,865,24466,26100,900,0.961111,0.975324,0.937395,30,2026-09-03T19:12:05
no_tdma_packet_loss,0,30,0.05,5,2,0.05,25,0.675175,0.8,0.932037,0.2,True,2,1,11,22,1118,31624,33930,1170,0.955556,0.975387,0.932037,39,2026-09-03T19:12:06
no_tdma_packet_loss,0,30,0.05,5,2,0.05,26,0.704862,0.8,0.923773,1.4,True,14,1,1,17,1166,32951,35670,1230,0.947967,0.974478,0.923773,41,2026-09-03T19:12:06
no_tdma_packet_loss,0,30,0.05,5,2,0.05,27,0.732481,0.6,0.925082,0.2,True,2,1,7,13,1595,45070,48720,1680,0.949405,0.974381,0.925082,56,2026-09-03T19:12:06
no_tdma_packet_loss,0,30,0.05,5,2,0.05,28,0.708601,0.6,0.92597,0.1,True,1,1,4,7,1825,51558,55680,1920,0.950521,0.974171,0.92597,64,2026-09-03T19:12:06
no_tdma_packet_loss,0,30,0.05,5,2,0.05,29,0.700709,0.8,0.928887,0.2,True,2,1,3,6,1515,42831,46110,1590,0.95283,0.974872,0.928887,53,2026-09-03T19:12:06
no_tdma_packet_loss,0,30,0.15,5,2,0.05,0,0.712301,1.0,0.795471,0.4,True,4,1,10,16,1287,34603,43500,1500,0.858,0.927123,0.795471,50,2026-09-03T19:12:06
no_tdma_packet_loss,0,30,0.15,5,2,0.05,1,0.681673,0.4,0.80785,0.4,True,4,1,3,8,1227,33033,40890,1410,0.870213,0.928337,0.80785,47,2026-09-03T19:12:06
no_tdma_packet_loss,0,30,0.15,5,2,0.05,2,0.690571,1.0,0.775084,0.5,True,5,1,7,9,1633,43831,56550,1950,0.837436,0.925544,0.775084,65,2026-09-03T19:12:06
no_tdma_packet_loss,0,30,0.15,5,2,0.05,3,0.696115,0.8,0.779736,0.3,True,3,1,7,7,1364,36632,46980,1620,0.841975,0.926079,0.779736,54,2026-09-03T19:12:07
no_tdma_packet_loss,0,30,0.15,5,2,0.05,4,0.765649,0.6,0.782122,0.3,True,3,1,6,7,2105,56477,72210,2490,0.845382,0.92517,0.782122,83,2026-09-03T19:12:06
no_tdma_packet_loss,0,30,0.15,5,2,0.05,5,0.660803,0.8,0.78371,0.3,True,3,1,1,7,738,19773,25230,870,0.848276,0.923886,0.78371,29,2026-09-03T19:12:07
no_tdma_packet_loss,0,30,0.15,5,2,0.05,6,0.65362,0.6,0.767709,0.2,True,2,1,7,9,1068,28720,37410,1290,0.827907,0.927289,0.767709,43,2026-09-03T19:12:06
no_tdma_packet_loss,0,30,0.15,5,2,0.05,7,0.57124,0.8,0.78015,0.6,True,6,1,0,9,658,17647,22620,780,0.84359,0.924798,0.78015,26,2026-09-03T19:12:06
no_tdma_packet_loss,0,30,0.15,5,2,0.05,8,0.672498,0.8,0.795115,0.8,True,8,1,3,14,1235,33204,41760,1440,0.857639,0.927098,0.795115,48,2026-09-03T19:12:06
no_tdma_packet_loss,0,30,0.15,5,2,0.05,9,0.648209,0.8,0.792573,0.2,True,2,1,10,16,1003,26892,33930,1170,0.857265,0.924537,0.792573,39,2026-09-03T19:12:07
no_tdma_packet_loss,0,30,0.15,5,2,0.05,10,0.637831,0.6,0.808642,0.5,True,5,1,1,11,708,18995,23490,810,0.874074,0.925141,0.808642,27,2026-09-03T19:12:06
no_tdma_packet_loss,0,30,0.15,5,2,0.05,11,0.692927,0.8,0.798002,0.4,True,4,1,2,8,1085,29159,36540,1260,0.861111,0.926712,0.798002,42,2026-09-03T19:12:06
no_tdma_packet_loss,0,30,0.15,5,2,0.05,12,0.734794,1.0,0.788966,0.6,True,6,1,3,10,1408,37752,47850,1650,0.853333,0.924569,0.788966,55,2026-09-03T19:12:07
no_tdma_packet_loss,0,30,0.15,5,2,0.05,13,0.719187,1.0,0.785283,0.2,True,2,1,2,6,1298,34843,44370,1530,0.848366,0.925642,0.785283,51,2026-09-03T19:12:07
no_tdma_packet_loss,0,30,0.15,5,2,0.05,14,0.679034,0.6,0.797218,0.8,True,8,1,4,12,1294,34679,43500,1500,0.862667,0.924133,0.797218,50,2026-09-03T19:12:07
no_tdma_packet_loss,0,30,0.15,5,2,0.05,15,0.672288,1.0,0.788478,0.4,True,4,1,9,8,1074,28811,36540,1260,0.852381,0.925031,0.788478,42,2026-09-03T19:12:07
no_tdma_packet_loss,0,30,0.15,5,2,0.05,16,0.599543,0.8,0.775611,0.6,True,6,1,1,10,804,21593,27840,960,0.8375,0.926102,0.775611,32,2026-09-03T19:12:07
no_tdma_packet_loss,0,30,0.15,5,2,0.05,17,0.554931,1.0,0.788902,0.4,True,4,1,1,13,741,19904,25230,870,0.851724,0.926241,0.788902,29,2026-09-03T19:12:07
no_tdma_packet_loss,0,30,0.15,5,2,0.05,18,0.577099,0.8,0.78243,0.2,True,2,1,5,12,711,19060,24360,840,0.846429,0.92439,0.78243,28,2026-09-03T19:12:07
no_tdma_packet_loss,0,30,0.15,5,2,0.05,19,0.641183,1.0,0.80973,0.3,True,3,1,5,7,1129,30292,37410,1290,0.875194,0.925201,0.80973,43,2026-09-03T19:12:07
no_tdma_packet_loss,0,30,0.15,5,2,0.05,20,0.582804,0.8,0.79589,0.8,True,8,1,1,11,852,22850,28710,990,0.860606,0.924802,0.79589,33,2026-09-03T19:12:07
no_tdma_packet_loss,0,30,0.15,5,2,0.05,21,0.578255,1.0,0.780375,0.1,True,1,1,2,11,684,18331,23490,810,0.844444,0.924128,0.780375,27,2026-09-03T19:12:07
no_tdma_packet_loss,0,30,0.15,5,2,0.05,22,0.673396,0.4,0.784138,0.6,True,6,1,2,12,890,23877,30450,1050,0.847619,0.925107,0.784138,35,2026-09-03T19:12:07
no_tdma_packet_loss,0,30,0.15,5,2,0.05,23,0.722606,1.0,0.78801,1.0,True,10,1,5,14,1483,39763,50460,1740,0.852299,0.92457,0.78801,58,2026-09-03T19:12:08
no_tdma_packet_loss,0,30,0.15,5,2,0.05,24,0.592016,0.8,0.784444,0.4,True,4,1,1,8,764,20474,26100,900,0.848889,0.924084,0.784444,30,2026-09-03T19:12:07
no_tdma_packet_loss,0,30,0.15,5,2,0.05,25,0.65336,0.8,0.792447,0.8,True,8,1,5,18,900,24130,30450,1050,0.857143,0.924521,0.792447,35,2026-09-03T19:12:08
no_tdma_packet_loss,0,30,0.15,5,2,0.05,26,0.701901,0.8,0.791562,1.3,True,13,1,2,16,1053,28235,35670,1230,0.856098,0.924616,0.791562,41,2026-09-03T19:12:07
no_tdma_packet_loss,0,30,0.15,5,2,0.05,27,0.614729,0.8,0.7769,0.2,True,2,1,5,15,782,20953,26970,930,0.84086,0.923935,0.7769,31,2026-09-03T19:12:08
no_tdma_packet_loss,0,30,0.15,5,2,0.05,28,0.708082,0.6,0.781804,0.4,True,4,1,3,8,1498,40130,51330,1770,0.846328,0.92376,0.781804,59,2026-09-03T19:12:08
no_tdma_packet_loss,0,30,0.15,5,2,0.05,29,0.645296,1.0,0.787268,0.3,True,3,1,1,7,993,26712,33930,1170,0.848718,0.927597,0.787268,39,2026-09-03T19:12:08
no_tdma_packet_loss,0,30,0.3,5,2,0.05,0,0.682341,0.8,0.596024,0.4,True,4,1,12,17,1283,31631,53070,1830,0.701093,0.850136,0.596024,61,2026-09-03T19:12:08
no_tdma_packet_loss,0,30,0.3,5,2,0.05,1,0.705138,0.6,0.609259,0.4,True,4,1,7,8,1159,28623,46980,1620,0.715432,0.851596,0.609259,54,2026-09-03T19:12:08
no_tdma_packet_loss,0,30,0.3,5,2,0.05,2,0.473197,0.8,0.579023,0.8,True,8,1,0,12,571,14105,24360,840,0.679762,0.851803,0.579023,28,2026-09-03T19:12:08
no_tdma_packet_loss,0,30,0.3,5,2,0.05,3,0.69576,1.0,0.590357,0.6,True,6,1,7,14,1226,30303,51330,1770,0.692655,0.852309,0.590357,59,2026-09-03T19:12:08
no_tdma_packet_loss,0,30,0.3,5,2,0.05,4,0.757431,0.8,0.588081,0.6,True,6,1,9,10,1517,37349,63510,2190,0.692694,0.848976,0.588081,73,2026-09-03T19:12:08
no_tdma_packet_loss,0,30,0.3,5,2,0.05,5,0.725996,0.8,0.618642,0.5,True,5,1,19,10,1902,46825,75690,2610,0.728736,0.848925,0.618642,87,2026-09-03T19:12:09
no_tdma_packet_loss,0,30,0.3,5,2,0.05,6,0.710814,0.8,0.597283,0.3,True,3,1,8,8,1386,34296,57420,1980,0.7,0.853262,0.597283,66,2026-09-03T19:12:08
no_tdma_packet_loss,0,30,0.3,5,2,0.05,7,0.675645,0.8,0.615353,0.7,True,7,1,2,10,915,22485,36540,1260,0.72619,0.847371,0.615353,42,2026-09-03T19:12:09
no_tdma_packet_loss,0,30,0.3,5,2,0.05,8,0.626331,0.6,0.583684,0.8,True,8,1,3,11,840,20820,35670,1230,0.682927,0.85468,0.583684,41,2026-09-03T19:12:08
no_tdma_packet_loss,0,30,0.3,5,2,0.05,9,0.636993,0.8,0.595206,1.3,True,13,1,3,12,858,21231,35670,1230,0.697561,0.853267,0.595206,41,2026-09-03T19:12:09
no_tdma_packet_loss,0,30,0.3,5,2,0.05,10,0.631583,0.6,0.592252,0.7,True,7,1,0,11,564,13912,23490,810,0.696296,0.850575,0.592252,27,2026-09-03T19:12:08
no_tdma_packet_loss,0,30,0.3,5,2,0.05,11,0.680326,0.8,0.59803,0.7,True,7,1,2,15,884,21852,36540,1260,0.701587,0.852395,0.59803,42,2026-09-03T19:12:08
no_tdma_packet_loss,0,30,0.3,5,2,0.05,12,0.599192,0.8,0.61324,0.7,True,7,1,0,11,583,14405,23490,810,0.719753,0.852014,0.61324,27,2026-09-03T19:12:08
no_tdma_packet_loss,0,30,0.3,5,2,0.05,13,0.64439,1.0,0.61329,0.4,True,4,1,4,15,693,17074,27840,960,0.721875,0.84958,0.61329,32,2026-09-03T19:12:08
no_tdma_packet_loss,0,30,0.3,5,2,0.05,14,0.536599,1.0,0.599918,0.6,True,6,1,1,11,594,14614,24360,840,0.707143,0.848369,0.599918,28,2026-09-03T19:12:09
no_tdma_packet_loss,0,30,0.3,5,2,0.05,15,0.674522,1.0,0.599556,0.4,True,4,1,6,8,933,22951,38280,1320,0.706818,0.848246,0.599556,44,2026-09-03T19:12:09
no_tdma_packet_loss,0,30,0.3,5,2,0.05,16,0.63701,0.8,0.589979,0.5,True,5,1,6,16,809,20018,33930,1170,0.691453,0.853246,0.589979,39,2026-09-03T19:12:09
no_tdma_packet_loss,0,30,0.3,5,2,0.05,17,0.614786,0.8,0.571983,1.0,True,10,1,1,9,644,15924,27840,960,0.670833,0.852645,0.571983,32,2026-09-03T19:12:09
no_tdma_packet_loss,0,30,0.3,5,2,0.05,18,0.691021,0.8,0.587254,0.8,True,8,1,2,14,936,22991,39150,1350,0.693333,0.847001,0.587254,45,2026-09-03T19:12:09
no_tdma_packet_loss,0,30,0.3,5,2,0.05,19,0.729639,0.6,0.601968,0.6,True,6,1,9,15,1397,34565,57420,1980,0.705556,0.853183,0.601968,66,2026-09-03T19:12:10
no_tdma_packet_loss,0,30,0.3,5,2,0.05,20,0.674194,0.8,0.595855,0.8,True,8,1,7,11,1383,34214,57420,1980,0.698485,0.853068,0.595855,66,2026-09-03T19:12:09
no_tdma_packet_loss,0,30,0.3,5,2,0.05,21,0.643458,1.0,0.59934,0.4,True,4,1,3,9,996,24507,40890,1410,0.706383,0.848463,0.59934,47,2026-09-03T19:12:10
no_tdma_packet_loss,0,30,0.3,5,2,0.05,22,0.683672,0.6,0.583875,0.6,True,6,1,4,12,720,17779,30450,1050,0.685714,0.851485,0.583875,35,2026-09-03T19:12:09
no_tdma_packet_loss,0,30,0.3,5,2,0.05,23,0.725411,1.0,0.601149,0.7,True,7,1,14,12,1418,35041,58290,2010,0.705473,0.852123,0.601149,67,2026-09-03T19:12:10
no_tdma_packet_loss,0,30,0.3,5,2,0.05,24,0.590669,0.8,0.581371,0.5,True,5,1,1,13,596,14668,25230,870,0.685057,0.848646,0.581371,29,2026-09-03T19:12:09
no_tdma_packet_loss,0,30,0.3,5,2,0.05,25,0.668583,0.8,0.595255,1.0,True,10,1,7,22,820,20197,33930,1170,0.700855,0.849327,0.595255,39,2026-09-03T19:12:09
no_tdma_packet_loss,0,30,0.3,5,2,0.05,26,0.689221,0.8,0.594061,1.3,True,13,1,3,16,882,21707,36540,1260,0.7,0.848659,0.594061,42,2026-09-03T19:12:09
no_tdma_packet_loss,0,30,0.3,5,2,0.05,27,0.551952,0.8,0.599558,0.6,True,6,1,0,10,552,13562,22620,780,0.707692,0.847201,0.599558,26,2026-09-03T19:12:09
no_tdma_packet_loss,0,30,0.3,5,2,0.05,28,0.642734,0.8,0.591924,0.8,True,8,1,2,12,796,19569,33060,1140,0.698246,0.84773,0.591924,38,2026-09-03T19:12:09
no_tdma_packet_loss,0,30,0.3,5,2,0.05,29,0.665446,1.0,0.595703,0.4,True,4,1,4,8,880,21767,36540,1260,0.698413,0.852939,0.595703,42,2026-09-03T19:12:10
no_tdma_packet_loss,0,50,0.0,5,2,0.05,0,0.735271,0.8,1.0,0.4,True,4,1,7,8,3550,173950,173950,3550,1.0,1.0,1.0,71,2026-09-03T19:12:12
no_tdma_packet_loss,0,50,0.0,5,2,0.05,1,0.713205,0.8,1.0,0.1,True,1,1,6,8,4150,203350,203350,4150,1.0,1.0,1.0,83,2026-09-03T19:12:15
no_tdma_packet_loss,0,50,0.0,5,2,0.05,2,0.647849,0.8,1.0,0.9,True,9,1,3,13,2250,110250,110250,2250,1.0,1.0,1.0,45,2026-09-03T19:12:11
no_tdma_packet_loss,0,50,0.0,5,2,0.05,3,0.727636,1.0,1.0,0.1,True,1,1,12,5,4150,203350,203350,4150,1.0,1.0,1.0,83,2026-09-03T19:12:14
no_tdma_packet_loss,0,50,0.0,5,2,0.05,4,0.662681,1.0,1.0,0.2,True,2,1,5,16,2100,102900,102900,2100,1.0,1.0,1.0,42,2026-09-03T19:12:11
no_tdma_packet_loss,0,50,0.0,5,2,0.05,5,0.699039,1.0,1.0,0.2,True,2,1,3,6,2750,134750,134750,2750,1.0,1.0,1.0,55,2026-09-03T19:12:13
no_tdma_packet_loss,0,50,0.0,5,2,0.05,6,0.680218,0.6,1.0,0.3,True,3,1,6,7,2300,112700,112700,2300,1.0,1.0,1.0,46,2026-09-03T19:12:11
no_tdma_packet_loss,0,50,0.0,5,2,0.05,7,0.688198,1.0,1.0,0.6,True,6,1,5,13,2350,115150,115150,2350,1.0,1.0,1.0,47,2026-09-03T19:12:13
no_tdma_packet_loss,0,50,0.0,5,2,0.05,8,0.646094,0.8,1.0,0.3,True,3,1,3,7,1800,88200,88200,1800,1.0,1.0,1.0,36,2026-09-03T19:12:11
no_tdma_packet_loss,0,50,0.0,5,2,0.05,9,0.635459,0.8,1.0,0.9,True,9,1,1,13,2050,100450,100450,2050,1.0,1.0,1.0,41,2026-09-03T19:12:12
no_tdma_packet_loss,0,50,0.0,5,2,0.05,10,0.65821,0.6,1.0,0.5,True,5,1,3,10,1750,85750,85750,1750,1.0,1.0,1.0,35,2026-09-03T19:12:11
no_tdma_packet_loss,0,50,0.0,5,2,0.05,11,0.596718,1.0,1.0,0.1,True,1,1,2,7,1550,75950,75950,1550,1.0,1.0,1.0,31,2026-09-03T19:12:12
no_tdma_packet_loss,0,50,0.0,5,2,0.05,12,0.677851,1.0,1.0,0.1,True,1,1,5,11,2300,112700,112700,2300,1.0,1.0,1.0,46,2026-09-03T19:12:11
no_tdma_packet_loss,0,50,0.0,5,2,0.05,13,0.736226,1.0,1.0,0.1,True,1,1,5,16,3000,147000,147000,3000,1.0,1.0,1.0,60,2026-09-03T19:12:14
no_tdma_packet_loss,0,50,0.0,5,2,0.05,14,0.61385,1.0,1.0,0.3,True,3,1,5,12,1950,95550,95550,1950,1.0,1.0,1.0,39,2026-09-03T19:12:11
no_tdma_packet_loss,0,50,0.0,5,2,0.05,15,0.719036,1.0,1.0,0.2,True,2,1,5,6,2550,124950,124950,2550,1.0,1.0,1.0,51,2026-09-03T19:12:13
no_tdma_packet_loss,0,50,0.0,5,2,0.05,16,0.609226,1.0,1.0,0.2,True,2,1,3,6,1800,88200,88200,1800,1.0,1.0,1.0,36,2026-09-03T19:12:13
no_tdma_packet_loss,0,50,0.0,5,2,0.05,17,0.625707,1.0,1.0,0.3,True,3,1,5,13,1450,71050,71050,1450,1.0,1.0,1.0,29,2026-09-03T19:12:14
no_tdma_packet_loss,0,50,0.0,5,2,0.05,18,0.65577,0.8,1.0,0.2,True,2,1,8,19,2050,100450,100450,2050,1.0,1.0,1.0,41,2026-09-03T19:12:14
no_tdma_packet_loss,0,50,0.0,5,2,0.05,19,0.654896,1.0,1.0,0.8,True,8,1,2,12,2200,107800,107800,2200,1.0,1.0,1.0,44,2026-09-03T19:12:15
no_tdma_packet_loss,0,50,0.0,5,2,0.05,20,0.600676,0.8,1.0,0.1,True,1,1,4,10,1650,80850,80850,1650,1.0,1.0,1.0,33,2026-09-03T19:12:14
no_tdma_packet_loss,0,50,0.0,5,2,0.05,21,0.701642,1.0,1.0,0.1,True,1,1,4,10,3000,147000,147000,3000,1.0,1.0,1.0,60,2026-09-03T19:12:16
no_tdma_packet_loss,0,50,0.0,5,2,0.05,22,0.713919,1.0,1.0,0.1,True,1,1,6,12,2900,142100,142100,2900,1.0,1.0,1.0,58,2026-09-03T19:12:15
no_tdma_packet_loss,0,50,0.0,5,2,0.05,23,0.653722,1.0,1.0,0.1,True,1,1,6,5,2150,105350,105350,2150,1.0,1.0,1.0,43,2026-09-03T19:12:16
no_tdma_packet_loss,0,50,0.0,5,2,0.05,24,0.701517,1.0,1.0,0.1,True,1,1,7,8,2600,127400,127400,2600,1.0,1.0,1.0,52,2026-09-03T19:12:15
no_tdma_packet_loss,0,50,0.0,5,2,0.05,25,0.685973,0.8,1.0,0.2,True,2,1,12,15,2400,117600,117600,2400,1.0,1.0,1.0,48,2026-09-03T19:12:16
no_tdma_packet_loss,0,50,0.0,5,2,0.05,26,0.708363,0.8,1.0,0.2,True,2,1,7,6,2250,110250,110250,2250,1.0,1.0,1.0,45,2026-09-03T19:12:15
no_tdma_packet_loss,0,50,0.0,5,2,0.05,27,0.720476,0.8,1.0,0.6,True,6,1,5,12,2700,132300,132300,2700,1.0,1.0,1.0,54,2026-09-03T19:12:17
no_tdma_packet_loss,0,50,0.0,5,2,0.05,28,0.637685,1.0,1.0,0.9,True,9,1,2,19,1750,85750,85750,1750,1.0,1.0,1.0,35,2026-09-03T19:12:15
no_tdma_packet_loss,0,50,0.0,5,2,0.05,29,0.648987,1.0,1.0,0.1,True,1,1,5,5,2000,98000,98000,2000,1.0,1.0,1.0,40,2026-09-03T19:12:16
no_tdma_packet_loss,0,50,0.05,5,2,0.05,0,0.708919,1.0,0.922709,0.5,True,5,1,4,8,2743,131117,142100,2900,0.945862,0.975522,0.922709,58,2026-09-03T19:12:16
no_tdma_packet_loss,0,50,0.05,5,2,0.05,1,0.694308,1.0,0.932253,0.1,True,1,1,3,8,2343,111917,120050,2450,0.956327,0.974827,0.932253,49,2026-09-03T19:12:17
no_tdma_packet_loss,0,50,0.05,5,2,0.05,2,0.665883,0.8,0.926146,0.9,True,9,1,2,13,2468,117991,127400,2600,0.949231,0.975681,0.926146,52,2026-09-03T19:12:16
no_tdma_packet_loss,0,50,0.05,5,2,0.05,3,0.715104,0.8,0.922063,0.1,True,1,1,12,5,3403,162652,176400,3600,0.945278,0.975442,0.922063,72,2026-09-03T19:12:18
no_tdma_packet_loss,0,50,0.05,5,2,0.05,4,0.600004,1.0,0.929617,0.2,True,2,1,4,16,1524,72882,78400,1600,0.9525,0.975976,0.929617,32,2026-09-03T19:12:16
no_tdma_packet_loss,0,50,0.05,5,2,0.05,5,0.707527,0.8,0.929173,0.2,True,2,1,4,6,2810,134312,144550,2950,0.952542,0.975467,0.929173,59,2026-09-03T19:12:17
no_tdma_packet_loss,0,50,0.05,5,2,0.05,6,0.684959,0.6,0.929849,0.3,True,3,1,6,7,2193,104794,112700,2300,0.953478,0.975218,0.929849,46,2026-09-03T19:12:17
no_tdma_packet_loss,0,50,0.05,5,2,0.05,7,0.727699,0.6,0.922029,0.6,True,6,1,8,13,3170,151351,164150,3350,0.946269,0.974384,0.922029,67,2026-09-03T19:12:19
no_tdma_packet_loss,0,50,0.05,5,2,0.05,8,0.637723,0.6,0.924977,0.4,True,4,1,3,8,1707,81583,88200,1800,0.948333,0.975372,0.924977,36,2026-09-03T19:12:17
no_tdma_packet_loss,0,50,0.05,5,2,0.05,9,0.635376,0.8,0.925884,0.9,True,9,1,1,13,1946,93005,100450,2050,0.949268,0.975365,0.925884,41,2026-09-03T19:12:18
no_tdma_packet_loss,0,50,0.05,5,2,0.05,10,0.655944,0.6,0.929808,0.5,True,5,1,3,10,1669,79731,85750,1750,0.953714,0.974933,0.929808,35,2026-09-03T19:12:17
no_tdma_packet_loss,0,50,0.05,5,2,0.05,11,0.591829,1.0,0.92075,0.3,True,3,1,1,7,1463,69931,75950,1550,0.943871,0.975505,0.92075,31,2026-09-03T19:12:18
no_tdma_packet_loss,0,50,0.05,5,2,0.05,12,0.700648,1.0,0.926241,0.1,True,1,1,7,11,2611,124811,134750,2750,0.949455,0.975551,0.926241,55,2026-09-03T19:12:18
no_tdma_packet_loss,0,50,0.05,5,2,0.05,13,0.734268,1.0,0.925355,0.2,True,2,1,5,16,2798,133760,144550,2950,0.948475,0.975624,0.925355,59,2026-09-03T19:12:19
no_tdma_packet_loss,0,50,0.05,5,2,0.05,14,0.615132,1.0,0.928498,0.3,True,3,1,5,12,1856,88718,95550,1950,0.951795,0.975523,0.928498,39,2026-09-03T19:12:18
no_tdma_packet_loss,0,50,0.05,5,2,0.05,15,0.724032,1.0,0.923601,0.2,True,2,1,7,6,2652,126718,137200,2800,0.947143,0.975144,0.923601,56,2026-09-03T19:12:19
no_tdma_packet_loss,0,50,0.05,5,2,0.05,16,0.610316,1.0,0.930986,0.3,True,3,1,3,6,1719,82113,88200,1800,0.955,0.974855,0.930986,36,2026-09-03T19:12:18
no_tdma_packet_loss,0,50,0.05,5,2,0.05,17,0.627578,1.0,0.927994,0.3,True,3,1,5,13,1379,65934,71050,1450,0.951034,0.975774,0.927994,29,2026-09-03T19:12:19
no_tdma_packet_loss,0,50,0.05,5,2,0.05,18,0.65445,0.8,0.933878,0.2,True,2,1,8,19,1965,93808,100450,2050,0.958537,0.974274,0.933878,41,2026-09-03T19:12:19
no_tdma_packet_loss,0,50,0.05,5,2,0.05,19,0.643645,0.8,0.931071,0.8,True,8,1,3,12,1909,91245,98000,2000,0.9545,0.975455,0.931071,40,2026-09-03T19:12:20
no_tdma_packet_loss,0,50,0.05,5,2,0.05,20,0.693923,0.8,0.931441,0.2,True,2,1,8,11,3199,152896,164150,3350,0.954925,0.975407,0.931441,67,2026-09-03T19:12:20
no_tdma_packet_loss,0,50,0.05,5,2,0.05,21,0.606578,1.0,0.92889,0.1,True,1,1,3,16,1524,72825,78400,1600,0.9525,0.975213,0.92889,32,2026-09-03T19:12:21
no_tdma_packet_loss,0,50,0.05,5,2,0.05,22,0.722191,1.0,0.929719,0.2,True,2,1,7,13,2765,132113,142100,2900,0.953448,0.975112,0.929719,58,2026-09-03T19:12:20
no_tdma_packet_loss,0,50,0.05,5,2,0.05,23,0.652746,1.0,0.924685,0.2,True,2,1,6,28,2086,99681,107800,2200,0.948182,0.975219,0.924685,44,2026-09-03T19:12:21
no_tdma_packet_loss,0,50,0.05,5,2,0.05,24,0.70003,1.0,0.921036,0.4,True,4,1,5,8,2455,117340,127400,2600,0.944231,0.975435,0.921036,52,2026-09-03T19:12:20
no_tdma_packet_loss,0,50,0.05,5,2,0.05,25,0.728058,0.8,0.929453,0.2,True,2,1,13,15,2669,127521,137200,2800,0.953214,0.975073,0.929453,56,2026-09-03T19:12:21
no_tdma_packet_loss,0,50,0.05,5,2,0.05,26,0.699538,0.8,0.922576,0.2,True,2,1,11,6,2129,101714,110250,2250,0.946222,0.97501,0.922576,45,2026-09-03T19:12:20
no_tdma_packet_loss,0,50,0.05,5,2,0.05,27,0.654121,0.8,0.930842,0.9,True,9,1,2,12,1863,88942,95550,1950,0.955385,0.974312,0.930842,39,2026-09-03T19:12:21
no_tdma_packet_loss,0,50,0.05,5,2,0.05,28,0.639449,1.0,0.932166,0.9,True,9,1,3,20,1722,82217,88200,1800,0.956667,0.974389,0.932166,36,2026-09-03T19:12:20
no_tdma_packet_loss,0,50,0.05,5,2,0.05,29,0.679773,1.0,0.928066,0.2,True,2,1,8,6,2190,104593,112700,2300,0.952174,0.974681,0.928066,46,2026-09-03T19:12:21
no_tdma_packet_loss,0,50,0.15,5,2,0.05,0,0.724145,0.8,0.791493,0.5,True,5,1,12,8,2695,122167,154350,3150,0.855556,0.925122,0.791493,63,2026-09-03T19:12:21
no_tdma_packet_loss,0,50,0.15,5,2,0.05,1,0.716414,1.0,0.788916,0.4,True,4,1,6,8,3028,137232,173950,3550,0.852958,0.924918,0.788916,71,2026-09-03T19:12:23
no_tdma_packet_loss,0,50,0.15,5,2,0.05,2,0.676956,1.0,0.787821,1.0,True,10,1,3,14,2381,108089,137200,2800,0.850357,0.926459,0.787821,56,2026-09-03T19:12:21
no_tdma_packet_loss,0,50,0.15,5,2,0.05,3,0.704183,0.6,0.790321,0.3,True,3,1,6,13,2393,108432,137200,2800,0.854643,0.924738,0.790321,56,2026-09-03T19:12:22
no_tdma_packet_loss,0,50,0.15,5,2,0.05,4,0.661635,1.0,0.781098,0.3,True,3,1,5,16,1773,80375,102900,2100,0.844286,0.925159,0.781098,42,2026-09-03T19:12:21
no_tdma_packet_loss,0,50,0.15,5,2,0.05,5,0.684364,1.0,0.787859,0.5,True,5,1,3,9,2343,106164,134750,2750,0.852,0.924717,0.787859,55,2026-09-03T19:12:22
no_tdma_packet_loss,0,50,0.15,5,2,0.05,6,0.734064,0.6,0.789122,0.3,True,3,1,9,7,2813,127601,161700,3300,0.852424,0.925738,0.789122,66,2026-09-03T19:12:23
no_tdma_packet_loss,0,50,0.15,5,2,0.05,7,0.736989,0.6,0.790877,1.0,True,10,1,7,14,3294,149199,188650,3850,0.855584,0.924371,0.790877,77,2026-09-03T19:12:25
no_tdma_packet_loss,0,50,0.15,5,2,0.05,8,0.644969,0.8,0.789036,0.3,True,3,1,6,20,1534,69593,88200,1800,0.852222,0.925857,0.789036,36,2026-09-03T19:12:22
no_tdma_packet_loss,0,50,0.15,5,2,0.05,9,0.68879,0.8,0.784513,0.6,True,6,1,7,18,2245,101869,129850,2650,0.84717,0.92604,0.784513,53,2026-09-03T19:12:23
no_tdma_packet_loss,0,50,0.15,5,2,0.05,10,0.645971,0.6,0.793563,0.5,True,5,1,3,10,1501,68048,85750,1750,0.857714,0.925206,0.793563,35,2026-09-03T19:12:22
no_tdma_packet_loss,0,50,0.15,5,2,0.05,11,0.600274,1.0,0.778499,0.3,True,3,1,2,15,1303,59127,75950,1550,0.840645,0.926073,0.778499,31,2026-09-03T19:12:23
no_tdma_packet_loss,0,50,0.15,5,2,0.05,12,0.700149,1.0,0.783134,0.1,True,1,1,7,11,2243,101690,129850,2650,0.846415,0.925237,0.783134,53,2026-09-03T19:12:23
no_tdma_packet_loss,0,50,0.15,5,2,0.05,13,0.713155,1.0,0.785118,0.3,True,3,1,4,15,2122,96177,122500,2500,0.8488,0.924975,0.785118,50,2026-09-03T19:12:24
no_tdma_packet_loss,0,50,0.15,5,2,0.05,14,0.570942,1.0,0.796327,0.8,True,8,1,1,16,1378,62432,78400,1600,0.86125,0.924617,0.796327,32,2026-09-03T19:12:22
no_tdma_packet_loss,0,50,0.15,5,2,0.05,15,0.671554,1.0,0.786016,0.6,True,6,1,5,17,1784,80881,102900,2100,0.849524,0.925243,0.786016,42,2026-09-03T19:12:23
no_tdma_packet_loss,0,50,0.15,5,2,0.05,16,0.666804,1.0,0.783856,0.3,True,3,1,7,19,1991,90261,115150,2350,0.847234,0.925194,0.783856,47,2026-09-03T19:12:23
no_tdma_packet_loss,0,50,0.15,5,2,0.05,17,0.635884,1.0,0.781317,1.1,True,11,1,0,9,1307,59341,75950,1550,0.843226,0.926581,0.781317,31,2026-09-03T19:12:24
no_tdma_packet_loss,0,50,0.15,5,2,0.05,18,0.726456,0.8,0.783233,0.2,True,2,1,14,19,3216,145838,186200,3800,0.846316,0.925462,0.783233,76,2026-09-03T19:12:24
no_tdma_packet_loss,0,50,0.15,5,2,0.05,19,0.678813,1.0,0.79244,0.8,True,8,1,6,12,1968,89308,112700,2300,0.855652,0.926124,0.79244,46,2026-09-03T19:12:26
no_tdma_packet_loss,0,50,0.15,5,2,0.05,20,0.706542,0.8,0.785419,0.7,True,7,1,7,11,2760,125078,159250,3250,0.849231,0.92486,0.785419,65,2026-09-03T19:12:25
no_tdma_packet_loss,0,50,0.15,5,2,0.05,21,0.707935,1.0,0.779833,0.3,True,3,1,6,19,2574,116546,149450,3050,0.843934,0.924044,0.779833,61,2026-09-03T19:12:26
no_tdma_packet_loss,0,50,0.15,5,2,0.05,22,0.731184,1.0,0.7912,0.3,True,3,1,7,12,2523,114368,144550,2950,0.855254,0.925105,0.7912,59,2026-09-03T19:12:25
no_tdma_packet_loss,0,50,0.15,5,2,0.05,23,0.700491,1.0,0.793462,0.2,True,2,1,7,24,2445,110807,139650,2850,0.857895,0.924895,0.793462,57,2026-09-03T19:12:26
no_tdma_packet_loss,0,50,0.15,5,2,0.05,24,0.737306,1.0,0.792594,0.4,True,4,1,7,8,2954,133988,169050,3450,0.856232,0.925677,0.792594,69,2026-09-03T19:12:25
no_tdma_packet_loss,0,50,0.15,5,2,0.05,25,0.632559,0.8,0.793536,0.2,True,2,1,10,15,1587,71934,90650,1850,0.857838,0.925041,0.793536,37,2026-09-03T19:12:26
no_tdma_packet_loss,0,50,0.15,5,2,0.05,26,0.706075,0.8,0.793088,0.2,True,2,1,7,6,1930,87438,110250,2250,0.857778,0.924585,0.793088,45,2026-09-03T19:12:25
no_tdma_packet_loss,0,50,0.15,5,2,0.05,27,0.680291,0.8,0.786531,1.0,True,10,1,3,13,1872,84788,107800,2200,0.850909,0.924342,0.786531,44,2026-09-03T19:12:26
no_tdma_packet_loss,0,50,0.15,5,2,0.05,28,0.642562,1.0,0.781936,1.0,True,10,1,3,18,1483,67051,85750,1750,0.847429,0.922716,0.781936,35,2026-09-03T19:12:25
no_tdma_packet_loss,0,50,0.15,5,2,0.05,29,0.659412,0.8,0.778506,0.4,True,4,1,4,14,1853,83923,107800,2200,0.842273,0.924293,0.778506,44,2026-09-03T19:12:26
no_tdma_packet_loss,0,50,0.3,5,2,0.05,0,0.728504,1.0,0.598783,0.5,True,5,1,10,9,2047,85087,142100,2900,0.705862,0.8483,0.598783,58,2026-09-03T19:12:26
no_tdma_packet_loss,0,50,0.3,5,2,0.05,1,0.72788,0.8,0.589177,0.5,True,5,1,9,9,2287,95270,161700,3300,0.69303,0.850147,0.589177,66,2026-09-03T19:12:27
no_tdma_packet_loss,0,50,0.3,5,2,0.05,2,0.697262,1.0,0.599777,0.5,True,5,1,3,9,1937,80820,134750,2750,0.704364,0.851517,0.599777,55,2026-09-03T19:12:26
no_tdma_packet_loss,0,50,0.3,5,2,0.05,3,0.711531,0.6,0.58684,0.3,True,3,1,12,15,2140,89141,151900,3100,0.690323,0.850095,0.58684,62,2026-09-03T19:12:28
no_tdma_packet_loss,0,50,0.3,5,2,0.05,4,0.701238,0.8,0.583585,0.5,True,5,1,11,20,1751,72919,124950,2550,0.686667,0.849882,0.583585,51,2026-09-03T19:12:27
no_tdma_packet_loss,0,50,0.3,5,2,0.05,5,0.680229,0.8,0.595696,0.5,True,5,1,2,9,1544,64216,107800,2200,0.701818,0.848789,0.595696,44,2026-09-03T19:12:28
no_tdma_packet_loss,0,50,0.3,5,2,0.05,6,0.648576,1.0,0.603448,0.3,True,3,1,8,7,1345,56181,93100,1900,0.707895,0.852454,0.603448,38,2026-09-03T19:12:27
no_tdma_packet_loss,0,50,0.3,5,2,0.05,7,0.662718,0.6,0.592006,1.0,True,10,1,4,24,1427,59467,100450,2050,0.696098,0.850464,0.592006,41,2026-09-03T19:12:28
no_tdma_packet_loss,0,50,0.3,5,2,0.05,8,0.630531,0.8,0.593254,0.5,True,5,1,4,20,1254,52325,88200,1800,0.696667,0.851561,0.593254,36,2026-09-03T19:12:27
no_tdma_packet_loss,0,50,0.3,5,2,0.05,9,0.691108,0.8,0.604771,1.1,True,11,1,8,15,2163,90383,149450,3050,0.70918,0.852774,0.604771,61,2026-09-03T19:12:28
no_tdma_packet_loss,0,50,0.3,5,2,0.05,10,0.702386,0.6,0.602705,0.7,True,7,1,5,17,1807,75308,124950,2550,0.708627,0.850525,0.602705,51,2026-09-03T19:12:27
no_tdma_packet_loss,0,50,0.3,5,2,0.05,11,0.677477,0.8,0.588,0.9,True,9,1,7,29,1555,64827,110250,2250,0.691111,0.850804,0.588,45,2026-09-03T19:12:28
no_tdma_packet_loss,0,50,0.3,5,2,0.05,12,0.694003,1.0,0.596887,0.7,True,7,1,5,15,1793,74581,124950,2550,0.703137,0.848891,0.596887,51,2026-09-03T19:12:28
no_tdma_packet_loss,0,50,0.3,5,2,0.05,13,0.621327,1.0,0.600136,0.3,True,3,1,4,15,1165,48521,80850,1650,0.706061,0.849978,0.600136,33,2026-09-03T19:12:28
no_tdma_packet_loss,0,50,0.3,5,2,0.05,14,0.618802,1.0,0.570082,0.9,True,9,1,2,13,1341,55868,98000,2000,0.6705,0.850234,0.570082,40,2026-09-03T19:12:27
no_tdma_packet_loss,0,50,0.3,5,2,0.05,15,0.694684,1.0,0.594756,0.9,True,9,1,9,29,1610,67029,112700,2300,0.7,0.849651,0.594756,46,2026-09-03T19:12:28
no_tdma_packet_loss,0,50,0.3,5,2,0.05,16,0.675931,0.8,0.602155,0.6,True,6,1,5,19,2016,84091,139650,2850,0.707368,0.851261,0.602155,57,2026-09-03T19:12:29
no_tdma_packet_loss,0,50,0.3,5,2,0.05,17,0.709493,1.0,0.584482,1.0,True,10,1,3,14,1719,71599,122500,2500,0.6876,0.850031,0.584482,50,2026-09-03T19:12:30
no_tdma_packet_loss,0,50,0.3,5,2,0.05,18,0.636864,0.8,0.579278,1.1,True,11,1,4,9,1330,55350,95550,1950,0.682051,0.849317,0.579278,39,2026-09-03T19:12:29
no_tdma_packet_loss,0,50,0.3,5,2,0.05,19,0.602876,1.0,0.605954,0.9,True,9,1,1,17,1208,50476,83300,1700,0.710588,0.85275,0.605954,34,2026-09-03T19:12:29
no_tdma_packet_loss,0,50,0.3,5,2,0.05,20,0.641527,1.0,0.603112,0.8,True,8,1,3,17,1417,59105,98000,2000,0.7085,0.851252,0.603112,40,2026-09-03T19:12:29
no_tdma_packet_loss,0,50,0.3,5,2,0.05,21,0.684905,1.0,0.585971,0.7,True,7,1,9,18,1862,77524,132300,2700,0.68963,0.84969,0.585971,54,2026-09-03T19:12:30
no_tdma_packet_loss,0,50,0.3,5,2,0.05,22,0.699109,0.8,0.605612,0.8,True,8,1,2,12,1709,71220,117600,2400,0.712083,0.850479,0.605612,48,2026-09-03T19:12:29
no_tdma_packet_loss,0,50,0.3,5,2,0.05,23,0.737366,1.0,0.595925,0.9,True,9,1,9,17,2276,94901,159250,3250,0.700308,0.850947,0.595925,65,2026-09-03T19:12:30
no_tdma_packet_loss,0,50,0.3,5,2,0.05,24,0.696722,1.0,0.613516,0.5,True,5,1,9,9,1877,78162,127400,2600,0.721923,0.849836,0.613516,52,2026-09-03T19:12:29
no_tdma_packet_loss,0,50,0.3,5,2,0.05,25,0.702762,0.8,0.595768,1.2,True,12,1,4,15,1719,71522,120050,2450,0.701633,0.849117,0.595768,49,2026-09-03T19:12:31
no_tdma_packet_loss,0,50,0.3,5,2,0.05,26,0.721284,0.6,0.601276,0.8,True,8,1,9,15,1950,81022,134750,2750,0.709091,0.847954,0.601276,55,2026-09-03T19:12:30
no_tdma_packet_loss,0,50,0.3,5,2,0.05,27,0.618451,0.6,0.593764,0.6,True,6,1,7,11,1258,52370,88200,1800,0.698889,0.849583,0.593764,36,2026-09-03T19:12:30
no_tdma_packet_loss,0,50,0.3,5,2,0.05,28,0.662406,1.0,0.586739,1.1,True,11,1,6,21,1558,64688,110250,2250,0.692444,0.847345,0.586739,45,2026-09-03T19:12:29
no_tdma_packet_loss,0,50,0.3,5,2,0.05,29,0.632895,1.0,0.599293,0.5,True,5,1,5,16,1447,60199,100450,2050,0.705854,0.849033,0.599293,41,2026-09-03T19:12:30
tdma_packet_loss,1,10,0.0,5,2,0.05,0,0.51762,0.8,1.0,1.6,True,16,1,8,30,92,828,828,92,1.0,1.0,1.0,46,2026-09-03T19:12:29
tdma_packet_loss,1,10,0.0,5,2,0.05,1,0.474823,0.8,1.0,2.0,True,20,1,7,23,110,990,990,110,1.0,1.0,1.0,55,2026-09-03T19:12:29
tdma_packet_loss,1,10,0.0,5,2,0.05,2,0.408783,0.6,1.0,1.9,True,19,1,21,38,164,1476,1476,164,1.0,1.0,1.0,82,2026-09-03T19:12:29
tdma_packet_loss,1,10,0.0,5,2,0.05,3,0.649682,0.8,1.0,2.8,True,28,1,9,32,196,1764,1764,196,1.0,1.0,1.0,98,2026-09-03T19:12:29
tdma_packet_loss,1,10,0.0,5,2,0.05,4,0.602313,0.8,1.0,1.1,True,11,1,4,9,98,882,882,98,1.0,1.0,1.0,49,2026-09-03T19:12:29
tdma_packet_loss,1,10,0.0,5,2,0.05,5,0.678226,0.8,1.0,2.3,True,23,1,5,24,124,1116,1116,124,1.0,1.0,1.0,62,2026-09-03T19:12:29
tdma_packet_loss,1,10,0.0,5,2,0.05,6,0.635409,0.6,1.0,2.8,True,28,1,8,27,134,1206,1206,134,1.0,1.0,1.0,67,2026-09-03T19:12:29
tdma_packet_loss,1,10,0.0,5,2,0.05,7,0.604383,0.6,1.0,1.4,True,14,1,4,12,86,774,774,86,1.0,1.0,1.0,43,2026-09-03T19:12:29
tdma_packet_loss,1,10,0.0,5,2,0.05,8,0.489549,0.6,1.0,1.5,True,15,1,2,23,78,702,702,78,1.0,1.0,1.0,39,2026-09-03T19:12:29
tdma_packet_loss,1,10,0.0,5,2,0.05,9,0.548705,0.8,1.0,1.7,True,17,1,9,16,146,1314,1314,146,1.0,1.0,1.0,73,2026-09-03T19:12:29
tdma_packet_loss,1,10,0.0,5,2,0.05,10,0.574727,0.8,1.0,1.5,True,15,1,0,19,70,630,630,70,1.0,1.0,1.0,35,2026-09-03T19:12:29
tdma_packet_loss,1,10,0.0,5,2,0.05,11,0.718896,0.8,1.0,1.4,True,14,1,12,15,138,1242,1242,138,1.0,1.0,1.0,69,2026-09-03T19:12:29
tdma_packet_loss,1,10,0.0,5,2,0.05,12,0.684021,0.6,1.0,0.9,True,9,1,7,13,118,1062,1062,118,1.0,1.0,1.0,59,2026-09-03T19:12:29
tdma_packet_loss,1,10,0.0,5,2,0.05,13,0.64919,0.8,1.0,0.8,True,8,1,8,15,106,954,954,106,1.0,1.0,1.0,53,2026-09-03T19:12:29
tdma_packet_loss,1,10,0.0,5,2,0.05,14,0.579933,1.0,1.0,1.2,True,12,1,5,22,84,756,756,84,1.0,1.0,1.0,42,2026-09-03T19:12:29
tdma_packet_loss,1,10,0.0,5,2,0.05,15,0.62383,0.8,1.0,1.4,True,14,1,0,18,68,612,612,68,1.0,1.0,1.0,34,2026-09-03T19:12:29
tdma_packet_loss,1,10,0.0,5,2,0.05,16,0.484515,0.8,1.0,1.7,True,17,1,0,21,74,666,666,74,1.0,1.0,1.0,37,2026-09-03T19:12:30
tdma_packet_loss,1,10,0.0,5,2,0.05,17,0.638229,0.6,1.0,2.1,True,21,1,0,24,82,738,738,82,1.0,1.0,1.0,41,2026-09-03T19:12:30
tdma_packet_loss,1,10,0.0,5,2,0.05,18,0.593059,0.6,1.0,1.0,True,10,1,4,18,70,630,630,70,1.0,1.0,1.0,35,2026-09-03T19:12:30
tdma_packet_loss,1,10,0.0,5,2,0.05,19,0.572253,1.0,1.0,1.5,True,15,1,12,20,128,1152,1152,128,1.0,1.0,1.0,64,2026-09-03T19:12:30
tdma_packet_loss,1,10,0.0,5,2,0.05,20,0.601303,1.0,1.0,1.3,True,13,1,5,13,104,936,936,104,1.0,1.0,1.0,52,2026-09-03T19:12:30
tdma_packet_loss,1,10,0.0,5,2,0.05,21,0.596137,0.6,1.0,1.3,True,13,1,9,34,100,900,900,100,1.0,1.0,1.0,50,2026-09-03T19:12:30
tdma_packet_loss,1,10,0.0,5,2,0.05,22,0.668103,0.6,1.0,1.8,True,18,1,4,23,86,774,774,86,1.0,1.0,1.0,43,2026-09-03T19:12:30
tdma_packet_loss,1,10,0.0,5,2,0.05,23,0.528522,1.0,1.0,1.0,True,10,1,9,17,126,1134,1134,126,1.0,1.0,1.0,63,2026-09-03T19:12:30
tdma_packet_loss,1,10,0.0,5,2,0.05,24,0.481313,0.8,1.0,1.2,True,12,1,0,16,64,576,576,64,1.0,1.0,1.0,32,2026-09-03T19:12:30
tdma_packet_loss,1,10,0.0,5,2,0.05,25,0.570413,0.8,1.0,2.3,True,23,1,0,27,86,774,774,86,1.0,1.0,1.0,43,2026-09-03T19:12:30
tdma_packet_loss,1,10,0.0,5,2,0.05,26,0.682227,0.6,1.0,0.7,True,7,1,13,25,84,756,756,84,1.0,1.0,1.0,42,2026-09-03T19:12:30
tdma_packet_loss,1,10,0.0,5,2,0.05,27,0.593912,0.8,1.0,0.5,True,5,1,4,14,60,540,540,60,1.0,1.0,1.0,30,2026-09-03T19:12:30
tdma_packet_loss,1,10,0.0,5,2,0.05,28,0.657823,0.6,1.0,0.9,True,9,1,9,13,98,882,882,98,1.0,1.0,1.0,49,2026-09-03T19:12:30
tdma_packet_loss,1,10,0.0,5,2,0.05,29,0.61382,0.6,1.0,1.3,True,13,1,0,17,66,594,594,66,1.0,1.0,1.0,33,2026-09-03T19:12:30
tdma_packet_loss,1,10,0.05,5,2,0.05,0,0.520258,0.8,0.934783,1.6,True,16,1,8,30,88,774,828,92,0.956522,0.977273,0.934783,46,2026-09-03T19:12:30
tdma_packet_loss,1,10,0.05,5,2,0.05,1,0.513952,0.8,0.90101,3.5,True,35,1,0,20,102,892,990,110,0.927273,0.971678,0.90101,55,2026-09-03T19:12:30
tdma_packet_loss,1,10,0.05,5,2,0.05,2,0.51593,0.6,0.92924,3.0,True,30,1,19,21,182,1589,1710,190,0.957895,0.970085,0.92924,95,2026-09-03T19:12:30
tdma_packet_loss,1,10,0.05,5,2,0.05,3,0.583044,0.8,0.924074,2.8,True,28,1,21,33,170,1497,1620,180,0.944444,0.978431,0.924074,90,2026-09-03T19:12:30
tdma_packet_loss,1,10,0.05,5,2,0.05,4,0.648236,1.0,0.933692,1.3,True,13,1,26,42,178,1563,1674,186,0.956989,0.975655,0.933692,93,2026-09-03T19:12:30
tdma_packet_loss,1,10,0.05,5,2,0.05,5,0.699071,0.8,0.921147,2.5,True,25,1,5,24,117,1028,1116,124,0.943548,0.976258,0.921147,62,2026-09-03T19:12:30
tdma_packet_loss,1,10,0.05,5,2,0.05,6,0.634957,0.6,0.968491,2.8,True,28,1,6,27,132,1168,1206,134,0.985075,0.983165,0.968491,67,2026-09-03T19:12:30
tdma_packet_loss,1,10,0.05,5,2,0.05,7,0.573431,0.6,0.957364,1.4,True,14,1,5,13,84,741,774,86,0.976744,0.980159,0.957364,43,2026-09-03T19:12:30
tdma_packet_loss,1,10,0.05,5,2,0.05,8,0.604302,0.6,0.899782,1.9,True,19,1,4,23,94,826,918,102,0.921569,0.976359,0.899782,51,2026-09-03T19:12:30
tdma_packet_loss,1,10,0.05,5,2,0.05,9,0.574242,0.8,0.918033,1.8,True,18,1,5,22,116,1008,1098,122,0.95082,0.965517,0.918033,61,2026-09-03T19:12:30
tdma_packet_loss,1,10,0.05,5,2,0.05,10,0.666449,0.6,0.935294,2.0,True,20,1,8,28,163,1431,1530,170,0.958824,0.97546,0.935294,85,2026-09-03T19:12:30
tdma_packet_loss,1,10,0.05,5,2,0.05,11,0.714691,0.8,0.929952,1.4,True,14,1,12,15,130,1155,1242,138,0.942029,0.987179,0.929952,69,2026-09-03T19:12:30
tdma_packet_loss,1,10,0.05,5,2,0.05,12,0.684011,0.6,0.919962,0.9,True,9,1,7,13,111,977,1062,118,0.940678,0.977978,0.919962,59,2026-09-03T19:12:30
tdma_packet_loss,1,10,0.05,5,2,0.05,13,0.645422,0.8,0.955975,0.8,True,8,1,8,15,103,912,954,106,0.971698,0.983819,0.955975,53,2026-09-03T19:12:30
tdma_packet_loss,1,10,0.05,5,2,0.05,14,0.630382,0.8,0.946809,1.9,True,19,1,5,31,91,801,846,94,0.968085,0.978022,0.946809,47,2026-09-03T19:12:30
tdma_packet_loss,1,10,0.05,5,2,0.05,15,0.657757,0.6,0.910131,1.4,True,14,1,0,18,64,557,612,68,0.941176,0.967014,0.910131,34,2026-09-03T19:12:30
tdma_packet_loss,1,10,0.05,5,2,0.05,16,0.486296,0.8,0.962462,1.7,True,17,1,0,21,72,641,666,74,0.972973,0.989198,0.962462,37,2026-09-03T19:12:30
tdma_packet_loss,1,10,0.05,5,2,0.05,17,0.639979,0.6,0.886179,2.1,True,21,1,0,24,75,654,738,82,0.914634,0.968889,0.886179,41,2026-09-03T19:12:30
tdma_packet_loss,1,10,0.05,5,2,0.05,18,0.55286,0.8,0.926901,1.5,True,15,1,2,20,72,634,684,76,0.947368,0.978395,0.926901,38,2026-09-03T19:12:30
tdma_packet_loss,1,10,0.05,5,2,0.05,19,0.613941,0.8,0.908889,1.5,True,15,1,13,31,140,1227,1350,150,0.933333,0.97381,0.908889,75,2026-09-03T19:12:30
tdma_packet_loss,1,10,0.05,5,2,0.05,20,0.625339,1.0,0.931866,1.9,True,19,1,6,13,101,889,954,106,0.95283,0.977998,0.931866,53,2026-09-03T19:12:30
tdma_packet_loss,1,10,0.05,5,2,0.05,21,0.598286,0.6,0.925556,1.3,True,13,1,11,34,95,833,900,100,0.95,0.974269,0.925556,50,2026-09-03T19:12:30
tdma_packet_loss,1,10,0.05,5,2,0.05,22,0.663001,0.6,0.883721,1.8,True,18,1,4,23,78,684,774,86,0.906977,0.974359,0.883721,43,2026-09-03T19:12:30
tdma_packet_loss,1,10,0.05,5,2,0.05,23,0.593297,0.8,0.924837,1.0,True,10,1,12,17,129,1132,1224,136,0.948529,0.975022,0.924837,68,2026-09-03T19:12:30
tdma_packet_loss,1,10,0.05,5,2,0.05,24,0.466676,0.8,0.925926,0.8,True,8,1,4,17,62,550,594,66,0.939394,0.985663,0.925926,33,2026-09-03T19:12:30
tdma_packet_loss,1,10,0.05,5,2,0.05,25,0.603638,1.0,0.9375,2.8,True,28,1,0,26,93,810,864,96,0.96875,0.967742,0.9375,48,2026-09-03T19:12:30
tdma_packet_loss,1,10,0.05,5,2,0.05,26,0.682227,0.6,0.928571,0.8,True,8,1,13,25,80,702,756,84,0.952381,0.975,0.928571,42,2026-09-03T19:12:30
tdma_packet_loss,1,10,0.05,5,2,0.05,27,0.593755,0.8,0.95,0.5,True,5,1,4,14,58,513,540,60,0.966667,0.982759,0.95,30,2026-09-03T19:12:31
tdma_packet_loss,1,10,0.05,5,2,0.05,28,0.657823,0.6,0.919501,0.9,True,9,1,9,13,93,811,882,98,0.94898,0.968937,0.919501,49,2026-09-03T19:12:30
tdma_packet_loss,1,10,0.05,5,2,0.05,29,0.615474,0.6,0.917508,1.3,True,13,1,0,17,62,545,594,66,0.939394,0.976703,0.917508,33,2026-09-03T19:12:30
tdma_packet_loss,1,10,0.15,5,2,0.05,0,0.543964,1.0,0.797619,2.1,True,21,1,5,25,95,804,1008,112,0.848214,0.940351,0.797619,56,2026-09-03T19:12:30
tdma_packet_loss,1,10,0.15,5,2,0.05,1,0.603889,0.4,0.737654,1.6,True,16,1,16,32,86,717,972,108,0.796296,0.926357,0.737654,54,2026-09-03T19:12:31
tdma_packet_loss,1,10,0.15,5,2,0.05,2,0.562169,0.8,0.763117,3.9,True,39,1,3,26,121,989,1296,144,0.840278,0.908173,0.763117,72,2026-09-03T19:12:30
tdma_packet_loss,1,10,0.15,5,2,0.05,3,0.526505,0.8,0.766908,4.0,True,40,1,22,33,153,1270,1656,184,0.831522,0.922295,0.766908,92,2026-09-03T19:12:31
tdma_packet_loss,1,10,0.15,5,2,0.05,4,0.724162,0.8,0.757407,2.3,True,23,1,16,41,98,818,1080,120,0.816667,0.927438,0.757407,60,2026-09-03T19:12:30
tdma_packet_loss,1,10,0.15,5,2,0.05,5,0.622936,0.8,0.77509,3.0,True,30,1,4,17,104,865,1116,124,0.83871,0.924145,0.77509,62,2026-09-03T19:12:31
tdma_packet_loss,1,10,0.15,5,2,0.05,6,0.656165,0.6,0.792703,2.8,True,28,1,6,27,114,956,1206,134,0.850746,0.931774,0.792703,67,2026-09-03T19:12:31
tdma_packet_loss,1,10,0.15,5,2,0.05,7,0.620253,0.4,0.764815,1.4,True,14,1,17,20,100,826,1080,120,0.833333,0.917778,0.764815,60,2026-09-03T19:12:31
tdma_packet_loss,1,10,0.15,5,2,0.05,8,0.676672,0.8,0.792636,2.1,True,21,1,31,32,145,1227,1548,172,0.843023,0.94023,0.792636,86,2026-09-03T19:12:31
tdma_packet_loss,1,10,0.15,5,2,0.05,9,0.722929,0.6,0.774376,2.0,True,20,1,19,24,165,1366,1764,196,0.841837,0.919865,0.774376,98,2026-09-03T19:12:31
tdma_packet_loss,1,10,0.15,5,2,0.05,10,0.628568,0.8,0.779798,2.1,True,21,1,13,34,93,772,990,110,0.845455,0.922342,0.779798,55,2026-09-03T19:12:31
tdma_packet_loss,1,10,0.15,5,2,0.05,11,0.618337,0.6,0.768116,2.6,True,26,1,0,26,76,636,828,92,0.826087,0.929825,0.768116,46,2026-09-03T19:12:31
tdma_packet_loss,1,10,0.15,5,2,0.05,12,0.701929,0.6,0.865812,1.2,True,12,1,12,16,123,1013,1170,130,0.946154,0.915086,0.865812,65,2026-09-03T19:12:31
tdma_packet_loss,1,10,0.15,5,2,0.05,13,0.638587,1.0,0.795597,1.5,True,15,1,8,10,91,759,954,106,0.858491,0.92674,0.795597,53,2026-09-03T19:12:31
tdma_packet_loss,1,10,0.15,5,2,0.05,14,0.666089,1.0,0.768519,1.2,True,12,1,10,20,89,747,972,108,0.824074,0.932584,0.768519,54,2026-09-03T19:12:31
tdma_packet_loss,1,10,0.15,5,2,0.05,15,0.704903,0.4,0.766667,1.8,True,18,1,39,15,199,1656,2160,240,0.829167,0.924623,0.766667,120,2026-09-03T19:12:31
tdma_packet_loss,1,10,0.15,5,2,0.05,16,0.561239,1.0,0.867232,1.7,True,17,1,11,25,109,921,1062,118,0.923729,0.938838,0.867232,59,2026-09-03T19:12:31
tdma_packet_loss,1,10,0.15,5,2,0.05,17,0.7165,0.6,0.809896,2.0,True,20,1,14,23,112,933,1152,128,0.875,0.925595,0.809896,64,2026-09-03T19:12:31
tdma_packet_loss,1,10,0.15,5,2,0.05,18,0.561075,1.0,0.850529,2.2,True,22,1,0,22,76,643,756,84,0.904762,0.940058,0.850529,42,2026-09-03T19:12:31
tdma_packet_loss,1,10,0.15,5,2,0.05,19,0.63039,0.8,0.759259,2.8,True,28,1,2,31,122,1025,1350,150,0.813333,0.933515,0.759259,75,2026-09-03T19:12:31
tdma_packet_loss,1,10,0.15,5,2,0.05,20,0.563074,0.8,0.776423,2.1,True,21,1,0,25,69,573,738,82,0.841463,0.922705,0.776423,41,2026-09-03T19:12:31
tdma_packet_loss,1,10,0.15,5,2,0.05,21,0.632256,0.6,0.792929,3.5,True,35,1,0,34,95,785,990,110,0.863636,0.918129,0.792929,55,2026-09-03T19:12:31
tdma_packet_loss,1,10,0.15,5,2,0.05,22,0.648378,0.6,0.789116,2.9,True,29,1,0,24,84,696,882,98,0.857143,0.920635,0.789116,49,2026-09-03T19:12:31
tdma_packet_loss,1,10,0.15,5,2,0.05,23,0.530406,0.8,0.806397,1.6,True,16,1,17,19,116,958,1188,132,0.878788,0.917625,0.806397,66,2026-09-03T19:12:31
tdma_packet_loss,1,10,0.15,5,2,0.05,24,0.486215,0.8,0.776094,1.3,True,13,1,0,17,54,461,594,66,0.818182,0.94856,0.776094,33,2026-09-03T19:12:31
tdma_packet_loss,1,10,0.15,5,2,0.05,25,0.637399,0.8,0.757778,3.0,True,30,1,0,33,83,682,900,100,0.83,0.912985,0.757778,50,2026-09-03T19:12:31
tdma_packet_loss,1,10,0.15,5,2,0.05,26,0.660714,0.4,0.8026,2.7,True,27,1,0,30,82,679,846,94,0.87234,0.920054,0.8026,47,2026-09-03T19:12:31
tdma_packet_loss,1,10,0.15,5,2,0.05,27,0.624508,0.4,0.755342,1.8,True,18,1,13,24,84,707,936,104,0.807692,0.935185,0.755342,52,2026-09-03T19:12:31
tdma_packet_loss,1,10,0.15,5,2,0.05,28,0.516022,0.8,0.785024,2.6,True,26,1,0,14,79,650,828,92,0.858696,0.914205,0.785024,46,2026-09-03T19:12:31
tdma_packet_loss,1,10,0.15,5,2,0.05,29,0.622572,0.4,0.803922,2.0,True,20,1,7,24,118,984,1224,136,0.867647,0.926554,0.803922,68,2026-09-03T19:12:31
tdma_packet_loss,1,10,0.3,5,2,0.05,0,0.610592,0.6,0.579678,5.6,True,56,1,0,37,102,793,1368,152,0.671053,0.863834,0.579678,76,2026-09-03T19:12:31
tdma_packet_loss,1,10,0.3,5,2,0.05,1,0.547652,0.6,0.60202,2.3,True,23,1,11,39,78,596,990,110,0.709091,0.849003,0.60202,55,2026-09-03T19:12:31
tdma_packet_loss,1,10,0.3,5,2,0.05,2,0.557948,0.6,0.585795,3.2,True,32,1,22,55,111,833,1422,158,0.702532,0.833834,0.585795,79,2026-09-03T19:12:31
tdma_packet_loss,1,10,0.3,5,2,0.05,3,0.556624,0.6,0.584362,3.0,True,30,1,29,29,113,852,1458,162,0.697531,0.837758,0.584362,81,2026-09-03T19:12:31
tdma_packet_loss,1,10,0.3,5,2,0.05,4,0.771929,0.0,0.577274,1.4,True,14,1,210,50,483,3668,6354,706,0.684136,0.8438,0.577274,353,2026-09-03T19:12:31
tdma_packet_loss,1,10,0.3,5,2,0.05,5,0.696643,0.6,0.596264,6.2,True,62,1,6,32,160,1245,2088,232,0.689655,0.864583,0.596264,116,2026-09-03T19:12:32
tdma_packet_loss,1,10,0.3,5,2,0.05,6,0.619812,0.6,0.657265,3.8,True,38,1,5,32,100,769,1170,130,0.769231,0.854444,0.657265,65,2026-09-03T19:12:31
tdma_packet_loss,1,10,0.3,5,2,0.05,7,0.538284,0.4,0.549919,2.4,True,24,1,23,25,90,683,1242,138,0.652174,0.84321,0.549919,69,2026-09-03T19:12:31
tdma_packet_loss,1,10,0.3,5,2,0.05,8,0.652273,0.6,0.617989,4.4,True,44,1,30,27,151,1168,1890,210,0.719048,0.859455,0.617989,105,2026-09-03T19:12:31
tdma_packet_loss,1,10,0.3,5,2,0.05,9,0.513943,0.8,0.618182,3.5,True,35,1,0,39,81,612,990,110,0.736364,0.839506,0.618182,55,2026-09-03T19:12:31
tdma_packet_loss,1,10,0.3,5,2,0.05,10,0.497212,1.0,0.604938,3.9,True,39,1,22,46,143,1078,1782,198,0.722222,0.837607,0.604938,99,2026-09-03T19:12:31
tdma_packet_loss,1,10,0.3,5,2,0.05,11,0.779752,0.4,0.671764,1.5,True,15,1,41,26,171,1318,1962,218,0.784404,0.8564,0.671764,109,2026-09-03T19:12:31
tdma_packet_loss,1,10,0.3,5,2,0.05,12,0.678449,0.4,0.576319,4.0,True,40,1,28,37,134,1027,1782,198,0.676768,0.851575,0.576319,99,2026-09-03T19:12:31
tdma_packet_loss,1,10,0.3,5,2,0.05,13,0.678601,0.4,0.589606,1.9,True,19,1,14,23,85,658,1116,124,0.685484,0.860131,0.589606,62,2026-09-03T19:12:31
tdma_packet_loss,1,10,0.3,5,2,0.05,14,0.644799,0.8,0.581575,2.4,True,24,1,19,28,108,827,1422,158,0.683544,0.850823,0.581575,79,2026-09-03T19:12:31
tdma_packet_loss,1,10,0.3,5,2,0.05,15,0.685714,0.2,0.64059,3.6,True,36,1,23,24,150,1130,1764,196,0.765306,0.837037,0.64059,98,2026-09-03T19:12:31
tdma_packet_loss,1,10,0.3,5,2,0.05,16,0.743905,0.0,0.607864,3.3,True,33,1,141,37,436,3370,5544,616,0.707792,0.858818,0.607864,308,2026-09-03T19:12:31
tdma_packet_loss,1,10,0.3,5,2,0.05,17,0.64796,0.2,0.616162,2.6,True,26,1,45,29,171,1342,2178,242,0.706612,0.871995,0.616162,121,2026-09-03T19:12:32
tdma_packet_loss,1,10,0.3,5,2,0.05,18,0.661189,0.4,0.602339,2.8,True,28,1,7,15,79,618,1026,114,0.692982,0.869198,0.602339,57,2026-09-03T19:12:31
tdma_packet_loss,1,10,0.3,5,2,0.05,19,0.725469,0.0,0.594881,1.1,True,11,1,178,31,495,3812,6408,712,0.695225,0.855668,0.594881,356,2026-09-03T19:12:32
tdma_packet_loss,1,10,0.3,5,2,0.05,20,0.698564,1.0,0.597345,2.2,True,22,1,42,39,157,1215,2034,226,0.69469,0.859873,0.597345,113,2026-09-03T19:12:31
tdma_packet_loss,1,10,0.3,5,2,0.05,21,0.58483,0.6,0.559896,4.4,True,44,1,0,34,85,645,1152,128,0.664062,0.843137,0.559896,64,2026-09-03T19:12:31
tdma_packet_loss,1,10,0.3,5,2,0.05,22,0.625544,0.4,0.601575,2.8,True,28,1,55,35,191,1451,2412,268,0.712687,0.844095,0.601575,134,2026-09-03T19:12:31
tdma_packet_loss,1,10,0.3,5,2,0.05,23,0.610575,0.8,0.629419,1.5,True,15,1,42,18,133,997,1584,176,0.755682,0.832916,0.629419,88,2026-09-03T19:12:31
tdma_packet_loss,1,10,0.3,5,2,0.05,24,0.482315,0.8,0.69509,2.3,True,23,1,0,27,71,538,774,86,0.825581,0.841941,0.69509,43,2026-09-03T19:12:31
tdma_packet_loss,1,10,0.3,5,2,0.05,25,0.721275,0.0,0.595057,4.3,True,43,1,134,47,374,2817,4734,526,0.711027,0.836898,0.595057,263,2026-09-03T19:12:32
tdma_packet_loss,1,10,0.3,5,2,0.05,26,0.733676,0.4,0.604532,3.7,True,37,1,1,40,107,827,1368,152,0.703947,0.858775,0.604532,76,2026-09-03T19:12:31
tdma_packet_loss,1,10,0.3,5,2,0.05,27,0.686011,0.6,0.611852,3.1,True,31,1,11,34,107,826,1350,150,0.713333,0.857736,0.611852,75,2026-09-03T19:12:31
tdma_packet_loss,1,10,0.3,5,2,0.05,28,0.827039,0.2,0.572182,7.3,True,73,1,3,35,185,1411,2466,274,0.675182,0.847447,0.572182,137,2026-09-03T19:12:31
tdma_packet_loss,1,10,0.3,5,2,0.05,29,0.763308,0.2,0.599415,2.5,True,25,1,71,34,240,1845,3078,342,0.701754,0.854167,0.599415,171,2026-09-03T19:12:32
tdma_packet_loss,1,30,0.0,5,2,0.05,0,0.742903,0.6,1.0,3.9,True,39,1,18,28,166,4814,4814,166,1.0,1.0,1.0,83,2026-09-03T19:12:32
tdma_packet_loss,1,30,0.0,5,2,0.05,1,0.682806,1.0,1.0,4.2,True,42,1,0,38,124,3596,3596,124,1.0,1.0,1.0,62,2026-09-03T19:12:32
tdma_packet_loss,1,30,0.0,5,2,0.05,2,0.666944,1.0,1.0,3.3,True,33,1,5,31,132,3828,3828,132,1.0,1.0,1.0,66,2026-09-03T19:12:32
tdma_packet_loss,1,30,0.0,5,2,0.05,3,0.683927,0.8,1.0,5.1,True,51,1,0,28,142,4118,4118,142,1.0,1.0,1.0,71,2026-09-03T19:12:32
tdma_packet_loss,1,30,0.0,5,2,0.05,4,0.714574,1.0,1.0,2.9,True,29,1,19,39,144,4176,4176,144,1.0,1.0,1.0,72,2026-09-03T19:12:32
tdma_packet_loss,1,30,0.0,5,2,0.05,5,0.734617,0.8,1.0,3.8,True,38,1,6,37,166,4814,4814,166,1.0,1.0,1.0,83,2026-09-03T19:12:32
tdma_packet_loss,1,30,0.0,5,2,0.05,6,0.668432,1.0,1.0,3.9,True,39,1,0,32,118,3422,3422,118,1.0,1.0,1.0,59,2026-09-03T19:12:32
tdma_packet_loss,1,30,0.0,5,2,0.05,7,0.732201,0.8,1.0,2.1,True,21,1,38,31,168,4872,4872,168,1.0,1.0,1.0,84,2026-09-03T19:12:32
tdma_packet_loss,1,30,0.0,5,2,0.05,8,0.705518,1.0,1.0,3.4,True,34,1,7,27,132,3828,3828,132,1.0,1.0,1.0,66,2026-09-03T19:12:32
tdma_packet_loss,1,30,0.0,5,2,0.05,9,0.603925,0.8,1.0,2.5,True,25,1,0,29,90,2610,2610,90,1.0,1.0,1.0,45,2026-09-03T19:12:32
tdma_packet_loss,1,30,0.0,5,2,0.05,10,0.731862,0.6,1.0,5.2,True,52,1,12,49,174,5046,5046,174,1.0,1.0,1.0,87,2026-09-03T19:12:32
tdma_packet_loss,1,30,0.0,5,2,0.05,11,0.668147,1.0,1.0,2.8,True,28,1,0,32,96,2784,2784,96,1.0,1.0,1.0,48,2026-09-03T19:12:32
tdma_packet_loss,1,30,0.0,5,2,0.05,12,0.671405,0.8,1.0,3.0,True,30,1,0,19,100,2900,2900,100,1.0,1.0,1.0,50,2026-09-03T19:12:32
tdma_packet_loss,1,30,0.0,5,2,0.05,13,0.691325,1.0,1.0,1.9,True,19,1,22,24,134,3886,3886,134,1.0,1.0,1.0,67,2026-09-03T19:12:32
tdma_packet_loss,1,30,0.0,5,2,0.05,14,0.677456,1.0,1.0,3.6,True,36,1,0,30,112,3248,3248,112,1.0,1.0,1.0,56,2026-09-03T19:12:32
tdma_packet_loss,1,30,0.0,5,2,0.05,15,0.684493,1.0,1.0,4.0,True,40,1,0,32,120,3480,3480,120,1.0,1.0,1.0,60,2026-09-03T19:12:32
tdma_packet_loss,1,30,0.0,5,2,0.05,16,0.731867,1.0,1.0,2.7,True,27,1,6,25,138,4002,4002,138,1.0,1.0,1.0,69,2026-09-03T19:12:33
tdma_packet_loss,1,30,0.0,5,2,0.05,17,0.727755,0.8,1.0,2.7,True,27,1,11,19,130,3770,3770,130,1.0,1.0,1.0,65,2026-09-03T19:12:33
tdma_packet_loss,1,30,0.0,5,2,0.05,18,0.710428,0.4,1.0,3.3,True,33,1,17,26,174,5046,5046,174,1.0,1.0,1.0,87,2026-09-03T19:12:33
tdma_packet_loss,1,30,0.0,5,2,0.05,19,0.682275,0.8,1.0,3.8,True,38,1,0,37,116,3364,3364,116,1.0,1.0,1.0,58,2026-09-03T19:12:33
tdma_packet_loss,1,30,0.0,5,2,0.05,20,0.625718,1.0,1.0,3.2,True,32,1,0,36,104,3016,3016,104,1.0,1.0,1.0,52,2026-09-03T19:12:32
tdma_packet_loss,1,30,0.0,5,2,0.05,21,0.614958,0.8,1.0,3.3,True,33,1,20,21,162,4698,4698,162,1.0,1.0,1.0,81,2026-09-03T19:12:33
tdma_packet_loss,1,30,0.0,5,2,0.05,22,0.739741,0.8,1.0,4.8,True,48,1,4,27,148,4292,4292,148,1.0,1.0,1.0,74,2026-09-03T19:12:33
tdma_packet_loss,1,30,0.0,5,2,0.05,23,0.725614,1.0,1.0,3.7,True,37,1,6,25,136,3944,3944,136,1.0,1.0,1.0,68,2026-09-03T19:12:33
tdma_packet_loss,1,30,0.0,5,2,0.05,24,0.650898,1.0,1.0,2.8,True,28,1,3,35,108,3132,3132,108,1.0,1.0,1.0,54,2026-09-03T19:12:33
tdma_packet_loss,1,30,0.0,5,2,0.05,25,0.699122,0.8,1.0,3.3,True,33,1,0,22,106,3074,3074,106,1.0,1.0,1.0,53,2026-09-03T19:12:33
tdma_packet_loss,1,30,0.0,5,2,0.05,26,0.702101,1.0,1.0,2.4,True,24,1,26,36,142,4118,4118,142,1.0,1.0,1.0,71,2026-09-03T19:12:33
tdma_packet_loss,1,30,0.0,5,2,0.05,27,0.726556,1.0,1.0,4.1,True,41,1,2,22,156,4524,4524,156,1.0,1.0,1.0,78,2026-09-03T19:12:33
tdma_packet_loss,1,30,0.0,5,2,0.05,28,0.740617,0.6,1.0,2.3,True,23,1,34,32,178,5162,5162,178,1.0,1.0,1.0,89,2026-09-03T19:12:33
tdma_packet_loss,1,30,0.0,5,2,0.05,29,0.603443,0.8,1.0,2.2,True,22,1,0,26,84,2436,2436,84,1.0,1.0,1.0,42,2026-09-03T19:12:33
tdma_packet_loss,1,30,0.05,5,2,0.05,0,0.717309,0.4,0.919069,6.6,True,66,0,390,62,942,26653,29000,1000,0.942,0.975657,0.919069,500,2026-09-03T19:12:35
tdma_packet_loss,1,30,0.05,5,2,0.05,1,0.701243,0.2,0.939345,4.7,True,47,0,402,55,962,27241,29000,1000,0.962,0.97645,0.939345,500,2026-09-03T19:12:38
tdma_packet_loss,1,30,0.05,5,2,0.05,2,0.682656,0.4,0.916207,27.8,True,278,0,184,53,940,26570,29000,1000,0.94,0.974688,0.916207,500,2026-09-03T19:12:36
tdma_packet_loss,1,30,0.05,5,2,0.05,3,0.76102,0.6,0.931103,13.1,True,131,0,346,25,953,27002,29000,1000,0.953,0.977024,0.931103,500,2026-09-03T19:12:38
tdma_packet_loss,1,30,0.05,5,2,0.05,4,0.717886,0.4,0.929931,15.5,True,155,0,298,36,952,26968,29000,1000,0.952,0.976818,0.929931,500,2026-09-03T19:12:36
tdma_packet_loss,1,30,0.05,5,2,0.05,5,0.711914,0.4,0.933103,3.6,True,36,0,426,44,957,27060,29000,1000,0.957,0.97503,0.933103,500,2026-09-03T19:12:38
tdma_packet_loss,1,30,0.05,5,2,0.05,6,0.721929,0.6,0.926552,18.4,True,184,0,292,54,950,26870,29000,1000,0.95,0.975318,0.926552,500,2026-09-03T19:12:36
tdma_packet_loss,1,30,0.05,5,2,0.05,7,0.629949,0.6,0.919483,9.6,True,96,0,397,29,944,26665,29000,1000,0.944,0.974028,0.919483,500,2026-09-03T19:12:39
tdma_packet_loss,1,30,0.05,5,2,0.05,8,0.680448,0.8,0.925724,9.6,True,96,0,372,37,949,26846,29000,1000,0.949,0.975473,0.925724,500,2026-09-03T19:12:36
tdma_packet_loss,1,30,0.05,5,2,0.05,9,0.736409,0.2,0.920621,9.5,True,95,0,317,36,944,26698,29000,1000,0.944,0.975234,0.920621,500,2026-09-03T19:12:39
tdma_packet_loss,1,30,0.05,5,2,0.05,10,0.768409,0.4,0.931379,15.6,True,156,0,297,92,955,27010,29000,1000,0.955,0.975266,0.931379,500,2026-09-03T19:12:36
tdma_packet_loss,1,30,0.05,5,2,0.05,11,0.744499,0.0,0.923263,9.5,True,95,1,322,25,903,25543,27666,954,0.946541,0.975408,0.923263,477,2026-09-03T19:12:38
tdma_packet_loss,1,30,0.05,5,2,0.05,12,0.70562,0.8,0.929,3.8,True,38,0,453,20,953,26941,29000,1000,0.953,0.974816,0.929,500,2026-09-03T19:12:36
tdma_packet_loss,1,30,0.05,5,2,0.05,13,0.727158,0.4,0.928931,1.8,True,18,0,428,26,952,26939,29000,1000,0.952,0.975768,0.928931,500,2026-09-03T19:12:39
tdma_packet_loss,1,30,0.05,5,2,0.05,14,0.70758,0.2,0.923828,3.6,True,36,0,414,40,947,26791,29000,1000,0.947,0.975531,0.923828,500,2026-09-03T19:12:36
tdma_packet_loss,1,30,0.05,5,2,0.05,15,0.599538,0.0,0.91768,5.7,True,57,1,273,50,709,20066,21866,754,0.940318,0.975925,0.91768,377,2026-09-03T19:12:38
tdma_packet_loss,1,30,0.05,5,2,0.05,16,0.708537,0.6,0.931621,3.3,True,33,0,435,25,955,27017,29000,1000,0.955,0.975519,0.931621,500,2026-09-03T19:12:41
tdma_packet_loss,1,30,0.05,5,2,0.05,17,0.74373,0.4,0.921379,10.7,True,107,0,371,61,944,26720,29000,1000,0.944,0.976037,0.921379,500,2026-09-03T19:12:44
tdma_packet_loss,1,30,0.05,5,2,0.05,18,0.728281,0.2,0.921034,14.8,True,148,0,324,29,946,26710,29000,1000,0.946,0.973609,0.921034,500,2026-09-03T19:12:41
tdma_packet_loss,1,30,0.05,5,2,0.05,19,0.777369,0.0,0.93404,5.3,True,53,1,288,37,791,22374,23954,826,0.957627,0.975369,0.93404,413,2026-09-03T19:12:44
tdma_packet_loss,1,30,0.05,5,2,0.05,20,0.722357,0.4,0.926448,12.1,True,121,0,310,46,950,26867,29000,1000,0.95,0.975209,0.926448,500,2026-09-03T19:12:41
tdma_packet_loss,1,30,0.05,5,2,0.05,21,0.707223,0.4,0.934931,6.8,True,68,0,388,41,958,27113,29000,1000,0.958,0.97592,0.934931,500,2026-09-03T19:12:44
tdma_packet_loss,1,30,0.05,5,2,0.05,22,0.732498,0.8,0.922655,6.9,True,69,0,402,67,946,26757,29000,1000,0.946,0.975323,0.922655,500,2026-09-03T19:12:41
tdma_packet_loss,1,30,0.05,5,2,0.05,23,0.691804,0.6,0.92269,4.2,True,42,0,426,39,948,26758,29000,1000,0.948,0.973301,0.92269,500,2026-09-03T19:12:45
tdma_packet_loss,1,30,0.05,5,2,0.05,24,0.658947,0.8,0.936724,6.6,True,66,0,403,70,961,27165,29000,1000,0.961,0.974739,0.936724,500,2026-09-03T19:12:42
tdma_packet_loss,1,30,0.05,5,2,0.05,25,0.650155,0.8,0.93169,4.6,True,46,0,425,43,955,27019,29000,1000,0.955,0.975591,0.93169,500,2026-09-03T19:12:45
tdma_packet_loss,1,30,0.05,5,2,0.05,26,0.607866,0.8,0.921103,5.4,True,54,0,393,38,945,26712,29000,1000,0.945,0.974713,0.921103,500,2026-09-03T19:12:42
tdma_packet_loss,1,30,0.05,5,2,0.05,27,0.708188,0.2,0.925759,5.8,True,58,0,400,22,950,26847,29000,1000,0.95,0.974483,0.925759,500,2026-09-03T19:12:45
tdma_packet_loss,1,30,0.05,5,2,0.05,28,0.706575,0.4,0.923793,4.3,True,43,0,410,41,948,26790,29000,1000,0.948,0.974465,0.923793,500,2026-09-03T19:12:42
tdma_packet_loss,1,30,0.05,5,2,0.05,29,0.675472,0.6,0.929957,4.4,True,44,1,0,27,122,3452,3712,128,0.953125,0.975692,0.929957,64,2026-09-03T19:12:42
tdma_packet_loss,1,30,0.15,5,2,0.05,0,0.491599,0.8,0.784069,50.0,False,500,0,0,42,846,22738,29000,1000,0.846,0.926795,0.784069,500,2026-09-03T19:12:42
tdma_packet_loss,1,30,0.15,5,2,0.05,1,0.57894,0.8,0.801138,50.0,False,500,0,0,57,865,23233,29000,1000,0.865,0.926171,0.801138,500,2026-09-03T19:12:45
tdma_packet_loss,1,30,0.15,5,2,0.05,2,0.67822,0.4,0.759586,50.0,False,500,0,0,142,820,22028,29000,1000,0.82,0.926325,0.759586,500,2026-09-03T19:12:45
tdma_packet_loss,1,30,0.15,5,2,0.05,3,0.60642,0.8,0.789655,18.8,True,188,0,299,197,853,22900,29000,1000,0.853,0.925739,0.789655,500,2026-09-03T19:12:49
tdma_packet_loss,1,30,0.15,5,2,0.05,4,0.548196,0.6,0.772241,38.2,True,382,0,117,73,834,22395,29000,1000,0.834,0.925949,0.772241,500,2026-09-03T19:12:47
tdma_packet_loss,1,30,0.15,5,2,0.05,5,0.668659,0.4,0.786828,50.0,False,500,0,0,50,851,22818,29000,1000,0.851,0.924592,0.786828,500,2026-09-03T19:12:50
tdma_packet_loss,1,30,0.15,5,2,0.05,6,0.606623,1.0,0.76631,50.0,False,500,0,0,93,826,22223,29000,1000,0.826,0.927736,0.76631,500,2026-09-03T19:12:47
tdma_packet_loss,1,30,0.15,5,2,0.05,7,0.606903,1.0,0.778207,50.0,False,500,0,0,223,842,22568,29000,1000,0.842,0.924236,0.778207,500,2026-09-03T19:12:50
tdma_packet_loss,1,30,0.15,5,2,0.05,8,0.592562,0.8,0.803483,50.0,False,500,0,0,95,866,23301,29000,1000,0.866,0.927809,0.803483,500,2026-09-03T19:12:48
tdma_packet_loss,1,30,0.15,5,2,0.05,9,0.577925,0.6,0.789931,50.0,False,500,0,0,150,855,22908,29000,1000,0.855,0.923896,0.789931,500,2026-09-03T19:12:50
tdma_packet_loss,1,30,0.15,5,2,0.05,10,0.561834,0.8,0.802724,10.6,True,106,0,393,135,867,23279,29000,1000,0.867,0.925864,0.802724,500,2026-09-03T19:12:48
tdma_packet_loss,1,30,0.15,5,2,0.05,11,0.607849,0.8,0.802069,50.0,False,500,0,0,65,866,23260,29000,1000,0.866,0.926177,0.802069,500,2026-09-03T19:12:51
tdma_packet_loss,1,30,0.15,5,2,0.05,12,0.579198,0.4,0.788621,50.0,False,500,0,0,20,852,22870,29000,1000,0.852,0.925611,0.788621,500,2026-09-03T19:12:48
tdma_packet_loss,1,30,0.15,5,2,0.05,13,0.501134,1.0,0.782414,50.0,False,500,0,0,118,846,22690,29000,1000,0.846,0.924839,0.782414,500,2026-09-03T19:12:51
tdma_packet_loss,1,30,0.15,5,2,0.05,14,0.552115,0.2,0.788724,50.0,False,500,0,0,46,854,22873,29000,1000,0.854,0.923565,0.788724,500,2026-09-03T19:12:48
tdma_packet_loss,1,30,0.15,5,2,0.05,15,0.606016,0.6,0.785276,50.0,False,500,0,0,49,849,22773,29000,1000,0.849,0.924942,0.785276,500,2026-09-03T19:12:51
tdma_packet_loss,1,30,0.15,5,2,0.05,16,0.568039,0.8,0.777897,50.0,False,500,0,0,51,840,22559,29000,1000,0.84,0.926067,0.777897,500,2026-09-03T19:12:48
tdma_packet_loss,1,30,0.15,5,2,0.05,17,0.586125,0.8,0.786552,50.0,False,500,0,0,56,849,22810,29000,1000,0.849,0.926445,0.786552,500,2026-09-03T19:12:51
tdma_packet_loss,1,30,0.15,5,2,0.05,18,0.609351,0.8,0.775621,50.0,False,500,0,0,33,839,22493,29000,1000,0.839,0.924459,0.775621,500,2026-09-03T19:12:51
tdma_packet_loss,1,30,0.15,5,2,0.05,19,0.615059,0.8,0.809276,50.0,False,500,0,0,133,875,23469,29000,1000,0.875,0.924887,0.809276,500,2026-09-03T19:12:55
tdma_packet_loss,1,30,0.15,5,2,0.05,20,0.601657,1.0,0.795207,50.0,False,500,0,0,83,860,23061,29000,1000,0.86,0.924659,0.795207,500,2026-09-03T19:12:54
tdma_packet_loss,1,30,0.15,5,2,0.05,21,0.563964,0.8,0.780655,50.0,False,500,0,0,92,845,22639,29000,1000,0.845,0.923852,0.780655,500,2026-09-03T19:12:57
tdma_packet_loss,1,30,0.15,5,2,0.05,22,0.667464,0.4,0.780414,50.0,False,500,0,0,115,844,22632,29000,1000,0.844,0.924661,0.780414,500,2026-09-03T19:12:54
tdma_packet_loss,1,30,0.15,5,2,0.05,23,0.55975,0.6,0.780034,50.0,False,500,0,0,33,844,22621,29000,1000,0.844,0.924211,0.780034,500,2026-09-03T19:12:57
tdma_packet_loss,1,30,0.15,5,2,0.05,24,0.650306,0.2,0.783483,49.6,True,496,0,2,38,848,22721,29000,1000,0.848,0.923918,0.783483,500,2026-09-03T19:12:54
tdma_packet_loss,1,30,0.15,5,2,0.05,25,0.630739,0.8,0.790724,50.0,False,500,0,0,131,855,22931,29000,1000,0.855,0.924824,0.790724,500,2026-09-03T19:12:57
tdma_packet_loss,1,30,0.15,5,2,0.05,26,0.568216,0.6,0.791138,50.0,False,500,0,0,41,856,22943,29000,1000,0.856,0.924227,0.791138,500,2026-09-03T19:12:54
tdma_packet_loss,1,30,0.15,5,2,0.05,27,0.565011,0.6,0.779793,50.0,False,500,0,0,229,844,22614,29000,1000,0.844,0.923925,0.779793,500,2026-09-03T19:12:57
tdma_packet_loss,1,30,0.15,5,2,0.05,28,0.502263,1.0,0.767724,40.7,True,407,0,91,48,832,22264,29000,1000,0.832,0.922745,0.767724,500,2026-09-03T19:12:55
tdma_packet_loss,1,30,0.15,5,2,0.05,29,0.546311,1.0,0.782414,41.2,True,412,0,83,66,843,22690,29000,1000,0.843,0.92813,0.782414,500,2026-09-03T19:12:58
tdma_packet_loss,1,30,0.3,5,2,0.05,0,0.463767,0.6,0.588103,50.0,False,500,0,0,500,693,17055,29000,1000,0.693,0.848634,0.588103,500,2026-09-03T19:12:54
tdma_packet_loss,1,30,0.3,5,2,0.05,1,0.431897,0.8,0.594586,50.0,False,500,0,0,500,699,17243,29000,1000,0.699,0.850624,0.594586,500,2026-09-03T19:12:57
tdma_packet_loss,1,30,0.3,5,2,0.05,2,0.482464,0.8,0.581724,50.0,False,500,0,0,500,684,16870,29000,1000,0.684,0.850474,0.581724,500,2026-09-03T19:12:55
tdma_packet_loss,1,30,0.3,5,2,0.05,3,0.460848,0.8,0.590172,50.0,False,500,0,0,500,693,17115,29000,1000,0.693,0.85162,0.590172,500,2026-09-03T19:12:58
tdma_packet_loss,1,30,0.3,5,2,0.05,4,0.420158,0.8,0.574034,50.0,False,500,0,0,278,675,16647,29000,1000,0.675,0.850421,0.574034,500,2026-09-03T19:12:58
tdma_packet_loss,1,30,0.3,5,2,0.05,5,0.489779,1.0,0.616655,50.0,False,500,0,0,500,725,17883,29000,1000,0.725,0.850559,0.616655,500,2026-09-03T19:13:01
tdma_packet_loss,1,30,0.3,5,2,0.05,6,0.446419,1.0,0.608,50.0,False,500,0,0,500,711,17632,29000,1000,0.711,0.855134,0.608,500,2026-09-03T19:13:00
tdma_packet_loss,1,30,0.3,5,2,0.05,7,0.410389,1.0,0.615069,50.0,False,500,0,0,68,727,17837,29000,1000,0.727,0.846037,0.615069,500,2026-09-03T19:13:02
tdma_packet_loss,1,30,0.3,5,2,0.05,8,0.491784,0.6,0.574759,50.0,False,500,0,0,500,674,16668,29000,1000,0.674,0.852758,0.574759,500,2026-09-03T19:13:00
tdma_packet_loss,1,30,0.3,5,2,0.05,9,0.486171,0.8,0.594793,50.0,False,500,0,0,500,697,17249,29000,1000,0.697,0.853362,0.594793,500,2026-09-03T19:13:02
tdma_packet_loss,1,30,0.3,5,2,0.05,10,0.412756,1.0,0.583862,50.0,False,500,0,0,500,686,16932,29000,1000,0.686,0.851111,0.583862,500,2026-09-03T19:13:00
tdma_packet_loss,1,30,0.3,5,2,0.05,11,0.448359,0.6,0.601069,50.0,False,500,0,0,500,704,17431,29000,1000,0.704,0.853791,0.601069,500,2026-09-03T19:13:03
tdma_packet_loss,1,30,0.3,5,2,0.05,12,0.556784,0.4,0.60969,48.1,True,481,0,18,290,716,17681,29000,1000,0.716,0.851522,0.60969,500,2026-09-03T19:13:00
tdma_packet_loss,1,30,0.3,5,2,0.05,13,0.531756,0.6,0.608414,50.0,False,500,0,0,500,716,17644,29000,1000,0.716,0.84974,0.608414,500,2026-09-03T19:13:03
tdma_packet_loss,1,30,0.3,5,2,0.05,14,0.448294,1.0,0.593103,50.0,False,500,0,0,365,700,17200,29000,1000,0.7,0.847291,0.593103,500,2026-09-03T19:13:00
tdma_packet_loss,1,30,0.3,5,2,0.05,15,0.608495,1.0,0.58969,50.0,False,500,0,0,354,695,17101,29000,1000,0.695,0.848474,0.58969,500,2026-09-03T19:13:03
tdma_packet_loss,1,30,0.3,5,2,0.05,16,0.509449,0.8,0.588483,50.0,False,500,0,0,500,689,17066,29000,1000,0.689,0.854111,0.588483,500,2026-09-03T19:13:00
tdma_packet_loss,1,30,0.3,5,2,0.05,17,0.517885,1.0,0.57369,50.0,False,500,0,0,406,673,16637,29000,1000,0.673,0.852436,0.57369,500,2026-09-03T19:13:03
tdma_packet_loss,1,30,0.3,5,2,0.05,18,0.48458,1.0,0.588621,50.0,False,500,0,0,180,694,17070,29000,1000,0.694,0.848157,0.588621,500,2026-09-03T19:13:00
tdma_packet_loss,1,30,0.3,5,2,0.05,19,0.461164,0.8,0.601034,50.0,False,500,0,0,448,704,17430,29000,1000,0.704,0.853742,0.601034,500,2026-09-03T19:13:03
tdma_packet_loss,1,30,0.3,5,2,0.05,20,0.51606,0.8,0.596207,50.0,False,500,0,0,500,699,17290,29000,1000,0.699,0.852943,0.596207,500,2026-09-03T19:13:03
tdma_packet_loss,1,30,0.3,5,2,0.05,21,0.402068,0.8,0.595276,50.0,False,500,0,0,442,702,17263,29000,1000,0.702,0.847971,0.595276,500,2026-09-03T19:13:07
tdma_packet_loss,1,30,0.3,5,2,0.05,22,0.398059,0.8,0.581379,50.0,False,500,0,0,500,683,16860,29000,1000,0.683,0.851214,0.581379,500,2026-09-03T19:13:05
tdma_packet_loss,1,30,0.3,5,2,0.05,23,0.390914,0.6,0.606276,50.0,False,500,0,0,500,712,17582,29000,1000,0.712,0.851511,0.606276,500,2026-09-03T19:13:08
tdma_packet_loss,1,30,0.3,5,2,0.05,24,0.481525,0.6,0.570103,50.0,False,500,0,0,500,671,16533,29000,1000,0.671,0.849633,0.570103,500,2026-09-03T19:13:05
tdma_packet_loss,1,30,0.3,5,2,0.05,25,0.510393,0.6,0.594586,50.0,False,500,0,0,500,701,17243,29000,1000,0.701,0.848197,0.594586,500,2026-09-03T19:13:08
tdma_packet_loss,1,30,0.3,5,2,0.05,26,0.489141,0.6,0.602414,50.0,False,500,0,0,500,710,17470,29000,1000,0.71,0.84847,0.602414,500,2026-09-03T19:13:06
tdma_packet_loss,1,30,0.3,5,2,0.05,27,0.573999,1.0,0.600828,50.0,False,500,0,0,454,709,17424,29000,1000,0.709,0.84743,0.600828,500,2026-09-03T19:13:09
tdma_packet_loss,1,30,0.3,5,2,0.05,28,0.448293,1.0,0.598414,50.0,False,500,0,0,500,705,17354,29000,1000,0.705,0.848814,0.598414,500,2026-09-03T19:13:06
tdma_packet_loss,1,30,0.3,5,2,0.05,29,0.608819,0.6,0.597207,50.0,False,500,0,0,500,699,17319,29000,1000,0.699,0.854373,0.597207,500,2026-09-03T19:13:09
tdma_packet_loss,1,50,0.0,5,2,0.05,0,0.53742,0.2,1.0,3.3,True,33,0,426,37,1000,49000,49000,1000,1.0,1.0,1.0,500,2026-09-03T19:13:09
tdma_packet_loss,1,50,0.0,5,2,0.05,1,0.550601,0.4,1.0,8.5,True,85,0,351,39,1000,49000,49000,1000,1.0,1.0,1.0,500,2026-09-03T19:13:15
tdma_packet_loss,1,50,0.0,5,2,0.05,2,0.636033,0.2,1.0,6.5,True,65,0,378,38,1000,49000,49000,1000,1.0,1.0,1.0,500,2026-09-03T19:13:09
tdma_packet_loss,1,50,0.0,5,2,0.05,3,0.610322,0.2,1.0,4.4,True,44,0,420,135,1000,49000,49000,1000,1.0,1.0,1.0,500,2026-09-03T19:13:15
tdma_packet_loss,1,50,0.0,5,2,0.05,4,0.63459,0.0,1.0,5.6,True,56,0,381,35,1000,49000,49000,1000,1.0,1.0,1.0,500,2026-09-03T19:13:09
tdma_packet_loss,1,50,0.0,5,2,0.05,5,0.610663,0.0,1.0,4.9,True,49,0,350,42,1000,49000,49000,1000,1.0,1.0,1.0,500,2026-09-03T19:13:15
tdma_packet_loss,1,50,0.0,5,2,0.05,6,0.60391,0.4,1.0,6.9,True,69,0,356,34,1000,49000,49000,1000,1.0,1.0,1.0,500,2026-09-03T19:13:12
tdma_packet_loss,1,50,0.0,5,2,0.05,7,0.570524,0.4,1.0,4.5,True,45,0,397,500,1000,49000,49000,1000,1.0,1.0,1.0,500,2026-09-03T19:13:19
tdma_packet_loss,1,50,0.0,5,2,0.05,8,0.566971,0.2,1.0,3.7,True,37,0,415,84,1000,49000,49000,1000,1.0,1.0,1.0,500,2026-09-03T19:13:14
tdma_packet_loss,1,50,0.0,5,2,0.05,9,0.530302,0.2,1.0,5.4,True,54,0,392,33,1000,49000,49000,1000,1.0,1.0,1.0,500,2026-09-03T19:13:20
tdma_packet_loss,1,50,0.0,5,2,0.05,10,0.574637,0.2,1.0,6.3,True,63,0,341,35,1000,49000,49000,1000,1.0,1.0,1.0,500,2026-09-03T19:13:14
tdma_packet_loss,1,50,0.0,5,2,0.05,11,0.58428,0.4,1.0,5.6,True,56,0,372,30,1000,49000,49000,1000,1.0,1.0,1.0,500,2026-09-03T19:13:20
tdma_packet_loss,1,50,0.0,5,2,0.05,12,0.574573,0.2,1.0,4.7,True,47,0,376,53,1000,49000,49000,1000,1.0,1.0,1.0,500,2026-09-03T19:13:14
tdma_packet_loss,1,50,0.0,5,2,0.05,13,0.636161,0.2,1.0,5.4,True,54,0,376,58,1000,49000,49000,1000,1.0,1.0,1.0,500,2026-09-03T19:13:20
tdma_packet_loss,1,50,0.0,5,2,0.05,14,0.608051,0.2,1.0,5.1,True,51,0,315,30,1000,49000,49000,1000,1.0,1.0,1.0,500,2026-09-03T19:13:14
tdma_packet_loss,1,50,0.0,5,2,0.05,15,0.65524,0.2,1.0,3.5,True,35,0,387,226,1000,49000,49000,1000,1.0,1.0,1.0,500,2026-09-03T19:13:20
tdma_packet_loss,1,50,0.0,5,2,0.05,16,0.589463,0.4,1.0,10.8,True,108,0,320,28,1000,49000,49000,1000,1.0,1.0,1.0,500,2026-09-03T19:13:21
tdma_packet_loss,1,50,0.0,5,2,0.05,17,0.604682,0.2,1.0,5.1,True,51,0,372,35,1000,49000,49000,1000,1.0,1.0,1.0,500,2026-09-03T19:13:27
tdma_packet_loss,1,50,0.0,5,2,0.05,18,0.563848,0.2,1.0,4.6,True,46,0,389,25,1000,49000,49000,1000,1.0,1.0,1.0,500,2026-09-03T19:13:21
tdma_packet_loss,1,50,0.0,5,2,0.05,19,0.556303,0.2,1.0,4.3,True,43,0,399,197,1000,49000,49000,1000,1.0,1.0,1.0,500,2026-09-03T19:13:27
tdma_packet_loss,1,50,0.0,5,2,0.05,20,0.606012,0.2,1.0,4.7,True,47,0,374,101,1000,49000,49000,1000,1.0,1.0,1.0,500,2026-09-03T19:13:21
tdma_packet_loss,1,50,0.0,5,2,0.05,21,0.541074,0.2,1.0,5.1,True,51,0,354,52,1000,49000,49000,1000,1.0,1.0,1.0,500,2026-09-03T19:13:27
tdma_packet_loss,1,50,0.0,5,2,0.05,22,0.601727,0.4,1.0,5.5,True,55,0,386,32,1000,49000,49000,1000,1.0,1.0,1.0,500,2026-09-03T19:13:25
tdma_packet_loss,1,50,0.0,5,2,0.05,23,0.592511,0.2,1.0,10.2,True,102,0,359,48,1000,49000,49000,1000,1.0,1.0,1.0,500,2026-09-03T19:13:30
tdma_packet_loss,1,50,0.0,5,2,0.05,24,0.572371,0.2,1.0,8.6,True,86,0,327,57,1000,49000,49000,1000,1.0,1.0,1.0,500,2026-09-03T19:13:26
tdma_packet_loss,1,50,0.0,5,2,0.05,25,0.592099,0.4,1.0,4.1,True,41,0,393,31,1000,49000,49000,1000,1.0,1.0,1.0,500,2026-09-03T19:13:32
tdma_packet_loss,1,50,0.0,5,2,0.05,26,0.597274,0.0,1.0,3.2,True,32,0,399,198,1000,49000,49000,1000,1.0,1.0,1.0,500,2026-09-03T19:13:26
tdma_packet_loss,1,50,0.0,5,2,0.05,27,0.576989,0.2,1.0,3.8,True,38,0,392,42,1000,49000,49000,1000,1.0,1.0,1.0,500,2026-09-03T19:13:32
tdma_packet_loss,1,50,0.0,5,2,0.05,28,0.571701,0.2,1.0,6.7,True,67,0,384,54,1000,49000,49000,1000,1.0,1.0,1.0,500,2026-09-03T19:13:26
tdma_packet_loss,1,50,0.0,5,2,0.05,29,0.610447,0.0,1.0,5.3,True,53,0,303,19,1000,49000,49000,1000,1.0,1.0,1.0,500,2026-09-03T19:13:32
tdma_packet_loss,1,50,0.05,5,2,0.05,0,0.558814,0.8,0.923796,50.0,False,500,0,0,50,947,45266,49000,1000,0.947,0.975497,0.923796,500,2026-09-03T19:13:26
tdma_packet_loss,1,50,0.05,5,2,0.05,1,0.496271,0.6,0.936673,50.0,False,500,0,0,38,960,45897,49000,1000,0.96,0.975702,0.936673,500,2026-09-03T19:13:33
tdma_packet_loss,1,50,0.05,5,2,0.05,2,0.568225,0.4,0.920796,50.0,False,500,0,0,44,945,45119,49000,1000,0.945,0.974387,0.920796,500,2026-09-03T19:13:33
tdma_packet_loss,1,50,0.05,5,2,0.05,3,0.550672,0.4,0.919082,50.0,False,500,0,0,48,941,45035,49000,1000,0.941,0.976707,0.919082,500,2026-09-03T19:13:39
tdma_packet_loss,1,50,0.05,5,2,0.05,4,0.626418,0.6,0.936612,35.6,True,356,0,135,38,959,45894,49000,1000,0.959,0.976655,0.936612,500,2026-09-03T19:13:33
tdma_packet_loss,1,50,0.05,5,2,0.05,5,0.599082,0.6,0.921898,21.1,True,211,0,287,39,945,45173,49000,1000,0.945,0.975553,0.921898,500,2026-09-03T19:13:39
tdma_packet_loss,1,50,0.05,5,2,0.05,6,0.57212,0.8,0.932184,50.0,False,500,0,0,209,956,45677,49000,1000,0.956,0.975088,0.932184,500,2026-09-03T19:13:33
tdma_packet_loss,1,50,0.05,5,2,0.05,7,0.472721,0.2,0.913653,50.0,False,500,0,0,72,938,44769,49000,1000,0.938,0.974044,0.913653,500,2026-09-03T19:13:39
tdma_packet_loss,1,50,0.05,5,2,0.05,8,0.558354,0.8,0.928612,50.0,False,500,0,0,102,952,45502,49000,1000,0.952,0.975433,0.928612,500,2026-09-03T19:13:37
tdma_packet_loss,1,50,0.05,5,2,0.05,9,0.55058,0.6,0.923694,50.0,False,500,0,0,143,947,45261,49000,1000,0.947,0.97539,0.923694,500,2026-09-03T19:13:43
tdma_packet_loss,1,50,0.05,5,2,0.05,10,0.466398,0.4,0.932429,50.0,False,500,0,0,128,956,45689,49000,1000,0.956,0.975344,0.932429,500,2026-09-03T19:13:38
tdma_packet_loss,1,50,0.05,5,2,0.05,11,0.572937,0.8,0.913,50.0,False,500,0,0,60,936,44737,49000,1000,0.936,0.975427,0.913,500,2026-09-03T19:13:44
tdma_packet_loss,1,50,0.05,5,2,0.05,12,0.564359,0.4,0.921918,50.0,False,500,0,0,90,946,45174,49000,1000,0.946,0.974544,0.921918,500,2026-09-03T19:13:38
tdma_packet_loss,1,50,0.05,5,2,0.05,13,0.544583,1.0,0.920755,50.0,False,500,0,0,153,944,45117,49000,1000,0.944,0.975376,0.920755,500,2026-09-03T19:13:44
tdma_packet_loss,1,50,0.05,5,2,0.05,14,0.487362,0.6,0.919918,50.0,False,500,0,0,103,943,45076,49000,1000,0.943,0.975523,0.919918,500,2026-09-03T19:13:39
tdma_packet_loss,1,50,0.05,5,2,0.05,15,0.544201,0.8,0.929939,50.0,False,500,0,0,111,953,45567,49000,1000,0.953,0.975801,0.929939,500,2026-09-03T19:13:45
tdma_packet_loss,1,50,0.05,5,2,0.05,16,0.559328,0.6,0.935061,50.0,False,500,0,0,15,959,45818,49000,1000,0.959,0.975038,0.935061,500,2026-09-03T19:13:39
tdma_packet_loss,1,50,0.05,5,2,0.05,17,0.546953,0.2,0.922939,50.0,False,500,0,0,31,946,45224,49000,1000,0.946,0.975622,0.922939,500,2026-09-03T19:13:45
tdma_packet_loss,1,50,0.05,5,2,0.05,18,0.541612,0.8,0.928755,50.0,False,500,0,0,24,954,45509,49000,1000,0.954,0.973538,0.928755,500,2026-09-03T19:13:45
tdma_packet_loss,1,50,0.05,5,2,0.05,19,0.540252,0.8,0.93351,50.0,False,500,0,0,180,957,45742,49000,1000,0.957,0.975455,0.93351,500,2026-09-03T19:13:51
tdma_packet_loss,1,50,0.05,5,2,0.05,20,0.554415,0.8,0.936327,50.0,False,500,0,0,70,960,45880,49000,1000,0.96,0.97534,0.936327,500,2026-09-03T19:13:46
tdma_packet_loss,1,50,0.05,5,2,0.05,21,0.521288,0.8,0.928898,50.0,False,500,0,0,137,953,45516,49000,1000,0.953,0.974709,0.928898,500,2026-09-03T19:13:52
tdma_packet_loss,1,50,0.05,5,2,0.05,22,0.553259,0.4,0.930286,50.0,False,500,0,0,54,954,45584,49000,1000,0.954,0.975142,0.930286,500,2026-09-03T19:13:46
tdma_packet_loss,1,50,0.05,5,2,0.05,23,0.527497,0.6,0.922531,50.0,False,500,0,0,50,946,45204,49000,1000,0.946,0.975191,0.922531,500,2026-09-03T19:13:52
tdma_packet_loss,1,50,0.05,5,2,0.05,24,0.576232,0.8,0.918571,21.8,True,218,0,278,138,942,45010,49000,1000,0.942,0.975129,0.918571,500,2026-09-03T19:13:49
tdma_packet_loss,1,50,0.05,5,2,0.05,25,0.568735,0.8,0.925327,50.0,False,500,0,0,33,949,45341,49000,1000,0.949,0.975054,0.925327,500,2026-09-03T19:13:55
tdma_packet_loss,1,50,0.05,5,2,0.05,26,0.546533,0.6,0.926755,50.0,False,500,0,0,323,951,45411,49000,1000,0.951,0.974506,0.926755,500,2026-09-03T19:13:50
tdma_packet_loss,1,50,0.05,5,2,0.05,27,0.571193,0.4,0.927735,50.0,False,500,0,0,18,952,45459,49000,1000,0.952,0.974511,0.927735,500,2026-09-03T19:13:56
tdma_packet_loss,1,50,0.05,5,2,0.05,28,0.516435,0.8,0.937265,50.0,False,500,0,0,47,962,45926,49000,1000,0.962,0.974288,0.937265,500,2026-09-03T19:13:50
tdma_packet_loss,1,50,0.05,5,2,0.05,29,0.605758,1.0,0.930959,10.2,True,102,0,396,19,955,45617,49000,1000,0.955,0.974826,0.930959,500,2026-09-03T19:13:56
tdma_packet_loss,1,50,0.15,5,2,0.05,0,0.49209,1.0,0.802265,50.0,False,500,0,0,148,867,39311,49000,1000,0.867,0.925335,0.802265,500,2026-09-03T19:13:51
tdma_packet_loss,1,50,0.15,5,2,0.05,1,0.487923,1.0,0.773939,50.0,False,500,0,0,145,834,37923,49000,1000,0.834,0.927984,0.773939,500,2026-09-03T19:13:57
tdma_packet_loss,1,50,0.15,5,2,0.05,2,0.538856,1.0,0.804082,50.0,False,500,0,0,500,869,39400,49000,1000,0.869,0.925295,0.804082,500,2026-09-03T19:13:51
tdma_packet_loss,1,50,0.15,5,2,0.05,3,0.449165,1.0,0.793265,50.0,False,500,0,0,411,857,38870,49000,1000,0.857,0.92563,0.793265,500,2026-09-03T19:13:57
tdma_packet_loss,1,50,0.15,5,2,0.05,4,0.53917,1.0,0.778918,50.0,False,500,0,0,49,842,38167,49000,1000,0.842,0.925081,0.778918,500,2026-09-03T19:13:57
tdma_packet_loss,1,50,0.15,5,2,0.05,5,0.487009,0.8,0.780592,50.0,False,500,0,0,78,844,38249,49000,1000,0.844,0.924872,0.780592,500,2026-09-03T19:14:03
tdma_packet_loss,1,50,0.15,5,2,0.05,6,0.448833,1.0,0.78898,50.0,False,500,0,0,406,852,38660,49000,1000,0.852,0.926032,0.78898,500,2026-09-03T19:13:58
tdma_packet_loss,1,50,0.15,5,2,0.05,7,0.440211,1.0,0.801939,50.0,False,500,0,0,62,868,39295,49000,1000,0.868,0.923893,0.801939,500,2026-09-03T19:14:04
tdma_packet_loss,1,50,0.15,5,2,0.05,8,0.420318,1.0,0.789755,50.0,False,500,0,0,500,853,38698,49000,1000,0.853,0.925856,0.789755,500,2026-09-03T19:13:58
tdma_packet_loss,1,50,0.15,5,2,0.05,9,0.507426,1.0,0.783449,50.0,False,500,0,0,500,847,38389,49000,1000,0.847,0.924969,0.783449,500,2026-09-03T19:14:04
tdma_packet_loss,1,50,0.15,5,2,0.05,10,0.400569,1.0,0.799714,50.0,False,500,0,0,397,864,39186,49000,1000,0.864,0.925595,0.799714,500,2026-09-03T19:14:01
tdma_packet_loss,1,50,0.15,5,2,0.05,11,0.477544,1.0,0.781204,50.0,False,500,0,0,113,843,38279,49000,1000,0.843,0.926695,0.781204,500,2026-09-03T19:14:07
tdma_packet_loss,1,50,0.15,5,2,0.05,12,0.443077,1.0,0.771082,50.0,False,500,0,0,48,834,37783,49000,1000,0.834,0.924558,0.771082,500,2026-09-03T19:14:02
tdma_packet_loss,1,50,0.15,5,2,0.05,13,0.512792,1.0,0.796184,50.0,False,500,0,0,313,860,39013,49000,1000,0.86,0.925795,0.796184,500,2026-09-03T19:14:08
tdma_packet_loss,1,50,0.15,5,2,0.05,14,0.468076,1.0,0.793347,50.0,False,500,0,0,113,858,38874,49000,1000,0.858,0.924647,0.793347,500,2026-09-03T19:14:02
tdma_packet_loss,1,50,0.15,5,2,0.05,15,0.541964,1.0,0.793551,50.0,False,500,0,0,93,857,38884,49000,1000,0.857,0.925964,0.793551,500,2026-09-03T19:14:08
tdma_packet_loss,1,50,0.15,5,2,0.05,16,0.543762,1.0,0.788796,50.0,False,500,0,0,131,852,38651,49000,1000,0.852,0.925817,0.788796,500,2026-09-03T19:14:03
tdma_packet_loss,1,50,0.15,5,2,0.05,17,0.546619,1.0,0.774673,50.0,False,500,0,0,76,836,37959,49000,1000,0.836,0.926643,0.774673,500,2026-09-03T19:14:09
tdma_packet_loss,1,50,0.15,5,2,0.05,18,0.474665,1.0,0.776429,50.0,False,500,0,0,283,841,38045,49000,1000,0.841,0.923221,0.776429,500,2026-09-03T19:14:04
tdma_packet_loss,1,50,0.15,5,2,0.05,19,0.508251,1.0,0.794286,50.0,False,500,0,0,417,858,38920,49000,1000,0.858,0.925741,0.794286,500,2026-09-03T19:14:09
tdma_packet_loss,1,50,0.15,5,2,0.05,20,0.536859,1.0,0.781082,50.0,False,500,0,0,25,844,38273,49000,1000,0.844,0.925452,0.781082,500,2026-09-03T19:14:09
tdma_packet_loss,1,50,0.15,5,2,0.05,21,0.552866,0.8,0.778939,50.0,False,500,0,0,212,843,38168,49000,1000,0.843,0.924008,0.778939,500,2026-09-03T19:14:15
tdma_packet_loss,1,50,0.15,5,2,0.05,22,0.494771,1.0,0.792306,50.0,False,500,0,0,299,857,38823,49000,1000,0.857,0.924511,0.792306,500,2026-09-03T19:14:10
tdma_packet_loss,1,50,0.15,5,2,0.05,23,0.532032,1.0,0.810286,50.0,False,500,0,0,52,877,39704,49000,1000,0.877,0.923929,0.810286,500,2026-09-03T19:14:16
tdma_packet_loss,1,50,0.15,5,2,0.05,24,0.491208,1.0,0.818408,50.0,False,500,0,0,94,885,40102,49000,1000,0.885,0.924755,0.818408,500,2026-09-03T19:14:10
tdma_packet_loss,1,50,0.15,5,2,0.05,25,0.520337,1.0,0.811367,50.0,False,500,0,0,67,877,39757,49000,1000,0.877,0.925162,0.811367,500,2026-09-03T19:14:16
tdma_packet_loss,1,50,0.15,5,2,0.05,26,0.516415,1.0,0.791857,50.0,False,500,0,0,86,857,38801,49000,1000,0.857,0.923987,0.791857,500,2026-09-03T19:14:13
tdma_packet_loss,1,50,0.15,5,2,0.05,27,0.519657,1.0,0.774,50.0,False,500,0,0,491,837,37926,49000,1000,0.837,0.924731,0.774,500,2026-09-03T19:14:19
tdma_packet_loss,1,50,0.15,5,2,0.05,28,0.434997,1.0,0.768408,50.0,False,500,0,0,256,832,37652,49000,1000,0.832,0.923568,0.768408,500,2026-09-03T19:14:14
tdma_packet_loss,1,50,0.15,5,2,0.05,29,0.474807,0.8,0.781796,50.0,False,500,0,0,225,844,38308,49000,1000,0.844,0.926298,0.781796,500,2026-09-03T19:14:20
tdma_packet_loss,1,50,0.3,5,2,0.05,0,0.408527,1.0,0.608449,50.0,False,500,0,0,500,716,29814,49000,1000,0.716,0.849789,0.608449,500,2026-09-03T19:14:14
tdma_packet_loss,1,50,0.3,5,2,0.05,1,0.412663,1.0,0.57951,50.0,False,500,0,0,500,680,28396,49000,1000,0.68,0.852221,0.57951,500,2026-09-03T19:14:20
tdma_packet_loss,1,50,0.3,5,2,0.05,2,0.421771,1.0,0.597633,50.0,False,500,0,0,500,702,29284,49000,1000,0.702,0.851329,0.597633,500,2026-09-03T19:14:14
tdma_packet_loss,1,50,0.3,5,2,0.05,3,0.361452,1.0,0.576776,50.0,False,500,0,0,500,676,28262,49000,1000,0.676,0.853218,0.576776,500,2026-09-03T19:14:20
tdma_packet_loss,1,50,0.3,5,2,0.05,4,0.47984,1.0,0.560673,50.0,False,500,0,0,500,661,27473,49000,1000,0.661,0.84822,0.560673,500,2026-09-03T19:14:15
tdma_packet_loss,1,50,0.3,5,2,0.05,5,0.349774,1.0,0.597837,50.0,False,500,0,0,500,703,29294,49000,1000,0.703,0.850408,0.597837,500,2026-09-03T19:14:20
tdma_packet_loss,1,50,0.3,5,2,0.05,6,0.442265,0.8,0.611959,50.0,False,500,0,0,500,717,29986,49000,1000,0.717,0.8535,0.611959,500,2026-09-03T19:14:20
tdma_packet_loss,1,50,0.3,5,2,0.05,7,0.477872,1.0,0.584327,50.0,False,500,0,0,500,689,28632,49000,1000,0.689,0.848079,0.584327,500,2026-09-03T19:14:25
tdma_packet_loss,1,50,0.3,5,2,0.05,8,0.420564,1.0,0.585592,50.0,False,500,0,0,500,686,28694,49000,1000,0.686,0.853632,0.585592,500,2026-09-03T19:14:21
tdma_packet_loss,1,50,0.3,5,2,0.05,9,0.442654,1.0,0.590429,50.0,False,500,0,0,500,693,28931,49000,1000,0.693,0.851989,0.590429,500,2026-09-03T19:14:26
tdma_packet_loss,1,50,0.3,5,2,0.05,10,0.370481,0.8,0.594816,50.0,False,500,0,0,500,700,29146,49000,1000,0.7,0.849738,0.594816,500,2026-09-03T19:14:21
tdma_packet_loss,1,50,0.3,5,2,0.05,11,0.415193,1.0,0.587469,50.0,False,500,0,0,500,690,28786,49000,1000,0.69,0.851405,0.587469,500,2026-09-03T19:14:27
tdma_packet_loss,1,50,0.3,5,2,0.05,12,0.410208,0.8,0.609347,50.0,False,500,0,0,500,718,29858,49000,1000,0.718,0.848673,0.609347,500,2026-09-03T19:14:24
tdma_packet_loss,1,50,0.3,5,2,0.05,13,0.412348,1.0,0.599551,50.0,False,500,0,0,500,704,29378,49000,1000,0.704,0.851635,0.599551,500,2026-09-03T19:14:29
tdma_packet_loss,1,50,0.3,5,2,0.05,14,0.401868,0.8,0.583571,50.0,False,500,0,0,500,688,28595,49000,1000,0.688,0.848214,0.583571,500,2026-09-03T19:14:25
tdma_packet_loss,1,50,0.3,5,2,0.05,15,0.477608,0.8,0.598265,50.0,False,500,0,0,500,704,29315,49000,1000,0.704,0.849809,0.598265,500,2026-09-03T19:14:30
tdma_packet_loss,1,50,0.3,5,2,0.05,16,0.405555,1.0,0.598694,50.0,False,500,0,0,500,703,29336,49000,1000,0.703,0.851627,0.598694,500,2026-09-03T19:14:25
tdma_packet_loss,1,50,0.3,5,2,0.05,17,0.437908,0.8,0.598306,50.0,False,500,0,0,500,702,29317,49000,1000,0.702,0.852288,0.598306,500,2026-09-03T19:14:30
tdma_packet_loss,1,50,0.3,5,2,0.05,18,0.432311,1.0,0.584571,50.0,False,500,0,0,500,689,28644,49000,1000,0.689,0.848435,0.584571,500,2026-09-03T19:14:25
tdma_packet_loss,1,50,0.3,5,2,0.05,19,0.447725,1.0,0.607367,50.0,False,500,0,0,275,712,29761,49000,1000,0.712,0.853044,0.607367,500,2026-09-03T19:14:30
tdma_packet_loss,1,50,0.3,5,2,0.05,20,0.44963,1.0,0.596531,50.0,False,500,0,0,500,699,29230,49000,1000,0.699,0.853406,0.596531,500,2026-09-03T19:14:25
tdma_packet_loss,1,50,0.3,5,2,0.05,21,0.46407,1.0,0.578633,50.0,False,500,0,0,500,681,28353,49000,1000,0.681,0.849681,0.578633,500,2026-09-03T19:14:30
tdma_packet_loss,1,50,0.3,5,2,0.05,22,0.45788,1.0,0.612429,50.0,False,500,0,0,500,720,30009,49000,1000,0.72,0.850595,0.612429,500,2026-09-03T19:14:30
tdma_packet_loss,1,50,0.3,5,2,0.05,23,0.407558,0.8,0.590776,50.0,False,500,0,0,500,694,28948,49000,1000,0.694,0.851262,0.590776,500,2026-09-03T19:14:34
tdma_packet_loss,1,50,0.3,5,2,0.05,24,0.497168,1.0,0.612898,50.0,False,500,0,0,500,721,30032,49000,1000,0.721,0.850067,0.612898,500,2026-09-03T19:14:31
tdma_packet_loss,1,50,0.3,5,2,0.05,25,0.459428,1.0,0.604429,50.0,False,500,0,0,500,711,29617,49000,1000,0.711,0.850111,0.604429,500,2026-09-03T19:14:35
tdma_packet_loss,1,50,0.3,5,2,0.05,26,0.421937,1.0,0.607633,50.0,False,500,0,0,500,717,29774,49000,1000,0.717,0.847465,0.607633,500,2026-09-03T19:14:31
tdma_packet_loss,1,50,0.3,5,2,0.05,27,0.46517,1.0,0.590673,50.0,False,500,0,0,500,696,28943,49000,1000,0.696,0.848669,0.590673,500,2026-09-03T19:14:35
tdma_packet_loss,1,50,0.3,5,2,0.05,28,0.391725,1.0,0.586673,50.0,False,500,0,0,500,692,28747,49000,1000,0.692,0.847794,0.586673,500,2026-09-03T19:14:33
tdma_packet_loss,1,50,0.3,5,2,0.05,29,0.40372,1.0,0.603122,50.0,False,500,0,0,500,708,29553,49000,1000,0.708,0.851868,0.603122,500,2026-09-03T19:14:37
