baseline,use_tdma,swarm_size,packet_loss,num_objectives,num_threats,slot_duration,trial,sci,ce,pdr,mtc,converged,frames_to_consensus,consensus_verified,consensus_regressions,frames_to_stability,packets_sent,packets_received,packets_offered,tx_opportunities,p_tx_success,p_rx_given_tx,p_e2e,total_frames,timestamp
tdma_packet_loss,1,10,0.0,3,0,0.025,0,0.610962,1.0,1.0,2.1,True,21,1,0,10,164,1476,1476,164,1.0,1.0,1.0,41,2026-09-03T19:11:24
tdma_packet_loss,1,10,0.0,3,0,0.025,1,0.549222,1.0,1.0,0.5,True,5,1,9,19,168,1512,1512,168,1.0,1.0,1.0,42,2026-09-03T19:11:24
tdma_packet_loss,1,10,0.0,3,0,0.025,2,0.569116,1.0,1.0,2.7,True,27,1,0,8,188,1692,1692,188,1.0,1.0,1.0,47,2026-09-03T19:11:24
tdma_packet_loss,1,10,0.0,3,0,0.025,3,0.47308,0.666667,1.0,1.1,True,11,1,4,22,152,1368,1368,152,1.0,1.0,1.0,38,2026-09-03T19:11:24
tdma_packet_loss,1,10,0.0,3,0,0.025,4,0.528562,0.666667,1.0,0.2,True,2,1,7,7,124,1116,1116,124,1.0,1.0,1.0,31,2026-09-03T19:11:24
tdma_packet_loss,1,10,0.0,3,0,0.025,5,0.661333,0.666667,1.0,0.9,True,9,1,5,12,228,2052,2052,228,1.0,1.0,1.0,57,2026-09-03T19:11:24
tdma_packet_loss,1,10,0.0,3,0,0.025,6,0.554173,1.0,1.0,1.6,True,16,1,4,20,256,2304,2304,256,1.0,1.0,1.0,64,2026-09-03T19:11:25
tdma_packet_loss,1,10,0.0,3,0,0.025,7,0.587942,1.0,1.0,0.5,True,5,1,6,10,128,1152,1152,128,1.0,1.0,1.0,32,2026-09-03T19:11:25
tdma_packet_loss,1,10,0.0,3,0,0.025,8,0.522525,1.0,1.0,0.6,True,6,1,8,9,272,2448,2448,272,1.0,1.0,1.0,68,2026-09-03T19:11:25
tdma_packet_loss,1,10,0.0,3,0,0.025,9,0.584209,0.666667,1.0,0.6,True,6,1,3,9,140,1260,1260,140,1.0,1.0,1.0,35,2026-09-03T19:11:25
tdma_packet_loss,1,10,0.0,3,0,0.025,10,0.580964,1.0,1.0,0.4,True,4,1,1,9,104,936,936,104,1.0,1.0,1.0,26,2026-09-03T19:11:25
tdma_packet_loss,1,10,0.0,3,0,0.025,11,0.519566,1.0,1.0,0.5,True,5,1,0,6,100,900,900,100,1.0,1.0,1.0,25,2026-09-03T19:11:25
tdma_packet_loss,1,10,0.0,3,0,0.025,12,0.695358,0.333333,1.0,0.7,True,7,1,2,11,180,1620,1620,180,1.0,1.0,1.0,45,2026-09-03T19:11:25
tdma_packet_loss,1,10,0.0,3,0,0.025,13,0.592846,1.0,1.0,0.2,True,2,1,0,6,88,792,792,88,1.0,1.0,1.0,22,2026-09-03T19:11:25
tdma_packet_loss,1,10,0.0,3,0,0.025,14,0.681736,1.0,1.0,1.2,True,12,1,3,9,276,2484,2484,276,1.0,1.0,1.0,69,2026-09-03T19:11:26
tdma_packet_loss,1,10,0.0,3,0,0.05,0,0.64208,1.0,1.0,2.8,True,28,1,0,11,96,864,864,96,1.0,1.0,1.0,48,2026-09-03T19:11:26
tdma_packet_loss,1,10,0.0,3,0,0.05,1,0.447111,1.0,1.0,0.5,True,5,1,7,18,68,612,612,68,1.0,1.0,1.0,34,2026-09-03T19:11:26
tdma_packet_loss,1,10,0.0,3,0,0.05,2,0.550905,0.666667,1.0,3.1,True,31,1,0,35,102,918,918,102,1.0,1.0,1.0,51,2026-09-03T19:11:26
tdma_packet_loss,1,10,0.0,3,0,0.05,3,0.492814,0.666667,1.0,1.6,True,16,1,2,25,82,738,738,82,1.0,1.0,1.0,41,2026-09-03T19:11:26
tdma_packet_loss,1,10,0.0,3,0,0.05,4,0.465227,0.666667,1.0,0.5,True,5,1,0,9,50,450,450,50,1.0,1.0,1.0,25,2026-09-03T19:11:26
tdma_packet_loss,1,10,0.0,3,0,0.05,5,0.588541,1.0,1.0,0.9,True,9,1,9,20,110,990,990,110,1.0,1.0,1.0,55,2026-09-03T19:11:26
tdma_packet_loss,1,10,0.0,3,0,0.05,6,0.421068,0.666667,1.0,2.0,True,20,1,0,24,80,720,720,80,1.0,1.0,1.0,40,2026-09-03T19:11:26
tdma_packet_loss,1,10,0.0,3,0,0.05,7,0.614939,0.666667,1.0,1.4,True,14,1,6,13,86,774,774,86,1.0,1.0,1.0,43,2026-09-03T19:11:26
tdma_packet_loss,1,10,0.0,3,0,0.05,8,0.503622,0.666667,1.0,1.0,True,10,1,10,9,82,738,738,82,1.0,1.0,1.0,41,2026-09-03T19:11:26
tdma_packet_loss,1,10,0.0,3,0,0.05,9,0.660807,0.666667,1.0,1.0,True,10,1,9,24,120,1080,1080,120,1.0,1.0,1.0,60,2026-09-03T19:11:28
tdma_packet_loss,1,10,0.0,3,0,0.05,10,0.551633,1.0,1.0,1.5,True,15,1,0,11,70,630,630,70,1.0,1.0,1.0,35,2026-09-03T19:11:28
tdma_packet_loss,1,10,0.0,3,0,0.05,11,0.537157,1.0,1.0,0.9,True,9,1,0,11,58,522,522,58,1.0,1.0,1.0,29,2026-09-03T19:11:28
tdma_packet_loss,1,10,0.0,3,0,0.05,12,0.572637,0.666667,1.0,0.9,True,9,1,4,13,96,864,864,96,1.0,1.0,1.0,48,2026-09-03T19:11:28
tdma_packet_loss,1,10,0.0,3,0,0.05,13,0.689871,1.0,1.0,1.2,True,12,1,4,11,108,972,972,108,1.0,1.0,1.0,54,2026-09-03T19:11:28
tdma_packet_loss,1,10,0.0,3,0,0.05,14,0.554783,1.0,1.0,0.9,True,9,1,4,18,68,612,612,68,1.0,1.0,1.0,34,2026-09-03T19:11:28
tdma_packet_loss,1,10,0.0,3,0,0.1,0,0.627314,0.666667,1.0,2.6,True,26,1,0,14,46,414,414,46,1.0,1.0,1.0,46,2026-09-03T19:11:28
tdma_packet_loss,1,10,0.0,3,0,0.1,1,0.630001,0.666667,1.0,2.7,True,27,1,2,31,56,504,504,56,1.0,1.0,1.0,56,2026-09-03T19:11:28
tdma_packet_loss,1,10,0.0,3,0,0.1,2,0.526571,0.666667,1.0,2.9,True,29,1,0,33,49,441,441,49,1.0,1.0,1.0,49,2026-09-03T19:11:28
tdma_packet_loss,1,10,0.0,3,0,0.1,3,0.525249,0.666667,1.0,2.3,True,23,1,0,18,43,387,387,43,1.0,1.0,1.0,43,2026-09-03T19:11:28
tdma_packet_loss,1,10,0.0,3,0,0.1,4,0.491752,0.666667,1.0,1.0,True,10,1,0,14,30,270,270,30,1.0,1.0,1.0,30,2026-09-03T19:11:28
tdma_packet_loss,1,10,0.0,3,0,0.1,5,0.554997,0.666667,1.0,1.6,True,16,1,3,21,46,414,414,46,1.0,1.0,1.0,46,2026-09-03T19:11:28
tdma_packet_loss,1,10,0.0,3,0,0.1,6,0.582694,1.0,1.0,3.3,True,33,1,8,27,65,585,585,65,1.0,1.0,1.0,65,2026-09-03T19:11:30
tdma_packet_loss,1,10,0.0,3,0,0.1,7,0.649908,1.0,1.0,2.7,True,27,1,0,22,47,423,423,47,1.0,1.0,1.0,47,2026-09-03T19:11:30
tdma_packet_loss,1,10,0.0,3,0,0.1,8,0.625946,1.0,1.0,3.0,True,30,1,0,25,50,450,450,50,1.0,1.0,1.0,50,2026-09-03T19:11:30
tdma_packet_loss,1,10,0.0,3,0,0.1,9,0.645458,0.666667,1.0,2.0,True,20,1,1,19,56,504,504,56,1.0,1.0,1.0,56,2026-09-03T19:11:30
tdma_packet_loss,1,10,0.0,3,0,0.1,10,0.729291,1.0,1.0,1.1,True,11,1,12,17,49,441,441,49,1.0,1.0,1.0,49,2026-09-03T19:11:30
tdma_packet_loss,1,10,0.0,3,0,0.1,11,0.598236,0.333333,1.0,0.8,True,8,1,0,12,28,252,252,28,1.0,1.0,1.0,28,2026-09-03T19:11:30
tdma_packet_loss,1,10,0.0,3,0,0.1,12,0.692831,0.666667,1.0,2.6,True,26,1,9,33,74,666,666,74,1.0,1.0,1.0,74,2026-09-03T19:11:30
tdma_packet_loss,1,10,0.0,3,0,0.1,13,0.68064,1.0,1.0,1.7,True,17,1,17,11,69,621,621,69,1.0,1.0,1.0,69,2026-09-03T19:11:30
tdma_packet_loss,1,10,0.0,3,0,0.1,14,0.481667,1.0,1.0,1.9,True,19,1,0,18,39,351,351,39,1.0,1.0,1.0,39,2026-09-03T19:11:30
tdma_packet_loss,1,10,0.0,3,2,0.025,0,0.650313,1.0,1.0,2.1,True,21,1,0,10,164,1476,1476,164,1.0,1.0,1.0,41,2026-09-03T19:11:30
tdma_packet_loss,1,10,0.0,3,2,0.025,1,0.568825,1.0,1.0,0.5,True,5,1,8,19,176,1584,1584,176,1.0,1.0,1.0,44,2026-09-03T19:11:30
tdma_packet_loss,1,10,0.0,3,2,0.025,2,0.634533,1.0,1.0,2.7,True,27,1,0,8,188,1692,1692,188,1.0,1.0,1.0,47,2026-09-03T19:11:30
tdma_packet_loss,1,10,0.0,3,2,0.025,3,0.498642,0.666667,1.0,1.1,True,11,1,4,22,152,1368,1368,152,1.0,1.0,1.0,38,2026-09-03T19:11:30
tdma_packet_loss,1,10,0.0,3,2,0.025,4,0.493159,0.666667,1.0,0.2,True,2,1,7,7,124,1116,1116,124,1.0,1.0,1.0,31,2026-09-03T19:11:30
tdma_packet_loss,1,10,0.0,3,2,0.025,5,0.665842,0.666667,1.0,0.9,True,9,1,5,12,228,2052,2052,228,1.0,1.0,1.0,57,2026-09-03T19:11:32
tdma_packet_loss,1,10,0.0,3,2,0.025,6,0.607652,1.0,1.0,1.5,True,15,1,3,18,192,1728,1728,192,1.0,1.0,1.0,48,2026-09-03T19:11:32
tdma_packet_loss,1,10,0.0,3,2,0.025,7,0.60877,1.0,1.0,0.5,True,5,1,6,10,128,1152,1152,128,1.0,1.0,1.0,32,2026-09-03T19:11:32
tdma_packet_loss,1,10,0.0,3,2,0.025,8,0.647998,0.666667,1.0,0.5,True,5,1,2,9,184,1656,1656,184,1.0,1.0,1.0,46,2026-09-03T19:11:32
tdma_packet_loss,1,10,0.0,3,2,0.025,9,0.612209,0.666667,1.0,0.6,True,6,1,3,9,140,1260,1260,140,1.0,1.0,1.0,35,2026-09-03T19:11:32
tdma_packet_loss,1,10,0.0,3,2,0.025,10,0.632975,0.666667,1.0,0.4,True,4,1,12,10,236,2124,2124,236,1.0,1.0,1.0,59,2026-09-03T19:11:32
tdma_packet_loss,1,10,0.0,3,2,0.025,11,0.525583,1.0,1.0,0.5,True,5,1,0,6,100,900,900,100,1.0,1.0,1.0,25,2026-09-03T19:11:32
tdma_packet_loss,1,10,0.0,3,2,0.025,12,0.62627,0.666667,1.0,0.7,True,7,1,2,11,180,1620,1620,180,1.0,1.0,1.0,45,2026-09-03T19:11:32
tdma_packet_loss,1,10,0.0,3,2,0.025,13,0.618646,1.0,1.0,0.2,True,2,1,0,6,88,792,792,88,1.0,1.0,1.0,22,2026-09-03T19:11:32
tdma_packet_loss,1,10,0.0,3,2,0.025,14,0.616516,1.0,1.0,0.9,True,9,1,1,16,128,1152,1152,128,1.0,1.0,1.0,32,2026-09-03T19:11:32
tdma_packet_loss,1,10,0.0,3,2,0.05,0,0.667371,1.0,1.0,2.6,True,26,1,0,11,92,828,828,92,1.0,1.0,1.0,46,2026-09-03T19:11:32
tdma_packet_loss,1,10,0.0,3,2,0.05,1,0.596341,1.0,1.0,0.5,True,5,1,13,9,86,774,774,86,1.0,1.0,1.0,43,2026-09-03T19:11:32
tdma_packet_loss,1,10,0.0,3,2,0.05,2,0.599715,0.666667,1.0,3.1,True,31,1,0,35,102,918,918,102,1.0,1.0,1.0,51,2026-09-03T19:11:32
tdma_packet_loss,1,10,0.0,3,2,0.05,3,0.504239,0.666667,1.0,1.6,True,16,1,2,25,82,738,738,82,1.0,1.0,1.0,41,2026-09-03T19:11:32
tdma_packet_loss,1,10,0.0,3,2,0.05,4,0.658839,0.666667,1.0,0.5,True,5,1,6,9,118,1062,1062,118,1.0,1.0,1.0,59,2026-09-03T19:11:32
tdma_packet_loss,1,10,0.0,3,2,0.05,5,0.604121,1.0,1.0,0.9,True,9,1,9,20,110,990,990,110,1.0,1.0,1.0,55,2026-09-03T19:11:32
tdma_packet_loss,1,10,0.0,3,2,0.05,6,0.605004,0.666667,1.0,2.0,True,20,1,10,24,144,1296,1296,144,1.0,1.0,1.0,72,2026-09-03T19:11:34
tdma_packet_loss,1,10,0.0,3,2,0.05,7,0.597167,1.0,1.0,1.4,True,14,1,0,13,68,612,612,68,1.0,1.0,1.0,34,2026-09-03T19:11:34
tdma_packet_loss,1,10,0.0,3,2,0.05,8,0.63507,0.666667,1.0,1.1,True,11,1,10,9,122,1098,1098,122,1.0,1.0,1.0,61,2026-09-03T19:11:34
tdma_packet_loss,1,10,0.0,3,2,0.05,9,0.693798,0.666667,1.0,1.0,True,10,1,9,24,120,1080,1080,120,1.0,1.0,1.0,60,2026-09-03T19:11:34
tdma_packet_loss,1,10,0.0,3,2,0.05,10,0.573769,1.0,1.0,1.5,True,15,1,10,11,92,828,828,92,1.0,1.0,1.0,46,2026-09-03T19:11:34
tdma_packet_loss,1,10,0.0,3,2,0.05,11,0.547383,1.0,1.0,0.9,True,9,1,0,11,58,522,522,58,1.0,1.0,1.0,29,2026-09-03T19:11:34
tdma_packet_loss,1,10,0.0,3,2,0.05,12,0.603871,0.666667,1.0,0.9,True,9,1,1,13,90,810,810,90,1.0,1.0,1.0,45,2026-09-03T19:11:34
tdma_packet_loss,1,10,0.0,3,2,0.05,13,0.631104,1.0,1.0,1.2,True,12,1,0,11,64,576,576,64,1.0,1.0,1.0,32,2026-09-03T19:11:34
tdma_packet_loss,1,10,0.0,3,2,0.05,14,0.628015,1.0,1.0,0.9,True,9,1,2,18,68,612,612,68,1.0,1.0,1.0,34,2026-09-03T19:11:34
tdma_packet_loss,1,10,0.0,3,2,0.1,0,0.618934,0.666667,1.0,2.3,True,23,1,0,14,43,387,387,43,1.0,1.0,1.0,43,2026-09-03T19:11:34
tdma_packet_loss,1,10,0.0,3,2,0.1,1,0.552378,1.0,1.0,3.3,True,33,1,0,23,53,477,477,53,1.0,1.0,1.0,53,2026-09-03T19:11:34
tdma_packet_loss,1,10,0.0,3,2,0.1,2,0.671958,0.666667,1.0,2.9,True,29,1,6,34,56,504,504,56,1.0,1.0,1.0,56,2026-09-03T19:11:34
tdma_packet_loss,1,10,0.0,3,2,0.1,3,0.483484,0.666667,1.0,2.3,True,23,1,0,18,43,387,387,43,1.0,1.0,1.0,43,2026-09-03T19:11:34
tdma_packet_loss,1,10,0.0,3,2,0.1,4,0.488018,0.666667,1.0,1.0,True,10,1,0,14,30,270,270,30,1.0,1.0,1.0,30,2026-09-03T19:11:34
tdma_packet_loss,1,10,0.0,3,2,0.1,5,0.558515,0.666667,1.0,1.6,True,16,1,3,21,46,414,414,46,1.0,1.0,1.0,46,2026-09-03T19:11:34
tdma_packet_loss,1,10,0.0,3,2,0.1,6,0.624108,1.0,1.0,3.5,True,35,1,0,27,55,495,495,55,1.0,1.0,1.0,55,2026-09-03T19:11:34
tdma_packet_loss,1,10,0.0,3,2,0.1,7,0.647704,1.0,1.0,2.7,True,27,1,0,16,47,423,423,47,1.0,1.0,1.0,47,2026-09-03T19:11:34
tdma_packet_loss,1,10,0.0,3,2,0.1,8,0.620662,0.666667,1.0,2.6,True,26,1,4,37,53,477,477,53,1.0,1.0,1.0,53,2026-09-03T19:11:34
tdma_packet_loss,1,10,0.0,3,2,0.1,9,0.673206,0.666667,1.0,2.0,True,20,1,1,19,56,504,504,56,1.0,1.0,1.0,56,2026-09-03T19:11:34
tdma_packet_loss,1,10,0.0,3,2,0.1,10,0.687695,0.666667,1.0,1.1,True,11,1,10,16,42,378,378,42,1.0,1.0,1.0,42,2026-09-03T19:11:34
tdma_packet_loss,1,10,0.0,3,2,0.1,11,0.615028,0.333333,1.0,0.8,True,8,1,0,12,28,252,252,28,1.0,1.0,1.0,28,2026-09-03T19:11:34
tdma_packet_loss,1,10,0.0,3,2,0.1,12,0.480555,0.666667,1.0,2.9,True,29,1,0,28,49,441,441,49,1.0,1.0,1.0,49,2026-09-03T19:11:34
tdma_packet_loss,1,10,0.0,3,2,0.1,13,0.727809,0.666667,1.0,1.7,True,17,1,13,11,86,774,774,86,1.0,1.0,1.0,86,2026-09-03T19:11:34
tdma_packet_loss,1,10,0.0,3,2,0.1,14,0.549252,1.0,1.0,1.9,True,19,1,0,18,39,351,351,39,1.0,1.0,1.0,39,2026-09-03T19:11:34
tdma_packet_loss,1,10,0.0,3,5,0.025,0,0.6811,1.0,1.0,2.3,True,23,1,0,10,172,1548,1548,172,1.0,1.0,1.0,43,2026-09-03T19:11:34
tdma_packet_loss,1,10,0.0,3,5,0.025,1,0.586743,1.0,1.0,0.5,True,5,1,9,19,176,1584,1584,176,1.0,1.0,1.0,44,2026-09-03T19:11:34
tdma_packet_loss,1,10,0.0,3,5,0.025,2,0.484637,1.0,1.0,0.5,True,5,1,1,11,108,972,972,108,1.0,1.0,1.0,27,2026-09-03T19:11:34
tdma_packet_loss,1,10,0.0,3,5,0.025,3,0.725059,0.666667,1.0,1.1,True,11,1,5,19,192,1728,1728,192,1.0,1.0,1.0,48,2026-09-03T19:11:34
tdma_packet_loss,1,10,0.0,3,5,0.025,4,0.446924,0.666667,1.0,0.2,True,2,1,0,6,88,792,792,88,1.0,1.0,1.0,22,2026-09-03T19:11:34
tdma_packet_loss,1,10,0.0,3,5,0.025,5,0.619733,0.666667,1.0,0.9,True,9,1,3,12,148,1332,1332,148,1.0,1.0,1.0,37,2026-09-03T19:11:34
tdma_packet_loss,1,10,0.0,3,5,0.025,6,0.553039,0.666667,1.0,1.5,True,15,1,0,18,140,1260,1260,140,1.0,1.0,1.0,35,2026-09-03T19:11:34
tdma_packet_loss,1,10,0.0,3,5,0.025,7,0.621692,1.0,1.0,0.5,True,5,1,6,10,128,1152,1152,128,1.0,1.0,1.0,32,2026-09-03T19:11:34
tdma_packet_loss,1,10,0.0,3,5,0.025,8,0.669199,0.666667,1.0,0.5,True,5,1,6,9,196,1764,1764,196,1.0,1.0,1.0,49,2026-09-03T19:11:34
tdma_packet_loss,1,10,0.0,3,5,0.025,9,0.609874,0.666667,1.0,0.6,True,6,1,3,9,140,1260,1260,140,1.0,1.0,1.0,35,2026-09-03T19:11:34
tdma_packet_loss,1,10,0.0,3,5,0.025,10,0.611964,0.666667,1.0,0.4,True,4,1,12,10,236,2124,2124,236,1.0,1.0,1.0,59,2026-09-03T19:11:34
tdma_packet_loss,1,10,0.0,3,5,0.025,11,0.520299,1.0,1.0,0.5,True,5,1,0,6,100,900,900,100,1.0,1.0,1.0,25,2026-09-03T19:11:34
tdma_packet_loss,1,10,0.0,3,5,0.025,12,0.676048,0.666667,1.0,0.7,True,7,1,3,11,184,1656,1656,184,1.0,1.0,1.0,46,2026-09-03T19:11:34
tdma_packet_loss,1,10,0.0,3,5,0.025,13,0.633647,1.0,1.0,0.2,True,2,1,0,6,88,792,792,88,1.0,1.0,1.0,22,2026-09-03T19:11:34
tdma_packet_loss,1,10,0.0,3,5,0.025,14,0.604199,1.0,1.0,0.9,True,9,1,1,16,128,1152,1152,128,1.0,1.0,1.0,32,2026-09-03T19:11:34
tdma_packet_loss,1,10,0.0,3,5,0.05,0,0.624732,1.0,1.0,1.6,True,16,1,10,11,94,846,846,94,1.0,1.0,1.0,47,2026-09-03T19:11:34
tdma_packet_loss,1,10,0.0,3,5,0.05,1,0.577098,1.0,1.0,0.5,True,5,1,13,9,86,774,774,86,1.0,1.0,1.0,43,2026-09-03T19:11:34
tdma_packet_loss,1,10,0.0,3,5,0.05,2,0.477415,0.666667,1.0,0.9,True,9,1,1,18,68,612,612,68,1.0,1.0,1.0,34,2026-09-03T19:11:34
tdma_packet_loss,1,10,0.0,3,5,0.05,3,0.70843,0.666667,1.0,1.5,True,15,1,12,15,128,1152,1152,128,1.0,1.0,1.0,64,2026-09-03T19:11:34
tdma_packet_loss,1,10,0.0,3,5,0.05,4,0.443193,0.666667,1.0,0.5,True,5,1,0,9,50,450,450,50,1.0,1.0,1.0,25,2026-09-03T19:11:35
tdma_packet_loss,1,10,0.0,3,5,0.05,5,0.791788,0.666667,1.0,0.9,True,9,1,16,21,176,1584,1584,176,1.0,1.0,1.0,88,2026-09-03T19:11:35
tdma_packet_loss,1,10,0.0,3,5,0.05,6,0.55521,0.666667,1.0,2.0,True,20,1,0,19,80,720,720,80,1.0,1.0,1.0,40,2026-09-03T19:11:35
tdma_packet_loss,1,10,0.0,3,5,0.05,7,0.597724,1.0,1.0,1.4,True,14,1,0,13,68,612,612,68,1.0,1.0,1.0,34,2026-09-03T19:11:35
tdma_packet_loss,1,10,0.0,3,5,0.05,8,0.633084,0.666667,1.0,1.1,True,11,1,10,9,122,1098,1098,122,1.0,1.0,1.0,61,2026-09-03T19:11:35
tdma_packet_loss,1,10,0.0,3,5,0.05,9,0.687023,0.666667,1.0,1.0,True,10,1,9,24,120,1080,1080,120,1.0,1.0,1.0,60,2026-09-03T19:11:35
tdma_packet_loss,1,10,0.0,3,5,0.05,10,0.529962,1.0,1.0,1.5,True,15,1,10,11,92,828,828,92,1.0,1.0,1.0,46,2026-09-03T19:11:35
tdma_packet_loss,1,10,0.0,3,5,0.05,11,0.534785,1.0,1.0,0.9,True,9,1,0,11,58,522,522,58,1.0,1.0,1.0,29,2026-09-03T19:11:35
tdma_packet_loss,1,10,0.0,3,5,0.05,12,0.60686,0.666667,1.0,0.9,True,9,1,1,13,90,810,810,90,1.0,1.0,1.0,45,2026-09-03T19:11:35
tdma_packet_loss,1,10,0.0,3,5,0.05,13,0.652429,1.0,1.0,1.2,True,12,1,0,11,64,576,576,64,1.0,1.0,1.0,32,2026-09-03T19:11:35
tdma_packet_loss,1,10,0.0,3,5,0.05,14,0.593912,1.0,1.0,0.9,True,9,1,2,18,68,612,612,68,1.0,1.0,1.0,34,2026-09-03T19:11:35
tdma_packet_loss,1,10,0.0,3,5,0.1,0,0.559132,0.666667,1.0,2.4,True,24,1,0,17,44,396,396,44,1.0,1.0,1.0,44,2026-09-03T19:11:35
tdma_packet_loss,1,10,0.0,3,5,0.1,1,0.564295,1.0,1.0,3.3,True,33,1,0,25,53,477,477,53,1.0,1.0,1.0,53,2026-09-03T19:11:35
tdma_packet_loss,1,10,0.0,3,5,0.1,2,0.67712,0.666667,1.0,1.0,True,10,1,19,16,56,504,504,56,1.0,1.0,1.0,56,2026-09-03T19:11:35
tdma_packet_loss,1,10,0.0,3,5,0.1,3,0.634911,0.666667,1.0,2.0,True,20,1,10,18,54,486,486,54,1.0,1.0,1.0,54,2026-09-03T19:11:35
tdma_packet_loss,1,10,0.0,3,5,0.1,4,0.41093,0.666667,1.0,1.0,True,10,1,0,14,30,270,270,30,1.0,1.0,1.0,30,2026-09-03T19:11:35
tdma_packet_loss,1,10,0.0,3,5,0.1,5,0.536972,0.666667,1.0,1.6,True,16,1,4,21,46,414,414,46,1.0,1.0,1.0,46,2026-09-03T19:11:35
tdma_packet_loss,1,10,0.0,3,5,0.1,6,0.607632,0.666667,1.0,2.5,True,25,1,7,30,53,477,477,53,1.0,1.0,1.0,53,2026-09-03T19:11:35
tdma_packet_loss,1,10,0.0,3,5,0.1,7,0.698172,1.0,1.0,2.7,True,27,1,0,16,47,423,423,47,1.0,1.0,1.0,47,2026-09-03T19:11:35
tdma_packet_loss,1,10,0.0,3,5,0.1,8,0.59064,1.0,1.0,2.6,True,26,1,8,36,56,504,504,56,1.0,1.0,1.0,56,2026-09-03T19:11:35
tdma_packet_loss,1,10,0.0,3,5,0.1,9,0.660186,0.666667,1.0,2.0,True,20,1,1,19,56,504,504,56,1.0,1.0,1.0,56,2026-09-03T19:11:35
tdma_packet_loss,1,10,0.0,3,5,0.1,10,0.643308,0.666667,1.0,1.1,True,11,1,10,16,42,378,378,42,1.0,1.0,1.0,42,2026-09-03T19:11:35
tdma_packet_loss,1,10,0.0,3,5,0.1,11,0.611013,0.333333,1.0,0.8,True,8,1,0,12,28,252,252,28,1.0,1.0,1.0,28,2026-09-03T19:11:35
tdma_packet_loss,1,10,0.0,3,5,0.1,12,0.670962,0.666667,1.0,3.4,True,34,1,8,29,74,666,666,74,1.0,1.0,1.0,74,2026-09-03T19:11:35
tdma_packet_loss,1,10,0.0,3,5,0.1,13,0.695927,0.666667,1.0,1.7,True,17,1,13,11,86,774,774,86,1.0,1.0,1.0,86,2026-09-03T19:11:35
tdma_packet_loss,1,10,0.0,3,5,0.1,14,0.543512,1.0,1.0,1.9,True,19,1,0,18,39,351,351,39,1.0,1.0,1.0,39,2026-09-03T19:11:35
tdma_packet_loss,1,10,0.0,5,0,0.025,0,0.61744,0.6,1.0,2.1,True,21,1,2,19,244,2196,2196,244,1.0,1.0,1.0,61,2026-09-03T19:11:35
tdma_packet_loss,1,10,0.0,5,0,0.025,1,0.429069,0.8,1.0,1.4,True,14,1,2,19,148,1332,1332,148,1.0,1.0,1.0,37,2026-09-03T19:11:35
tdma_packet_loss,1,10,0.0,5,0,0.025,2,0.528274,0.8,1.0,2.7,True,27,1,0,14,188,1692,1692,188,1.0,1.0,1.0,47,2026-09-03T19:11:35
tdma_packet_loss,1,10,0.0,5,0,0.025,3,0.562396,0.8,1.0,2.7,True,27,1,3,31,256,2304,2304,256,1.0,1.0,1.0,64,2026-09-03T19:11:35
tdma_packet_loss,1,10,0.0,5,0,0.025,4,0.527128,0.8,1.0,0.5,True,5,1,0,9,100,900,900,100,1.0,1.0,1.0,25,2026-09-03T19:11:35
tdma_packet_loss,1,10,0.0,5,0,0.025,5,0.585232,0.4,1.0,1.2,True,12,1,0,15,128,1152,1152,128,1.0,1.0,1.0,32,2026-09-03T19:11:35
tdma_packet_loss,1,10,0.0,5,0,0.025,6,0.708581,0.6,1.0,2.5,True,25,1,7,31,320,2880,2880,320,1.0,1.0,1.0,80,2026-09-03T19:11:35
tdma_packet_loss,1,10,0.0,5,0,0.025,7,0.551023,0.8,1.0,1.2,True,12,1,0,11,128,1152,1152,128,1.0,1.0,1.0,32,2026-09-03T19:11:35
tdma_packet_loss,1,10,0.0,5,0,0.025,8,0.711331,0.6,1.0,1.9,True,19,1,3,23,292,2628,2628,292,1.0,1.0,1.0,73,2026-09-03T19:11:35
tdma_packet_loss,1,10,0.0,5,0,0.025,9,0.513261,0.8,1.0,0.6,True,6,1,3,9,140,1260,1260,140,1.0,1.0,1.0,35,2026-09-03T19:11:35
tdma_packet_loss,1,10,0.0,5,0,0.025,10,0.640617,0.6,1.0,1.2,True,12,1,5,19,232,2088,2088,232,1.0,1.0,1.0,58,2026-09-03T19:11:35
tdma_packet_loss,1,10,0.0,5,0,0.025,11,0.623974,0.6,1.0,1.4,True,14,1,1,20,148,1332,1332,148,1.0,1.0,1.0,37,2026-09-03T19:11:35
tdma_packet_loss,1,10,0.0,5,0,0.025,12,0.677904,0.6,1.0,0.6,True,6,1,2,10,180,1620,1620,180,1.0,1.0,1.0,45,2026-09-03T19:11:35
tdma_packet_loss,1,10,0.0,5,0,0.025,13,0.713856,0.8,1.0,0.5,True,5,1,5,16,204,1836,1836,204,1.0,1.0,1.0,51,2026-09-03T19:11:35
tdma_packet_loss,1,10,0.0,5,0,0.025,14,0.55464,1.0,1.0,0.5,True,5,1,0,9,100,900,900,100,1.0,1.0,1.0,25,2026-09-03T19:11:35
tdma_packet_loss,1,10,0.0,5,0,0.05,0,0.578406,0.8,1.0,2.6,True,26,1,0,15,92,828,828,92,1.0,1.0,1.0,46,2026-09-03T19:11:35
tdma_packet_loss,1,10,0.0,5,0,0.05,1,0.629011,0.8,1.0,2.0,True,20,1,6,21,132,1188,1188,132,1.0,1.0,1.0,66,2026-09-03T19:11:35
tdma_packet_loss,1,10,0.0,5,0,0.05,2,0.557453,0.6,1.0,1.7,True,17,1,9,35,102,918,918,102,1.0,1.0,1.0,51,2026-09-03T19:11:35
tdma_packet_loss,1,10,0.0,5,0,0.05,3,0.515977,1.0,1.0,2.8,True,28,1,0,32,96,864,864,96,1.0,1.0,1.0,48,2026-09-03T19:11:35
tdma_packet_loss,1,10,0.0,5,0,0.05,4,0.600391,0.8,1.0,1.1,True,11,1,4,9,98,882,882,98,1.0,1.0,1.0,49,2026-09-03T19:11:35
tdma_packet_loss,1,10,0.0,5,0,0.05,5,0.712354,0.6,1.0,2.3,True,23,1,10,24,146,1314,1314,146,1.0,1.0,1.0,73,2026-09-03T19:11:35
tdma_packet_loss,1,10,0.0,5,0,0.05,6,0.618376,0.6,1.0,2.9,True,29,1,5,42,118,1062,1062,118,1.0,1.0,1.0,59,2026-09-03T19:11:35
tdma_packet_loss,1,10,0.0,5,0,0.05,7,0.684225,0.8,1.0,1.4,True,14,1,9,12,134,1206,1206,134,1.0,1.0,1.0,67,2026-09-03T19:11:35
tdma_packet_loss,1,10,0.0,5,0,0.05,8,0.491523,0.6,1.0,1.5,True,15,1,2,23,78,702,702,78,1.0,1.0,1.0,39,2026-09-03T19:11:35
tdma_packet_loss,1,10,0.0,5,0,0.05,9,0.473059,0.8,1.0,1.7,True,17,1,4,16,114,1026,1026,114,1.0,1.0,1.0,57,2026-09-03T19:11:35
tdma_packet_loss,1,10,0.0,5,0,0.05,10,0.56496,0.8,1.0,1.5,True,15,1,0,19,70,630,630,70,1.0,1.0,1.0,35,2026-09-03T19:11:35
tdma_packet_loss,1,10,0.0,5,0,0.05,11,0.68027,0.6,1.0,1.4,True,14,1,12,15,118,1062,1062,118,1.0,1.0,1.0,59,2026-09-03T19:11:35
tdma_packet_loss,1,10,0.0,5,0,0.05,12,0.610644,0.6,1.0,0.9,True,9,1,7,13,126,1134,1134,126,1.0,1.0,1.0,63,2026-09-03T19:11:35
tdma_packet_loss,1,10,0.0,5,0,0.05,13,0.627089,0.8,1.0,0.8,True,8,1,8,15,106,954,954,106,1.0,1.0,1.0,53,2026-09-03T19:11:35
tdma_packet_loss,1,10,0.0,5,0,0.05,14,0.590592,1.0,1.0,1.2,True,12,1,5,22,84,756,756,84,1.0,1.0,1.0,42,2026-09-03T19:11:35
tdma_packet_loss,1,10,0.0,5,0,0.1,0,0.58674,0.6,1.0,3.1,True,31,1,0,30,51,459,459,51,1.0,1.0,1.0,51,2026-09-03T19:11:35
tdma_packet_loss,1,10,0.0,5,0,0.1,1,0.606788,1.0,1.0,3.2,True,32,1,7,36,70,630,630,70,1.0,1.0,1.0,70,2026-09-03T19:11:35
tdma_packet_loss,1,10,0.0,5,0,0.1,2,0.664476,0.6,1.0,2.5,True,25,1,34,30,115,1035,1035,115,1.0,1.0,1.0,115,2026-09-03T19:11:36
tdma_packet_loss,1,10,0.0,5,0,0.1,3,0.521875,0.8,1.0,5.3,True,53,1,0,44,73,657,657,73,1.0,1.0,1.0,73,2026-09-03T19:11:35
tdma_packet_loss,1,10,0.0,5,0,0.1,4,0.687877,0.8,1.0,4.4,True,44,1,3,15,84,756,756,84,1.0,1.0,1.0,84,2026-09-03T19:11:36
tdma_packet_loss,1,10,0.0,5,0,0.1,5,0.627508,0.8,1.0,2.1,True,21,1,20,26,76,684,684,76,1.0,1.0,1.0,76,2026-09-03T19:11:35
tdma_packet_loss,1,10,0.0,5,0,0.1,6,0.55896,0.8,1.0,3.5,True,35,1,0,33,55,495,495,55,1.0,1.0,1.0,55,2026-09-03T19:11:36
tdma_packet_loss,1,10,0.0,5,0,0.1,7,0.563003,0.6,1.0,3.0,True,30,1,8,25,60,540,540,60,1.0,1.0,1.0,60,2026-09-03T19:11:35
tdma_packet_loss,1,10,0.0,5,0,0.1,8,0.588169,0.6,1.0,3.3,True,33,1,0,31,53,477,477,53,1.0,1.0,1.0,53,2026-09-03T19:11:35
tdma_packet_loss,1,10,0.0,5,0,0.1,9,0.571007,0.8,1.0,2.4,True,24,1,5,19,56,504,504,56,1.0,1.0,1.0,56,2026-09-03T19:11:35
tdma_packet_loss,1,10,0.0,5,0,0.1,10,0.709379,0.6,1.0,3.9,True,39,1,17,33,92,828,828,92,1.0,1.0,1.0,92,2026-09-03T19:11:36
tdma_packet_loss,1,10,0.0,5,0,0.1,11,0.691523,0.6,1.0,3.1,True,31,1,6,25,59,531,531,59,1.0,1.0,1.0,59,2026-09-03T19:11:36
tdma_packet_loss,1,10,0.0,5,0,0.1,12,0.605476,0.6,1.0,3.6,True,36,1,6,34,79,711,711,79,1.0,1.0,1.0,79,2026-09-03T19:11:36
tdma_packet_loss,1,10,0.0,5,0,0.1,13,0.661627,0.8,1.0,2.2,True,22,1,13,15,56,504,504,56,1.0,1.0,1.0,56,2026-09-03T19:11:36
tdma_packet_loss,1,10,0.0,5,0,0.1,14,0.56781,1.0,1.0,2.8,True,28,1,0,32,48,432,432,48,1.0,1.0,1.0,48,2026-09-03T19:11:36
tdma_packet_loss,1,10,0.0,5,2,0.025,0,0.574454,0.8,1.0,1.8,True,18,1,4,27,172,1548,1548,172,1.0,1.0,1.0,43,2026-09-03T19:11:36
tdma_packet_loss,1,10,0.0,5,2,0.025,1,0.455082,0.8,1.0,1.4,True,14,1,2,19,148,1332,1332,148,1.0,1.0,1.0,37,2026-09-03T19:11:36
tdma_packet_loss,1,10,0.0,5,2,0.025,2,0.456123,0.8,1.0,0.8,True,8,1,3,14,152,1368,1368,152,1.0,1.0,1.0,38,2026-09-03T19:11:36
tdma_packet_loss,1,10,0.0,5,2,0.025,3,0.681427,0.6,1.0,2.1,True,21,1,14,28,324,2916,2916,324,1.0,1.0,1.0,81,2026-09-03T19:11:36
tdma_packet_loss,1,10,0.0,5,2,0.025,4,0.532646,0.8,1.0,0.5,True,5,1,0,9,100,900,900,100,1.0,1.0,1.0,25,2026-09-03T19:11:36
tdma_packet_loss,1,10,0.0,5,2,0.025,5,0.59966,0.4,1.0,1.2,True,12,1,0,15,128,1152,1152,128,1.0,1.0,1.0,32,2026-09-03T19:11:36
tdma_packet_loss,1,10,0.0,5,2,0.025,6,0.609363,0.6,1.0,2.5,True,25,1,2,31,228,2052,2052,228,1.0,1.0,1.0,57,2026-09-03T19:11:36
tdma_packet_loss,1,10,0.0,5,2,0.025,7,0.559018,0.8,1.0,1.2,True,12,1,0,11,128,1152,1152,128,1.0,1.0,1.0,32,2026-09-03T19:11:36
tdma_packet_loss,1,10,0.0,5,2,0.025,8,0.655782,0.6,1.0,1.9,True,19,1,1,23,220,1980,1980,220,1.0,1.0,1.0,55,2026-09-03T19:11:36
tdma_packet_loss,1,10,0.0,5,2,0.025,9,0.51072,0.8,1.0,0.6,True,6,1,3,9,140,1260,1260,140,1.0,1.0,1.0,35,2026-09-03T19:11:36
tdma_packet_loss,1,10,0.0,5,2,0.025,10,0.632693,0.6,1.0,1.2,True,12,1,5,19,232,2088,2088,232,1.0,1.0,1.0,58,2026-09-03T19:11:36
tdma_packet_loss,1,10,0.0,5,2,0.025,11,0.647966,0.6,1.0,1.4,True,14,1,1,20,148,1332,1332,148,1.0,1.0,1.0,37,2026-09-03T19:11:36
tdma_packet_loss,1,10,0.0,5,2,0.025,12,0.671507,0.6,1.0,0.6,True,6,1,2,10,180,1620,1620,180,1.0,1.0,1.0,45,2026-09-03T19:11:36
tdma_packet_loss,1,10,0.0,5,2,0.025,13,0.711225,0.8,1.0,0.5,True,5,1,5,16,204,1836,1836,204,1.0,1.0,1.0,51,2026-09-03T19:11:36
tdma_packet_loss,1,10,0.0,5,2,0.025,14,0.556221,1.0,1.0,0.5,True,5,1,0,9,100,900,900,100,1.0,1.0,1.0,25,2026-09-03T19:11:36
tdma_packet_loss,1,10,0.0,5,2,0.05,0,0.51762,0.8,1.0,1.6,True,16,1,8,30,92,828,828,92,1.0,1.0,1.0,46,2026-09-03T19:11:36
tdma_packet_loss,1,10,0.0,5,2,0.05,1,0.474823,0.8,1.0,2.0,True,20,1,7,23,110,990,990,110,1.0,1.0,1.0,55,2026-09-03T19:11:36
tdma_packet_loss,1,10,0.0,5,2,0.05,2,0.408783,0.6,1.0,1.9,True,19,1,21,38,164,1476,1476,164,1.0,1.0,1.0,82,2026-09-03T19:11:36
tdma_packet_loss,1,10,0.0,5,2,0.05,3,0.649682,0.8,1.0,2.8,True,28,1,9,32,196,1764,1764,196,1.0,1.0,1.0,98,2026-09-03T19:11:36
tdma_packet_loss,1,10,0.0,5,2,0.05,4,0.602313,0.8,1.0,1.1,True,11,1,4,9,98,882,882,98,1.0,1.0,1.0,49,2026-09-03T19:11:36
tdma_packet_loss,1,10,0.0,5,2,0.05,5,0.678226,0.8,1.0,2.3,True,23,1,5,24,124,1116,1116,124,1.0,1.0,1.0,62,2026-09-03T19:11:36
tdma_packet_loss,1,10,0.0,5,2,0.05,6,0.635409,0.6,1.0,2.8,True,28,1,8,27,134,1206,1206,134,1.0,1.0,1.0,67,2026-09-03T19:11:36
tdma_packet_loss,1,10,0.0,5,2,0.05,7,0.604383,0.6,1.0,1.4,True,14,1,4,12,86,774,774,86,1.0,1.0,1.0,43,2026-09-03T19:11:36
tdma_packet_loss,1,10,0.0,5,2,0.05,8,0.489549,0.6,1.0,1.5,True,15,1,2,23,78,702,702,78,1.0,1.0,1.0,39,2026-09-03T19:11:36
tdma_packet_loss,1,10,0.0,5,2,0.05,9,0.548705,0.8,1.0,1.7,True,17,1,9,16,146,1314,1314,146,1.0,1.0,1.0,73,2026-09-03T19:11:36
tdma_packet_loss,1,10,0.0,5,2,0.05,10,0.574727,0.8,1.0,1.5,True,15,1,0,19,70,630,630,70,1.0,1.0,1.0,35,2026-09-03T19:11:36
tdma_packet_loss,1,10,0.0,5,2,0.05,11,0.718896,0.8,1.0,1.4,True,14,1,12,15,138,1242,1242,138,1.0,1.0,1.0,69,2026-09-03T19:11:36
tdma_packet_loss,1,10,0.0,5,2,0.05,12,0.684021,0.6,1.0,0.9,True,9,1,7,13,118,1062,1062,118,1.0,1.0,1.0,59,2026-09-03T19:11:36
tdma_packet_loss,1,10,0.0,5,2,0.05,13,0.64919,0.8,1.0,0.8,True,8,1,8,15,106,954,954,106,1.0,1.0,1.0,53,2026-09-03T19:11:36
tdma_packet_loss,1,10,0.0,5,2,0.05,14,0.579933,1.0,1.0,1.2,True,12,1,5,22,84,756,756,84,1.0,1.0,1.0,42,2026-09-03T19:11:36
tdma_packet_loss,1,10,0.0,5,2,0.1,0,0.535465,0.6,1.0,3.1,True,31,1,0,30,51,459,459,51,1.0,1.0,1.0,51,2026-09-03T19:11:36
tdma_packet_loss,1,10,0.0,5,2,0.1,1,0.599604,1.0,1.0,3.2,True,32,1,5,36,70,630,630,70,1.0,1.0,1.0,70,2026-09-03T19:11:36
tdma_packet_loss,1,10,0.0,5,2,0.1,2,0.622992,0.8,1.0,2.9,True,29,1,11,28,77,693,693,77,1.0,1.0,1.0,77,2026-09-03T19:11:36
tdma_packet_loss,1,10,0.0,5,2,0.1,3,0.538976,0.6,1.0,3.4,True,34,1,15,48,73,657,657,73,1.0,1.0,1.0,73,2026-09-03T19:11:36
tdma_packet_loss,1,10,0.0,5,2,0.1,4,0.709277,1.0,1.0,4.4,True,44,1,10,15,91,819,819,91,1.0,1.0,1.0,91,2026-09-03T19:11:36
tdma_packet_loss,1,10,0.0,5,2,0.1,5,0.670591,0.8,1.0,2.1,True,21,1,12,26,65,585,585,65,1.0,1.0,1.0,65,2026-09-03T19:11:36
tdma_packet_loss,1,10,0.0,5,2,0.1,6,0.587187,0.8,1.0,3.5,True,35,1,0,33,55,495,495,55,1.0,1.0,1.0,55,2026-09-03T19:11:36
tdma_packet_loss,1,10,0.0,5,2,0.1,7,0.568281,0.6,1.0,3.0,True,30,1,8,25,60,540,540,60,1.0,1.0,1.0,60,2026-09-03T19:11:36
tdma_packet_loss,1,10,0.0,5,2,0.1,8,0.689005,0.4,1.0,3.6,True,36,1,8,30,66,594,594,66,1.0,1.0,1.0,66,2026-09-03T19:11:36
tdma_packet_loss,1,10,0.0,5,2,0.1,9,0.562563,0.8,1.0,2.4,True,24,1,5,19,56,504,504,56,1.0,1.0,1.0,56,2026-09-03T19:11:36
tdma_packet_loss,1,10,0.0,5,2,0.1,10,0.632851,0.8,1.0,3.9,True,39,1,15,33,81,729,729,81,1.0,1.0,1.0,81,2026-09-03T19:11:36
tdma_packet_loss,1,10,0.0,5,2,0.1,11,0.675622,0.6,1.0,3.1,True,31,1,5,25,59,531,531,59,1.0,1.0,1.0,59,2026-09-03T19:11:36
tdma_packet_loss,1,10,0.0,5,2,0.1,12,0.567777,0.6,1.0,3.0,True,30,1,3,34,69,621,621,69,1.0,1.0,1.0,69,2026-09-03T19:11:36
tdma_packet_loss,1,10,0.0,5,2,0.1,13,0.635639,0.8,1.0,2.2,True,22,1,13,15,56,504,504,56,1.0,1.0,1.0,56,2026-09-03T19:11:36
tdma_packet_loss,1,10,0.0,5,2,0.1,14,0.567816,1.0,1.0,2.8,True,28,1,0,32,48,432,432,48,1.0,1.0,1.0,48,2026-09-03T19:11:36
tdma_packet_loss,1,10,0.0,5,5,0.025,0,0.611392,1.0,1.0,1.6,True,16,1,3,27,224,2016,2016,224,1.0,1.0,1.0,56,2026-09-03T19:11:36
tdma_packet_loss,1,10,0.0,5,5,0.025,1,0.4602,0.8,1.0,1.4,True,14,1,2,19,148,1332,1332,148,1.0,1.0,1.0,37,2026-09-03T19:11:36
tdma_packet_loss,1,10,0.0,5,5,0.025,2,0.467208,0.8,1.0,0.8,True,8,1,3,14,152,1368,1368,152,1.0,1.0,1.0,38,2026-09-03T19:11:36
tdma_packet_loss,1,10,0.0,5,5,0.025,3,0.733772,0.4,1.0,1.0,True,10,1,25,29,256,2304,2304,256,1.0,1.0,1.0,64,2026-09-03T19:11:36
tdma_packet_loss,1,10,0.0,5,5,0.025,4,0.519308,0.8,1.0,0.5,True,5,1,0,8,100,900,900,100,1.0,1.0,1.0,25,2026-09-03T19:11:36
tdma_packet_loss,1,10,0.0,5,5,0.025,5,0.678097,0.4,1.0,1.1,True,11,1,3,16,140,1260,1260,140,1.0,1.0,1.0,35,2026-09-03T19:11:36
tdma_packet_loss,1,10,0.0,5,5,0.025,6,0.602184,0.8,1.0,2.5,True,25,1,5,33,228,2052,2052,228,1.0,1.0,1.0,57,2026-09-03T19:11:36
tdma_packet_loss,1,10,0.0,5,5,0.025,7,0.564332,0.8,1.0,1.2,True,12,1,0,11,128,1152,1152,128,1.0,1.0,1.0,32,2026-09-03T19:11:36
tdma_packet_loss,1,10,0.0,5,5,0.025,8,0.687388,0.6,1.0,1.9,True,19,1,1,23,220,1980,1980,220,1.0,1.0,1.0,55,2026-09-03T19:11:36
tdma_packet_loss,1,10,0.0,5,5,0.025,9,0.620096,0.8,1.0,0.6,True,6,1,4,9,140,1260,1260,140,1.0,1.0,1.0,35,2026-09-03T19:11:36
tdma_packet_loss,1,10,0.0,5,5,0.025,10,0.589927,0.6,1.0,1.2,True,12,1,5,19,232,2088,2088,232,1.0,1.0,1.0,58,2026-09-03T19:11:37
tdma_packet_loss,1,10,0.0,5,5,0.025,11,0.679172,0.6,1.0,1.4,True,14,1,1,20,148,1332,1332,148,1.0,1.0,1.0,37,2026-09-03T19:11:36
tdma_packet_loss,1,10,0.0,5,5,0.025,12,0.545124,0.8,1.0,0.6,True,6,1,0,10,104,936,936,104,1.0,1.0,1.0,26,2026-09-03T19:11:37
tdma_packet_loss,1,10,0.0,5,5,0.025,13,0.711978,0.8,1.0,0.5,True,5,1,5,16,204,1836,1836,204,1.0,1.0,1.0,51,2026-09-03T19:11:37
tdma_packet_loss,1,10,0.0,5,5,0.025,14,0.571916,0.8,1.0,0.5,True,5,1,1,9,140,1260,1260,140,1.0,1.0,1.0,35,2026-09-03T19:11:37
tdma_packet_loss,1,10,0.0,5,5,0.05,0,0.584555,0.8,1.0,1.6,True,16,1,18,26,116,1044,1044,116,1.0,1.0,1.0,58,2026-09-03T19:11:37
tdma_packet_loss,1,10,0.0,5,5,0.05,1,0.70013,0.8,1.0,2.0,True,20,1,14,21,148,1332,1332,148,1.0,1.0,1.0,74,2026-09-03T19:11:37
tdma_packet_loss,1,10,0.0,5,5,0.05,2,0.434362,0.6,1.0,2.0,True,20,1,0,24,80,720,720,80,1.0,1.0,1.0,40,2026-09-03T19:11:37
tdma_packet_loss,1,10,0.0,5,5,0.05,3,0.703411,0.6,1.0,3.1,True,31,1,0,34,102,918,918,102,1.0,1.0,1.0,51,2026-09-03T19:11:37
tdma_packet_loss,1,10,0.0,5,5,0.05,4,0.600454,0.8,1.0,1.1,True,11,1,4,15,98,882,882,98,1.0,1.0,1.0,49,2026-09-03T19:11:37
tdma_packet_loss,1,10,0.0,5,5,0.05,5,0.73454,0.6,1.0,1.1,True,11,1,23,20,144,1296,1296,144,1.0,1.0,1.0,72,2026-09-03T19:11:37
tdma_packet_loss,1,10,0.0,5,5,0.05,6,0.521212,1.0,1.0,2.8,True,28,1,0,28,96,864,864,96,1.0,1.0,1.0,48,2026-09-03T19:11:37
tdma_packet_loss,1,10,0.0,5,5,0.05,7,0.626926,0.6,1.0,1.4,True,14,1,4,12,86,774,774,86,1.0,1.0,1.0,43,2026-09-03T19:11:37
tdma_packet_loss,1,10,0.0,5,5,0.05,8,0.52089,0.6,1.0,1.5,True,15,1,3,23,78,702,702,78,1.0,1.0,1.0,39,2026-09-03T19:11:37
tdma_packet_loss,1,10,0.0,5,5,0.05,9,0.435131,0.8,1.0,1.7,True,17,1,4,16,114,1026,1026,114,1.0,1.0,1.0,57,2026-09-03T19:11:37
tdma_packet_loss,1,10,0.0,5,5,0.05,10,0.530821,0.8,1.0,1.5,True,15,1,0,19,70,630,630,70,1.0,1.0,1.0,35,2026-09-03T19:11:37
tdma_packet_loss,1,10,0.0,5,5,0.05,11,0.741664,0.6,1.0,1.4,True,14,1,14,15,128,1152,1152,128,1.0,1.0,1.0,64,2026-09-03T19:11:37
tdma_packet_loss,1,10,0.0,5,5,0.05,12,0.505298,0.8,1.0,0.9,True,9,1,0,13,58,522,522,58,1.0,1.0,1.0,29,2026-09-03T19:11:37
tdma_packet_loss,1,10,0.0,5,5,0.05,13,0.708592,0.8,1.0,0.8,True,8,1,13,15,120,1080,1080,120,1.0,1.0,1.0,60,2026-09-03T19:11:37
tdma_packet_loss,1,10,0.0,5,5,0.05,14,0.554513,0.8,1.0,1.1,True,11,1,2,20,72,648,648,72,1.0,1.0,1.0,36,2026-09-03T19:11:37
tdma_packet_loss,1,10,0.0,5,5,0.1,0,0.675214,0.6,1.0,3.1,True,31,1,13,36,65,585,585,65,1.0,1.0,1.0,65,2026-09-03T19:11:37
tdma_packet_loss,1,10,0.0,5,5,0.1,1,0.480574,1.0,1.0,3.2,True,32,1,0,36,52,468,468,52,1.0,1.0,1.0,52,2026-09-03T19:11:37
tdma_packet_loss,1,10,0.0,5,5,0.1,2,0.54134,0.8,1.0,2.5,True,25,1,0,28,45,405,405,45,1.0,1.0,1.0,45,2026-09-03T19:11:37
tdma_packet_loss,1,10,0.0,5,5,0.1,3,0.674222,0.6,1.0,5.9,True,59,1,0,45,79,711,711,79,1.0,1.0,1.0,79,2026-09-03T19:11:37
tdma_packet_loss,1,10,0.0,5,5,0.1,4,0.649569,0.8,1.0,1.7,True,17,1,17,15,56,504,504,56,1.0,1.0,1.0,56,2026-09-03T19:11:37
tdma_packet_loss,1,10,0.0,5,5,0.1,5,0.703425,0.6,1.0,2.1,True,21,1,10,25,62,558,558,62,1.0,1.0,1.0,62,2026-09-03T19:11:37
tdma_packet_loss,1,10,0.0,5,5,0.1,6,0.588964,0.6,1.0,3.3,True,33,1,0,27,53,477,477,53,1.0,1.0,1.0,53,2026-09-03T19:11:37
tdma_packet_loss,1,10,0.0,5,5,0.1,7,0.581744,0.6,1.0,3.0,True,30,1,8,25,60,540,540,60,1.0,1.0,1.0,60,2026-09-03T19:11:37
tdma_packet_loss,1,10,0.0,5,5,0.1,8,0.712586,0.4,1.0,4.2,True,42,1,16,30,90,810,810,90,1.0,1.0,1.0,90,2026-09-03T19:11:37
tdma_packet_loss,1,10,0.0,5,5,0.1,9,0.642569,0.8,1.0,2.0,True,20,1,4,19,62,558,558,62,1.0,1.0,1.0,62,2026-09-03T19:11:37
tdma_packet_loss,1,10,0.0,5,5,0.1,10,0.596369,0.8,1.0,3.9,True,39,1,15,33,81,729,729,81,1.0,1.0,1.0,81,2026-09-03T19:11:37
tdma_packet_loss,1,10,0.0,5,5,0.1,11,0.716109,0.6,1.0,3.1,True,31,1,9,25,68,612,612,68,1.0,1.0,1.0,68,2026-09-03T19:11:37
tdma_packet_loss,1,10,0.0,5,5,0.1,12,0.60094,0.8,1.0,3.1,True,31,1,0,35,51,459,459,51,1.0,1.0,1.0,51,2026-09-03T19:11:37
tdma_packet_loss,1,10,0.0,5,5,0.1,13,0.596584,1.0,1.0,3.6,True,36,1,0,19,56,504,504,56,1.0,1.0,1.0,56,2026-09-03T19:11:37
tdma_packet_loss,1,10,0.0,5,5,0.1,14,0.568799,1.0,1.0,1.4,True,14,1,4,18,44,396,396,44,1.0,1.0,1.0,44,2026-09-03T19:11:37
tdma_packet_loss,1,10,0.0,10,0,0.025,0,0.651409,0.4,1.0,2.4,True,24,1,7,25,388,3492,3492,388,1.0,1.0,1.0,97,2026-09-03T19:11:37
tdma_packet_loss,1,10,0.0,10,0,0.025,1,0.617644,0.7,1.0,2.6,True,26,1,6,34,232,2088,2088,232,1.0,1.0,1.0,58,2026-09-03T19:11:37
tdma_packet_loss,1,10,0.0,10,0,0.025,2,0.500254,0.7,1.0,2.7,True,27,1,5,24,212,1908,1908,212,1.0,1.0,1.0,53,2026-09-03T19:11:37
tdma_packet_loss,1,10,0.0,10,0,0.025,3,0.588513,0.5,1.0,1.5,True,15,1,25,22,300,2700,2700,300,1.0,1.0,1.0,75,2026-09-03T19:11:37
tdma_packet_loss,1,10,0.0,10,0,0.025,4,0.51891,0.6,1.0,1.1,True,11,1,16,27,204,1836,1836,204,1.0,1.0,1.0,51,2026-09-03T19:11:37
tdma_packet_loss,1,10,0.0,10,0,0.025,5,0.617168,0.6,1.0,1.2,True,12,1,19,15,376,3384,3384,376,1.0,1.0,1.0,94,2026-09-03T19:11:37
tdma_packet_loss,1,10,0.0,10,0,0.025,6,0.61071,0.6,1.0,2.1,True,21,1,9,33,288,2592,2592,288,1.0,1.0,1.0,72,2026-09-03T19:11:37
tdma_packet_loss,1,10,0.0,10,0,0.025,7,0.659115,0.5,1.0,0.9,True,9,1,15,25,332,2988,2988,332,1.0,1.0,1.0,83,2026-09-03T19:11:37
tdma_packet_loss,1,10,0.0,10,0,0.025,8,0.606229,0.6,1.0,1.0,True,10,1,7,21,248,2232,2232,248,1.0,1.0,1.0,62,2026-09-03T19:11:37
tdma_packet_loss,1,10,0.0,10,0,0.025,9,0.582471,0.6,1.0,1.9,True,19,1,8,22,312,2808,2808,312,1.0,1.0,1.0,78,2026-09-03T19:11:37
tdma_packet_loss,1,10,0.0,10,0,0.025,10,0.64868,0.4,1.0,1.0,True,10,1,21,36,212,1908,1908,212,1.0,1.0,1.0,53,2026-09-03T19:11:37
tdma_packet_loss,1,10,0.0,10,0,0.025,11,0.640244,0.5,1.0,0.7,True,7,1,17,11,332,2988,2988,332,1.0,1.0,1.0,83,2026-09-03T19:11:37
tdma_packet_loss,1,10,0.0,10,0,0.025,12,0.667366,0.5,1.0,1.4,True,14,1,17,29,324,2916,2916,324,1.0,1.0,1.0,81,2026-09-03T19:11:37
tdma_packet_loss,1,10,0.0,10,0,0.025,13,0.753381,0.4,1.0,2.0,True,20,1,5,21,304,2736,2736,304,1.0,1.0,1.0,76,2026-09-03T19:11:38
tdma_packet_loss,1,10,0.0,10,0,0.025,14,0.543738,0.7,1.0,1.4,True,14,1,3,22,152,1368,1368,152,1.0,1.0,1.0,38,2026-09-03T19:11:37
tdma_packet_loss,1,10,0.0,10,0,0.05,0,0.662023,0.4,1.0,2.8,True,28,1,7,27,150,1350,1350,150,1.0,1.0,1.0,75,2026-09-03T19:11:37
tdma_packet_loss,1,10,0.0,10,0,0.05,1,0.637008,0.5,1.0,2.9,True,29,1,13,33,218,1962,1962,218,1.0,1.0,1.0,109,2026-09-03T19:11:37
tdma_packet_loss,1,10,0.0,10,0,0.05,2,0.569935,0.7,1.0,2.1,True,21,1,9,35,102,918,918,102,1.0,1.0,1.0,51,2026-09-03T19:11:38
tdma_packet_loss,1,10,0.0,10,0,0.05,3,0.502618,0.6,1.0,3.0,True,30,1,10,37,160,1440,1440,160,1.0,1.0,1.0,80,2026-09-03T19:11:37
tdma_packet_loss,1,10,0.0,10,0,0.05,4,0.621176,0.7,1.0,2.2,True,22,1,16,26,198,1782,1782,198,1.0,1.0,1.0,99,2026-09-03T19:11:38
tdma_packet_loss,1,10,0.0,10,0,0.05,5,0.655676,0.5,1.0,2.8,True,28,1,14,27,202,1818,1818,202,1.0,1.0,1.0,101,2026-09-03T19:11:37
tdma_packet_loss,1,10,0.0,10,0,0.05,6,0.726649,0.5,1.0,3.4,True,34,1,8,38,174,1566,1566,174,1.0,1.0,1.0,87,2026-09-03T19:11:38
tdma_packet_loss,1,10,0.0,10,0,0.05,7,0.606872,0.5,1.0,2.3,True,23,1,3,28,114,1026,1026,114,1.0,1.0,1.0,57,2026-09-03T19:11:37
tdma_packet_loss,1,10,0.0,10,0,0.05,8,0.578403,0.5,1.0,1.9,True,19,1,22,22,146,1314,1314,146,1.0,1.0,1.0,73,2026-09-03T19:11:38
tdma_packet_loss,1,10,0.0,10,0,0.05,9,0.64762,0.5,1.0,3.7,True,37,1,25,56,246,2214,2214,246,1.0,1.0,1.0,123,2026-09-03T19:11:38
tdma_packet_loss,1,10,0.0,10,0,0.05,10,0.678221,0.5,1.0,3.5,True,35,1,14,42,292,2628,2628,292,1.0,1.0,1.0,146,2026-09-03T19:11:38
tdma_packet_loss,1,10,0.0,10,0,0.05,11,0.634077,0.5,1.0,1.4,True,14,1,16,27,148,1332,1332,148,1.0,1.0,1.0,74,2026-09-03T19:11:38
tdma_packet_loss,1,10,0.0,10,0,0.05,12,0.55454,0.5,1.0,3.6,True,36,1,7,37,176,1584,1584,176,1.0,1.0,1.0,88,2026-09-03T19:11:38
tdma_packet_loss,1,10,0.0,10,0,0.05,13,0.587384,0.6,1.0,2.7,True,27,1,17,27,198,1782,1782,198,1.0,1.0,1.0,99,2026-09-03T19:11:38
tdma_packet_loss,1,10,0.0,10,0,0.05,14,0.659768,0.6,1.0,2.2,True,22,1,5,26,148,1332,1332,148,1.0,1.0,1.0,74,2026-09-03T19:11:38
tdma_packet_loss,1,10,0.0,10,0,0.1,0,0.673948,0.6,1.0,5.0,True,50,1,30,55,119,1071,1071,119,1.0,1.0,1.0,119,2026-09-03T19:11:38
tdma_packet_loss,1,10,0.0,10,0,0.1,1,0.633105,0.6,1.0,3.6,True,36,1,13,42,94,846,846,94,1.0,1.0,1.0,94,2026-09-03T19:11:38
tdma_packet_loss,1,10,0.0,10,0,0.1,2,0.584373,0.6,1.0,3.9,True,39,1,0,27,59,531,531,59,1.0,1.0,1.0,59,2026-09-03T19:11:38
tdma_packet_loss,1,10,0.0,10,0,0.1,3,0.324632,0.4,1.0,4.3,True,43,1,0,36,63,567,567,63,1.0,1.0,1.0,63,2026-09-03T19:11:38
tdma_packet_loss,1,10,0.0,10,0,0.1,4,0.672652,0.4,1.0,5.2,True,52,1,0,47,72,648,648,72,1.0,1.0,1.0,72,2026-09-03T19:11:38
tdma_packet_loss,1,10,0.0,10,0,0.1,5,0.711207,0.5,1.0,3.5,True,35,1,38,36,125,1125,1125,125,1.0,1.0,1.0,125,2026-09-03T19:11:38
tdma_packet_loss,1,10,0.0,10,0,0.1,6,0.67155,0.6,1.0,5.8,True,58,1,23,37,141,1269,1269,141,1.0,1.0,1.0,141,2026-09-03T19:11:38
tdma_packet_loss,1,10,0.0,10,0,0.1,7,0.56984,0.6,1.0,4.2,True,42,1,19,36,105,945,945,105,1.0,1.0,1.0,105,2026-09-03T19:11:38
tdma_packet_loss,1,10,0.0,10,0,0.1,8,0.519731,0.5,1.0,4.2,True,42,1,0,37,62,558,558,62,1.0,1.0,1.0,62,2026-09-03T19:11:38
tdma_packet_loss,1,10,0.0,10,0,0.1,9,0.571648,0.2,1.0,3.5,True,35,1,14,39,94,846,846,94,1.0,1.0,1.0,94,2026-09-03T19:11:38
tdma_packet_loss,1,10,0.0,10,0,0.1,10,0.671424,0.4,1.0,6.0,True,60,1,0,56,80,720,720,80,1.0,1.0,1.0,80,2026-09-03T19:11:38
tdma_packet_loss,1,10,0.0,10,0,0.1,11,0.562201,0.7,1.0,3.2,True,32,1,24,41,93,837,837,93,1.0,1.0,1.0,93,2026-09-03T19:11:38
tdma_packet_loss,1,10,0.0,10,0,0.1,12,0.734342,0.2,1.0,4.2,True,42,1,50,41,143,1287,1287,143,1.0,1.0,1.0,143,2026-09-03T19:11:38
tdma_packet_loss,1,10,0.0,10,0,0.1,13,0.673953,0.4,1.0,4.6,True,46,1,43,31,156,1404,1404,156,1.0,1.0,1.0,156,2026-09-03T19:11:38
tdma_packet_loss,1,10,0.0,10,0,0.1,14,0.490816,0.6,1.0,4.3,True,43,1,0,42,63,567,567,63,1.0,1.0,1.0,63,2026-09-03T19:11:38
tdma_packet_loss,1,10,0.0,10,2,0.025,0,0.601865,0.6,1.0,1.8,True,18,1,11,27,224,2016,2016,224,1.0,1.0,1.0,56,2026-09-03T19:11:38
tdma_packet_loss,1,10,0.0,10,2,0.025,1,0.667518,0.6,1.0,3.4,True,34,1,1,37,276,2484,2484,276,1.0,1.0,1.0,69,2026-09-03T19:11:38
tdma_packet_loss,1,10,0.0,10,2,0.025,2,0.535537,0.7,1.0,2.8,True,28,1,4,24,212,1908,1908,212,1.0,1.0,1.0,53,2026-09-03T19:11:38
tdma_packet_loss,1,10,0.0,10,2,0.025,3,0.576657,0.5,1.0,1.5,True,15,1,35,33,464,4176,4176,464,1.0,1.0,1.0,116,2026-09-03T19:11:38
tdma_packet_loss,1,10,0.0,10,2,0.025,4,0.516152,0.6,1.0,1.1,True,11,1,16,27,204,1836,1836,204,1.0,1.0,1.0,51,2026-09-03T19:11:38
tdma_packet_loss,1,10,0.0,10,2,0.025,5,0.715343,0.6,1.0,1.2,True,12,1,20,15,376,3384,3384,376,1.0,1.0,1.0,94,2026-09-03T19:11:38
tdma_packet_loss,1,10,0.0,10,2,0.025,6,0.577875,0.5,1.0,2.8,True,28,1,7,31,336,3024,3024,336,1.0,1.0,1.0,84,2026-09-03T19:11:38
tdma_packet_loss,1,10,0.0,10,2,0.025,7,0.729729,0.4,1.0,0.9,True,9,1,20,32,304,2736,2736,304,1.0,1.0,1.0,76,2026-09-03T19:11:38
tdma_packet_loss,1,10,0.0,10,2,0.025,8,0.617777,0.6,1.0,1.0,True,10,1,7,21,248,2232,2232,248,1.0,1.0,1.0,62,2026-09-03T19:11:39
tdma_packet_loss,1,10,0.0,10,2,0.025,9,0.624246,0.5,1.0,1.9,True,19,1,7,22,312,2808,2808,312,1.0,1.0,1.0,78,2026-09-03T19:11:38
tdma_packet_loss,1,10,0.0,10,2,0.025,10,0.671465,0.5,1.0,1.0,True,10,1,24,36,296,2664,2664,296,1.0,1.0,1.0,74,2026-09-03T19:11:39
tdma_packet_loss,1,10,0.0,10,2,0.025,11,0.649762,0.4,1.0,0.9,True,9,1,15,13,332,2988,2988,332,1.0,1.0,1.0,83,2026-09-03T19:11:38
tdma_packet_loss,1,10,0.0,10,2,0.025,12,0.653909,0.5,1.0,1.4,True,14,1,17,29,324,2916,2916,324,1.0,1.0,1.0,81,2026-09-03T19:11:39
tdma_packet_loss,1,10,0.0,10,2,0.025,13,0.691361,0.5,1.0,2.0,True,20,1,6,21,264,2376,2376,264,1.0,1.0,1.0,66,2026-09-03T19:11:39
tdma_packet_loss,1,10,0.0,10,2,0.025,14,0.54184,0.7,1.0,1.4,True,14,1,3,22,152,1368,1368,152,1.0,1.0,1.0,38,2026-09-03T19:11:39
tdma_packet_loss,1,10,0.0,10,2,0.05,0,0.632432,0.5,1.0,2.8,True,28,1,14,27,132,1188,1188,132,1.0,1.0,1.0,66,2026-09-03T19:11:39
tdma_packet_loss,1,10,0.0,10,2,0.05,1,0.42763,0.8,1.0,3.3,True,33,1,11,37,184,1656,1656,184,1.0,1.0,1.0,92,2026-09-03T19:11:39
tdma_packet_loss,1,10,0.0,10,2,0.05,2,0.562891,0.7,1.0,2.1,True,21,1,12,35,108,972,972,108,1.0,1.0,1.0,54,2026-09-03T19:11:39
tdma_packet_loss,1,10,0.0,10,2,0.05,3,0.654239,0.6,1.0,3.0,True,30,1,17,34,200,1800,1800,200,1.0,1.0,1.0,100,2026-09-03T19:11:39
tdma_packet_loss,1,10,0.0,10,2,0.05,4,0.650299,0.6,1.0,2.2,True,22,1,18,26,158,1422,1422,158,1.0,1.0,1.0,79,2026-09-03T19:11:39
tdma_packet_loss,1,10,0.0,10,2,0.05,5,0.748065,0.5,1.0,2.8,True,28,1,19,33,192,1728,1728,192,1.0,1.0,1.0,96,2026-09-03T19:11:39
tdma_packet_loss,1,10,0.0,10,2,0.05,6,0.691335,0.4,1.0,3.4,True,34,1,10,41,150,1350,1350,150,1.0,1.0,1.0,75,2026-09-03T19:11:39
tdma_packet_loss,1,10,0.0,10,2,0.05,7,0.569186,0.4,1.0,2.9,True,29,1,5,31,114,1026,1026,114,1.0,1.0,1.0,57,2026-09-03T19:11:39
tdma_packet_loss,1,10,0.0,10,2,0.05,8,0.567803,0.5,1.0,1.9,True,19,1,22,22,146,1314,1314,146,1.0,1.0,1.0,73,2026-09-03T19:11:39
tdma_packet_loss,1,10,0.0,10,2,0.05,9,0.561349,0.5,1.0,3.3,True,33,1,20,36,198,1782,1782,198,1.0,1.0,1.0,99,2026-09-03T19:11:39
tdma_packet_loss,1,10,0.0,10,2,0.05,10,0.730418,0.4,1.0,3.5,True,35,1,14,41,290,2610,2610,290,1.0,1.0,1.0,145,2026-09-03T19:11:39
tdma_packet_loss,1,10,0.0,10,2,0.05,11,0.604863,0.5,1.0,1.4,True,14,1,16,27,148,1332,1332,148,1.0,1.0,1.0,74,2026-09-03T19:11:39
tdma_packet_loss,1,10,0.0,10,2,0.05,12,0.58253,0.5,1.0,3.6,True,36,1,10,32,182,1638,1638,182,1.0,1.0,1.0,91,2026-09-03T19:11:39
tdma_packet_loss,1,10,0.0,10,2,0.05,13,0.535521,0.5,1.0,2.7,True,27,1,9,27,136,1224,1224,136,1.0,1.0,1.0,68,2026-09-03T19:11:39
tdma_packet_loss,1,10,0.0,10,2,0.05,14,0.572781,0.6,1.0,2.2,True,22,1,8,26,144,1296,1296,144,1.0,1.0,1.0,72,2026-09-03T19:11:39
tdma_packet_loss,1,10,0.0,10,2,0.1,0,0.635121,0.5,1.0,5.9,True,59,1,3,43,93,837,837,93,1.0,1.0,1.0,93,2026-09-03T19:11:39
tdma_packet_loss,1,10,0.0,10,2,0.1,1,0.707985,0.4,1.0,5.4,True,54,1,10,56,90,810,810,90,1.0,1.0,1.0,90,2026-09-03T19:11:39
tdma_packet_loss,1,10,0.0,10,2,0.1,2,0.560747,0.5,1.0,3.5,True,35,1,0,27,55,495,495,55,1.0,1.0,1.0,55,2026-09-03T19:11:39
tdma_packet_loss,1,10,0.0,10,2,0.1,3,0.467507,0.5,1.0,4.1,True,41,1,11,37,84,756,756,84,1.0,1.0,1.0,84,2026-09-03T19:11:39
tdma_packet_loss,1,10,0.0,10,2,0.1,4,0.687542,0.4,1.0,5.2,True,52,1,0,47,72,648,648,72,1.0,1.0,1.0,72,2026-09-03T19:11:39
tdma_packet_loss,1,10,0.0,10,2,0.1,5,0.596477,0.4,1.0,3.0,True,30,1,27,30,127,1143,1143,127,1.0,1.0,1.0,127,2026-09-03T19:11:39
tdma_packet_loss,1,10,0.0,10,2,0.1,6,0.60806,0.4,1.0,3.7,True,37,1,19,47,94,846,846,94,1.0,1.0,1.0,94,2026-09-03T19:11:39
tdma_packet_loss,1,10,0.0,10,2,0.1,7,0.614219,0.5,1.0,4.3,True,43,1,16,37,129,1161,1161,129,1.0,1.0,1.0,129,2026-09-03T19:11:39
tdma_packet_loss,1,10,0.0,10,2,0.1,8,0.515172,0.6,1.0,4.2,True,42,1,0,37,62,558,558,62,1.0,1.0,1.0,62,2026-09-03T19:11:39
tdma_packet_loss,1,10,0.0,10,2,0.1,9,0.561672,0.7,1.0,3.4,True,34,1,17,34,94,846,846,94,1.0,1.0,1.0,94,2026-09-03T19:11:39
tdma_packet_loss,1,10,0.0,10,2,0.1,10,0.692769,0.3,1.0,6.2,True,62,1,0,66,82,738,738,82,1.0,1.0,1.0,82,2026-09-03T19:11:39
tdma_packet_loss,1,10,0.0,10,2,0.1,11,0.568,0.6,1.0,3.2,True,32,1,32,30,101,909,909,101,1.0,1.0,1.0,101,2026-09-03T19:11:39
tdma_packet_loss,1,10,0.0,10,2,0.1,12,0.594311,0.4,1.0,4.1,True,41,1,2,48,66,594,594,66,1.0,1.0,1.0,66,2026-09-03T19:11:39
tdma_packet_loss,1,10,0.0,10,2,0.1,13,0.527931,0.6,1.0,4.9,True,49,1,18,31,103,927,927,103,1.0,1.0,1.0,103,2026-09-03T19:11:39
tdma_packet_loss,1,10,0.0,10,2,0.1,14,0.569236,0.4,1.0,4.9,True,49,1,0,44,69,621,621,69,1.0,1.0,1.0,69,2026-09-03T19:11:39
tdma_packet_loss,1,10,0.0,10,5,0.025,0,0.616247,0.5,1.0,1.8,True,18,1,11,34,284,2556,2556,284,1.0,1.0,1.0,71,2026-09-03T19:11:39
tdma_packet_loss,1,10,0.0,10,5,0.025,1,0.687502,0.4,1.0,3.4,True,34,1,0,37,216,1944,1944,216,1.0,1.0,1.0,54,2026-09-03T19:11:39
tdma_packet_loss,1,10,0.0,10,5,0.025,2,0.649511,0.6,1.0,2.8,True,28,1,0,32,192,1728,1728,192,1.0,1.0,1.0,48,2026-09-03T19:11:39
tdma_packet_loss,1,10,0.0,10,5,0.025,3,0.737176,0.3,1.0,1.5,True,15,1,11,31,308,2772,2772,308,1.0,1.0,1.0,77,2026-09-03T19:11:39
tdma_packet_loss,1,10,0.0,10,5,0.025,4,0.610632,0.5,1.0,1.6,True,16,1,10,27,196,1764,1764,196,1.0,1.0,1.0,49,2026-09-03T19:11:39
tdma_packet_loss,1,10,0.0,10,5,0.025,5,0.665592,0.5,1.0,1.2,True,12,1,19,15,436,3924,3924,436,1.0,1.0,1.0,109,2026-09-03T19:11:40
tdma_packet_loss,1,10,0.0,10,5,0.025,6,0.567414,0.5,1.0,2.8,True,28,1,15,37,404,3636,3636,404,1.0,1.0,1.0,101,2026-09-03T19:11:40
tdma_packet_loss,1,10,0.0,10,5,0.025,7,0.657223,0.5,1.0,0.9,True,9,1,18,31,220,1980,1980,220,1.0,1.0,1.0,55,2026-09-03T19:11:40
tdma_packet_loss,1,10,0.0,10,5,0.025,8,0.547761,0.7,1.0,1.0,True,10,1,11,21,280,2520,2520,280,1.0,1.0,1.0,70,2026-09-03T19:11:39
tdma_packet_loss,1,10,0.0,10,5,0.025,9,0.681262,0.4,1.0,1.9,True,19,1,11,22,448,4032,4032,448,1.0,1.0,1.0,112,2026-09-03T19:11:40
tdma_packet_loss,1,10,0.0,10,5,0.025,10,0.696923,0.5,1.0,1.0,True,10,1,21,36,212,1908,1908,212,1.0,1.0,1.0,53,2026-09-03T19:11:39
tdma_packet_loss,1,10,0.0,10,5,0.025,11,0.576271,0.5,1.0,0.9,True,9,1,10,13,188,1692,1692,188,1.0,1.0,1.0,47,2026-09-03T19:11:40
tdma_packet_loss,1,10,0.0,10,5,0.025,12,0.611845,0.5,1.0,1.4,True,14,1,16,18,308,2772,2772,308,1.0,1.0,1.0,77,2026-09-03T19:11:40
tdma_packet_loss,1,10,0.0,10,5,0.025,13,0.700362,0.4,1.0,1.7,True,17,1,5,23,228,2052,2052,228,1.0,1.0,1.0,57,2026-09-03T19:11:40
tdma_packet_loss,1,10,0.0,10,5,0.025,14,0.658077,0.5,1.0,1.4,True,14,1,13,26,348,3132,3132,348,1.0,1.0,1.0,87,2026-09-03T19:11:40
tdma_packet_loss,1,10,0.0,10,5,0.05,0,0.739273,0.4,1.0,2.8,True,28,1,16,49,130,1170,1170,130,1.0,1.0,1.0,65,2026-09-03T19:11:40
tdma_packet_loss,1,10,0.0,10,5,0.05,1,0.602697,0.6,1.0,3.3,True,33,1,6,37,140,1260,1260,140,1.0,1.0,1.0,70,2026-09-03T19:11:39
tdma_packet_loss,1,10,0.0,10,5,0.05,2,0.59256,0.6,1.0,2.1,True,21,1,11,35,108,972,972,108,1.0,1.0,1.0,54,2026-09-03T19:11:40
tdma_packet_loss,1,10,0.0,10,5,0.05,3,0.686352,0.5,1.0,3.0,True,30,1,14,29,176,1584,1584,176,1.0,1.0,1.0,88,2026-09-03T19:11:40
tdma_packet_loss,1,10,0.0,10,5,0.05,4,0.681771,0.5,1.0,2.3,True,23,1,20,27,178,1602,1602,178,1.0,1.0,1.0,89,2026-09-03T19:11:40
tdma_packet_loss,1,10,0.0,10,5,0.05,5,0.688114,0.6,1.0,2.0,True,20,1,37,50,192,1728,1728,192,1.0,1.0,1.0,96,2026-09-03T19:11:40
tdma_packet_loss,1,10,0.0,10,5,0.05,6,0.717198,0.4,1.0,3.9,True,39,1,4,45,160,1440,1440,160,1.0,1.0,1.0,80,2026-09-03T19:11:40
tdma_packet_loss,1,10,0.0,10,5,0.05,7,0.593964,0.4,1.0,3.6,True,36,1,8,35,162,1458,1458,162,1.0,1.0,1.0,81,2026-09-03T19:11:40
tdma_packet_loss,1,10,0.0,10,5,0.05,8,0.571668,0.5,1.0,2.1,True,21,1,8,34,120,1080,1080,120,1.0,1.0,1.0,60,2026-09-03T19:11:40
tdma_packet_loss,1,10,0.0,10,5,0.05,9,0.615616,0.5,1.0,2.2,True,22,1,27,46,200,1800,1800,200,1.0,1.0,1.0,100,2026-09-03T19:11:40
tdma_packet_loss,1,10,0.0,10,5,0.05,10,0.607288,0.6,1.0,3.8,True,38,1,4,41,174,1566,1566,174,1.0,1.0,1.0,87,2026-09-03T19:11:40
tdma_packet_loss,1,10,0.0,10,5,0.05,11,0.530646,0.6,1.0,1.4,True,14,1,1,20,74,666,666,74,1.0,1.0,1.0,37,2026-09-03T19:11:40
tdma_packet_loss,1,10,0.0,10,5,0.05,12,0.555591,0.4,1.0,3.6,True,36,1,2,40,182,1638,1638,182,1.0,1.0,1.0,91,2026-09-03T19:11:40
tdma_packet_loss,1,10,0.0,10,5,0.05,13,0.640712,0.5,1.0,2.1,True,21,1,14,23,196,1764,1764,196,1.0,1.0,1.0,98,2026-09-03T19:11:40
tdma_packet_loss,1,10,0.0,10,5,0.05,14,0.52231,0.6,1.0,2.9,True,29,1,13,35,128,1152,1152,128,1.0,1.0,1.0,64,2026-09-03T19:11:40
tdma_packet_loss,1,10,0.0,10,5,0.1,0,0.756069,0.3,1.0,5.5,True,55,1,9,52,86,774,774,86,1.0,1.0,1.0,86,2026-09-03T19:11:40
tdma_packet_loss,1,10,0.0,10,5,0.1,1,0.683558,0.4,1.0,5.8,True,58,1,6,49,91,819,819,91,1.0,1.0,1.0,91,2026-09-03T19:11:40
tdma_packet_loss,1,10,0.0,10,5,0.1,2,0.606787,0.5,1.0,3.5,True,35,1,8,36,72,648,648,72,1.0,1.0,1.0,72,2026-09-03T19:11:40
tdma_packet_loss,1,10,0.0,10,5,0.1,3,0.671661,0.4,1.0,4.1,True,41,1,3,45,77,693,693,77,1.0,1.0,1.0,77,2026-09-03T19:11:40
tdma_packet_loss,1,10,0.0,10,5,0.1,4,0.679306,0.4,1.0,4.6,True,46,1,22,41,118,1062,1062,118,1.0,1.0,1.0,118,2026-09-03T19:11:40
tdma_packet_loss,1,10,0.0,10,5,0.1,5,0.596905,0.5,1.0,4.0,True,40,1,11,44,80,720,720,80,1.0,1.0,1.0,80,2026-09-03T19:11:40
tdma_packet_loss,1,10,0.0,10,5,0.1,6,0.65577,0.5,1.0,3.6,True,36,1,21,39,95,855,855,95,1.0,1.0,1.0,95,2026-09-03T19:11:40
tdma_packet_loss,1,10,0.0,10,5,0.1,7,0.592172,0.4,1.0,4.1,True,41,1,11,36,73,657,657,73,1.0,1.0,1.0,73,2026-09-03T19:11:40
tdma_packet_loss,1,10,0.0,10,5,0.1,8,0.720262,0.5,1.0,3.9,True,39,1,14,33,91,819,819,91,1.0,1.0,1.0,91,2026-09-03T19:11:40
tdma_packet_loss,1,10,0.0,10,5,0.1,9,0.644816,0.5,1.0,3.8,True,38,1,2,34,74,666,666,74,1.0,1.0,1.0,74,2026-09-03T19:11:40
tdma_packet_loss,1,10,0.0,10,5,0.1,10,0.676228,0.3,1.0,8.4,True,84,1,0,68,104,936,936,104,1.0,1.0,1.0,104,2026-09-03T19:11:40
tdma_packet_loss,1,10,0.0,10,5,0.1,11,0.58251,0.6,1.0,3.2,True,32,1,24,35,107,963,963,107,1.0,1.0,1.0,107,2026-09-03T19:11:40
tdma_packet_loss,1,10,0.0,10,5,0.1,12,0.780541,0.3,1.0,4.7,True,47,1,29,44,122,1098,1098,122,1.0,1.0,1.0,122,2026-09-03T19:11:40
tdma_packet_loss,1,10,0.0,10,5,0.1,13,0.682258,0.5,1.0,4.7,True,47,1,33,49,146,1314,1314,146,1.0,1.0,1.0,146,2026-09-03T19:11:40
tdma_packet_loss,1,10,0.0,10,5,0.1,14,0.591542,0.5,1.0,4.7,True,47,1,2,34,86,774,774,86,1.0,1.0,1.0,86,2026-09-03T19:11:40
tdma_packet_loss,1,10,0.05,3,0,0.025,0,0.61096,1.0,0.949864,2.1,True,21,1,0,10,159,1402,1476,164,0.969512,0.979734,0.949864,41,2026-09-03T19:11:40
tdma_packet_loss,1,10,0.05,3,0,0.025,1,0.489898,1.0,0.91746,0.5,True,5,1,8,19,132,1156,1260,140,0.942857,0.973064,0.91746,35,2026-09-03T19:11:40
tdma_packet_loss,1,10,0.05,3,0,0.025,2,0.607738,1.0,0.901667,3.0,True,30,1,0,11,186,1623,1800,200,0.93,0.969534,0.901667,50,2026-09-03T19:11:40
tdma_packet_loss,1,10,0.05,3,0,0.025,3,0.466708,0.666667,0.939327,1.1,True,11,1,4,22,146,1285,1368,152,0.960526,0.97793,0.939327,38,2026-09-03T19:11:40
tdma_packet_loss,1,10,0.05,3,0,0.025,4,0.529588,0.666667,0.939068,0.9,True,9,1,1,7,119,1048,1116,124,0.959677,0.978525,0.939068,31,2026-09-03T19:11:40
tdma_packet_loss,1,10,0.05,3,0,0.025,5,0.651078,0.666667,0.917154,0.9,True,9,1,5,12,214,1882,2052,228,0.938596,0.977155,0.917154,57,2026-09-03T19:11:40
tdma_packet_loss,1,10,0.05,3,0,0.025,6,0.554109,1.0,0.946615,1.6,True,16,1,4,20,247,2181,2304,256,0.964844,0.981107,0.946615,64,2026-09-03T19:11:40
tdma_packet_loss,1,10,0.05,3,0,0.025,7,0.588759,1.0,0.905382,0.5,True,5,1,6,10,118,1043,1152,128,0.921875,0.982109,0.905382,32,2026-09-03T19:11:40
tdma_packet_loss,1,10,0.05,3,0,0.025,8,0.523088,1.0,0.918301,0.6,True,6,1,10,9,256,2248,2448,272,0.941176,0.975694,0.918301,68,2026-09-03T19:11:40
tdma_packet_loss,1,10,0.05,3,0,0.025,9,0.590181,0.333333,0.858974,0.6,True,6,1,0,9,92,804,936,104,0.884615,0.971014,0.858974,26,2026-09-03T19:11:40
tdma_packet_loss,1,10,0.05,3,0,0.025,10,0.584334,1.0,0.901235,0.4,True,4,1,2,9,99,876,972,108,0.916667,0.983165,0.901235,27,2026-09-03T19:11:40
tdma_packet_loss,1,10,0.05,3,0,0.025,11,0.519566,1.0,0.932222,0.5,True,5,1,0,6,95,839,900,100,0.95,0.981287,0.932222,25,2026-09-03T19:11:40
tdma_packet_loss,1,10,0.05,3,0,0.025,12,0.692752,0.333333,0.945062,0.7,True,7,1,2,11,174,1531,1620,180,0.966667,0.97765,0.945062,45,2026-09-03T19:11:40
tdma_packet_loss,1,10,0.05,3,0,0.025,13,0.592638,1.0,0.938131,0.2,True,2,1,0,6,84,743,792,88,0.954545,0.982804,0.938131,22,2026-09-03T19:11:40
tdma_packet_loss,1,10,0.05,3,0,0.025,14,0.697652,1.0,0.942834,1.2,True,12,1,3,10,267,2342,2484,276,0.967391,0.974615,0.942834,69,2026-09-03T19:11:40
tdma_packet_loss,1,10,0.05,3,0,0.05,0,0.63439,1.0,0.938657,2.8,True,28,1,0,11,92,811,864,96,0.958333,0.979469,0.938657,48,2026-09-03T19:11:40
tdma_packet_loss,1,10,0.05,3,0,0.05,1,0.462997,1.0,0.929739,0.5,True,5,1,7,18,65,569,612,68,0.955882,0.97265,0.929739,34,2026-09-03T19:11:40
tdma_packet_loss,1,10,0.05,3,0,0.05,2,0.52257,1.0,0.880174,3.1,True,31,1,0,35,93,808,918,102,0.911765,0.965352,0.880174,51,2026-09-03T19:11:40
tdma_packet_loss,1,10,0.05,3,0,0.05,3,0.479307,0.666667,0.918699,2.1,True,21,1,0,25,77,678,738,82,0.939024,0.978355,0.918699,41,2026-09-03T19:11:40
tdma_packet_loss,1,10,0.05,3,0,0.05,4,0.47158,0.666667,0.923077,0.6,True,6,1,0,9,49,432,468,52,0.942308,0.979592,0.923077,26,2026-09-03T19:11:40
tdma_packet_loss,1,10,0.05,3,0,0.05,5,0.718707,0.333333,0.904655,1.4,True,14,1,13,19,137,1205,1332,148,0.925676,0.977291,0.904655,74,2026-09-03T19:11:40
tdma_packet_loss,1,10,0.05,3,0,0.05,6,0.467728,0.666667,0.958333,2.0,True,20,1,0,21,78,690,720,80,0.975,0.982906,0.958333,40,2026-09-03T19:11:40
tdma_packet_loss,1,10,0.05,3,0,0.05,7,0.562141,1.0,0.907859,1.4,True,14,1,5,21,76,670,738,82,0.926829,0.979532,0.907859,41,2026-09-03T19:11:40
tdma_packet_loss,1,10,0.05,3,0,0.05,8,0.503622,0.666667,0.920054,1.0,True,10,1,10,9,77,679,738,82,0.939024,0.979798,0.920054,41,2026-09-03T19:11:40
tdma_packet_loss,1,10,0.05,3,0,0.05,9,0.653439,0.666667,0.874074,1.0,True,10,1,9,24,108,944,1080,120,0.9,0.971193,0.874074,60,2026-09-03T19:11:40
tdma_packet_loss,1,10,0.05,3,0,0.05,10,0.553242,1.0,0.929012,1.6,True,16,1,0,11,68,602,648,72,0.944444,0.98366,0.929012,36,2026-09-03T19:11:40
tdma_packet_loss,1,10,0.05,3,0,0.05,11,0.537157,1.0,0.915709,0.9,True,9,1,0,11,54,478,522,58,0.931034,0.983539,0.915709,29,2026-09-03T19:11:40
tdma_packet_loss,1,10,0.05,3,0,0.05,12,0.564561,0.666667,0.948637,0.9,True,9,1,9,13,103,905,954,106,0.971698,0.976268,0.948637,53,2026-09-03T19:11:40
tdma_packet_loss,1,10,0.05,3,0,0.05,13,0.703662,1.0,0.947531,1.2,True,12,1,4,11,104,921,972,108,0.962963,0.983974,0.947531,54,2026-09-03T19:11:40
tdma_packet_loss,1,10,0.05,3,0,0.05,14,0.551584,1.0,0.962418,0.9,True,9,1,4,18,67,589,612,68,0.985294,0.976783,0.962418,34,2026-09-03T19:11:40
tdma_packet_loss,1,10,0.05,3,0,0.1,0,0.765112,0.333333,0.940594,2.6,True,26,1,20,15,97,855,909,101,0.960396,0.979381,0.940594,101,2026-09-03T19:11:41
tdma_packet_loss,1,10,0.05,3,0,0.1,1,0.686992,0.666667,0.938492,2.6,True,26,1,2,30,54,473,504,56,0.964286,0.973251,0.938492,56,2026-09-03T19:11:40
tdma_packet_loss,1,10,0.05,3,0,0.1,2,0.632584,1.0,0.873294,2.9,True,29,1,1,33,52,448,513,57,0.912281,0.957265,0.873294,57,2026-09-03T19:11:41
tdma_packet_loss,1,10,0.05,3,0,0.1,3,0.675032,1.0,0.924444,3.3,True,33,1,8,18,71,624,675,75,0.946667,0.976526,0.924444,75,2026-09-03T19:11:40
tdma_packet_loss,1,10,0.05,3,0,0.1,4,0.565947,0.333333,0.932249,1.0,True,10,1,1,14,39,344,369,41,0.95122,0.980057,0.932249,41,2026-09-03T19:11:40
tdma_packet_loss,1,10,0.05,3,0,0.1,5,0.559883,0.666667,0.862319,1.8,True,18,1,4,30,41,357,414,46,0.891304,0.96748,0.862319,46,2026-09-03T19:11:40
tdma_packet_loss,1,10,0.05,3,0,0.1,6,0.593409,1.0,0.969231,3.3,True,33,1,8,27,64,567,585,65,0.984615,0.984375,0.969231,65,2026-09-03T19:11:40
tdma_packet_loss,1,10,0.05,3,0,0.1,7,0.589623,1.0,0.898467,3.2,True,32,1,1,27,53,469,522,58,0.913793,0.983229,0.898467,58,2026-09-03T19:11:40
tdma_packet_loss,1,10,0.05,3,0,0.1,8,0.623834,1.0,0.94,3.0,True,30,1,0,25,48,423,450,50,0.96,0.979167,0.94,50,2026-09-03T19:11:41
tdma_packet_loss,1,10,0.05,3,0,0.1,9,0.668815,0.333333,0.888889,2.1,True,21,1,3,19,55,480,540,60,0.916667,0.969697,0.888889,60,2026-09-03T19:11:41
tdma_packet_loss,1,10,0.05,3,0,0.1,10,0.761262,0.666667,0.932605,1.1,True,11,1,14,17,58,512,549,61,0.95082,0.980843,0.932605,61,2026-09-03T19:11:41
tdma_packet_loss,1,10,0.05,3,0,0.1,11,0.598236,0.333333,0.920635,0.8,True,8,1,0,12,26,232,252,28,0.928571,0.991453,0.920635,28,2026-09-03T19:11:40
tdma_packet_loss,1,10,0.05,3,0,0.1,12,0.704647,0.666667,0.95478,2.6,True,26,1,19,33,84,739,774,86,0.976744,0.977513,0.95478,86,2026-09-03T19:11:41
tdma_packet_loss,1,10,0.05,3,0,0.1,13,0.680362,1.0,0.942857,2.5,True,25,1,18,11,67,594,630,70,0.957143,0.985075,0.942857,70,2026-09-03T19:11:41
tdma_packet_loss,1,10,0.05,3,0,0.1,14,0.436446,1.0,0.945869,1.9,True,19,1,0,16,38,332,351,39,0.974359,0.97076,0.945869,39,2026-09-03T19:11:41
tdma_packet_loss,1,10,0.05,3,2,0.025,0,0.646683,1.0,0.939024,2.1,True,21,1,0,10,157,1386,1476,164,0.957317,0.980892,0.939024,41,2026-09-03T19:11:41
tdma_packet_loss,1,10,0.05,3,2,0.025,1,0.562709,1.0,0.934343,0.5,True,5,1,8,19,169,1480,1584,176,0.960227,0.973044,0.934343,44,2026-09-03T19:11:41
tdma_packet_loss,1,10,0.05,3,2,0.025,2,0.636198,1.0,0.914894,2.7,True,27,1,0,8,177,1548,1692,188,0.941489,0.971751,0.914894,47,2026-09-03T19:11:41
tdma_packet_loss,1,10,0.05,3,2,0.025,3,0.462859,0.666667,0.919591,1.1,True,11,1,5,22,143,1258,1368,152,0.940789,0.977467,0.919591,38,2026-09-03T19:11:41
tdma_packet_loss,1,10,0.05,3,2,0.025,4,0.491271,0.666667,0.931004,0.9,True,9,1,1,15,118,1039,1116,124,0.951613,0.978343,0.931004,31,2026-09-03T19:11:41
tdma_packet_loss,1,10,0.05,3,2,0.025,5,0.570346,0.666667,0.932432,1.0,True,10,1,3,18,141,1242,1332,148,0.952703,0.978723,0.932432,37,2026-09-03T19:11:41
tdma_packet_loss,1,10,0.05,3,2,0.025,6,0.569748,1.0,0.961806,1.6,True,16,1,3,20,188,1662,1728,192,0.979167,0.98227,0.961806,48,2026-09-03T19:11:41
tdma_packet_loss,1,10,0.05,3,2,0.025,7,0.611617,1.0,0.927951,0.5,True,5,1,6,10,121,1069,1152,128,0.945312,0.981635,0.927951,32,2026-09-03T19:11:41
tdma_packet_loss,1,10,0.05,3,2,0.025,8,0.623679,0.666667,0.916667,0.7,True,7,1,2,11,173,1518,1656,184,0.940217,0.974952,0.916667,46,2026-09-03T19:11:41
tdma_packet_loss,1,10,0.05,3,2,0.025,9,0.640549,0.666667,0.886508,0.8,True,8,1,3,11,128,1117,1260,140,0.914286,0.969618,0.886508,35,2026-09-03T19:11:41
tdma_packet_loss,1,10,0.05,3,2,0.025,10,0.598396,0.666667,0.926554,0.4,True,4,1,16,10,224,1968,2124,236,0.949153,0.97619,0.926554,59,2026-09-03T19:11:41
tdma_packet_loss,1,10,0.05,3,2,0.025,11,0.525583,1.0,0.945556,0.5,True,5,1,0,6,96,851,900,100,0.96,0.984954,0.945556,25,2026-09-03T19:11:41
tdma_packet_loss,1,10,0.05,3,2,0.025,12,0.639265,0.666667,0.912346,0.7,True,7,1,2,11,168,1478,1620,180,0.933333,0.977513,0.912346,45,2026-09-03T19:11:41
tdma_packet_loss,1,10,0.05,3,2,0.025,13,0.618646,1.0,0.959596,0.2,True,2,1,0,6,86,760,792,88,0.977273,0.981912,0.959596,22,2026-09-03T19:11:41
tdma_packet_loss,1,10,0.05,3,2,0.025,14,0.641446,1.0,0.917535,0.9,True,9,1,1,16,120,1057,1152,128,0.9375,0.978704,0.917535,32,2026-09-03T19:11:41
tdma_packet_loss,1,10,0.05,3,2,0.05,0,0.669629,1.0,0.947991,2.7,True,27,1,0,11,91,802,846,94,0.968085,0.979243,0.947991,47,2026-09-03T19:11:41
tdma_packet_loss,1,10,0.05,3,2,0.05,1,0.570984,1.0,0.947028,0.6,True,6,1,13,9,84,733,774,86,0.976744,0.969577,0.947028,43,2026-09-03T19:11:41
tdma_packet_loss,1,10,0.05,3,2,0.05,2,0.537367,0.666667,0.884532,3.1,True,31,1,0,35,93,812,918,102,0.911765,0.970131,0.884532,51,2026-09-03T19:11:41
tdma_packet_loss,1,10,0.05,3,2,0.05,3,0.494719,0.666667,0.905149,1.6,True,16,1,4,25,76,668,738,82,0.926829,0.976608,0.905149,41,2026-09-03T19:11:41
tdma_packet_loss,1,10,0.05,3,2,0.05,4,0.567919,0.666667,0.919897,1.0,True,10,1,5,14,81,712,774,86,0.94186,0.97668,0.919897,43,2026-09-03T19:11:41
tdma_packet_loss,1,10,0.05,3,2,0.05,5,0.597403,0.666667,0.9393,1.0,True,10,1,10,20,104,913,972,108,0.962963,0.975427,0.9393,54,2026-09-03T19:11:41
tdma_packet_loss,1,10,0.05,3,2,0.05,6,0.602103,0.666667,0.955247,2.0,True,20,1,10,24,140,1238,1296,144,0.972222,0.98254,0.955247,72,2026-09-03T19:11:41
tdma_packet_loss,1,10,0.05,3,2,0.05,7,0.597167,1.0,0.964052,1.4,True,14,1,0,13,67,590,612,68,0.985294,0.978441,0.964052,34,2026-09-03T19:11:41
tdma_packet_loss,1,10,0.05,3,2,0.05,8,0.675224,0.666667,0.918033,1.1,True,11,1,14,9,115,1008,1098,122,0.942623,0.973913,0.918033,61,2026-09-03T19:11:41
tdma_packet_loss,1,10,0.05,3,2,0.05,9,0.62493,0.666667,0.887963,2.2,True,22,1,1,19,110,959,1080,120,0.916667,0.968687,0.887963,60,2026-09-03T19:11:41
tdma_packet_loss,1,10,0.05,3,2,0.05,10,0.554026,1.0,0.903794,2.1,True,21,1,0,19,75,667,738,82,0.914634,0.988148,0.903794,41,2026-09-03T19:11:41
tdma_packet_loss,1,10,0.05,3,2,0.05,11,0.547383,1.0,0.954023,0.9,True,9,1,0,11,56,498,522,58,0.965517,0.988095,0.954023,29,2026-09-03T19:11:41
tdma_packet_loss,1,10,0.05,3,2,0.05,12,0.586526,0.666667,0.923457,0.9,True,9,1,1,13,85,748,810,90,0.944444,0.977778,0.923457,45,2026-09-03T19:11:41
tdma_packet_loss,1,10,0.05,3,2,0.05,13,0.633841,1.0,0.954545,1.3,True,13,1,0,11,64,567,594,66,0.969697,0.984375,0.954545,33,2026-09-03T19:11:41
tdma_packet_loss,1,10,0.05,3,2,0.05,14,0.582578,1.0,0.894636,0.9,True,9,1,0,13,53,467,522,58,0.913793,0.979036,0.894636,29,2026-09-03T19:11:41
tdma_packet_loss,1,10,0.05,3,2,0.1,0,0.619008,0.666667,0.945736,2.3,True,23,1,0,14,42,366,387,43,0.976744,0.968254,0.945736,43,2026-09-03T19:11:41
tdma_packet_loss,1,10,0.05,3,2,0.1,1,0.552628,1.0,0.972746,3.3,True,33,1,0,23,53,464,477,53,1.0,0.972746,0.972746,53,2026-09-03T19:11:41
tdma_packet_loss,1,10,0.05,3,2,0.1,2,0.676747,0.0,0.870915,4.8,True,48,1,0,34,61,533,612,68,0.897059,0.970856,0.870915,68,2026-09-03T19:11:41
tdma_packet_loss,1,10,0.05,3,2,0.1,3,0.559081,0.666667,0.911111,3.3,True,33,1,1,18,56,492,540,60,0.933333,0.97619,0.911111,60,2026-09-03T19:11:41
tdma_packet_loss,1,10,0.05,3,2,0.1,4,0.696425,0.333333,0.91453,1.0,True,10,1,17,14,73,642,702,78,0.935897,0.977169,0.91453,78,2026-09-03T19:11:41
tdma_packet_loss,1,10,0.05,3,2,0.1,5,0.624358,0.666667,0.936819,2.1,True,21,1,26,25,98,860,918,102,0.960784,0.975057,0.936819,102,2026-09-03T19:11:41
tdma_packet_loss,1,10,0.05,3,2,0.1,6,0.653278,1.0,0.966667,3.5,True,35,1,1,27,59,522,540,60,0.983333,0.983051,0.966667,60,2026-09-03T19:11:41
tdma_packet_loss,1,10,0.05,3,2,0.1,7,0.649992,1.0,0.958333,2.8,True,28,1,0,16,47,414,432,48,0.979167,0.978723,0.958333,48,2026-09-03T19:11:41
tdma_packet_loss,1,10,0.05,3,2,0.1,8,0.634918,0.333333,0.90873,2.7,True,27,1,5,40,52,458,504,56,0.928571,0.978632,0.90873,56,2026-09-03T19:11:41
tdma_packet_loss,1,10,0.05,3,2,0.1,9,0.68138,0.666667,0.878939,4.0,True,40,1,3,19,61,530,603,67,0.910448,0.965392,0.878939,67,2026-09-03T19:11:41
tdma_packet_loss,1,10,0.05,3,2,0.1,10,0.719297,0.333333,0.905018,1.1,True,11,1,22,16,57,505,558,62,0.919355,0.984405,0.905018,62,2026-09-03T19:11:41
tdma_packet_loss,1,10,0.05,3,2,0.1,11,0.615906,0.333333,0.960317,0.8,True,8,1,0,12,27,242,252,28,0.964286,0.995885,0.960317,28,2026-09-03T19:11:41
tdma_packet_loss,1,10,0.05,3,2,0.1,12,0.669284,0.666667,0.925439,2.7,True,27,1,21,32,72,633,684,76,0.947368,0.976852,0.925439,76,2026-09-03T19:11:41
tdma_packet_loss,1,10,0.05,3,2,0.1,13,0.719253,0.666667,0.958656,1.7,True,17,1,19,11,84,742,774,86,0.976744,0.981481,0.958656,86,2026-09-03T19:11:41
tdma_packet_loss,1,10,0.05,3,2,0.1,14,0.540523,1.0,0.900285,1.9,True,19,1,0,18,36,316,351,39,0.923077,0.975309,0.900285,39,2026-09-03T19:11:41
tdma_packet_loss,1,10,0.05,3,5,0.025,0,0.669817,1.0,0.95155,2.3,True,23,1,0,12,167,1473,1548,172,0.97093,0.98004,0.95155,43,2026-09-03T19:11:41
tdma_packet_loss,1,10,0.05,3,5,0.025,1,0.582102,1.0,0.919192,0.5,True,5,1,9,19,166,1456,1584,176,0.943182,0.974565,0.919192,44,2026-09-03T19:11:41
tdma_packet_loss,1,10,0.05,3,5,0.025,2,0.484734,1.0,0.886831,0.5,True,5,1,1,11,99,862,972,108,0.916667,0.967452,0.886831,27,2026-09-03T19:11:41
tdma_packet_loss,1,10,0.05,3,5,0.025,3,0.715933,0.666667,0.932292,1.5,True,15,1,2,19,183,1611,1728,192,0.953125,0.978142,0.932292,48,2026-09-03T19:11:41
tdma_packet_loss,1,10,0.05,3,5,0.025,4,0.448658,0.666667,0.923913,0.3,True,3,1,0,6,87,765,828,92,0.945652,0.977011,0.923913,23,2026-09-03T19:11:41
tdma_packet_loss,1,10,0.05,3,5,0.025,5,0.625647,0.666667,0.906156,0.9,True,9,1,3,12,137,1207,1332,148,0.925676,0.978913,0.906156,37,2026-09-03T19:11:41
tdma_packet_loss,1,10,0.05,3,5,0.025,6,0.553372,0.666667,0.968254,1.5,True,15,1,0,18,138,1220,1260,140,0.985714,0.982287,0.968254,35,2026-09-03T19:11:41
tdma_packet_loss,1,10,0.05,3,5,0.025,7,0.592392,1.0,0.931992,0.5,True,5,1,3,13,110,973,1044,116,0.948276,0.982828,0.931992,29,2026-09-03T19:11:41
tdma_packet_loss,1,10,0.05,3,5,0.025,8,0.669199,0.666667,0.922336,0.5,True,5,1,6,9,185,1627,1764,196,0.943878,0.977177,0.922336,49,2026-09-03T19:11:41
tdma_packet_loss,1,10,0.05,3,5,0.025,9,0.596502,0.666667,0.861905,0.6,True,6,1,3,9,124,1086,1260,140,0.885714,0.973118,0.861905,35,2026-09-03T19:11:41
tdma_packet_loss,1,10,0.05,3,5,0.025,10,0.583251,0.666667,0.9129,0.4,True,4,1,12,10,220,1939,2124,236,0.932203,0.979293,0.9129,59,2026-09-03T19:11:41
tdma_packet_loss,1,10,0.05,3,5,0.025,11,0.520299,1.0,0.932222,0.5,True,5,1,0,6,95,839,900,100,0.95,0.981287,0.932222,25,2026-09-03T19:11:41
tdma_packet_loss,1,10,0.05,3,5,0.025,12,0.713945,0.333333,0.945062,0.7,True,7,1,2,11,174,1531,1620,180,0.966667,0.97765,0.945062,45,2026-09-03T19:11:41
tdma_packet_loss,1,10,0.05,3,5,0.025,13,0.639115,1.0,0.94213,0.4,True,4,1,0,8,92,814,864,96,0.958333,0.983092,0.94213,24,2026-09-03T19:11:41
tdma_packet_loss,1,10,0.05,3,5,0.025,14,0.604199,1.0,0.957465,1.0,True,10,1,1,16,126,1103,1152,128,0.984375,0.972663,0.957465,32,2026-09-03T19:11:41
tdma_packet_loss,1,10,0.05,3,5,0.05,0,0.619903,1.0,0.937352,1.6,True,16,1,10,6,90,793,846,94,0.957447,0.979012,0.937352,47,2026-09-03T19:11:41
tdma_packet_loss,1,10,0.05,3,5,0.05,1,0.640685,1.0,0.915094,0.6,True,6,1,23,25,100,873,954,106,0.943396,0.97,0.915094,53,2026-09-03T19:11:41
tdma_packet_loss,1,10,0.05,3,5,0.05,2,0.547645,1.0,0.880759,0.9,True,9,1,7,20,75,650,738,82,0.914634,0.962963,0.880759,41,2026-09-03T19:11:41
tdma_packet_loss,1,10,0.05,3,5,0.05,3,0.671039,0.666667,0.933723,1.5,True,15,1,8,15,109,958,1026,114,0.95614,0.976555,0.933723,57,2026-09-03T19:11:41
tdma_packet_loss,1,10,0.05,3,5,0.05,4,0.723241,0.666667,0.937963,0.6,True,6,1,7,9,115,1013,1080,120,0.958333,0.978744,0.937963,60,2026-09-03T19:11:41
tdma_packet_loss,1,10,0.05,3,5,0.05,5,0.765947,0.666667,0.905632,1.4,True,14,1,10,22,135,1190,1314,146,0.924658,0.979424,0.905632,73,2026-09-03T19:11:41
tdma_packet_loss,1,10,0.05,3,5,0.05,6,0.720624,0.666667,0.967372,2.3,True,23,1,11,24,124,1097,1134,126,0.984127,0.982975,0.967372,63,2026-09-03T19:11:41
tdma_packet_loss,1,10,0.05,3,5,0.05,7,0.597724,1.0,0.934641,1.4,True,14,1,0,13,65,572,612,68,0.955882,0.977778,0.934641,34,2026-09-03T19:11:41
tdma_packet_loss,1,10,0.05,3,5,0.05,8,0.621038,0.666667,0.910747,1.1,True,11,1,13,9,114,1000,1098,122,0.934426,0.974659,0.910747,61,2026-09-03T19:11:41
tdma_packet_loss,1,10,0.05,3,5,0.05,9,0.686262,0.666667,0.874074,1.5,True,15,1,5,24,108,944,1080,120,0.9,0.971193,0.874074,60,2026-09-03T19:11:41
tdma_packet_loss,1,10,0.05,3,5,0.05,10,0.529062,1.0,0.921498,1.5,True,15,1,10,11,86,763,828,92,0.934783,0.985788,0.921498,46,2026-09-03T19:11:41
tdma_packet_loss,1,10,0.05,3,5,0.05,11,0.537478,1.0,0.907986,1.2,True,12,1,0,16,59,523,576,64,0.921875,0.984934,0.907986,32,2026-09-03T19:11:41
tdma_packet_loss,1,10,0.05,3,5,0.05,12,0.591165,0.666667,0.955314,0.9,True,9,1,2,13,90,791,828,92,0.978261,0.976543,0.955314,46,2026-09-03T19:11:41
tdma_packet_loss,1,10,0.05,3,5,0.05,13,0.650997,1.0,0.939394,1.3,True,13,1,0,12,63,558,594,66,0.954545,0.984127,0.939394,33,2026-09-03T19:11:41
tdma_packet_loss,1,10,0.05,3,5,0.05,14,0.593912,1.0,0.962418,0.9,True,9,1,2,18,67,589,612,68,0.985294,0.976783,0.962418,34,2026-09-03T19:11:41
tdma_packet_loss,1,10,0.05,3,5,0.1,0,0.543906,0.666667,0.906566,2.4,True,24,1,0,17,41,359,396,44,0.931818,0.9729,0.906566,44,2026-09-03T19:11:41
tdma_packet_loss,1,10,0.05,3,5,0.1,1,0.75578,0.333333,0.9137,3.3,True,33,1,25,25,97,847,927,103,0.941748,0.970218,0.9137,103,2026-09-03T19:11:41
tdma_packet_loss,1,10,0.05,3,5,0.1,2,0.593461,0.666667,0.879473,3.0,True,30,1,1,25,54,467,531,59,0.915254,0.960905,0.879473,59,2026-09-03T19:11:41
tdma_packet_loss,1,10,0.05,3,5,0.1,3,0.632716,0.666667,0.909091,2.0,True,20,1,11,18,51,450,495,55,0.927273,0.980392,0.909091,55,2026-09-03T19:11:41
tdma_packet_loss,1,10,0.05,3,5,0.1,4,0.673471,1.0,0.921569,1.1,True,11,1,23,14,64,564,612,68,0.941176,0.979167,0.921569,68,2026-09-03T19:11:41
tdma_packet_loss,1,10,0.05,3,5,0.1,5,0.549718,0.666667,0.872685,2.6,True,26,1,1,32,43,377,432,48,0.895833,0.97416,0.872685,48,2026-09-03T19:11:41
tdma_packet_loss,1,10,0.05,3,5,0.1,6,0.712811,0.666667,0.958333,2.5,True,25,1,13,30,78,690,720,80,0.975,0.982906,0.958333,80,2026-09-03T19:11:41
tdma_packet_loss,1,10,0.05,3,5,0.1,7,0.627538,1.0,0.93617,2.7,True,27,1,0,16,45,396,423,47,0.957447,0.977778,0.93617,47,2026-09-03T19:11:41
tdma_packet_loss,1,10,0.05,3,5,0.1,8,0.607156,0.666667,0.926587,2.6,True,26,1,5,36,53,467,504,56,0.946429,0.979036,0.926587,56,2026-09-03T19:11:41
tdma_packet_loss,1,10,0.05,3,5,0.1,9,0.694067,0.333333,0.878472,2.2,True,22,1,8,19,58,506,576,64,0.90625,0.969349,0.878472,64,2026-09-03T19:11:41
tdma_packet_loss,1,10,0.05,3,5,0.1,10,0.720263,0.333333,0.929577,2.3,True,23,1,5,21,67,594,639,71,0.943662,0.985075,0.929577,71,2026-09-03T19:11:41
tdma_packet_loss,1,10,0.05,3,5,0.1,11,0.709984,0.333333,0.917137,0.8,True,8,1,5,12,55,487,531,59,0.932203,0.983838,0.917137,59,2026-09-03T19:11:41
tdma_packet_loss,1,10,0.05,3,5,0.1,12,0.590867,0.666667,0.978723,2.7,True,27,1,0,31,47,414,423,47,1.0,0.978723,0.978723,47,2026-09-03T19:11:41
tdma_packet_loss,1,10,0.05,3,5,0.1,13,0.673596,1.0,0.939394,1.7,True,17,1,11,11,63,558,594,66,0.954545,0.984127,0.939394,66,2026-09-03T19:11:41
tdma_packet_loss,1,10,0.05,3,5,0.1,14,0.635048,1.0,0.958106,1.4,True,14,1,7,18,60,526,549,61,0.983607,0.974074,0.958106,61,2026-09-03T19:11:42
tdma_packet_loss,1,10,0.05,5,0,0.025,0,0.603499,0.6,0.932605,2.1,True,21,1,2,19,232,2048,2196,244,0.95082,0.980843,0.932605,61,2026-09-03T19:11:41
tdma_packet_loss,1,10,0.05,5,0,0.025,1,0.432193,0.8,0.938438,1.4,True,14,1,2,19,143,1250,1332,148,0.966216,0.971251,0.938438,37,2026-09-03T19:11:42
tdma_packet_loss,1,10,0.05,5,0,0.025,2,0.464759,1.0,0.914894,2.7,True,27,1,0,13,177,1548,1692,188,0.941489,0.971751,0.914894,47,2026-09-03T19:11:41
tdma_packet_loss,1,10,0.05,5,0,0.025,3,0.556313,0.8,0.923953,2.8,True,28,1,2,31,231,2029,2196,244,0.946721,0.97595,0.923953,61,2026-09-03T19:11:42
tdma_packet_loss,1,10,0.05,5,0,0.025,4,0.52124,0.8,0.928889,0.5,True,5,1,0,9,95,836,900,100,0.95,0.977778,0.928889,25,2026-09-03T19:11:41
tdma_packet_loss,1,10,0.05,5,0,0.025,5,0.539143,0.6,0.935185,1.0,True,10,1,5,16,149,1313,1404,156,0.955128,0.97912,0.935185,39,2026-09-03T19:11:42
tdma_packet_loss,1,10,0.05,5,0,0.025,6,0.556541,1.0,0.951977,1.6,True,16,1,4,21,229,2022,2124,236,0.970339,0.981077,0.951977,59,2026-09-03T19:11:42
tdma_packet_loss,1,10,0.05,5,0,0.025,7,0.551023,0.8,0.927951,1.2,True,12,1,0,11,121,1069,1152,128,0.945312,0.981635,0.927951,32,2026-09-03T19:11:42
tdma_packet_loss,1,10,0.05,5,0,0.025,8,0.580872,0.8,0.910606,2.0,True,20,1,3,28,205,1803,1980,220,0.931818,0.977236,0.910606,55,2026-09-03T19:11:42
tdma_packet_loss,1,10,0.05,5,0,0.025,9,0.515759,0.8,0.886508,0.8,True,8,1,3,11,128,1117,1260,140,0.914286,0.969618,0.886508,35,2026-09-03T19:11:42
tdma_packet_loss,1,10,0.05,5,0,0.025,10,0.583422,0.6,0.919811,1.0,True,10,1,8,16,200,1755,1908,212,0.943396,0.975,0.919811,53,2026-09-03T19:11:42
tdma_packet_loss,1,10,0.05,5,0,0.025,11,0.623427,0.6,0.946697,1.4,True,14,1,1,20,142,1261,1332,148,0.959459,0.986698,0.946697,37,2026-09-03T19:11:42
tdma_packet_loss,1,10,0.05,5,0,0.025,12,0.681113,0.4,0.912346,0.6,True,6,1,4,10,168,1478,1620,180,0.933333,0.977513,0.912346,45,2026-09-03T19:11:42
tdma_packet_loss,1,10,0.05,5,0,0.025,13,0.712094,0.8,0.941239,0.5,True,5,1,6,16,200,1762,1872,208,0.961538,0.978889,0.941239,52,2026-09-03T19:11:42
tdma_packet_loss,1,10,0.05,5,0,0.025,14,0.545556,1.0,0.921111,0.5,True,5,1,0,9,94,829,900,100,0.94,0.979905,0.921111,25,2026-09-03T19:11:42
tdma_packet_loss,1,10,0.05,5,0,0.05,0,0.55666,0.8,0.947991,2.7,True,27,1,0,15,91,802,846,94,0.968085,0.979243,0.947991,47,2026-09-03T19:11:42
tdma_packet_loss,1,10,0.05,5,0,0.05,1,0.636874,0.8,0.94942,2.0,True,20,1,7,21,131,1145,1206,134,0.977612,0.971162,0.94942,67,2026-09-03T19:11:42
tdma_packet_loss,1,10,0.05,5,0,0.05,2,0.5331,0.6,0.884532,2.2,True,22,1,6,35,93,812,918,102,0.911765,0.970131,0.884532,51,2026-09-03T19:11:42
tdma_packet_loss,1,10,0.05,5,0,0.05,3,0.638218,0.8,0.926564,2.8,True,28,1,12,32,165,1451,1566,174,0.948276,0.977104,0.926564,87,2026-09-03T19:11:42
tdma_packet_loss,1,10,0.05,5,0,0.05,4,0.601456,0.8,0.927438,1.1,True,11,1,4,15,93,818,882,98,0.94898,0.9773,0.927438,49,2026-09-03T19:11:42
tdma_packet_loss,1,10,0.05,5,0,0.05,5,0.672955,0.6,0.936806,2.8,True,28,1,17,29,153,1349,1440,160,0.95625,0.979666,0.936806,80,2026-09-03T19:11:42
tdma_packet_loss,1,10,0.05,5,0,0.05,6,0.639506,0.6,0.959436,2.9,True,29,1,7,47,123,1088,1134,126,0.97619,0.982836,0.959436,63,2026-09-03T19:11:42
tdma_packet_loss,1,10,0.05,5,0,0.05,7,0.662148,0.8,0.921922,1.4,True,14,1,15,27,139,1228,1332,148,0.939189,0.981615,0.921922,74,2026-09-03T19:11:42
tdma_packet_loss,1,10,0.05,5,0,0.05,8,0.695892,0.8,0.910819,2.6,True,26,1,15,32,142,1246,1368,152,0.934211,0.974961,0.910819,76,2026-09-03T19:11:42
tdma_packet_loss,1,10,0.05,5,0,0.05,9,0.59075,0.8,0.888889,2.0,True,20,1,12,19,123,1072,1206,134,0.91791,0.968383,0.888889,67,2026-09-03T19:11:42
tdma_packet_loss,1,10,0.05,5,0,0.05,10,0.573762,1.0,0.909437,1.8,True,18,1,13,24,136,1195,1314,146,0.931507,0.976307,0.909437,73,2026-09-03T19:11:42
tdma_packet_loss,1,10,0.05,5,0,0.05,11,0.684569,0.6,0.951977,1.4,True,14,1,12,15,114,1011,1062,118,0.966102,0.98538,0.951977,59,2026-09-03T19:11:42
tdma_packet_loss,1,10,0.05,5,0,0.05,12,0.568689,0.6,0.890653,0.9,True,9,1,7,12,115,1010,1134,126,0.912698,0.975845,0.890653,63,2026-09-03T19:11:42
tdma_packet_loss,1,10,0.05,5,0,0.05,13,0.627089,0.8,0.955975,0.8,True,8,1,8,15,103,912,954,106,0.971698,0.983819,0.955975,53,2026-09-03T19:11:42
tdma_packet_loss,1,10,0.05,5,0,0.05,14,0.582948,1.0,0.894636,0.9,True,9,1,0,10,53,467,522,58,0.913793,0.979036,0.894636,29,2026-09-03T19:11:42
tdma_packet_loss,1,10,0.05,5,0,0.1,0,0.616425,0.6,0.936508,3.1,True,31,1,1,30,54,472,504,56,0.964286,0.971193,0.936508,56,2026-09-03T19:11:42
tdma_packet_loss,1,10,0.05,5,0,0.1,1,0.62171,1.0,0.966667,3.2,True,32,1,9,36,70,609,630,70,1.0,0.966667,0.966667,70,2026-09-03T19:11:42
tdma_packet_loss,1,10,0.05,5,0,0.1,2,0.616555,0.4,0.893298,3.6,True,36,1,47,32,116,1013,1134,126,0.920635,0.970307,0.893298,126,2026-09-03T19:11:42
tdma_packet_loss,1,10,0.05,5,0,0.1,3,0.50508,0.8,0.896396,3.2,True,32,1,18,53,68,597,666,74,0.918919,0.97549,0.896396,74,2026-09-03T19:11:42
tdma_packet_loss,1,10,0.05,5,0,0.1,4,0.672151,0.8,0.91954,1.7,True,17,1,37,37,82,720,783,87,0.942529,0.97561,0.91954,87,2026-09-03T19:11:42
tdma_packet_loss,1,10,0.05,5,0,0.1,5,0.579566,0.2,0.921753,3.0,True,30,1,19,46,67,589,639,71,0.943662,0.976783,0.921753,71,2026-09-03T19:11:42
tdma_packet_loss,1,10,0.05,5,0,0.1,6,0.557623,1.0,0.968254,2.9,True,29,1,8,33,62,549,567,63,0.984127,0.983871,0.968254,63,2026-09-03T19:11:42
tdma_packet_loss,1,10,0.05,5,0,0.1,7,0.567305,0.6,0.962963,3.0,True,30,1,8,25,59,520,540,60,0.983333,0.979284,0.962963,60,2026-09-03T19:11:42
tdma_packet_loss,1,10,0.05,5,0,0.1,8,0.632193,0.4,0.910331,3.7,True,37,1,0,41,53,467,513,57,0.929825,0.979036,0.910331,57,2026-09-03T19:11:42
tdma_packet_loss,1,10,0.05,5,0,0.1,9,0.714654,0.2,0.873874,3.4,True,34,1,7,18,67,582,666,74,0.905405,0.965174,0.873874,74,2026-09-03T19:11:42
tdma_packet_loss,1,10,0.05,5,0,0.1,10,0.590451,0.4,0.901587,3.7,True,37,1,10,34,64,568,630,70,0.914286,0.986111,0.901587,70,2026-09-03T19:11:42
tdma_packet_loss,1,10,0.05,5,0,0.1,11,0.691523,0.6,0.954802,3.1,True,31,1,6,25,57,507,531,59,0.966102,0.988304,0.954802,59,2026-09-03T19:11:42
tdma_packet_loss,1,10,0.05,5,0,0.1,12,0.535238,0.4,0.925439,3.9,True,39,1,12,31,72,633,684,76,0.947368,0.976852,0.925439,76,2026-09-03T19:11:42
tdma_packet_loss,1,10,0.05,5,0,0.1,13,0.710863,0.0,0.957746,2.2,True,22,1,24,15,69,612,639,71,0.971831,0.985507,0.957746,71,2026-09-03T19:11:42
tdma_packet_loss,1,10,0.05,5,0,0.1,14,0.672649,0.2,0.897996,2.7,True,27,1,4,20,56,493,549,61,0.918033,0.978175,0.897996,61,2026-09-03T19:11:42
tdma_packet_loss,1,10,0.05,5,2,0.025,0,0.578293,0.8,0.939276,2.3,True,23,1,0,27,165,1454,1548,172,0.959302,0.979125,0.939276,43,2026-09-03T19:11:42
tdma_packet_loss,1,10,0.05,5,2,0.025,1,0.464962,0.8,0.901652,1.7,True,17,1,0,21,137,1201,1332,148,0.925676,0.974047,0.901652,37,2026-09-03T19:11:42
tdma_packet_loss,1,10,0.05,5,2,0.025,2,0.424451,1.0,0.920251,1.1,True,11,1,0,13,118,1027,1116,124,0.951613,0.967043,0.920251,31,2026-09-03T19:11:42
tdma_packet_loss,1,10,0.05,5,2,0.025,3,0.702526,0.6,0.922303,2.2,True,22,1,5,26,260,2291,2484,276,0.942029,0.97906,0.922303,69,2026-09-03T19:11:42
tdma_packet_loss,1,10,0.05,5,2,0.025,4,0.592065,0.8,0.9375,0.6,True,6,1,8,10,200,1755,1872,208,0.961538,0.975,0.9375,52,2026-09-03T19:11:42
tdma_packet_loss,1,10,0.05,5,2,0.025,5,0.61986,0.4,0.922087,1.2,True,12,1,20,15,309,2722,2952,328,0.942073,0.978785,0.922087,82,2026-09-03T19:11:42
tdma_packet_loss,1,10,0.05,5,2,0.025,6,0.578276,0.4,0.960884,2.4,True,24,1,1,25,192,1695,1764,196,0.979592,0.980903,0.960884,49,2026-09-03T19:11:42
tdma_packet_loss,1,10,0.05,5,2,0.025,7,0.535312,0.8,0.948785,1.2,True,12,1,0,16,124,1093,1152,128,0.96875,0.979391,0.948785,32,2026-09-03T19:11:42
tdma_packet_loss,1,10,0.05,5,2,0.025,8,0.661623,0.6,0.914141,1.9,True,19,1,1,23,206,1810,1980,220,0.936364,0.976268,0.914141,55,2026-09-03T19:11:42
tdma_packet_loss,1,10,0.05,5,2,0.025,9,0.511387,0.8,0.911111,0.6,True,6,1,3,9,132,1148,1260,140,0.942857,0.96633,0.911111,35,2026-09-03T19:11:42
tdma_packet_loss,1,10,0.05,5,2,0.025,10,0.580202,0.8,0.934127,1.2,True,12,1,1,19,134,1177,1260,140,0.957143,0.975954,0.934127,35,2026-09-03T19:11:42
tdma_packet_loss,1,10,0.05,5,2,0.025,11,0.642858,0.6,0.934685,1.4,True,14,1,1,20,140,1245,1332,148,0.945946,0.988095,0.934685,37,2026-09-03T19:11:42
tdma_packet_loss,1,10,0.05,5,2,0.025,12,0.671507,0.6,0.934568,0.6,True,6,1,2,10,172,1514,1620,180,0.955556,0.978036,0.934568,45,2026-09-03T19:11:42
tdma_packet_loss,1,10,0.05,5,2,0.025,13,0.709142,0.8,0.935185,0.5,True,5,1,5,16,195,1717,1836,204,0.955882,0.978348,0.935185,51,2026-09-03T19:11:42
tdma_packet_loss,1,10,0.05,5,2,0.025,14,0.63988,0.8,0.94152,0.7,True,7,1,2,11,147,1288,1368,152,0.967105,0.973545,0.94152,38,2026-09-03T19:11:42
tdma_packet_loss,1,10,0.05,5,2,0.05,0,0.520258,0.8,0.934783,1.6,True,16,1,8,30,88,774,828,92,0.956522,0.977273,0.934783,46,2026-09-03T19:11:42
tdma_packet_loss,1,10,0.05,5,2,0.05,1,0.513952,0.8,0.90101,3.5,True,35,1,0,20,102,892,990,110,0.927273,0.971678,0.90101,55,2026-09-03T19:11:42
tdma_packet_loss,1,10,0.05,5,2,0.05,2,0.51593,0.6,0.92924,3.0,True,30,1,19,21,182,1589,1710,190,0.957895,0.970085,0.92924,95,2026-09-03T19:11:42
tdma_packet_loss,1,10,0.05,5,2,0.05,3,0.583044,0.8,0.924074,2.8,True,28,1,21,33,170,1497,1620,180,0.944444,0.978431,0.924074,90,2026-09-03T19:11:42
tdma_packet_loss,1,10,0.05,5,2,0.05,4,0.648236,1.0,0.933692,1.3,True,13,1,26,42,178,1563,1674,186,0.956989,0.975655,0.933692,93,2026-09-03T19:11:42
tdma_packet_loss,1,10,0.05,5,2,0.05,5,0.699071,0.8,0.921147,2.5,True,25,1,5,24,117,1028,1116,124,0.943548,0.976258,0.921147,62,2026-09-03T19:11:42
tdma_packet_loss,1,10,0.05,5,2,0.05,6,0.634957,0.6,0.968491,2.8,True,28,1,6,27,132,1168,1206,134,0.985075,0.983165,0.968491,67,2026-09-03T19:11:42
tdma_packet_loss,1,10,0.05,5,2,0.05,7,0.573431,0.6,0.957364,1.4,True,14,1,5,13,84,741,774,86,0.976744,0.980159,0.957364,43,2026-09-03T19:11:42
tdma_packet_loss,1,10,0.05,5,2,0.05,8,0.604302,0.6,0.899782,1.9,True,19,1,4,23,94,826,918,102,0.921569,0.976359,0.899782,51,2026-09-03T19:11:42
tdma_packet_loss,1,10,0.05,5,2,0.05,9,0.574242,0.8,0.918033,1.8,True,18,1,5,22,116,1008,1098,122,0.95082,0.965517,0.918033,61,2026-09-03T19:11:42
tdma_packet_loss,1,10,0.05,5,2,0.05,10,0.666449,0.6,0.935294,2.0,True,20,1,8,28,163,1431,1530,170,0.958824,0.97546,0.935294,85,2026-09-03T19:11:42
tdma_packet_loss,1,10,0.05,5,2,0.05,11,0.714691,0.8,0.929952,1.4,True,14,1,12,15,130,1155,1242,138,0.942029,0.987179,0.929952,69,2026-09-03T19:11:42
tdma_packet_loss,1,10,0.05,5,2,0.05,12,0.684011,0.6,0.919962,0.9,True,9,1,7,13,111,977,1062,118,0.940678,0.977978,0.919962,59,2026-09-03T19:11:42
tdma_packet_loss,1,10,0.05,5,2,0.05,13,0.645422,0.8,0.955975,0.8,True,8,1,8,15,103,912,954,106,0.971698,0.983819,0.955975,53,2026-09-03T19:11:42
tdma_packet_loss,1,10,0.05,5,2,0.05,14,0.630382,0.8,0.946809,1.9,True,19,1,5,31,91,801,846,94,0.968085,0.978022,0.946809,47,2026-09-03T19:11:42
tdma_packet_loss,1,10,0.05,5,2,0.1,0,0.593454,0.8,0.933934,3.2,True,32,1,15,46,71,622,666,74,0.959459,0.973396,0.933934,74,2026-09-03T19:11:42
tdma_packet_loss,1,10,0.05,5,2,0.1,1,0.570066,0.4,0.907721,3.0,True,30,1,41,35,110,964,1062,118,0.932203,0.973737,0.907721,118,2026-09-03T19:11:42
tdma_packet_loss,1,10,0.05,5,2,0.1,2,0.654445,0.2,0.918403,4.4,True,44,1,0,48,61,529,576,64,0.953125,0.96357,0.918403,64,2026-09-03T19:11:43
tdma_packet_loss,1,10,0.05,5,2,0.1,3,0.613628,0.8,0.921189,3.0,True,30,1,26,38,81,713,774,86,0.94186,0.978052,0.921189,86,2026-09-03T19:11:43
tdma_packet_loss,1,10,0.05,5,2,0.1,4,0.596062,1.0,0.944444,4.0,True,40,1,0,44,58,510,540,60,0.966667,0.977011,0.944444,60,2026-09-03T19:11:43
tdma_packet_loss,1,10,0.05,5,2,0.1,5,0.67075,0.8,0.931624,2.2,True,22,1,12,27,62,545,585,65,0.953846,0.976703,0.931624,65,2026-09-03T19:11:43
tdma_packet_loss,1,10,0.05,5,2,0.1,6,0.597931,0.6,0.968519,4.0,True,40,1,0,37,59,523,540,60,0.983333,0.984934,0.968519,60,2026-09-03T19:11:43
tdma_packet_loss,1,10,0.05,5,2,0.1,7,0.509259,0.6,0.951389,3.0,True,30,1,12,25,62,548,576,64,0.96875,0.982079,0.951389,64,2026-09-03T19:11:42
tdma_packet_loss,1,10,0.05,5,2,0.1,8,0.569686,0.6,0.875421,4.6,True,46,1,0,40,59,520,594,66,0.893939,0.979284,0.875421,66,2026-09-03T19:11:43
tdma_packet_loss,1,10,0.05,5,2,0.1,9,0.719514,0.4,0.919048,2.9,True,29,1,13,28,67,579,630,70,0.957143,0.960199,0.919048,70,2026-09-03T19:11:43
tdma_packet_loss,1,10,0.05,5,2,0.1,10,0.610048,0.6,0.938272,4.3,True,43,1,0,46,60,532,567,63,0.952381,0.985185,0.938272,63,2026-09-03T19:11:43
tdma_packet_loss,1,10,0.05,5,2,0.1,11,0.638937,0.6,0.969868,2.2,True,22,1,5,26,58,515,531,59,0.983051,0.98659,0.969868,59,2026-09-03T19:11:42
tdma_packet_loss,1,10,0.05,5,2,0.1,12,0.528795,0.6,0.945419,3.7,True,37,1,0,41,55,485,513,57,0.964912,0.979798,0.945419,57,2026-09-03T19:11:43
tdma_packet_loss,1,10,0.05,5,2,0.1,13,0.669913,0.4,0.964286,2.2,True,22,1,13,19,55,486,504,56,0.982143,0.981818,0.964286,56,2026-09-03T19:11:43
tdma_packet_loss,1,10,0.05,5,2,0.1,14,0.629388,0.2,0.926554,2.8,True,28,1,1,32,56,492,531,59,0.949153,0.97619,0.926554,59,2026-09-03T19:11:43
tdma_packet_loss,1,10,0.05,5,5,0.025,0,0.605567,1.0,0.93254,1.6,True,16,1,3,27,213,1880,2016,224,0.950893,0.980699,0.93254,56,2026-09-03T19:11:43
tdma_packet_loss,1,10,0.05,5,5,0.025,1,0.45325,0.8,0.938438,1.4,True,14,1,2,19,143,1250,1332,148,0.966216,0.971251,0.938438,37,2026-09-03T19:11:43
tdma_packet_loss,1,10,0.05,5,5,0.025,2,0.490497,0.6,0.9,1.0,True,10,1,2,19,130,1134,1260,140,0.928571,0.969231,0.9,35,2026-09-03T19:11:43
tdma_packet_loss,1,10,0.05,5,5,0.025,3,0.744728,0.4,0.942029,1.0,True,10,1,27,29,266,2340,2484,276,0.963768,0.977444,0.942029,69,2026-09-03T19:11:43
tdma_packet_loss,1,10,0.05,5,5,0.025,4,0.518396,0.8,0.928889,0.5,True,5,1,0,8,95,836,900,100,0.95,0.977778,0.928889,25,2026-09-03T19:11:43
tdma_packet_loss,1,10,0.05,5,5,0.025,5,0.673375,0.4,0.929365,0.7,True,7,1,3,11,133,1171,1260,140,0.95,0.978279,0.929365,35,2026-09-03T19:11:43
tdma_packet_loss,1,10,0.05,5,5,0.025,6,0.602126,0.8,0.95078,2.5,True,25,1,5,33,221,1951,2052,228,0.969298,0.980895,0.95078,57,2026-09-03T19:11:43
tdma_packet_loss,1,10,0.05,5,5,0.025,7,0.557991,0.8,0.927083,1.2,True,12,1,0,11,121,1068,1152,128,0.945312,0.980716,0.927083,32,2026-09-03T19:11:43
tdma_packet_loss,1,10,0.05,5,5,0.025,8,0.635956,0.6,0.906746,1.9,True,19,1,5,27,208,1828,2016,224,0.928571,0.976496,0.906746,56,2026-09-03T19:11:43
tdma_packet_loss,1,10,0.05,5,5,0.025,9,0.700614,0.6,0.892702,0.7,True,7,1,6,17,187,1639,1836,204,0.916667,0.973856,0.892702,51,2026-09-03T19:11:43
tdma_packet_loss,1,10,0.05,5,5,0.025,10,0.598642,0.6,0.926245,1.2,True,12,1,3,19,220,1934,2088,232,0.948276,0.976768,0.926245,58,2026-09-03T19:11:43
tdma_packet_loss,1,10,0.05,5,5,0.025,11,0.679915,0.6,0.945195,1.4,True,14,1,1,20,142,1259,1332,148,0.959459,0.985133,0.945195,37,2026-09-03T19:11:43
tdma_packet_loss,1,10,0.05,5,5,0.025,12,0.545124,0.8,0.901709,0.6,True,6,1,0,10,96,844,936,104,0.923077,0.976852,0.901709,26,2026-09-03T19:11:43
tdma_packet_loss,1,10,0.05,5,5,0.025,13,0.757023,0.6,0.940087,0.7,True,7,1,6,16,196,1726,1836,204,0.960784,0.978458,0.940087,51,2026-09-03T19:11:43
tdma_packet_loss,1,10,0.05,5,5,0.025,14,0.579169,0.8,0.921429,0.5,True,5,1,1,9,132,1161,1260,140,0.942857,0.977273,0.921429,35,2026-09-03T19:11:43
tdma_packet_loss,1,10,0.05,5,5,0.05,0,0.572413,0.8,0.931034,1.6,True,16,1,18,26,110,972,1044,116,0.948276,0.981818,0.931034,58,2026-09-03T19:11:43
tdma_packet_loss,1,10,0.05,5,5,0.05,1,0.568514,0.8,0.950505,2.5,True,25,1,7,34,108,941,990,110,0.981818,0.968107,0.950505,55,2026-09-03T19:11:43
tdma_packet_loss,1,10,0.05,5,5,0.05,2,0.436954,0.6,0.866959,1.8,True,18,1,0,21,68,593,684,76,0.894737,0.968954,0.866959,38,2026-09-03T19:11:43
tdma_packet_loss,1,10,0.05,5,5,0.05,3,0.704097,0.6,0.965142,3.1,True,31,1,0,34,101,886,918,102,0.990196,0.974697,0.965142,51,2026-09-03T19:11:43
tdma_packet_loss,1,10,0.05,5,5,0.05,4,0.606634,0.8,0.925926,1.1,True,11,1,3,15,91,800,864,96,0.947917,0.976801,0.925926,48,2026-09-03T19:11:43
tdma_packet_loss,1,10,0.05,5,5,0.05,5,0.650725,0.6,0.920635,1.5,True,15,1,0,19,66,580,630,70,0.942857,0.976431,0.920635,35,2026-09-03T19:11:43
tdma_packet_loss,1,10,0.05,5,5,0.05,6,0.520379,1.0,0.961806,2.8,True,28,1,0,28,94,831,864,96,0.979167,0.98227,0.961806,48,2026-09-03T19:11:43
tdma_packet_loss,1,10,0.05,5,5,0.05,7,0.613497,0.6,0.934109,1.4,True,14,1,4,12,82,723,774,86,0.953488,0.979675,0.934109,43,2026-09-03T19:11:43
tdma_packet_loss,1,10,0.05,5,5,0.05,8,0.630474,1.0,0.915675,2.8,True,28,1,3,32,105,923,1008,112,0.9375,0.97672,0.915675,56,2026-09-03T19:11:43
tdma_packet_loss,1,10,0.05,5,5,0.05,9,0.566031,0.8,0.893162,2.0,True,20,1,12,24,120,1045,1170,130,0.923077,0.967593,0.893162,65,2026-09-03T19:11:43
tdma_packet_loss,1,10,0.05,5,5,0.05,10,0.572223,0.6,0.904412,1.7,True,17,1,5,24,126,1107,1224,136,0.926471,0.97619,0.904412,68,2026-09-03T19:11:43
tdma_packet_loss,1,10,0.05,5,5,0.05,11,0.734064,0.6,0.939236,1.4,True,14,1,14,15,122,1082,1152,128,0.953125,0.985428,0.939236,64,2026-09-03T19:11:43
tdma_packet_loss,1,10,0.05,5,5,0.05,12,0.530755,0.6,0.92963,1.0,True,10,1,0,14,57,502,540,60,0.95,0.978558,0.92963,30,2026-09-03T19:11:43
tdma_packet_loss,1,10,0.05,5,5,0.05,13,0.710777,0.8,0.95082,0.8,True,8,1,14,15,118,1044,1098,122,0.967213,0.983051,0.95082,61,2026-09-03T19:11:43
tdma_packet_loss,1,10,0.05,5,5,0.05,14,0.649888,0.6,0.921569,1.1,True,11,1,10,17,96,846,918,102,0.941176,0.979167,0.921569,51,2026-09-03T19:11:43
tdma_packet_loss,1,10,0.05,5,5,0.1,0,0.664138,0.6,0.953361,4.1,True,41,1,10,36,79,695,729,81,0.975309,0.977496,0.953361,81,2026-09-03T19:11:43
tdma_packet_loss,1,10,0.05,5,5,0.1,1,0.558174,1.0,0.97076,3.2,True,32,1,1,41,57,498,513,57,1.0,0.97076,0.97076,57,2026-09-03T19:11:43
tdma_packet_loss,1,10,0.05,5,5,0.1,2,0.638998,0.4,0.875661,6.4,True,64,1,0,49,76,662,756,84,0.904762,0.967836,0.875661,84,2026-09-03T19:11:43
tdma_packet_loss,1,10,0.05,5,5,0.1,3,0.670537,0.4,0.962714,4.9,True,49,1,32,53,147,1291,1341,149,0.986577,0.975813,0.962714,149,2026-09-03T19:11:43
tdma_packet_loss,1,10,0.05,5,5,0.1,4,0.709081,0.6,0.91439,4.1,True,41,1,0,17,57,502,549,61,0.934426,0.978558,0.91439,61,2026-09-03T19:11:43
tdma_packet_loss,1,10,0.05,5,5,0.1,5,0.701535,0.8,0.930556,4.2,True,42,1,26,46,107,938,1008,112,0.955357,0.974039,0.930556,112,2026-09-03T19:11:43
tdma_packet_loss,1,10,0.05,5,5,0.1,6,0.775181,0.6,0.962283,3.4,True,34,1,14,27,107,944,981,109,0.981651,0.98027,0.962283,109,2026-09-03T19:11:43
tdma_packet_loss,1,10,0.05,5,5,0.1,7,0.58125,0.6,0.962963,3.0,True,30,1,8,31,59,520,540,60,0.983333,0.979284,0.962963,60,2026-09-03T19:11:43
tdma_packet_loss,1,10,0.05,5,5,0.1,8,0.61777,0.4,0.912963,3.6,True,36,1,3,44,56,493,540,60,0.933333,0.978175,0.912963,60,2026-09-03T19:11:43
tdma_packet_loss,1,10,0.05,5,5,0.1,9,0.7449,0.0,0.87011,5.1,True,51,1,0,37,64,556,639,71,0.901408,0.965278,0.87011,71,2026-09-03T19:11:43
tdma_packet_loss,1,10,0.05,5,5,0.1,10,0.628089,0.4,0.903175,3.1,True,31,1,9,34,64,569,630,70,0.914286,0.987847,0.903175,70,2026-09-03T19:11:43
tdma_packet_loss,1,10,0.05,5,5,0.1,11,0.72694,0.6,0.95915,3.1,True,31,1,9,26,66,587,612,68,0.970588,0.988215,0.95915,68,2026-09-03T19:11:43
tdma_packet_loss,1,10,0.05,5,5,0.1,12,0.674495,0.4,0.931624,3.8,True,38,1,1,42,62,545,585,65,0.953846,0.976703,0.931624,65,2026-09-03T19:11:43
tdma_packet_loss,1,10,0.05,5,5,0.1,13,0.604915,1.0,0.946429,3.6,True,36,1,0,40,54,477,504,56,0.964286,0.981481,0.946429,56,2026-09-03T19:11:43
tdma_packet_loss,1,10,0.05,5,5,0.1,14,0.662476,0.0,0.883513,1.6,True,16,1,12,23,56,493,558,62,0.903226,0.978175,0.883513,62,2026-09-03T19:11:43
tdma_packet_loss,1,10,0.05,10,0,0.025,0,0.614351,0.5,0.935658,1.8,True,18,1,17,25,374,3301,3528,392,0.954082,0.980689,0.935658,98,2026-09-03T19:11:43
tdma_packet_loss,1,10,0.05,10,0,0.025,1,0.606181,0.7,0.935185,2.6,True,26,1,8,29,230,2020,2160,240,0.958333,0.975845,0.935185,60,2026-09-03T19:11:43
tdma_packet_loss,1,10,0.05,10,0,0.025,2,0.574408,0.6,0.914894,2.4,True,24,1,2,31,177,1548,1692,188,0.941489,0.971751,0.914894,47,2026-09-03T19:11:43
tdma_packet_loss,1,10,0.05,10,0,0.025,3,0.575533,0.5,0.942593,1.5,True,15,1,26,22,289,2545,2700,300,0.963333,0.97847,0.942593,75,2026-09-03T19:11:43
tdma_packet_loss,1,10,0.05,10,0,0.025,4,0.537184,0.7,0.936508,1.1,True,11,1,7,22,188,1652,1764,196,0.959184,0.976359,0.936508,49,2026-09-03T19:11:43
tdma_packet_loss,1,10,0.05,10,0,0.025,5,0.629092,0.5,0.933665,2.6,True,26,1,11,29,256,2252,2412,268,0.955224,0.977431,0.933665,67,2026-09-03T19:11:43
tdma_packet_loss,1,10,0.05,10,0,0.025,6,0.582135,0.6,0.947003,2.1,True,21,1,10,33,294,2591,2736,304,0.967105,0.979214,0.947003,76,2026-09-03T19:11:43
tdma_packet_loss,1,10,0.05,10,0,0.025,7,0.664999,0.2,0.930864,2.2,True,22,1,9,30,343,3016,3240,360,0.952778,0.977,0.930864,90,2026-09-03T19:11:43
tdma_packet_loss,1,10,0.05,10,0,0.025,8,0.528717,0.6,0.908925,1.0,True,10,1,12,26,227,1996,2196,244,0.930328,0.976995,0.908925,61,2026-09-03T19:11:43
tdma_packet_loss,1,10,0.05,10,0,0.025,9,0.592202,0.5,0.906433,1.9,True,19,1,6,24,282,2480,2736,304,0.927632,0.977147,0.906433,76,2026-09-03T19:11:43
tdma_packet_loss,1,10,0.05,10,0,0.025,10,0.621507,0.4,0.920335,1.0,True,10,1,21,36,200,1756,1908,212,0.943396,0.975556,0.920335,53,2026-09-03T19:11:43
tdma_packet_loss,1,10,0.05,10,0,0.025,11,0.556238,0.5,0.945652,0.7,True,7,1,17,12,177,1566,1656,184,0.961957,0.983051,0.945652,46,2026-09-03T19:11:43
tdma_packet_loss,1,10,0.05,10,0,0.025,12,0.68484,0.5,0.928922,1.2,True,12,1,16,29,387,3411,3672,408,0.948529,0.979328,0.928922,102,2026-09-03T19:11:43
tdma_packet_loss,1,10,0.05,10,0,0.025,13,0.750036,0.4,0.938231,2.0,True,20,1,5,21,292,2567,2736,304,0.960526,0.976788,0.938231,76,2026-09-03T19:11:43
tdma_packet_loss,1,10,0.05,10,0,0.025,14,0.543738,0.7,0.916667,1.4,True,14,1,3,22,143,1254,1368,152,0.940789,0.974359,0.916667,38,2026-09-03T19:11:43
tdma_packet_loss,1,10,0.05,10,0,0.05,0,0.63536,0.4,0.938194,2.8,True,28,1,12,27,153,1351,1440,160,0.95625,0.981118,0.938194,80,2026-09-03T19:11:43
tdma_packet_loss,1,10,0.05,10,0,0.05,1,0.604114,0.6,0.933523,2.9,True,29,1,27,36,224,1966,2106,234,0.957265,0.975198,0.933523,117,2026-09-03T19:11:43
tdma_packet_loss,1,10,0.05,10,0,0.05,2,0.650085,0.6,0.889918,3.4,True,34,1,0,37,99,865,972,108,0.916667,0.970819,0.889918,54,2026-09-03T19:11:43
tdma_packet_loss,1,10,0.05,10,0,0.05,3,0.470114,0.7,0.963889,3.1,True,31,1,13,36,158,1388,1440,160,0.9875,0.97609,0.963889,80,2026-09-03T19:11:43
tdma_packet_loss,1,10,0.05,10,0,0.05,4,0.676863,0.6,0.935948,2.4,True,24,1,22,27,163,1432,1530,170,0.958824,0.976142,0.935948,85,2026-09-03T19:11:43
tdma_packet_loss,1,10,0.05,10,0,0.05,5,0.7215,0.4,0.934222,2.1,True,21,1,33,24,239,2102,2250,250,0.956,0.97722,0.934222,125,2026-09-03T19:11:44
tdma_packet_loss,1,10,0.05,10,0,0.05,6,0.659406,0.6,0.949333,3.3,True,33,1,18,35,242,2136,2250,250,0.968,0.980716,0.949333,125,2026-09-03T19:11:44
tdma_packet_loss,1,10,0.05,10,0,0.05,7,0.528983,0.4,0.932462,2.6,True,26,1,1,35,97,856,918,102,0.95098,0.980527,0.932462,51,2026-09-03T19:11:44
tdma_packet_loss,1,10,0.05,10,0,0.05,8,0.654972,0.5,0.91358,3.1,True,31,1,11,40,135,1184,1296,144,0.9375,0.974486,0.91358,72,2026-09-03T19:11:43
tdma_packet_loss,1,10,0.05,10,0,0.05,9,0.624936,0.6,0.903509,2.2,True,22,1,25,36,211,1854,2052,228,0.925439,0.976303,0.903509,114,2026-09-03T19:11:44
tdma_packet_loss,1,10,0.05,10,0,0.05,10,0.528513,0.5,0.90388,4.3,True,43,1,0,45,116,1025,1134,126,0.920635,0.981801,0.90388,63,2026-09-03T19:11:43
tdma_packet_loss,1,10,0.05,10,0,0.05,11,0.699952,0.5,0.945195,1.4,True,14,1,15,27,142,1259,1332,148,0.959459,0.985133,0.945195,74,2026-09-03T19:11:44
tdma_packet_loss,1,10,0.05,10,0,0.05,12,0.632627,0.4,0.917245,3.6,True,36,1,17,38,180,1585,1728,192,0.9375,0.978395,0.917245,96,2026-09-03T19:11:43
tdma_packet_loss,1,10,0.05,10,0,0.05,13,0.591187,0.6,0.938833,2.7,True,27,1,17,27,190,1673,1782,198,0.959596,0.978363,0.938833,99,2026-09-03T19:11:44
tdma_packet_loss,1,10,0.05,10,0,0.05,14,0.516081,0.6,0.913889,2.2,True,22,1,7,27,112,987,1080,120,0.933333,0.979167,0.913889,60,2026-09-03T19:11:43
tdma_packet_loss,1,10,0.05,10,0,0.1,0,0.622224,0.3,0.955026,6.4,True,64,1,0,48,82,722,756,84,0.97619,0.97832,0.955026,84,2026-09-03T19:11:44
tdma_packet_loss,1,10,0.05,10,0,0.1,1,0.601553,0.5,0.945341,3.9,True,39,1,26,41,121,1055,1116,124,0.975806,0.968779,0.945341,124,2026-09-03T19:11:44
tdma_packet_loss,1,10,0.05,10,0,0.1,2,0.644962,0.4,0.903904,5.8,True,58,1,29,51,138,1204,1332,148,0.932432,0.969404,0.903904,148,2026-09-03T19:11:44
tdma_packet_loss,1,10,0.05,10,0,0.1,3,0.628995,0.6,0.958923,5.4,True,54,1,38,52,162,1424,1485,165,0.981818,0.97668,0.958923,165,2026-09-03T19:11:44
tdma_packet_loss,1,10,0.05,10,0,0.1,4,0.763098,0.4,0.925926,6.7,True,67,1,9,56,108,950,1026,114,0.947368,0.977366,0.925926,114,2026-09-03T19:11:44
tdma_packet_loss,1,10,0.05,10,0,0.1,5,0.574785,0.4,0.923896,5.0,True,50,1,2,57,69,607,657,73,0.945205,0.977456,0.923896,73,2026-09-03T19:11:44
tdma_packet_loss,1,10,0.05,10,0,0.1,6,0.567467,0.5,0.963618,4.4,True,44,1,17,48,111,980,1017,113,0.982301,0.980981,0.963618,113,2026-09-03T19:11:44
tdma_packet_loss,1,10,0.05,10,0,0.1,7,0.517899,0.6,0.934109,6.6,True,66,1,0,52,82,723,774,86,0.953488,0.979675,0.934109,86,2026-09-03T19:11:44
tdma_packet_loss,1,10,0.05,10,0,0.1,8,0.620524,0.7,0.916252,5.1,True,51,1,41,38,126,1105,1206,134,0.940299,0.974427,0.916252,134,2026-09-03T19:11:44
tdma_packet_loss,1,10,0.05,10,0,0.1,9,0.695705,0.4,0.888889,5.2,True,52,1,52,55,149,1304,1467,163,0.91411,0.972409,0.888889,163,2026-09-03T19:11:44
tdma_packet_loss,1,10,0.05,10,0,0.1,10,0.758425,0.1,0.909028,6.4,True,64,1,52,61,149,1309,1440,160,0.93125,0.976137,0.909028,160,2026-09-03T19:11:44
tdma_packet_loss,1,10,0.05,10,0,0.1,11,0.691233,0.5,0.949495,2.9,True,29,1,68,33,159,1410,1485,165,0.963636,0.985325,0.949495,165,2026-09-03T19:11:44
tdma_packet_loss,1,10,0.05,10,0,0.1,12,0.706527,0.1,0.924432,4.8,True,48,1,125,45,351,3095,3348,372,0.943548,0.97974,0.924432,372,2026-09-03T19:11:44
tdma_packet_loss,1,10,0.05,10,0,0.1,13,0.574046,0.6,0.948814,3.7,True,37,1,13,45,86,760,801,89,0.966292,0.981912,0.948814,89,2026-09-03T19:11:44
tdma_packet_loss,1,10,0.05,10,0,0.1,14,0.742549,0.2,0.908969,2.8,True,28,1,21,29,77,679,747,83,0.927711,0.979798,0.908969,83,2026-09-03T19:11:44
tdma_packet_loss,1,10,0.05,10,2,0.025,0,0.661275,0.6,0.943883,1.5,True,15,1,17,28,382,3364,3564,396,0.964646,0.978476,0.943883,99,2026-09-03T19:11:44
tdma_packet_loss,1,10,0.05,10,2,0.025,1,0.640061,0.5,0.921095,3.9,True,39,1,3,42,260,2288,2484,276,0.942029,0.977778,0.921095,69,2026-09-03T19:11:44
tdma_packet_loss,1,10,0.05,10,2,0.025,2,0.593828,0.7,0.921852,2.8,True,28,1,7,23,285,2489,2700,300,0.95,0.97037,0.921852,75,2026-09-03T19:11:44
tdma_packet_loss,1,10,0.05,10,2,0.025,3,0.639541,0.4,0.924913,2.7,True,27,1,6,33,242,2131,2304,256,0.945312,0.978421,0.924913,64,2026-09-03T19:11:44
tdma_packet_loss,1,10,0.05,10,2,0.025,4,0.569633,0.7,0.921131,1.1,True,11,1,8,22,212,1857,2016,224,0.946429,0.97327,0.921131,56,2026-09-03T19:11:44
tdma_packet_loss,1,10,0.05,10,2,0.025,5,0.592806,0.5,0.917929,2.4,True,24,1,8,27,330,2908,3168,352,0.9375,0.979125,0.917929,88,2026-09-03T19:11:44
tdma_packet_loss,1,10,0.05,10,2,0.025,6,0.642259,0.5,0.943262,2.8,True,28,1,10,31,362,3192,3384,376,0.962766,0.979742,0.943262,94,2026-09-03T19:11:44
tdma_packet_loss,1,10,0.05,10,2,0.025,7,0.63848,0.5,0.940768,0.9,True,9,1,19,32,262,2303,2448,272,0.963235,0.976675,0.940768,68,2026-09-03T19:11:44
tdma_packet_loss,1,10,0.05,10,2,0.025,8,0.50967,0.5,0.913537,1.7,True,17,1,16,20,266,2335,2556,284,0.93662,0.975355,0.913537,71,2026-09-03T19:11:44
tdma_packet_loss,1,10,0.05,10,2,0.025,9,0.67623,0.5,0.91916,1.9,True,19,1,9,29,294,2581,2808,312,0.942308,0.975435,0.91916,78,2026-09-03T19:11:44
tdma_packet_loss,1,10,0.05,10,2,0.025,10,0.659709,0.5,0.944069,1.0,True,10,1,24,36,286,2515,2664,296,0.966216,0.977078,0.944069,74,2026-09-03T19:11:44
tdma_packet_loss,1,10,0.05,10,2,0.025,11,0.678667,0.5,0.936567,1.3,True,13,1,11,24,257,2259,2412,268,0.958955,0.976654,0.936567,67,2026-09-03T19:11:44
tdma_packet_loss,1,10,0.05,10,2,0.025,12,0.653909,0.5,0.933813,1.4,True,14,1,17,29,309,2723,2916,324,0.953704,0.979144,0.933813,81,2026-09-03T19:11:44
tdma_packet_loss,1,10,0.05,10,2,0.025,13,0.609496,0.5,0.936806,1.7,True,17,1,2,22,153,1349,1440,160,0.95625,0.979666,0.936806,40,2026-09-03T19:11:44
tdma_packet_loss,1,10,0.05,10,2,0.025,14,0.539373,0.7,0.94152,1.4,True,14,1,3,22,147,1288,1368,152,0.967105,0.973545,0.94152,38,2026-09-03T19:11:44
tdma_packet_loss,1,10,0.05,10,2,0.05,0,0.717872,0.5,0.93929,2.7,True,27,1,23,26,186,1640,1746,194,0.958763,0.979689,0.93929,97,2026-09-03T19:11:44
tdma_packet_loss,1,10,0.05,10,2,0.05,1,0.511818,0.6,0.90424,4.2,True,42,1,1,37,141,1237,1368,152,0.927632,0.974783,0.90424,76,2026-09-03T19:11:44
tdma_packet_loss,1,10,0.05,10,2,0.05,2,0.583084,0.7,0.923203,2.1,True,21,1,15,35,130,1130,1224,136,0.955882,0.965812,0.923203,68,2026-09-03T19:11:44
tdma_packet_loss,1,10,0.05,10,2,0.05,3,0.653466,0.4,0.923687,3.7,True,37,1,6,41,172,1513,1638,182,0.945055,0.97739,0.923687,91,2026-09-03T19:11:44
tdma_packet_loss,1,10,0.05,10,2,0.05,4,0.675316,0.7,0.942834,2.4,True,24,1,7,24,133,1171,1242,138,0.963768,0.978279,0.942834,69,2026-09-03T19:11:44
tdma_packet_loss,1,10,0.05,10,2,0.05,5,0.792911,0.4,0.922365,1.0,True,10,1,36,61,147,1295,1404,156,0.942308,0.978836,0.922365,78,2026-09-03T19:11:44
tdma_packet_loss,1,10,0.05,10,2,0.05,6,0.699079,0.4,0.938347,3.7,True,37,1,27,48,314,2770,2952,328,0.957317,0.980184,0.938347,164,2026-09-03T19:11:45
tdma_packet_loss,1,10,0.05,10,2,0.05,7,0.677485,0.3,0.946009,2.9,True,29,1,11,40,137,1209,1278,142,0.964789,0.980535,0.946009,71,2026-09-03T19:11:44
tdma_packet_loss,1,10,0.05,10,2,0.05,8,0.641431,0.5,0.914191,2.0,True,20,1,27,23,189,1662,1818,202,0.935644,0.977072,0.914191,101,2026-09-03T19:11:45
tdma_packet_loss,1,10,0.05,10,2,0.05,9,0.556948,0.7,0.919355,3.4,True,34,1,4,33,118,1026,1116,124,0.951613,0.966102,0.919355,62,2026-09-03T19:11:44
tdma_packet_loss,1,10,0.05,10,2,0.05,10,0.752635,0.4,0.944805,3.6,True,36,1,18,41,298,2619,2772,308,0.967532,0.97651,0.944805,154,2026-09-03T19:11:45
tdma_packet_loss,1,10,0.05,10,2,0.05,11,0.601195,0.6,0.928922,2.3,True,23,1,12,27,128,1137,1224,136,0.941176,0.986979,0.928922,68,2026-09-03T19:11:44
tdma_packet_loss,1,10,0.05,10,2,0.05,12,0.617725,0.4,0.934959,3.8,True,38,1,16,50,157,1380,1476,164,0.957317,0.976645,0.934959,82,2026-09-03T19:11:44
tdma_packet_loss,1,10,0.05,10,2,0.05,13,0.516391,0.6,0.935814,2.1,True,21,1,20,20,197,1735,1854,206,0.956311,0.978567,0.935814,103,2026-09-03T19:11:45
tdma_packet_loss,1,10,0.05,10,2,0.05,14,0.629719,0.4,0.943576,1.6,True,16,1,8,33,124,1087,1152,128,0.96875,0.974014,0.943576,64,2026-09-03T19:11:45
tdma_packet_loss,1,10,0.05,10,2,0.1,0,0.651237,0.3,0.932817,4.9,True,49,1,11,48,82,722,774,86,0.953488,0.97832,0.932817,86,2026-09-03T19:11:44
tdma_packet_loss,1,10,0.05,10,2,0.1,1,0.808502,0.2,0.901652,6.8,True,68,1,40,77,137,1201,1332,148,0.925676,0.974047,0.901652,148,2026-09-03T19:11:45
tdma_packet_loss,1,10,0.05,10,2,0.1,2,0.771706,0.3,0.919753,4.3,True,43,1,19,42,120,1043,1134,126,0.952381,0.965741,0.919753,126,2026-09-03T19:11:45
tdma_packet_loss,1,10,0.05,10,2,0.1,3,0.707966,0.2,0.932749,4.5,True,45,1,54,71,145,1276,1368,152,0.953947,0.977778,0.932749,152,2026-09-03T19:11:45
tdma_packet_loss,1,10,0.05,10,2,0.1,4,0.546442,0.5,0.947531,4.1,True,41,1,30,42,105,921,972,108,0.972222,0.974603,0.947531,108,2026-09-03T19:11:45
tdma_packet_loss,1,10,0.05,10,2,0.1,5,0.692036,0.5,0.923611,2.6,True,26,1,48,27,121,1064,1152,128,0.945312,0.977043,0.923611,128,2026-09-03T19:11:45
tdma_packet_loss,1,10,0.05,10,2,0.1,6,0.685209,0.4,0.973654,5.0,True,50,1,15,43,96,850,873,97,0.989691,0.983796,0.973654,97,2026-09-03T19:11:45
tdma_packet_loss,1,10,0.05,10,2,0.1,7,0.556681,0.5,0.952862,4.3,True,43,1,25,62,96,849,891,99,0.969697,0.982639,0.952862,99,2026-09-03T19:11:45
tdma_packet_loss,1,10,0.05,10,2,0.1,8,0.700474,0.5,0.911765,4.6,True,46,1,50,50,159,1395,1530,170,0.935294,0.974843,0.911765,170,2026-09-03T19:11:45
tdma_packet_loss,1,10,0.05,10,2,0.1,9,0.688211,0.4,0.914751,3.1,True,31,1,40,35,110,955,1044,116,0.948276,0.964646,0.914751,116,2026-09-03T19:11:45
tdma_packet_loss,1,10,0.05,10,2,0.1,10,0.732915,0.2,0.935509,5.9,True,59,1,27,56,137,1204,1287,143,0.958042,0.97648,0.935509,143,2026-09-03T19:11:45
tdma_packet_loss,1,10,0.05,10,2,0.1,11,0.746481,0.3,0.934837,3.3,True,33,1,27,46,126,1119,1197,133,0.947368,0.986772,0.934837,133,2026-09-03T19:11:45
tdma_packet_loss,1,10,0.05,10,2,0.1,12,0.652428,0.1,0.932817,6.6,True,66,1,0,48,82,722,774,86,0.953488,0.97832,0.932817,86,2026-09-03T19:11:45
tdma_packet_loss,1,10,0.05,10,2,0.1,13,0.661252,0.6,0.934511,4.9,True,49,1,36,49,144,1270,1359,151,0.953642,0.979938,0.934511,151,2026-09-03T19:11:45
tdma_packet_loss,1,10,0.05,10,2,0.1,14,0.560232,0.5,0.934343,4.6,True,46,1,0,50,63,555,594,66,0.954545,0.978836,0.934343,66,2026-09-03T19:11:45
tdma_packet_loss,1,10,0.05,10,5,0.025,0,0.613177,0.6,0.93018,2.5,True,25,1,10,42,281,2478,2664,296,0.949324,0.979834,0.93018,74,2026-09-03T19:11:45
tdma_packet_loss,1,10,0.05,10,5,0.025,1,0.687502,0.4,0.934671,3.4,True,34,1,0,37,207,1817,1944,216,0.958333,0.975309,0.934671,54,2026-09-03T19:11:45
tdma_packet_loss,1,10,0.05,10,5,0.025,2,0.645176,0.6,0.914894,1.7,True,17,1,8,22,177,1548,1692,188,0.941489,0.971751,0.914894,47,2026-09-03T19:11:45
tdma_packet_loss,1,10,0.05,10,5,0.025,3,0.609152,0.5,0.942866,1.5,True,15,1,18,32,339,2987,3168,352,0.963068,0.979023,0.942866,88,2026-09-03T19:11:45
tdma_packet_loss,1,10,0.05,10,5,0.025,4,0.480674,0.8,0.935528,2.0,True,20,1,11,23,311,2728,2916,324,0.959877,0.974634,0.935528,81,2026-09-03T19:11:45
tdma_packet_loss,1,10,0.05,10,5,0.025,5,0.690792,0.5,0.934942,1.2,True,12,1,21,15,437,3837,4104,456,0.958333,0.975591,0.934942,114,2026-09-03T19:11:45
tdma_packet_loss,1,10,0.05,10,5,0.025,6,0.58267,0.6,0.943761,2.8,True,28,1,14,33,470,4145,4392,488,0.963115,0.979905,0.943761,122,2026-09-03T19:11:45
tdma_packet_loss,1,10,0.05,10,5,0.025,7,0.666161,0.5,0.920707,0.9,True,9,1,18,31,207,1823,1980,220,0.940909,0.978529,0.920707,55,2026-09-03T19:11:45
tdma_packet_loss,1,10,0.05,10,5,0.025,8,0.528964,0.5,0.908951,1.1,True,11,1,7,21,201,1767,1944,216,0.930556,0.976783,0.908951,54,2026-09-03T19:11:45
tdma_packet_loss,1,10,0.05,10,5,0.025,9,0.598694,0.5,0.890313,1.9,True,19,1,0,22,143,1250,1404,156,0.916667,0.971251,0.890313,39,2026-09-03T19:11:45
tdma_packet_loss,1,10,0.05,10,5,0.025,10,0.702144,0.6,0.923611,3.6,True,36,1,0,39,212,1862,2016,224,0.946429,0.975891,0.923611,56,2026-09-03T19:11:45
tdma_packet_loss,1,10,0.05,10,5,0.025,11,0.601348,0.5,0.946217,0.9,True,9,1,10,13,181,1601,1692,188,0.962766,0.982812,0.946217,47,2026-09-03T19:11:45
tdma_packet_loss,1,10,0.05,10,5,0.025,12,0.689571,0.4,0.925154,1.2,True,12,1,18,18,272,2398,2592,288,0.944444,0.979575,0.925154,72,2026-09-03T19:11:45
tdma_packet_loss,1,10,0.05,10,5,0.025,13,0.700305,0.4,0.939571,1.7,True,17,1,5,23,219,1928,2052,228,0.960526,0.978184,0.939571,57,2026-09-03T19:11:45
tdma_packet_loss,1,10,0.05,10,5,0.025,14,0.634343,0.6,0.929438,1.8,True,18,1,8,26,331,2911,3132,348,0.951149,0.977174,0.929438,87,2026-09-03T19:11:45
tdma_packet_loss,1,10,0.05,10,5,0.05,0,0.706434,0.3,0.929872,2.8,True,28,1,12,45,116,1021,1098,122,0.95082,0.977969,0.929872,61,2026-09-03T19:11:45
tdma_packet_loss,1,10,0.05,10,5,0.05,1,0.597357,0.6,0.936508,3.3,True,33,1,7,37,135,1180,1260,140,0.964286,0.971193,0.936508,70,2026-09-03T19:11:45
tdma_packet_loss,1,10,0.05,10,5,0.05,2,0.568135,0.6,0.910737,2.9,True,29,1,16,33,167,1459,1602,178,0.938202,0.970725,0.910737,89,2026-09-03T19:11:45
tdma_packet_loss,1,10,0.05,10,5,0.05,3,0.732698,0.5,0.949117,3.1,True,31,1,10,30,208,1828,1926,214,0.971963,0.976496,0.949117,107,2026-09-03T19:11:45
tdma_packet_loss,1,10,0.05,10,5,0.05,4,0.716092,0.5,0.934503,2.3,True,23,1,21,25,182,1598,1710,190,0.957895,0.97558,0.934503,95,2026-09-03T19:11:45
tdma_packet_loss,1,10,0.05,10,5,0.05,5,0.662797,0.3,0.928171,1.6,True,16,1,28,19,188,1654,1782,198,0.949495,0.977541,0.928171,99,2026-09-03T19:11:45
tdma_packet_loss,1,10,0.05,10,5,0.05,6,0.66732,0.5,0.959596,3.3,True,33,1,12,35,172,1520,1584,176,0.977273,0.981912,0.959596,88,2026-09-03T19:11:45
tdma_packet_loss,1,10,0.05,10,5,0.05,7,0.483077,0.4,0.91358,3.6,True,36,1,8,35,151,1332,1458,162,0.932099,0.980132,0.91358,81,2026-09-03T19:11:45
tdma_packet_loss,1,10,0.05,10,5,0.05,8,0.616857,0.6,0.909586,3.0,True,30,1,11,32,190,1670,1836,204,0.931373,0.976608,0.909586,102,2026-09-03T19:11:45
tdma_packet_loss,1,10,0.05,10,5,0.05,9,0.587896,0.6,0.891228,3.4,True,34,1,7,33,174,1524,1710,190,0.915789,0.97318,0.891228,95,2026-09-03T19:11:46
tdma_packet_loss,1,10,0.05,10,5,0.05,10,0.657187,0.3,0.925604,3.0,True,30,1,28,38,218,1916,2070,230,0.947826,0.976555,0.925604,115,2026-09-03T19:11:45
tdma_packet_loss,1,10,0.05,10,5,0.05,11,0.681989,0.6,0.947293,2.9,True,29,1,11,33,150,1330,1404,156,0.961538,0.985185,0.947293,78,2026-09-03T19:11:45
tdma_packet_loss,1,10,0.05,10,5,0.05,12,0.395785,0.5,0.904612,3.3,True,33,1,0,37,98,863,954,106,0.924528,0.978458,0.904612,53,2026-09-03T19:11:45
tdma_packet_loss,1,10,0.05,10,5,0.05,13,0.689419,0.5,0.942652,2.5,True,25,1,15,23,179,1578,1674,186,0.962366,0.979516,0.942652,93,2026-09-03T19:11:45
tdma_packet_loss,1,10,0.05,10,5,0.05,14,0.530781,0.5,0.916667,3.8,True,38,1,6,30,124,1089,1188,132,0.939394,0.975806,0.916667,66,2026-09-03T19:11:45
tdma_packet_loss,1,10,0.05,10,5,0.1,0,0.627347,0.4,0.949074,7.6,True,76,1,0,49,93,820,864,96,0.96875,0.979689,0.949074,96,2026-09-03T19:11:46
tdma_packet_loss,1,10,0.05,10,5,0.1,1,0.626307,0.4,0.950951,6.0,True,60,1,26,49,109,950,999,111,0.981982,0.9684,0.950951,111,2026-09-03T19:11:46
tdma_packet_loss,1,10,0.05,10,5,0.1,2,0.719437,0.3,0.892388,6.2,True,62,1,24,46,117,1020,1143,127,0.92126,0.968661,0.892388,127,2026-09-03T19:11:46
tdma_packet_loss,1,10,0.05,10,5,0.1,3,0.676685,0.3,0.966102,4.6,True,46,1,20,45,117,1026,1062,118,0.991525,0.974359,0.966102,118,2026-09-03T19:11:46
tdma_packet_loss,1,10,0.05,10,5,0.1,4,0.514473,0.6,0.931424,3.7,True,37,1,39,62,122,1073,1152,128,0.953125,0.977231,0.931424,128,2026-09-03T19:11:46
tdma_packet_loss,1,10,0.05,10,5,0.1,5,0.615765,0.5,0.933333,7.0,True,70,1,0,64,86,756,810,90,0.955556,0.976744,0.933333,90,2026-09-03T19:11:46
tdma_packet_loss,1,10,0.05,10,5,0.1,6,0.677548,0.5,0.958446,5.5,True,55,1,21,50,120,1061,1107,123,0.97561,0.982407,0.958446,123,2026-09-03T19:11:46
tdma_packet_loss,1,10,0.05,10,5,0.1,7,0.528733,0.0,0.923168,5.7,True,57,1,55,53,177,1562,1692,188,0.941489,0.98054,0.923168,188,2026-09-03T19:11:46
tdma_packet_loss,1,10,0.05,10,5,0.1,8,0.664105,0.4,0.920635,4.2,True,42,1,8,41,79,696,756,84,0.940476,0.978903,0.920635,84,2026-09-03T19:11:46
tdma_packet_loss,1,10,0.05,10,5,0.1,9,0.691012,0.3,0.869919,3.6,True,36,1,23,54,74,642,738,82,0.902439,0.963964,0.869919,82,2026-09-03T19:11:46
tdma_packet_loss,1,10,0.05,10,5,0.1,10,0.589368,0.3,0.908456,5.8,True,58,1,50,47,148,1300,1431,159,0.930818,0.975976,0.908456,159,2026-09-03T19:11:46
tdma_packet_loss,1,10,0.05,10,5,0.1,11,0.720841,0.4,0.951267,3.6,True,36,1,48,60,110,976,1026,114,0.964912,0.985859,0.951267,114,2026-09-03T19:11:46
tdma_packet_loss,1,10,0.05,10,5,0.1,12,0.730243,0.3,0.895674,4.2,True,42,1,42,41,120,1056,1179,131,0.916031,0.977778,0.895674,131,2026-09-03T19:11:46
tdma_packet_loss,1,10,0.05,10,5,0.1,13,0.623301,0.6,0.957602,5.2,True,52,1,1,52,74,655,684,76,0.973684,0.983483,0.957602,76,2026-09-03T19:11:46
tdma_packet_loss,1,10,0.05,10,5,0.1,14,0.532187,0.3,0.912145,3.3,True,33,1,22,45,80,706,774,86,0.930233,0.980556,0.912145,86,2026-09-03T19:11:46
tdma_packet_loss,1,10,0.15,3,0,0.025,0,0.679631,0.666667,0.780965,2.1,True,21,1,2,13,204,1715,2196,244,0.836066,0.934096,0.780965,61,2026-09-03T19:11:46
tdma_packet_loss,1,10,0.15,3,0,0.025,1,0.485345,1.0,0.742857,0.5,True,5,1,7,18,112,936,1260,140,0.8,0.928571,0.742857,35,2026-09-03T19:11:46
tdma_packet_loss,1,10,0.15,3,0,0.025,2,0.573109,1.0,0.786458,2.8,True,28,1,0,13,166,1359,1728,192,0.864583,0.909639,0.786458,48,2026-09-03T19:11:46
tdma_packet_loss,1,10,0.15,3,0,0.025,3,0.483323,0.666667,0.759722,1.1,True,11,1,7,24,132,1094,1440,160,0.825,0.920875,0.759722,40,2026-09-03T19:11:46
tdma_packet_loss,1,10,0.15,3,0,0.025,4,0.517049,0.666667,0.767593,1.0,True,10,1,0,14,100,829,1080,120,0.833333,0.921111,0.767593,30,2026-09-03T19:11:46
tdma_packet_loss,1,10,0.15,3,0,0.025,5,0.66525,0.666667,0.794061,0.9,True,9,1,8,12,200,1658,2088,232,0.862069,0.921111,0.794061,58,2026-09-03T19:11:46
tdma_packet_loss,1,10,0.15,3,0,0.025,6,0.523017,1.0,0.801932,1.8,True,18,1,3,21,158,1328,1656,184,0.858696,0.933896,0.801932,46,2026-09-03T19:11:46
tdma_packet_loss,1,10,0.15,3,0,0.025,7,0.68936,0.666667,0.771021,1.4,True,14,1,1,12,124,1027,1332,148,0.837838,0.920251,0.771021,37,2026-09-03T19:11:46
tdma_packet_loss,1,10,0.15,3,0,0.025,8,0.519694,1.0,0.800245,0.8,True,8,1,9,11,233,1959,2448,272,0.856618,0.934192,0.800245,68,2026-09-03T19:11:46
tdma_packet_loss,1,10,0.15,3,0,0.025,9,0.583037,0.333333,0.769841,0.8,True,8,1,0,11,94,776,1008,112,0.839286,0.917258,0.769841,28,2026-09-03T19:11:46
tdma_packet_loss,1,10,0.15,3,0,0.025,10,0.585163,1.0,0.722222,0.4,True,4,1,2,9,84,702,972,108,0.777778,0.928571,0.722222,27,2026-09-03T19:11:46
tdma_packet_loss,1,10,0.15,3,0,0.025,11,0.523441,1.0,0.800412,0.7,True,7,1,0,11,94,778,972,108,0.87037,0.919622,0.800412,27,2026-09-03T19:11:46
tdma_packet_loss,1,10,0.15,3,0,0.025,12,0.706661,0.333333,0.828395,0.7,True,7,1,2,11,161,1342,1620,180,0.894444,0.926156,0.828395,45,2026-09-03T19:11:46
tdma_packet_loss,1,10,0.15,3,0,0.025,13,0.597451,1.0,0.820602,0.4,True,4,1,0,8,85,709,864,96,0.885417,0.926797,0.820602,24,2026-09-03T19:11:46
tdma_packet_loss,1,10,0.15,3,0,0.025,14,0.564341,1.0,0.772817,0.8,True,8,1,0,11,93,779,1008,112,0.830357,0.930705,0.772817,28,2026-09-03T19:11:46
tdma_packet_loss,1,10,0.15,3,0,0.05,0,0.638971,1.0,0.782407,2.8,True,28,1,0,32,80,676,864,96,0.833333,0.938889,0.782407,48,2026-09-03T19:11:46
tdma_packet_loss,1,10,0.15,3,0,0.05,1,0.554288,1.0,0.771164,2.2,True,22,1,0,26,70,583,756,84,0.833333,0.925397,0.771164,42,2026-09-03T19:11:46
tdma_packet_loss,1,10,0.15,3,0,0.05,2,0.63544,1.0,0.756121,3.9,True,39,1,0,35,99,803,1062,118,0.838983,0.901235,0.756121,59,2026-09-03T19:11:46
tdma_packet_loss,1,10,0.15,3,0,0.05,3,0.523402,1.0,0.766082,2.5,True,25,1,5,24,94,786,1026,114,0.824561,0.929078,0.766082,57,2026-09-03T19:11:46
tdma_packet_loss,1,10,0.15,3,0,0.05,4,0.531492,0.666667,0.731944,2.0,True,20,1,0,17,64,527,720,80,0.8,0.914931,0.731944,40,2026-09-03T19:11:46
tdma_packet_loss,1,10,0.15,3,0,0.05,5,0.720755,0.666667,0.785513,1.4,True,14,1,12,21,135,1117,1422,158,0.85443,0.919342,0.785513,79,2026-09-03T19:11:46
tdma_packet_loss,1,10,0.15,3,0,0.05,6,0.50509,1.0,0.79932,2.2,True,22,1,6,33,84,705,882,98,0.857143,0.93254,0.79932,49,2026-09-03T19:11:46
tdma_packet_loss,1,10,0.15,3,0,0.05,7,0.533878,1.0,0.762821,3.2,True,32,1,0,13,86,714,936,104,0.826923,0.922481,0.762821,52,2026-09-03T19:11:46
tdma_packet_loss,1,10,0.15,3,0,0.05,8,0.602038,0.666667,0.802222,3.0,True,30,1,0,9,86,722,900,100,0.86,0.932817,0.802222,50,2026-09-03T19:11:46
tdma_packet_loss,1,10,0.15,3,0,0.05,9,0.683868,0.666667,0.76867,2.0,True,20,1,2,16,102,844,1098,122,0.836066,0.91939,0.76867,61,2026-09-03T19:11:46
tdma_packet_loss,1,10,0.15,3,0,0.05,10,0.565835,1.0,0.734722,2.0,True,20,1,0,11,63,529,720,80,0.7875,0.932981,0.734722,40,2026-09-03T19:11:46
tdma_packet_loss,1,10,0.15,3,0,0.05,11,0.575825,1.0,0.795238,1.5,True,15,1,0,11,60,501,630,70,0.857143,0.927778,0.795238,35,2026-09-03T19:11:46
tdma_packet_loss,1,10,0.15,3,0,0.05,12,0.561101,0.666667,0.819728,0.9,True,9,1,5,13,87,723,882,98,0.887755,0.923372,0.819728,49,2026-09-03T19:11:46
tdma_packet_loss,1,10,0.15,3,0,0.05,13,0.695097,1.0,0.803498,1.4,True,14,1,5,12,94,781,972,108,0.87037,0.923168,0.803498,54,2026-09-03T19:11:46
tdma_packet_loss,1,10,0.15,3,0,0.05,14,0.4951,1.0,0.787749,1.5,True,15,1,3,23,66,553,702,78,0.846154,0.930976,0.787749,39,2026-09-03T19:11:46
tdma_packet_loss,1,10,0.15,3,0,0.1,0,0.739742,1.0,0.744745,4.1,True,41,1,8,30,59,496,666,74,0.797297,0.934087,0.744745,74,2026-09-03T19:11:46
tdma_packet_loss,1,10,0.15,3,0,0.1,1,0.688765,0.666667,0.77208,3.4,True,34,1,12,32,65,542,702,78,0.833333,0.926496,0.77208,78,2026-09-03T19:11:46
tdma_packet_loss,1,10,0.15,3,0,0.1,2,0.539264,1.0,0.727463,2.3,True,23,1,9,31,43,347,477,53,0.811321,0.896641,0.727463,53,2026-09-03T19:11:46
tdma_packet_loss,1,10,0.15,3,0,0.1,3,0.669488,0.0,0.781111,5.0,True,50,0,268,31,422,3515,4500,500,0.844,0.925487,0.781111,500,2026-09-03T19:11:47
tdma_packet_loss,1,10,0.15,3,0,0.1,4,0.533062,0.666667,0.761111,4.0,True,40,1,0,44,50,411,540,60,0.833333,0.913333,0.761111,60,2026-09-03T19:11:46
tdma_packet_loss,1,10,0.15,3,0,0.1,5,0.758564,0.333333,0.780342,2.6,True,26,1,62,32,110,913,1170,130,0.846154,0.922222,0.780342,130,2026-09-03T19:11:46
tdma_packet_loss,1,10,0.15,3,0,0.1,6,0.56237,1.0,0.811966,4.5,True,45,1,0,34,56,475,585,65,0.861538,0.94246,0.811966,65,2026-09-03T19:11:46
tdma_packet_loss,1,10,0.15,3,0,0.1,7,0.69242,0.666667,0.763764,5.8,True,58,1,29,21,92,763,999,111,0.828829,0.921498,0.763764,111,2026-09-03T19:11:46
tdma_packet_loss,1,10,0.15,3,0,0.1,8,0.752818,0.0,0.79235,4.1,True,41,1,0,34,52,435,549,61,0.852459,0.929487,0.79235,61,2026-09-03T19:11:46
tdma_packet_loss,1,10,0.15,3,0,0.1,9,0.658733,0.666667,0.777778,5.3,True,53,1,0,15,62,511,657,73,0.849315,0.915771,0.777778,73,2026-09-03T19:11:46
tdma_packet_loss,1,10,0.15,3,0,0.1,10,0.620395,0.333333,0.764444,3.3,True,33,0,260,15,412,3440,4500,500,0.824,0.927724,0.764444,500,2026-09-03T19:11:47
tdma_packet_loss,1,10,0.15,3,0,0.1,11,0.690315,0.333333,0.784314,3.1,True,31,1,32,12,72,600,765,85,0.847059,0.925926,0.784314,85,2026-09-03T19:11:47
tdma_packet_loss,1,10,0.15,3,0,0.1,12,0.730673,0.333333,0.81982,3.6,True,36,1,26,40,99,819,999,111,0.891892,0.919192,0.81982,111,2026-09-03T19:11:46
tdma_packet_loss,1,10,0.15,3,0,0.1,13,0.71875,0.333333,0.817642,1.8,True,18,1,70,19,116,964,1179,131,0.885496,0.923372,0.817642,131,2026-09-03T19:11:46
tdma_packet_loss,1,10,0.15,3,0,0.1,14,0.814623,0.0,0.783069,2.0,True,20,1,124,33,229,1924,2457,273,0.838828,0.933527,0.783069,273,2026-09-03T19:11:46
tdma_packet_loss,1,10,0.15,3,2,0.025,0,0.637519,1.0,0.785908,2.1,True,21,1,0,10,138,1160,1476,164,0.841463,0.933977,0.785908,41,2026-09-03T19:11:46
tdma_packet_loss,1,10,0.15,3,2,0.025,1,0.539617,1.0,0.789141,0.5,True,5,1,9,19,149,1250,1584,176,0.846591,0.93214,0.789141,44,2026-09-03T19:11:46
tdma_packet_loss,1,10,0.15,3,2,0.025,2,0.640272,1.0,0.801505,2.8,True,28,1,0,8,169,1385,1728,192,0.880208,0.910585,0.801505,48,2026-09-03T19:11:46
tdma_packet_loss,1,10,0.15,3,2,0.025,3,0.483469,0.666667,0.789406,2.3,True,23,1,0,16,147,1222,1548,172,0.854651,0.923658,0.789406,43,2026-09-03T19:11:46
tdma_packet_loss,1,10,0.15,3,2,0.025,4,0.485736,0.666667,0.794803,0.9,True,9,1,1,7,107,887,1116,124,0.862903,0.92108,0.794803,31,2026-09-03T19:11:46
tdma_packet_loss,1,10,0.15,3,2,0.025,5,0.5513,0.666667,0.748498,1.0,True,10,1,3,18,120,997,1332,148,0.810811,0.923148,0.748498,37,2026-09-03T19:11:46
tdma_packet_loss,1,10,0.15,3,2,0.025,6,0.609443,1.0,0.77963,1.8,True,18,1,2,21,150,1263,1620,180,0.833333,0.935556,0.77963,45,2026-09-03T19:11:46
tdma_packet_loss,1,10,0.15,3,2,0.025,7,0.632914,1.0,0.789683,0.5,True,5,1,9,10,120,995,1260,140,0.857143,0.921296,0.789683,35,2026-09-03T19:11:46
tdma_packet_loss,1,10,0.15,3,2,0.025,8,0.672403,0.666667,0.813317,0.7,True,7,1,7,11,237,1991,2448,272,0.871324,0.933427,0.813317,68,2026-09-03T19:11:46
tdma_packet_loss,1,10,0.15,3,2,0.025,9,0.610851,0.666667,0.805556,0.8,True,8,1,4,11,127,1044,1296,144,0.881944,0.913386,0.805556,36,2026-09-03T19:11:46
tdma_packet_loss,1,10,0.15,3,2,0.025,10,0.636627,0.666667,0.77354,0.5,True,5,1,15,10,197,1643,2124,236,0.834746,0.926678,0.77354,59,2026-09-03T19:11:47
tdma_packet_loss,1,10,0.15,3,2,0.025,11,0.525074,1.0,0.748932,0.6,True,6,1,0,7,84,701,936,104,0.807692,0.927249,0.748932,26,2026-09-03T19:11:46
tdma_packet_loss,1,10,0.15,3,2,0.025,12,0.665925,0.333333,0.846296,0.7,True,7,1,2,11,165,1371,1620,180,0.916667,0.923232,0.846296,45,2026-09-03T19:11:47
tdma_packet_loss,1,10,0.15,3,2,0.025,13,0.636192,1.0,0.772222,0.5,True,5,1,0,9,83,695,900,100,0.83,0.930388,0.772222,25,2026-09-03T19:11:46
tdma_packet_loss,1,10,0.15,3,2,0.025,14,0.638494,1.0,0.804688,1.0,True,10,1,1,16,110,927,1152,128,0.859375,0.936364,0.804688,32,2026-09-03T19:11:46
tdma_packet_loss,1,10,0.15,3,2,0.05,0,0.659436,1.0,0.819149,2.7,True,27,1,0,11,82,693,846,94,0.87234,0.939024,0.819149,47,2026-09-03T19:11:46
tdma_packet_loss,1,10,0.15,3,2,0.05,1,0.550322,1.0,0.760771,2.9,True,29,1,0,29,81,671,882,98,0.826531,0.920439,0.760771,49,2026-09-03T19:11:47
tdma_packet_loss,1,10,0.15,3,2,0.05,2,0.461635,1.0,0.781676,3.7,True,37,1,0,35,99,802,1026,114,0.868421,0.900112,0.781676,57,2026-09-03T19:11:47
tdma_packet_loss,1,10,0.15,3,2,0.05,3,0.573212,0.666667,0.784314,1.6,True,16,1,4,20,86,720,918,102,0.843137,0.930233,0.784314,51,2026-09-03T19:11:47
tdma_packet_loss,1,10,0.15,3,2,0.05,4,0.657527,0.666667,0.794727,0.6,True,6,1,5,10,102,844,1062,118,0.864407,0.91939,0.794727,59,2026-09-03T19:11:47
tdma_packet_loss,1,10,0.15,3,2,0.05,5,0.704647,0.666667,0.748498,3.0,True,30,1,7,22,120,997,1332,148,0.810811,0.923148,0.748498,74,2026-09-03T19:11:47
tdma_packet_loss,1,10,0.15,3,2,0.05,6,0.665957,1.0,0.774734,2.5,True,25,1,18,30,121,1018,1314,146,0.828767,0.934803,0.774734,73,2026-09-03T19:11:47
tdma_packet_loss,1,10,0.15,3,2,0.05,7,0.697321,1.0,0.790262,1.4,True,14,1,21,13,153,1266,1602,178,0.859551,0.91939,0.790262,89,2026-09-03T19:11:47
tdma_packet_loss,1,10,0.15,3,2,0.05,8,0.554946,1.0,0.833333,1.1,True,11,1,6,10,77,645,774,86,0.895349,0.930736,0.833333,43,2026-09-03T19:11:47
tdma_packet_loss,1,10,0.15,3,2,0.05,9,0.54476,0.666667,0.785088,1.8,True,18,1,0,15,66,537,684,76,0.868421,0.90404,0.785088,38,2026-09-03T19:11:47
tdma_packet_loss,1,10,0.15,3,2,0.05,10,0.57268,1.0,0.745169,1.0,True,10,1,15,16,74,617,828,92,0.804348,0.926426,0.745169,46,2026-09-03T19:11:47
tdma_packet_loss,1,10,0.15,3,2,0.05,11,0.557723,1.0,0.737847,1.2,True,12,1,0,11,51,425,576,64,0.796875,0.925926,0.737847,32,2026-09-03T19:11:47
tdma_packet_loss,1,10,0.15,3,2,0.05,12,0.574834,0.666667,0.825253,1.0,True,10,1,11,14,99,817,990,110,0.9,0.916947,0.825253,55,2026-09-03T19:11:47
tdma_packet_loss,1,10,0.15,3,2,0.05,13,0.632338,1.0,0.788288,1.7,True,17,1,0,14,62,525,666,74,0.837838,0.94086,0.788288,37,2026-09-03T19:11:47
tdma_packet_loss,1,10,0.15,3,2,0.05,14,0.557274,1.0,0.837037,1.0,True,10,1,0,13,54,452,540,60,0.9,0.930041,0.837037,30,2026-09-03T19:11:47
tdma_packet_loss,1,10,0.15,3,2,0.1,0,0.75603,0.0,0.812813,6.3,True,63,1,20,14,96,812,999,111,0.864865,0.939815,0.812813,111,2026-09-03T19:11:47
tdma_packet_loss,1,10,0.15,3,2,0.1,1,0.559306,0.333333,0.763441,4.2,True,42,1,0,26,51,426,558,62,0.822581,0.928105,0.763441,62,2026-09-03T19:11:47
tdma_packet_loss,1,10,0.15,3,2,0.1,2,0.608662,0.0,0.767974,4.8,True,48,1,0,42,58,470,612,68,0.852941,0.900383,0.767974,68,2026-09-03T19:11:47
tdma_packet_loss,1,10,0.15,3,2,0.1,3,0.557384,0.666667,0.822222,2.7,True,27,1,2,18,53,444,540,60,0.883333,0.930818,0.822222,60,2026-09-03T19:11:47
tdma_packet_loss,1,10,0.15,3,2,0.1,4,0.708837,0.333333,0.790634,1.1,True,11,1,60,15,104,861,1089,121,0.859504,0.919872,0.790634,121,2026-09-03T19:11:47
tdma_packet_loss,1,10,0.15,3,2,0.1,5,0.712176,0.333333,0.742369,2.6,True,26,1,43,25,73,608,819,91,0.802198,0.925419,0.742369,91,2026-09-03T19:11:47
tdma_packet_loss,1,10,0.15,3,2,0.1,6,0.62293,0.666667,0.754386,5.6,True,56,1,0,38,61,516,684,76,0.802632,0.939891,0.754386,76,2026-09-03T19:11:47
tdma_packet_loss,1,10,0.15,3,2,0.1,7,0.722373,0.333333,0.792316,2.7,True,27,1,49,13,92,763,963,107,0.859813,0.921498,0.792316,107,2026-09-03T19:11:47
tdma_packet_loss,1,10,0.15,3,2,0.1,8,0.613528,0.333333,0.828283,2.7,True,27,1,16,25,59,492,594,66,0.893939,0.926554,0.828283,66,2026-09-03T19:11:47
tdma_packet_loss,1,10,0.15,3,2,0.1,9,0.654115,0.666667,0.789116,2.2,True,22,1,33,24,85,696,882,98,0.867347,0.909804,0.789116,98,2026-09-03T19:11:47
tdma_packet_loss,1,10,0.15,3,2,0.1,10,0.624426,1.0,0.76912,1.1,True,11,1,36,18,64,533,693,77,0.831169,0.925347,0.76912,77,2026-09-03T19:11:47
tdma_packet_loss,1,10,0.15,3,2,0.1,11,0.625938,0.0,0.771886,1.5,True,15,1,80,19,110,917,1188,132,0.833333,0.926263,0.771886,132,2026-09-03T19:11:47
tdma_packet_loss,1,10,0.15,3,2,0.1,12,0.746812,0.333333,0.844595,4.1,True,41,1,52,23,136,1125,1332,148,0.918919,0.919118,0.844595,148,2026-09-03T19:11:47
tdma_packet_loss,1,10,0.15,3,2,0.1,13,0.473398,0.0,0.774461,2.1,True,21,1,21,11,55,467,603,67,0.820896,0.943434,0.774461,67,2026-09-03T19:11:47
tdma_packet_loss,1,10,0.15,3,2,0.1,14,0.612521,1.0,0.837037,2.0,True,20,1,4,23,54,452,540,60,0.9,0.930041,0.837037,60,2026-09-03T19:11:47
tdma_packet_loss,1,10,0.15,3,5,0.025,0,0.622143,1.0,0.764858,2.3,True,23,1,0,22,141,1184,1548,172,0.819767,0.933018,0.764858,43,2026-09-03T19:11:47
tdma_packet_loss,1,10,0.15,3,5,0.025,1,0.639225,1.0,0.770408,0.5,True,5,1,12,26,162,1359,1764,196,0.826531,0.932099,0.770408,49,2026-09-03T19:11:47
tdma_packet_loss,1,10,0.15,3,5,0.025,2,0.486341,1.0,0.765432,0.5,True,5,1,1,11,92,744,972,108,0.851852,0.898551,0.765432,27,2026-09-03T19:11:47
tdma_packet_loss,1,10,0.15,3,5,0.025,3,0.674504,0.666667,0.762055,0.6,True,6,1,15,9,175,1454,1908,212,0.825472,0.923175,0.762055,53,2026-09-03T19:11:47
tdma_packet_loss,1,10,0.15,3,5,0.025,4,0.644641,0.666667,0.796784,0.7,True,7,1,4,11,197,1635,2052,228,0.864035,0.922166,0.796784,57,2026-09-03T19:11:47
tdma_packet_loss,1,10,0.15,3,5,0.025,5,0.624457,0.666667,0.784535,1.0,True,10,1,3,18,126,1045,1332,148,0.851351,0.921517,0.784535,37,2026-09-03T19:11:47
tdma_packet_loss,1,10,0.15,3,5,0.025,6,0.551952,0.666667,0.807937,1.5,True,15,1,0,18,121,1018,1260,140,0.864286,0.934803,0.807937,35,2026-09-03T19:11:47
tdma_packet_loss,1,10,0.15,3,5,0.025,7,0.630013,1.0,0.775,1.0,True,10,1,0,14,101,837,1080,120,0.841667,0.920792,0.775,30,2026-09-03T19:11:47
tdma_packet_loss,1,10,0.15,3,5,0.025,8,0.666216,0.666667,0.788549,0.5,True,5,1,8,9,165,1391,1764,196,0.841837,0.9367,0.788549,49,2026-09-03T19:11:47
tdma_packet_loss,1,10,0.15,3,5,0.025,9,0.596505,0.666667,0.780952,0.6,True,6,1,3,9,119,984,1260,140,0.85,0.918768,0.780952,35,2026-09-03T19:11:47
tdma_packet_loss,1,10,0.15,3,5,0.025,10,0.580567,0.666667,0.764124,0.4,True,4,1,15,10,194,1623,2124,236,0.822034,0.929553,0.764124,59,2026-09-03T19:11:47
tdma_packet_loss,1,10,0.15,3,5,0.025,11,0.52302,1.0,0.78869,0.8,True,8,1,0,12,96,795,1008,112,0.857143,0.920139,0.78869,28,2026-09-03T19:11:47
tdma_packet_loss,1,10,0.15,3,5,0.025,12,0.707082,0.333333,0.830918,0.7,True,7,1,3,11,165,1376,1656,184,0.896739,0.926599,0.830918,46,2026-09-03T19:11:47
tdma_packet_loss,1,10,0.15,3,5,0.025,13,0.639115,1.0,0.820602,0.4,True,4,1,0,8,85,709,864,96,0.885417,0.926797,0.820602,24,2026-09-03T19:11:47
tdma_packet_loss,1,10,0.15,3,5,0.025,14,0.562894,1.0,0.77381,0.8,True,8,1,0,11,93,780,1008,112,0.830357,0.9319,0.77381,28,2026-09-03T19:11:47
tdma_packet_loss,1,10,0.15,3,5,0.05,0,0.580877,1.0,0.781324,2.1,True,21,1,4,31,78,661,846,94,0.829787,0.941595,0.781324,47,2026-09-03T19:11:47
tdma_packet_loss,1,10,0.15,3,5,0.05,1,0.673441,0.666667,0.741898,0.6,True,6,1,18,9,77,641,864,96,0.802083,0.924964,0.741898,48,2026-09-03T19:11:47
tdma_packet_loss,1,10,0.15,3,5,0.05,2,0.643245,1.0,0.765556,1.0,True,10,1,7,18,85,689,900,100,0.85,0.900654,0.765556,50,2026-09-03T19:11:47
tdma_packet_loss,1,10,0.15,3,5,0.05,3,0.707697,0.333333,0.748889,1.5,True,15,1,19,19,122,1011,1350,150,0.813333,0.920765,0.748889,75,2026-09-03T19:11:47
tdma_packet_loss,1,10,0.15,3,5,0.05,4,0.697519,0.666667,0.76742,1.5,True,15,1,8,19,98,815,1062,118,0.830508,0.924036,0.76742,59,2026-09-03T19:11:47
tdma_packet_loss,1,10,0.15,3,5,0.05,5,0.720301,0.666667,0.782753,0.9,True,9,1,20,21,114,944,1206,134,0.850746,0.920078,0.782753,67,2026-09-03T19:11:47
tdma_packet_loss,1,10,0.15,3,5,0.05,6,0.701836,0.666667,0.801783,2.5,True,25,1,20,31,139,1169,1458,162,0.858025,0.934452,0.801783,81,2026-09-03T19:11:47
tdma_packet_loss,1,10,0.15,3,5,0.05,7,0.672541,1.0,0.764881,2.0,True,20,1,5,9,93,771,1008,112,0.830357,0.921147,0.764881,56,2026-09-03T19:11:47
tdma_packet_loss,1,10,0.15,3,5,0.05,8,0.617506,0.666667,0.8051,1.1,True,11,1,14,10,105,884,1098,122,0.860656,0.93545,0.8051,61,2026-09-03T19:11:47
tdma_packet_loss,1,10,0.15,3,5,0.05,9,0.688635,0.666667,0.764815,1.0,True,10,1,9,24,100,826,1080,120,0.833333,0.917778,0.764815,60,2026-09-03T19:11:47
tdma_packet_loss,1,10,0.15,3,5,0.05,10,0.581121,0.666667,0.742547,2.1,True,21,1,0,13,65,548,738,82,0.792683,0.936752,0.742547,41,2026-09-03T19:11:47
tdma_packet_loss,1,10,0.15,3,5,0.05,11,0.58351,1.0,0.791291,1.7,True,17,1,0,14,63,527,666,74,0.851351,0.929453,0.791291,37,2026-09-03T19:11:47
tdma_packet_loss,1,10,0.15,3,5,0.05,12,0.572222,0.666667,0.820988,0.9,True,9,1,1,13,80,665,810,90,0.888889,0.923611,0.820988,45,2026-09-03T19:11:47
tdma_packet_loss,1,10,0.15,3,5,0.05,13,0.648126,1.0,0.847222,1.2,True,12,1,0,12,58,488,576,64,0.90625,0.934866,0.847222,32,2026-09-03T19:11:47
tdma_packet_loss,1,10,0.15,3,5,0.05,14,0.712453,1.0,0.774411,1.6,True,16,1,14,14,109,920,1188,132,0.825758,0.937819,0.774411,66,2026-09-03T19:11:47
tdma_packet_loss,1,10,0.15,3,5,0.1,0,0.75758,0.0,0.78836,4.0,True,40,1,150,29,248,2086,2646,294,0.843537,0.934588,0.78836,294,2026-09-03T19:11:48
tdma_packet_loss,1,10,0.15,3,5,0.1,1,0.791935,0.666667,0.747197,4.9,True,49,1,26,29,88,733,981,109,0.807339,0.925505,0.747197,109,2026-09-03T19:11:48
tdma_packet_loss,1,10,0.15,3,5,0.1,2,0.530377,0.333333,0.726054,3.8,True,38,1,0,42,47,379,522,58,0.810345,0.895981,0.726054,58,2026-09-03T19:11:47
tdma_packet_loss,1,10,0.15,3,5,0.1,3,0.632741,0.666667,0.772569,3.0,True,30,1,13,35,53,445,576,64,0.828125,0.932914,0.772569,64,2026-09-03T19:11:47
tdma_packet_loss,1,10,0.15,3,5,0.1,4,0.720026,0.0,0.782282,5.0,True,50,1,49,16,125,1042,1332,148,0.844595,0.926222,0.782282,148,2026-09-03T19:11:47
tdma_packet_loss,1,10,0.15,3,5,0.1,5,0.784565,0.333333,0.806904,1.8,True,18,1,104,21,180,1496,1854,206,0.873786,0.923457,0.806904,206,2026-09-03T19:11:48
tdma_packet_loss,1,10,0.15,3,5,0.1,6,0.656922,0.333333,0.806944,5.3,True,53,1,5,27,69,581,720,80,0.8625,0.935588,0.806944,80,2026-09-03T19:11:47
tdma_packet_loss,1,10,0.15,3,5,0.1,7,0.598973,0.666667,0.77018,8.1,True,81,1,7,45,98,811,1053,117,0.837607,0.919501,0.77018,117,2026-09-03T19:11:47
tdma_packet_loss,1,10,0.15,3,5,0.1,8,0.50245,1.0,0.793907,2.7,True,27,1,14,34,53,443,558,62,0.854839,0.928721,0.793907,62,2026-09-03T19:11:47
tdma_packet_loss,1,10,0.15,3,5,0.1,9,0.794608,0.333333,0.786889,2.5,True,25,0,280,29,426,3541,4500,500,0.852,0.923579,0.786889,500,2026-09-03T19:11:48
tdma_packet_loss,1,10,0.15,3,5,0.1,10,0.657884,0.0,0.719298,3.2,True,32,1,35,21,73,615,855,95,0.768421,0.936073,0.719298,95,2026-09-03T19:11:47
tdma_packet_loss,1,10,0.15,3,5,0.1,11,0.770909,0.333333,0.800281,2.9,True,29,1,29,25,68,569,711,79,0.860759,0.929739,0.800281,79,2026-09-03T19:11:48
tdma_packet_loss,1,10,0.15,3,5,0.1,12,0.762263,0.333333,0.818646,2.8,True,28,1,12,31,77,641,783,87,0.885057,0.924964,0.818646,87,2026-09-03T19:11:47
tdma_packet_loss,1,10,0.15,3,5,0.1,13,0.679967,1.0,0.846491,1.8,True,18,1,23,11,69,579,684,76,0.907895,0.932367,0.846491,76,2026-09-03T19:11:48
tdma_packet_loss,1,10,0.15,3,5,0.1,14,0.622385,0.666667,0.795556,4.0,True,40,1,11,29,64,537,675,75,0.853333,0.932292,0.795556,75,2026-09-03T19:11:47
tdma_packet_loss,1,10,0.15,5,0,0.025,0,0.65166,0.6,0.795082,2.1,True,21,1,2,10,208,1746,2196,244,0.852459,0.932692,0.795082,61,2026-09-03T19:11:47
tdma_packet_loss,1,10,0.15,5,0,0.025,1,0.534579,0.8,0.779167,1.4,True,14,1,5,19,134,1122,1440,160,0.8375,0.930348,0.779167,40,2026-09-03T19:11:47
tdma_packet_loss,1,10,0.15,5,0,0.025,2,0.418468,1.0,0.8026,2.7,True,27,1,0,13,166,1358,1692,188,0.882979,0.908969,0.8026,47,2026-09-03T19:11:47
tdma_packet_loss,1,10,0.15,5,0,0.025,3,0.591115,0.8,0.775641,2.6,True,26,1,8,33,261,2178,2808,312,0.836538,0.927203,0.775641,78,2026-09-03T19:11:48
tdma_packet_loss,1,10,0.15,5,0,0.025,4,0.520951,0.8,0.795556,0.5,True,5,1,0,9,87,716,900,100,0.87,0.914432,0.795556,25,2026-09-03T19:11:48
tdma_packet_loss,1,10,0.15,5,0,0.025,5,0.542236,0.6,0.767677,1.0,True,10,1,4,15,146,1216,1584,176,0.829545,0.925419,0.767677,44,2026-09-03T19:11:48
tdma_packet_loss,1,10,0.15,5,0,0.025,6,0.661765,0.6,0.776882,2.1,True,21,1,10,36,207,1734,2232,248,0.834677,0.930757,0.776882,62,2026-09-03T19:11:48
tdma_packet_loss,1,10,0.15,5,0,0.025,7,0.576593,0.8,0.789683,1.5,True,15,1,0,12,120,995,1260,140,0.857143,0.921296,0.789683,35,2026-09-03T19:11:48
tdma_packet_loss,1,10,0.15,5,0,0.025,8,0.694794,0.8,0.807336,1.8,True,18,1,11,21,271,2267,2808,312,0.86859,0.929479,0.807336,78,2026-09-03T19:11:48
tdma_packet_loss,1,10,0.15,5,0,0.025,9,0.54199,0.8,0.805556,0.8,True,8,1,4,16,127,1044,1296,144,0.881944,0.913386,0.805556,36,2026-09-03T19:11:48
tdma_packet_loss,1,10,0.15,5,0,0.025,10,0.578898,0.8,0.754209,1.1,True,11,1,1,17,108,896,1188,132,0.818182,0.921811,0.754209,33,2026-09-03T19:11:48
tdma_packet_loss,1,10,0.15,5,0,0.025,11,0.675743,0.6,0.764133,1.4,True,14,1,9,27,188,1568,2052,228,0.824561,0.926714,0.764133,57,2026-09-03T19:11:48
tdma_packet_loss,1,10,0.15,5,0,0.025,12,0.680644,0.4,0.84843,0.6,True,6,1,4,10,169,1405,1656,184,0.918478,0.923734,0.84843,46,2026-09-03T19:11:48
tdma_packet_loss,1,10,0.15,5,0,0.025,13,0.716763,0.8,0.799564,0.5,True,5,1,5,16,176,1468,1836,204,0.862745,0.926768,0.799564,51,2026-09-03T19:11:48
tdma_packet_loss,1,10,0.15,5,0,0.025,14,0.552922,1.0,0.81,0.5,True,5,1,0,9,87,729,900,100,0.87,0.931034,0.81,25,2026-09-03T19:11:48
tdma_packet_loss,1,10,0.15,5,0,0.05,0,0.626662,0.6,0.816562,2.7,True,27,1,3,11,92,779,954,106,0.867925,0.940821,0.816562,53,2026-09-03T19:11:48
tdma_packet_loss,1,10,0.15,5,0,0.05,1,0.514988,1.0,0.765027,2.1,True,21,1,10,19,101,840,1098,122,0.827869,0.924092,0.765027,61,2026-09-03T19:11:48
tdma_packet_loss,1,10,0.15,5,0,0.05,2,0.737277,0.6,0.797068,1.7,True,17,1,25,33,127,1033,1296,144,0.881944,0.903762,0.797068,72,2026-09-03T19:11:48
tdma_packet_loss,1,10,0.15,5,0,0.05,3,0.594685,0.6,0.777778,2.8,True,28,1,18,30,130,1078,1386,154,0.844156,0.921368,0.777778,77,2026-09-03T19:11:48
tdma_packet_loss,1,10,0.15,5,0,0.05,4,0.616509,1.0,0.787212,3.3,True,33,1,0,37,91,751,954,106,0.858491,0.916972,0.787212,53,2026-09-03T19:11:48
tdma_packet_loss,1,10,0.15,5,0,0.05,5,0.539912,0.8,0.749597,2.6,True,26,1,4,30,112,931,1242,138,0.811594,0.923611,0.749597,69,2026-09-03T19:11:48
tdma_packet_loss,1,10,0.15,5,0,0.05,6,0.515923,0.8,0.763668,2.9,True,29,1,11,41,103,866,1134,126,0.81746,0.934196,0.763668,63,2026-09-03T19:11:48
tdma_packet_loss,1,10,0.15,5,0,0.05,7,0.713859,0.2,0.768519,2.5,True,25,1,30,23,259,2158,2808,312,0.830128,0.925783,0.768519,156,2026-09-03T19:11:48
tdma_packet_loss,1,10,0.15,5,0,0.05,8,0.635118,0.6,0.822222,2.1,True,21,1,13,25,123,1036,1260,140,0.878571,0.935863,0.822222,70,2026-09-03T19:11:48
tdma_packet_loss,1,10,0.15,5,0,0.05,9,0.630981,1.0,0.805556,2.5,True,25,1,24,21,127,1044,1296,144,0.881944,0.913386,0.805556,72,2026-09-03T19:11:48
tdma_packet_loss,1,10,0.15,5,0,0.05,10,0.667547,0.6,0.752205,1.6,True,16,1,10,24,103,853,1134,126,0.81746,0.920173,0.752205,63,2026-09-03T19:11:48
tdma_packet_loss,1,10,0.15,5,0,0.05,11,0.691916,0.6,0.771337,2.6,True,26,1,6,13,115,958,1242,138,0.833333,0.925604,0.771337,69,2026-09-03T19:11:48
tdma_packet_loss,1,10,0.15,5,0,0.05,12,0.610382,0.6,0.843915,1.0,True,10,1,24,14,154,1276,1512,168,0.916667,0.920635,0.843915,84,2026-09-03T19:11:48
tdma_packet_loss,1,10,0.15,5,0,0.05,13,0.612808,0.8,0.768199,1.0,True,10,1,13,15,96,802,1044,116,0.827586,0.928241,0.768199,58,2026-09-03T19:11:48
tdma_packet_loss,1,10,0.15,5,0,0.05,14,0.664471,1.0,0.809693,1.0,True,10,1,8,11,82,685,846,94,0.87234,0.928184,0.809693,47,2026-09-03T19:11:48
tdma_packet_loss,1,10,0.15,5,0,0.1,0,0.756247,0.4,0.804,5.1,True,51,0,205,55,432,3618,4500,500,0.864,0.930556,0.804,500,2026-09-03T19:11:49
tdma_packet_loss,1,10,0.15,5,0,0.1,1,0.595744,0.0,0.782667,7.5,True,75,0,317,55,421,3522,4500,500,0.842,0.929533,0.782667,500,2026-09-03T19:11:49
tdma_packet_loss,1,10,0.15,5,0,0.1,2,0.724461,0.2,0.793301,3.7,True,37,1,49,22,119,971,1224,136,0.875,0.906629,0.793301,136,2026-09-03T19:11:49
tdma_packet_loss,1,10,0.15,5,0,0.1,3,0.686534,0.0,0.776583,3.2,True,32,1,219,36,311,2600,3348,372,0.836022,0.928903,0.776583,372,2026-09-03T19:11:49
tdma_packet_loss,1,10,0.15,5,0,0.1,4,0.801619,0.2,0.803094,4.4,True,44,1,64,39,138,1142,1422,158,0.873418,0.919485,0.803094,158,2026-09-03T19:11:49
tdma_packet_loss,1,10,0.15,5,0,0.1,5,0.565376,0.4,0.742369,4.1,True,41,1,21,45,73,608,819,91,0.802198,0.925419,0.742369,91,2026-09-03T19:11:48
tdma_packet_loss,1,10,0.15,5,0,0.1,6,0.642764,0.0,0.738397,5.9,True,59,1,0,53,62,525,711,79,0.78481,0.94086,0.738397,79,2026-09-03T19:11:48
tdma_packet_loss,1,10,0.15,5,0,0.1,7,0.656042,0.2,0.768,5.5,True,55,0,279,37,415,3456,4500,500,0.83,0.925301,0.768,500,2026-09-03T19:11:49
tdma_packet_loss,1,10,0.15,5,0,0.1,8,0.64208,1.0,0.834244,4.1,True,41,1,0,45,55,458,549,61,0.901639,0.925253,0.834244,61,2026-09-03T19:11:49
tdma_packet_loss,1,10,0.15,5,0,0.1,9,0.770238,0.2,0.791556,7.2,True,72,0,275,66,429,3562,4500,500,0.858,0.922559,0.791556,500,2026-09-03T19:11:49
tdma_packet_loss,1,10,0.15,5,0,0.1,10,0.506121,0.6,0.743119,8.9,True,89,1,0,56,88,729,981,109,0.807339,0.920455,0.743119,109,2026-09-03T19:11:49
tdma_packet_loss,1,10,0.15,5,0,0.1,11,0.649239,0.8,0.750471,9.8,True,98,1,0,72,96,797,1062,118,0.813559,0.922454,0.750471,118,2026-09-03T19:11:48
tdma_packet_loss,1,10,0.15,5,0,0.1,12,0.598723,0.6,0.818318,4.2,True,42,1,10,49,65,545,666,74,0.878378,0.931624,0.818318,74,2026-09-03T19:11:49
tdma_packet_loss,1,10,0.15,5,0,0.1,13,0.69452,0.0,0.783497,2.4,True,24,1,68,44,115,959,1224,136,0.845588,0.92657,0.783497,136,2026-09-03T19:11:49
tdma_packet_loss,1,10,0.15,5,0,0.1,14,0.604016,0.4,0.803489,3.3,True,33,1,45,27,104,875,1089,121,0.859504,0.934829,0.803489,121,2026-09-03T19:11:49
tdma_packet_loss,1,10,0.15,5,2,0.025,0,0.640698,0.8,0.77935,2.1,True,21,1,2,27,177,1487,1908,212,0.834906,0.933459,0.77935,53,2026-09-03T19:11:48
tdma_packet_loss,1,10,0.15,5,2,0.025,1,0.632447,0.8,0.756813,1.8,True,18,1,9,28,172,1444,1908,212,0.811321,0.932817,0.756813,53,2026-09-03T19:11:49
tdma_packet_loss,1,10,0.15,5,2,0.025,2,0.498494,0.6,0.769006,0.8,True,8,1,3,12,129,1052,1368,152,0.848684,0.906115,0.769006,38,2026-09-03T19:11:49
tdma_packet_loss,1,10,0.15,5,2,0.025,3,0.685068,0.8,0.761458,1.2,True,12,1,21,28,263,2193,2880,320,0.821875,0.926489,0.761458,80,2026-09-03T19:11:49
tdma_packet_loss,1,10,0.15,5,2,0.025,4,0.541597,0.8,0.785461,1.0,True,10,1,3,11,160,1329,1692,188,0.851064,0.922917,0.785461,47,2026-09-03T19:11:49
tdma_packet_loss,1,10,0.15,5,2,0.025,5,0.690625,0.4,0.781287,1.5,True,15,1,21,17,322,2672,3420,380,0.847368,0.922015,0.781287,95,2026-09-03T19:11:49
tdma_packet_loss,1,10,0.15,5,2,0.025,6,0.551771,0.6,0.785791,2.5,True,25,1,1,28,175,1471,1872,208,0.841346,0.933968,0.785791,52,2026-09-03T19:11:49
tdma_packet_loss,1,10,0.15,5,2,0.025,7,0.644454,0.4,0.770833,1.0,True,10,1,6,14,147,1221,1584,176,0.835227,0.922902,0.770833,44,2026-09-03T19:11:49
tdma_packet_loss,1,10,0.15,5,2,0.025,8,0.670179,0.6,0.778788,1.9,True,19,1,1,23,183,1542,1980,220,0.831818,0.936248,0.778788,55,2026-09-03T19:11:49
tdma_packet_loss,1,10,0.15,5,2,0.025,9,0.474859,0.8,0.768254,0.6,True,6,1,3,9,117,968,1260,140,0.835714,0.919278,0.768254,35,2026-09-03T19:11:49
tdma_packet_loss,1,10,0.15,5,2,0.025,10,0.627722,1.0,0.775,1.0,True,10,1,3,17,168,1395,1800,200,0.84,0.922619,0.775,50,2026-09-03T19:11:49
tdma_packet_loss,1,10,0.15,5,2,0.025,11,0.69748,0.4,0.795508,1.2,True,12,1,10,31,161,1346,1692,188,0.856383,0.928916,0.795508,47,2026-09-03T19:11:49
tdma_packet_loss,1,10,0.15,5,2,0.025,12,0.632639,0.6,0.863049,0.6,True,6,1,2,10,161,1336,1548,172,0.936047,0.922015,0.863049,43,2026-09-03T19:11:49
tdma_packet_loss,1,10,0.15,5,2,0.025,13,0.709505,0.8,0.811002,0.7,True,7,1,5,16,179,1489,1836,204,0.877451,0.924271,0.811002,51,2026-09-03T19:11:49
tdma_packet_loss,1,10,0.15,5,2,0.025,14,0.617971,0.8,0.72076,0.7,True,7,1,3,11,117,986,1368,152,0.769737,0.936372,0.72076,38,2026-09-03T19:11:49
tdma_packet_loss,1,10,0.15,5,2,0.05,0,0.543964,1.0,0.797619,2.1,True,21,1,5,25,95,804,1008,112,0.848214,0.940351,0.797619,56,2026-09-03T19:11:49
tdma_packet_loss,1,10,0.15,5,2,0.05,1,0.603889,0.4,0.737654,1.6,True,16,1,16,32,86,717,972,108,0.796296,0.926357,0.737654,54,2026-09-03T19:11:49
tdma_packet_loss,1,10,0.15,5,2,0.05,2,0.562169,0.8,0.763117,3.9,True,39,1,3,26,121,989,1296,144,0.840278,0.908173,0.763117,72,2026-09-03T19:11:49
tdma_packet_loss,1,10,0.15,5,2,0.05,3,0.526505,0.8,0.766908,4.0,True,40,1,22,33,153,1270,1656,184,0.831522,0.922295,0.766908,92,2026-09-03T19:11:49
tdma_packet_loss,1,10,0.15,5,2,0.05,4,0.724162,0.8,0.757407,2.3,True,23,1,16,41,98,818,1080,120,0.816667,0.927438,0.757407,60,2026-09-03T19:11:49
tdma_packet_loss,1,10,0.15,5,2,0.05,5,0.622936,0.8,0.77509,3.0,True,30,1,4,17,104,865,1116,124,0.83871,0.924145,0.77509,62,2026-09-03T19:11:49
tdma_packet_loss,1,10,0.15,5,2,0.05,6,0.656165,0.6,0.792703,2.8,True,28,1,6,27,114,956,1206,134,0.850746,0.931774,0.792703,67,2026-09-03T19:11:49
tdma_packet_loss,1,10,0.15,5,2,0.05,7,0.620253,0.4,0.764815,1.4,True,14,1,17,20,100,826,1080,120,0.833333,0.917778,0.764815,60,2026-09-03T19:11:49
tdma_packet_loss,1,10,0.15,5,2,0.05,8,0.676672,0.8,0.792636,2.1,True,21,1,31,32,145,1227,1548,172,0.843023,0.94023,0.792636,86,2026-09-03T19:11:49
tdma_packet_loss,1,10,0.15,5,2,0.05,9,0.722929,0.6,0.774376,2.0,True,20,1,19,24,165,1366,1764,196,0.841837,0.919865,0.774376,98,2026-09-03T19:11:49
tdma_packet_loss,1,10,0.15,5,2,0.05,10,0.628568,0.8,0.779798,2.1,True,21,1,13,34,93,772,990,110,0.845455,0.922342,0.779798,55,2026-09-03T19:11:49
tdma_packet_loss,1,10,0.15,5,2,0.05,11,0.618337,0.6,0.768116,2.6,True,26,1,0,26,76,636,828,92,0.826087,0.929825,0.768116,46,2026-09-03T19:11:49
tdma_packet_loss,1,10,0.15,5,2,0.05,12,0.701929,0.6,0.865812,1.2,True,12,1,12,16,123,1013,1170,130,0.946154,0.915086,0.865812,65,2026-09-03T19:11:49
tdma_packet_loss,1,10,0.15,5,2,0.05,13,0.638587,1.0,0.795597,1.5,True,15,1,8,10,91,759,954,106,0.858491,0.92674,0.795597,53,2026-09-03T19:11:49
tdma_packet_loss,1,10,0.15,5,2,0.05,14,0.666089,1.0,0.768519,1.2,True,12,1,10,20,89,747,972,108,0.824074,0.932584,0.768519,54,2026-09-03T19:11:49
tdma_packet_loss,1,10,0.15,5,2,0.1,0,0.675647,0.0,0.780069,5.9,True,59,1,109,45,243,2043,2619,291,0.835052,0.934156,0.780069,291,2026-09-03T19:11:49
tdma_packet_loss,1,10,0.15,5,2,0.1,1,0.732387,0.0,0.782841,3.8,True,38,1,224,35,331,2783,3555,395,0.837975,0.934206,0.782841,395,2026-09-03T19:11:50
tdma_packet_loss,1,10,0.15,5,2,0.1,2,0.735532,0.0,0.76484,4.0,True,40,1,67,46,123,1005,1314,146,0.842466,0.907859,0.76484,146,2026-09-03T19:11:49
tdma_packet_loss,1,10,0.15,5,2,0.1,3,0.640406,0.6,0.774953,4.1,True,41,1,50,49,99,823,1062,118,0.838983,0.923681,0.774953,118,2026-09-03T19:11:49
tdma_packet_loss,1,10,0.15,5,2,0.1,4,0.51015,0.2,0.774074,5.2,True,52,1,58,46,125,1045,1350,150,0.833333,0.928889,0.774074,150,2026-09-03T19:11:49
tdma_packet_loss,1,10,0.15,5,2,0.1,5,0.753009,0.4,0.769296,7.2,True,72,1,23,38,109,907,1179,131,0.832061,0.924567,0.769296,131,2026-09-03T19:11:49
tdma_packet_loss,1,10,0.15,5,2,0.1,6,0.728877,0.2,0.796296,5.2,True,52,1,0,46,61,516,648,72,0.847222,0.939891,0.796296,72,2026-09-03T19:11:49
tdma_packet_loss,1,10,0.15,5,2,0.1,7,0.659951,0.2,0.759333,3.8,True,38,0,287,34,410,3417,4500,500,0.82,0.926016,0.759333,500,2026-09-03T19:11:50
tdma_packet_loss,1,10,0.15,5,2,0.1,8,0.685417,0.6,0.794362,3.6,True,36,1,10,45,57,479,603,67,0.850746,0.933723,0.794362,67,2026-09-03T19:11:49
tdma_packet_loss,1,10,0.15,5,2,0.1,9,0.737932,0.2,0.783333,4.1,True,41,0,351,26,424,3525,4500,500,0.848,0.923742,0.783333,500,2026-09-03T19:11:50
tdma_packet_loss,1,10,0.15,5,2,0.1,10,0.495854,0.6,0.777778,4.0,True,40,1,22,46,74,616,792,88,0.840909,0.924925,0.777778,88,2026-09-03T19:11:49
tdma_packet_loss,1,10,0.15,5,2,0.1,11,0.69232,0.0,0.794444,3.2,True,32,0,272,29,428,3575,4500,500,0.856,0.928089,0.794444,500,2026-09-03T19:11:50
tdma_packet_loss,1,10,0.15,5,2,0.1,12,0.723682,0.4,0.864035,4.1,True,41,1,4,45,71,591,684,76,0.934211,0.924883,0.864035,76,2026-09-03T19:11:49
tdma_packet_loss,1,10,0.15,5,2,0.1,13,0.658035,0.2,0.802444,4.7,True,47,0,266,44,434,3611,4500,500,0.868,0.924475,0.802444,500,2026-09-03T19:11:50
tdma_packet_loss,1,10,0.15,5,2,0.1,14,0.634662,0.0,0.769339,2.7,True,27,1,29,29,65,547,711,79,0.822785,0.935043,0.769339,79,2026-09-03T19:11:49
tdma_packet_loss,1,10,0.15,5,5,0.025,0,0.614626,0.6,0.792625,2.2,True,22,1,8,26,197,1655,2088,232,0.849138,0.933446,0.792625,58,2026-09-03T19:11:49
tdma_packet_loss,1,10,0.15,5,5,0.025,1,0.622765,0.8,0.78125,1.5,True,15,1,10,19,242,2025,2592,288,0.840278,0.929752,0.78125,72,2026-09-03T19:11:50
tdma_packet_loss,1,10,0.15,5,5,0.025,2,0.417152,0.8,0.77877,0.8,True,8,1,0,11,97,785,1008,112,0.866071,0.899198,0.77877,28,2026-09-03T19:11:50
tdma_packet_loss,1,10,0.15,5,5,0.025,3,0.651753,0.8,0.775206,1.0,True,10,1,17,14,181,1507,1944,216,0.837963,0.925107,0.775206,54,2026-09-03T19:11:50
tdma_packet_loss,1,10,0.15,5,5,0.025,4,0.512514,0.8,0.780864,0.7,True,7,1,0,10,92,759,972,108,0.851852,0.916667,0.780864,27,2026-09-03T19:11:50
tdma_packet_loss,1,10,0.15,5,5,0.025,5,0.74694,0.4,0.760494,1.0,True,10,1,14,21,148,1232,1620,180,0.822222,0.924925,0.760494,45,2026-09-03T19:11:50
tdma_packet_loss,1,10,0.15,5,5,0.025,6,0.599411,0.8,0.816764,2.9,True,29,1,2,33,200,1676,2052,228,0.877193,0.931111,0.816764,57,2026-09-03T19:11:50
tdma_packet_loss,1,10,0.15,5,5,0.025,7,0.641913,0.6,0.78553,1.2,True,12,1,3,16,147,1216,1548,172,0.854651,0.919123,0.78553,43,2026-09-03T19:11:50
tdma_packet_loss,1,10,0.15,5,5,0.025,8,0.587652,0.8,0.802144,2.0,True,20,1,10,28,196,1646,2052,228,0.859649,0.933107,0.802144,57,2026-09-03T19:11:50
tdma_packet_loss,1,10,0.15,5,5,0.025,9,0.606475,0.8,0.801587,0.6,True,6,1,4,9,123,1010,1260,140,0.878571,0.912376,0.801587,35,2026-09-03T19:11:50
tdma_packet_loss,1,10,0.15,5,5,0.025,10,0.564279,1.0,0.76015,1.2,True,12,1,5,16,171,1423,1872,208,0.822115,0.924626,0.76015,52,2026-09-03T19:11:50
tdma_packet_loss,1,10,0.15,5,5,0.025,11,0.64752,0.6,0.756006,1.4,True,14,1,1,20,121,1007,1332,148,0.817568,0.924702,0.756006,37,2026-09-03T19:11:50
tdma_packet_loss,1,10,0.15,5,5,0.025,12,0.567749,0.6,0.849537,1.0,True,10,1,2,20,133,1101,1296,144,0.923611,0.919799,0.849537,36,2026-09-03T19:11:50
tdma_packet_loss,1,10,0.15,5,5,0.025,13,0.777161,0.6,0.808288,1.3,True,13,1,4,16,213,1775,2196,244,0.872951,0.925926,0.808288,61,2026-09-03T19:11:50
tdma_packet_loss,1,10,0.15,5,5,0.025,14,0.578581,0.8,0.765873,0.7,True,7,1,1,9,115,965,1260,140,0.821429,0.932367,0.765873,35,2026-09-03T19:11:50
tdma_packet_loss,1,10,0.15,5,5,0.05,0,0.552111,0.6,0.799145,4.5,True,45,1,0,16,111,935,1170,130,0.853846,0.935936,0.799145,65,2026-09-03T19:11:50
tdma_packet_loss,1,10,0.15,5,5,0.05,1,0.627021,0.8,0.761538,2.4,True,24,1,13,22,107,891,1170,130,0.823077,0.925234,0.761538,65,2026-09-03T19:11:50
tdma_packet_loss,1,10,0.15,5,5,0.05,2,0.666565,0.8,0.806638,2.1,True,21,1,12,23,137,1118,1386,154,0.88961,0.906732,0.806638,77,2026-09-03T19:11:50
tdma_packet_loss,1,10,0.15,5,5,0.05,3,0.595125,0.8,0.787582,3.6,True,36,1,20,37,145,1205,1530,170,0.852941,0.923372,0.787582,85,2026-09-03T19:11:50
tdma_packet_loss,1,10,0.15,5,5,0.05,4,0.667603,0.8,0.804878,1.8,True,18,1,24,37,144,1188,1476,164,0.878049,0.916667,0.804878,82,2026-09-03T19:11:50
tdma_packet_loss,1,10,0.15,5,5,0.05,5,0.635024,0.6,0.733333,1.5,True,15,1,0,19,56,462,630,70,0.8,0.916667,0.733333,35,2026-09-03T19:11:50
tdma_packet_loss,1,10,0.15,5,5,0.05,6,0.520713,1.0,0.838889,2.3,True,23,1,4,25,90,755,900,100,0.9,0.932099,0.838889,50,2026-09-03T19:11:50
tdma_packet_loss,1,10,0.15,5,5,0.05,7,0.726182,0.6,0.791667,1.4,True,14,1,17,15,124,1026,1296,144,0.861111,0.919355,0.791667,72,2026-09-03T19:11:50
tdma_packet_loss,1,10,0.15,5,5,0.05,8,0.746738,0.6,0.80418,2.4,True,24,1,21,28,174,1462,1818,202,0.861386,0.933589,0.80418,101,2026-09-03T19:11:50
tdma_packet_loss,1,10,0.15,5,5,0.05,9,0.468896,0.8,0.78655,1.8,True,18,1,0,21,66,538,684,76,0.868421,0.905724,0.78655,38,2026-09-03T19:11:50
tdma_packet_loss,1,10,0.15,5,5,0.05,10,0.497042,0.6,0.748634,2.5,True,25,1,7,20,99,822,1098,122,0.811475,0.922559,0.748634,61,2026-09-03T19:11:50
tdma_packet_loss,1,10,0.15,5,5,0.05,11,0.773225,0.6,0.768376,3.1,True,31,1,1,35,108,899,1170,130,0.830769,0.924897,0.768376,65,2026-09-03T19:11:50
tdma_packet_loss,1,10,0.15,5,5,0.05,12,0.541535,0.2,0.822222,2.0,True,20,1,0,24,71,592,720,80,0.8875,0.926448,0.822222,40,2026-09-03T19:11:50
tdma_packet_loss,1,10,0.15,5,5,0.05,13,0.678571,1.0,0.766461,1.9,True,19,1,9,15,89,745,972,108,0.824074,0.930087,0.766461,54,2026-09-03T19:11:50
tdma_packet_loss,1,10,0.15,5,5,0.05,14,0.652706,0.6,0.807128,1.1,True,11,1,7,20,92,770,954,106,0.867925,0.929952,0.807128,53,2026-09-03T19:11:50
tdma_packet_loss,1,10,0.15,5,5,0.1,0,0.781633,0.0,0.791894,5.0,True,50,1,85,38,207,1739,2196,244,0.848361,0.933441,0.791894,244,2026-09-03T19:11:51
tdma_packet_loss,1,10,0.15,5,5,0.1,1,0.657364,0.2,0.77915,6.6,True,66,1,50,62,136,1136,1458,162,0.839506,0.928105,0.77915,162,2026-09-03T19:11:50
tdma_packet_loss,1,10,0.15,5,5,0.1,2,0.750753,0.2,0.789333,4.7,True,47,0,295,54,430,3552,4500,500,0.86,0.917829,0.789333,500,2026-09-03T19:11:51
tdma_packet_loss,1,10,0.15,5,5,0.1,3,0.686337,0.0,0.786889,5.5,True,55,0,282,53,425,3541,4500,500,0.85,0.925752,0.786889,500,2026-09-03T19:11:51
tdma_packet_loss,1,10,0.15,5,5,0.1,4,0.631059,0.4,0.791667,4.3,True,43,1,38,47,110,912,1152,128,0.859375,0.921212,0.791667,128,2026-09-03T19:11:51
tdma_packet_loss,1,10,0.15,5,5,0.1,5,0.648426,0.2,0.750646,6.6,True,66,1,0,61,70,581,774,86,0.813953,0.922222,0.750646,86,2026-09-03T19:11:50
tdma_packet_loss,1,10,0.15,5,5,0.1,6,0.683309,0.4,0.82716,5.4,True,54,1,14,44,104,871,1053,117,0.888889,0.930556,0.82716,117,2026-09-03T19:11:50
tdma_packet_loss,1,10,0.15,5,5,0.1,7,0.615032,0.6,0.78836,8.5,True,85,1,0,36,90,745,945,105,0.857143,0.919753,0.78836,105,2026-09-03T19:11:50
tdma_packet_loss,1,10,0.15,5,5,0.1,8,0.608815,0.6,0.832423,4.1,True,41,1,0,37,55,457,549,61,0.901639,0.923232,0.832423,61,2026-09-03T19:11:50
tdma_packet_loss,1,10,0.15,5,5,0.1,9,0.575906,0.0,0.791778,8.1,True,81,0,276,19,429,3563,4500,500,0.858,0.922818,0.791778,500,2026-09-03T19:11:51
tdma_packet_loss,1,10,0.15,5,5,0.1,10,0.608275,0.4,0.752723,4.0,True,40,1,22,35,83,691,918,102,0.813725,0.925033,0.752723,102,2026-09-03T19:11:51
tdma_packet_loss,1,10,0.15,5,5,0.1,11,0.582224,0.2,0.765873,6.4,True,64,1,35,45,116,965,1260,140,0.828571,0.92433,0.765873,140,2026-09-03T19:11:50
tdma_packet_loss,1,10,0.15,5,5,0.1,12,0.738782,0.2,0.833333,5.5,True,55,1,35,51,111,915,1098,122,0.909836,0.915916,0.833333,122,2026-09-03T19:11:51
tdma_packet_loss,1,10,0.15,5,5,0.1,13,0.629577,0.4,0.779661,3.9,True,39,1,0,43,49,414,531,59,0.830508,0.938776,0.779661,59,2026-09-03T19:11:50
tdma_packet_loss,1,10,0.15,5,5,0.1,14,0.642785,0.6,0.837887,3.9,True,39,1,1,34,55,460,549,61,0.901639,0.929293,0.837887,61,2026-09-03T19:11:50
tdma_packet_loss,1,10,0.15,10,0,0.025,0,0.680482,0.4,0.796296,2.4,True,24,1,9,25,277,2322,2916,324,0.854938,0.931408,0.796296,81,2026-09-03T19:11:51
tdma_packet_loss,1,10,0.15,10,0,0.025,1,0.562633,0.7,0.785207,2.2,True,22,1,15,30,290,2431,3096,344,0.843023,0.931418,0.785207,86,2026-09-03T19:11:51
tdma_packet_loss,1,10,0.15,10,0,0.025,2,0.564136,0.7,0.802288,2.7,True,27,1,3,23,179,1473,1836,204,0.877451,0.914339,0.802288,51,2026-09-03T19:11:50
tdma_packet_loss,1,10,0.15,10,0,0.025,3,0.665915,0.5,0.776583,1.5,True,15,1,35,36,311,2600,3348,372,0.836022,0.928903,0.776583,93,2026-09-03T19:11:51
tdma_packet_loss,1,10,0.15,10,0,0.025,4,0.55536,0.6,0.800439,1.8,True,18,1,0,21,132,1095,1368,152,0.868421,0.921717,0.800439,38,2026-09-03T19:11:50
tdma_packet_loss,1,10,0.15,10,0,0.025,5,0.653474,0.5,0.773199,3.2,True,32,1,11,34,305,2533,3276,364,0.837912,0.922769,0.773199,91,2026-09-03T19:11:51
tdma_packet_loss,1,10,0.15,10,0,0.025,6,0.715496,0.4,0.805795,1.9,True,19,1,35,28,401,3365,4176,464,0.864224,0.932391,0.805795,116,2026-09-03T19:11:51
tdma_packet_loss,1,10,0.15,10,0,0.025,7,0.614083,0.5,0.772467,2.3,True,23,1,2,27,227,1891,2448,272,0.834559,0.9256,0.772467,68,2026-09-03T19:11:51
tdma_packet_loss,1,10,0.15,10,0,0.025,8,0.563429,0.5,0.799431,2.1,True,21,1,20,27,439,3655,4572,508,0.864173,0.925082,0.799431,127,2026-09-03T19:11:51
tdma_packet_loss,1,10,0.15,10,0,0.025,9,0.601468,0.5,0.792625,1.6,True,16,1,3,22,200,1655,2088,232,0.862069,0.919444,0.792625,58,2026-09-03T19:11:51
tdma_packet_loss,1,10,0.15,10,0,0.025,10,0.564714,0.5,0.775146,3.2,True,32,1,5,33,317,2651,3420,380,0.834211,0.929197,0.775146,95,2026-09-03T19:11:51
tdma_packet_loss,1,10,0.15,10,0,0.025,11,0.610028,0.6,0.779514,0.9,True,9,1,13,30,161,1347,1728,192,0.838542,0.929607,0.779514,48,2026-09-03T19:11:51
tdma_packet_loss,1,10,0.15,10,0,0.025,12,0.503873,0.6,0.849794,1.2,True,12,1,16,30,198,1652,1944,216,0.916667,0.927048,0.849794,54,2026-09-03T19:11:51
tdma_packet_loss,1,10,0.15,10,0,0.025,13,0.718862,0.4,0.809179,1.4,True,14,1,9,17,241,2010,2484,276,0.873188,0.926694,0.809179,69,2026-09-03T19:11:51
tdma_packet_loss,1,10,0.15,10,0,0.025,14,0.559114,0.7,0.753655,1.4,True,14,1,3,22,123,1031,1368,152,0.809211,0.931346,0.753655,38,2026-09-03T19:11:51
tdma_packet_loss,1,10,0.15,10,0,0.05,0,0.570882,0.5,0.804688,2.6,True,26,1,14,48,110,927,1152,128,0.859375,0.936364,0.804688,64,2026-09-03T19:11:51
tdma_packet_loss,1,10,0.15,10,0,0.05,1,0.583727,0.5,0.761538,4.1,True,41,1,3,49,107,891,1170,130,0.823077,0.925234,0.761538,65,2026-09-03T19:11:51
tdma_packet_loss,1,10,0.15,10,0,0.05,2,0.573331,0.6,0.806638,2.9,True,29,1,6,26,137,1118,1386,154,0.88961,0.906732,0.806638,77,2026-09-03T19:11:51
tdma_packet_loss,1,10,0.15,10,0,0.05,3,0.607796,0.7,0.783802,3.4,True,34,1,13,32,141,1171,1494,166,0.849398,0.922774,0.783802,83,2026-09-03T19:11:51
tdma_packet_loss,1,10,0.15,10,0,0.05,4,0.573929,0.6,0.803268,4.9,True,49,1,3,25,149,1229,1530,170,0.876471,0.91648,0.803268,85,2026-09-03T19:11:51
tdma_packet_loss,1,10,0.15,10,0,0.05,5,0.694854,0.5,0.745053,5.3,True,53,1,0,56,118,979,1314,146,0.808219,0.921846,0.745053,73,2026-09-03T19:11:51
tdma_packet_loss,1,10,0.15,10,0,0.05,6,0.73562,0.4,0.809722,2.9,True,29,1,37,40,209,1749,2160,240,0.870833,0.929825,0.809722,120,2026-09-03T19:11:51
tdma_packet_loss,1,10,0.15,10,0,0.05,7,0.593724,0.4,0.791152,3.4,True,34,1,0,33,93,769,972,108,0.861111,0.918757,0.791152,54,2026-09-03T19:11:51
tdma_packet_loss,1,10,0.15,10,0,0.05,8,0.642144,0.3,0.819646,2.3,True,23,1,21,53,121,1018,1242,138,0.876812,0.934803,0.819646,69,2026-09-03T19:11:51
tdma_packet_loss,1,10,0.15,10,0,0.05,9,0.520061,0.4,0.801783,3.1,True,31,1,11,32,142,1169,1458,162,0.876543,0.91471,0.801783,81,2026-09-03T19:11:51
tdma_packet_loss,1,10,0.15,10,0,0.05,10,0.621957,0.7,0.768603,4.6,True,46,1,12,45,181,1508,1962,218,0.830275,0.925721,0.768603,109,2026-09-03T19:11:51
tdma_packet_loss,1,10,0.15,10,0,0.05,11,0.591112,0.5,0.776005,3.1,True,31,1,14,35,157,1313,1692,188,0.835106,0.929229,0.776005,94,2026-09-03T19:11:51
tdma_packet_loss,1,10,0.15,10,0,0.05,12,0.637685,0.6,0.849943,4.6,True,46,1,15,44,178,1484,1746,194,0.917526,0.926342,0.849943,97,2026-09-03T19:11:51
tdma_packet_loss,1,10,0.15,10,0,0.05,13,0.590239,0.6,0.794785,1.9,True,19,1,11,22,168,1402,1764,196,0.857143,0.927249,0.794785,98,2026-09-03T19:11:51
tdma_packet_loss,1,10,0.15,10,0,0.05,14,0.504073,0.8,0.760596,2.7,True,27,1,11,26,159,1328,1746,194,0.819588,0.928022,0.760596,97,2026-09-03T19:11:52
tdma_packet_loss,1,10,0.15,10,0,0.1,0,0.632909,0.1,0.804444,12.1,True,121,0,309,85,432,3620,4500,500,0.864,0.93107,0.804444,500,2026-09-03T19:11:52
tdma_packet_loss,1,10,0.15,10,0,0.1,1,0.531543,0.2,0.782444,11.7,True,117,0,308,78,421,3521,4500,500,0.842,0.929269,0.782444,500,2026-09-03T19:11:53
tdma_packet_loss,1,10,0.15,10,0,0.1,2,0.676203,0.2,0.789333,4.7,True,47,0,365,69,430,3552,4500,500,0.86,0.917829,0.789333,500,2026-09-03T19:11:52
tdma_packet_loss,1,10,0.15,10,0,0.1,3,0.785392,0.0,0.786889,5.3,True,53,0,368,64,425,3541,4500,500,0.85,0.925752,0.786889,500,2026-09-03T19:11:53
tdma_packet_loss,1,10,0.15,10,0,0.1,4,0.646079,0.2,0.793556,9.0,True,90,0,314,93,429,3571,4500,500,0.858,0.92489,0.793556,500,2026-09-03T19:11:52
tdma_packet_loss,1,10,0.15,10,0,0.1,5,0.743526,0.3,0.780889,7.0,True,70,0,320,68,424,3514,4500,500,0.848,0.92086,0.780889,500,2026-09-03T19:11:53
tdma_packet_loss,1,10,0.15,10,0,0.1,6,0.798583,0.3,0.805333,4.9,True,49,0,342,47,432,3624,4500,500,0.864,0.932099,0.805333,500,2026-09-03T19:11:52
tdma_packet_loss,1,10,0.15,10,0,0.1,7,0.582901,0.3,0.793068,8.6,True,86,1,1,85,94,778,981,109,0.862385,0.919622,0.793068,109,2026-09-03T19:11:53
tdma_packet_loss,1,10,0.15,10,0,0.1,8,0.634609,0.2,0.800889,5.3,True,53,0,382,46,433,3604,4500,500,0.866,0.924814,0.800889,500,2026-09-03T19:11:52
tdma_packet_loss,1,10,0.15,10,0,0.1,9,0.737703,0.3,0.804973,10.6,True,106,1,10,53,126,1036,1287,143,0.881119,0.91358,0.804973,143,2026-09-03T19:11:53
tdma_packet_loss,1,10,0.15,10,0,0.1,10,0.360188,0.1,0.771333,7.7,True,77,0,335,72,416,3471,4500,500,0.832,0.927083,0.771333,500,2026-09-03T19:11:52
tdma_packet_loss,1,10,0.15,10,0,0.1,11,0.707725,0.1,0.770202,6.6,True,66,1,45,49,110,915,1188,132,0.833333,0.924242,0.770202,132,2026-09-03T19:11:53
tdma_packet_loss,1,10,0.15,10,0,0.1,12,0.709268,0.4,0.844293,10.2,True,102,1,13,55,135,1117,1323,147,0.918367,0.919342,0.844293,147,2026-09-03T19:11:52
tdma_packet_loss,1,10,0.15,10,0,0.1,13,0.708204,0.0,0.797111,12.1,True,121,0,260,109,431,3587,4500,500,0.862,0.924723,0.797111,500,2026-09-03T19:11:53
tdma_packet_loss,1,10,0.15,10,0,0.1,14,0.712964,0.1,0.787333,6.2,True,62,0,355,59,425,3543,4500,500,0.85,0.926275,0.787333,500,2026-09-03T19:11:53
tdma_packet_loss,1,10,0.15,10,2,0.025,0,0.649158,0.4,0.775157,2.4,True,24,1,1,25,176,1479,1908,212,0.830189,0.933712,0.775157,53,2026-09-03T19:11:53
tdma_packet_loss,1,10,0.15,10,2,0.025,1,0.726922,0.3,0.77662,2.2,True,22,1,34,25,400,3355,4320,480,0.833333,0.931944,0.77662,120,2026-09-03T19:11:53
tdma_packet_loss,1,10,0.15,10,2,0.025,2,0.53293,0.6,0.780214,3.2,True,32,1,2,41,194,1601,2052,228,0.850877,0.916953,0.780214,57,2026-09-03T19:11:53
tdma_packet_loss,1,10,0.15,10,2,0.025,3,0.58965,0.6,0.755952,2.5,True,25,1,9,33,183,1524,2016,224,0.816964,0.925319,0.755952,56,2026-09-03T19:11:53
tdma_packet_loss,1,10,0.15,10,2,0.025,4,0.5706,0.6,0.773504,1.7,True,17,1,1,22,130,1086,1404,156,0.833333,0.928205,0.773504,39,2026-09-03T19:11:53
tdma_packet_loss,1,10,0.15,10,2,0.025,5,0.646441,0.3,0.791258,2.4,True,24,1,5,27,233,1937,2448,272,0.856618,0.923701,0.791258,68,2026-09-03T19:11:53
tdma_packet_loss,1,10,0.15,10,2,0.025,6,0.63114,0.6,0.785714,3.1,True,31,1,1,33,236,1980,2520,280,0.842857,0.932203,0.785714,70,2026-09-03T19:11:53
tdma_packet_loss,1,10,0.15,10,2,0.025,7,0.5952,0.5,0.76,1.2,True,12,1,16,32,164,1368,1800,200,0.82,0.926829,0.76,50,2026-09-03T19:11:53
tdma_packet_loss,1,10,0.15,10,2,0.025,8,0.554513,0.6,0.787559,1.9,True,19,1,8,23,240,2013,2556,284,0.84507,0.931944,0.787559,71,2026-09-03T19:11:53
tdma_packet_loss,1,10,0.15,10,2,0.025,9,0.604782,0.5,0.782051,1.9,True,19,1,0,22,133,1098,1404,156,0.852564,0.917293,0.782051,39,2026-09-03T19:11:53
tdma_packet_loss,1,10,0.15,10,2,0.025,10,0.671648,0.5,0.791838,3.3,True,33,1,9,36,276,2309,2916,324,0.851852,0.929549,0.791838,81,2026-09-03T19:11:53
tdma_packet_loss,1,10,0.15,10,2,0.025,11,0.535184,0.7,0.793403,2.8,True,28,1,0,30,164,1371,1728,192,0.854167,0.928862,0.793403,48,2026-09-03T19:11:53
tdma_packet_loss,1,10,0.15,10,2,0.025,12,0.653377,0.4,0.822959,1.2,True,12,1,24,29,295,2459,2988,332,0.888554,0.926177,0.822959,83,2026-09-03T19:11:53
tdma_packet_loss,1,10,0.15,10,2,0.025,13,0.583796,0.6,0.807588,1.8,True,18,1,2,23,143,1192,1476,164,0.871951,0.926185,0.807588,41,2026-09-03T19:11:53
tdma_packet_loss,1,10,0.15,10,2,0.025,14,0.597874,0.7,0.751634,1.4,True,14,1,0,17,109,920,1224,136,0.801471,0.937819,0.751634,34,2026-09-03T19:11:53
tdma_packet_loss,1,10,0.15,10,2,0.05,0,0.635265,0.5,0.774542,3.1,True,31,1,12,37,171,1436,1854,206,0.830097,0.933073,0.774542,103,2026-09-03T19:11:53
tdma_packet_loss,1,10,0.15,10,2,0.05,1,0.532594,0.6,0.73534,4.1,True,41,1,6,45,114,953,1296,144,0.791667,0.92885,0.73534,72,2026-09-03T19:11:53
tdma_packet_loss,1,10,0.15,10,2,0.05,2,0.546477,0.3,0.772727,4.3,True,43,1,2,38,131,1071,1386,154,0.850649,0.908397,0.772727,77,2026-09-03T19:11:53
tdma_packet_loss,1,10,0.15,10,2,0.05,3,0.615653,0.6,0.754933,3.9,True,39,1,42,54,175,1454,1926,214,0.817757,0.923175,0.754933,107,2026-09-03T19:11:53
tdma_packet_loss,1,10,0.15,10,2,0.05,4,0.629646,0.6,0.777083,4.1,True,41,1,5,45,134,1119,1440,160,0.8375,0.927861,0.777083,80,2026-09-03T19:11:53
tdma_packet_loss,1,10,0.15,10,2,0.05,5,0.715146,0.2,0.765258,3.6,True,36,1,14,45,118,978,1278,142,0.830986,0.920904,0.765258,71,2026-09-03T19:11:53
tdma_packet_loss,1,10,0.15,10,2,0.05,6,0.574044,0.6,0.781481,3.9,True,39,1,6,40,125,1055,1350,150,0.833333,0.937778,0.781481,75,2026-09-03T19:11:53
tdma_packet_loss,1,10,0.15,10,2,0.05,7,0.660974,0.2,0.753268,4.0,True,40,1,33,55,221,1844,2448,272,0.8125,0.927099,0.753268,136,2026-09-03T19:11:53
tdma_packet_loss,1,10,0.15,10,2,0.05,8,0.725629,0.4,0.792929,2.3,True,23,1,19,26,130,1099,1386,154,0.844156,0.939316,0.792929,77,2026-09-03T19:11:53
tdma_packet_loss,1,10,0.15,10,2,0.05,9,0.720383,0.6,0.774548,3.0,True,30,1,12,31,145,1199,1548,172,0.843023,0.918774,0.774548,86,2026-09-03T19:11:53
tdma_packet_loss,1,10,0.15,10,2,0.05,10,0.633627,0.5,0.787356,4.8,True,48,1,15,40,197,1644,2088,232,0.849138,0.927242,0.787356,116,2026-09-03T19:11:53
tdma_packet_loss,1,10,0.15,10,2,0.05,11,0.530645,0.7,0.783172,2.8,True,28,1,17,27,174,1452,1854,206,0.84466,0.927203,0.783172,103,2026-09-03T19:11:54
tdma_packet_loss,1,10,0.15,10,2,0.05,12,0.556502,0.7,0.870098,3.9,True,39,1,1,39,129,1065,1224,136,0.948529,0.917313,0.870098,68,2026-09-03T19:11:53
tdma_packet_loss,1,10,0.15,10,2,0.05,13,0.628514,0.5,0.814465,2.2,True,22,1,19,22,187,1554,1908,212,0.882075,0.923351,0.814465,106,2026-09-03T19:11:54
tdma_packet_loss,1,10,0.15,10,2,0.05,14,0.580439,0.7,0.733796,3.4,True,34,1,5,33,113,951,1296,144,0.784722,0.935103,0.733796,72,2026-09-03T19:11:53
tdma_packet_loss,1,10,0.15,10,2,0.1,0,0.571499,0.1,0.793333,10.7,True,107,0,317,58,426,3570,4500,500,0.852,0.931142,0.793333,500,2026-09-03T19:11:54
tdma_packet_loss,1,10,0.15,10,2,0.1,1,0.499304,0.2,0.773556,14.7,True,147,0,326,69,416,3481,4500,500,0.832,0.929754,0.773556,500,2026-09-03T19:11:54
tdma_packet_loss,1,10,0.15,10,2,0.1,2,0.585066,0.3,0.778667,13.2,True,132,0,293,74,424,3504,4500,500,0.848,0.918239,0.778667,500,2026-09-03T19:11:55
tdma_packet_loss,1,10,0.15,10,2,0.1,3,0.645375,0.1,0.777333,6.6,True,66,0,379,63,420,3498,4500,500,0.84,0.925397,0.777333,500,2026-09-03T19:11:54
tdma_packet_loss,1,10,0.15,10,2,0.1,4,0.676467,0.2,0.777092,12.9,True,129,1,10,105,136,1133,1458,162,0.839506,0.925654,0.777092,162,2026-09-03T19:11:55
tdma_packet_loss,1,10,0.15,10,2,0.1,5,0.713984,0.3,0.788444,7.6,True,76,0,352,73,428,3548,4500,500,0.856,0.92108,0.788444,500,2026-09-03T19:11:54
tdma_packet_loss,1,10,0.15,10,2,0.1,6,0.876771,0.1,0.794667,7.2,True,72,0,297,68,426,3576,4500,500,0.852,0.932707,0.794667,500,2026-09-03T19:11:55
tdma_packet_loss,1,10,0.15,10,2,0.1,7,0.654884,0.4,0.757333,8.7,True,87,0,327,69,409,3408,4500,500,0.818,0.925835,0.757333,500,2026-09-03T19:11:54
tdma_packet_loss,1,10,0.15,10,2,0.1,8,0.701538,0.1,0.794222,8.9,True,89,0,328,91,429,3574,4500,500,0.858,0.925667,0.794222,500,2026-09-03T19:11:56
tdma_packet_loss,1,10,0.15,10,2,0.1,9,0.579784,0.1,0.783556,7.2,True,72,0,363,76,424,3526,4500,500,0.848,0.924004,0.783556,500,2026-09-03T19:11:54
tdma_packet_loss,1,10,0.15,10,2,0.1,10,0.45772,0.1,0.778889,5.8,True,58,0,328,62,420,3505,4500,500,0.84,0.927249,0.778889,500,2026-09-03T19:11:56
tdma_packet_loss,1,10,0.15,10,2,0.1,11,0.538078,0.0,0.794222,6.4,True,64,0,316,55,428,3574,4500,500,0.856,0.92783,0.794222,500,2026-09-03T19:11:54
tdma_packet_loss,1,10,0.15,10,2,0.1,12,0.730645,0.1,0.866356,7.3,True,73,1,30,77,135,1115,1287,143,0.944056,0.917695,0.866356,143,2026-09-03T19:11:55
tdma_packet_loss,1,10,0.15,10,2,0.1,13,0.629986,0.2,0.802222,6.7,True,67,0,326,41,434,3610,4500,500,0.868,0.924219,0.802222,500,2026-09-03T19:11:55
tdma_packet_loss,1,10,0.15,10,2,0.1,14,0.744219,0.2,0.776889,6.9,True,69,0,337,66,419,3496,4500,500,0.838,0.927075,0.776889,500,2026-09-03T19:11:56
tdma_packet_loss,1,10,0.15,10,5,0.025,0,0.656366,0.4,0.792625,1.0,True,10,1,25,31,197,1655,2088,232,0.849138,0.933446,0.792625,58,2026-09-03T19:11:55
tdma_packet_loss,1,10,0.15,10,5,0.025,1,0.714919,0.4,0.781433,2.6,True,26,1,10,29,255,2138,2736,304,0.838816,0.93159,0.781433,76,2026-09-03T19:11:55
tdma_packet_loss,1,10,0.15,10,5,0.025,2,0.609589,0.6,0.796474,2.7,True,27,1,1,23,181,1491,1872,208,0.870192,0.915285,0.796474,52,2026-09-03T19:11:55
tdma_packet_loss,1,10,0.15,10,5,0.025,3,0.628242,0.5,0.773611,2.5,True,25,1,32,24,267,2228,2880,320,0.834375,0.927174,0.773611,80,2026-09-03T19:11:55
tdma_packet_loss,1,10,0.15,10,5,0.025,4,0.602681,0.5,0.804938,1.8,True,18,1,2,29,158,1304,1620,180,0.877778,0.917018,0.804938,45,2026-09-03T19:11:55
tdma_packet_loss,1,10,0.15,10,5,0.025,5,0.686297,0.4,0.770282,1.3,True,13,1,13,15,210,1747,2268,252,0.833333,0.924339,0.770282,63,2026-09-03T19:11:55
tdma_packet_loss,1,10,0.15,10,5,0.025,6,0.571144,0.6,0.813988,2.4,True,24,1,7,29,196,1641,2016,224,0.875,0.930272,0.813988,56,2026-09-03T19:11:55
tdma_packet_loss,1,10,0.15,10,5,0.025,7,0.516625,0.5,0.776961,2.8,True,28,1,16,35,342,2853,3672,408,0.838235,0.926901,0.776961,102,2026-09-03T19:11:55
tdma_packet_loss,1,10,0.15,10,5,0.025,8,0.607013,0.7,0.797359,1.1,True,11,1,13,21,209,1751,2196,244,0.856557,0.930888,0.797359,61,2026-09-03T19:11:55
tdma_packet_loss,1,10,0.15,10,5,0.025,9,0.635525,0.5,0.793573,1.9,True,19,1,3,22,177,1457,1836,204,0.867647,0.914626,0.793573,51,2026-09-03T19:11:55
tdma_packet_loss,1,10,0.15,10,5,0.025,10,0.632129,0.5,0.78479,2.8,True,28,1,6,31,348,2910,3708,412,0.84466,0.929119,0.78479,103,2026-09-03T19:11:56
tdma_packet_loss,1,10,0.15,10,5,0.025,11,0.63376,0.5,0.789174,3.1,True,31,1,4,35,266,2216,2808,312,0.852564,0.925647,0.789174,78,2026-09-03T19:11:56
tdma_packet_loss,1,10,0.15,10,5,0.025,12,0.661873,0.4,0.836207,1.5,True,15,1,17,17,209,1746,2088,232,0.900862,0.92823,0.836207,58,2026-09-03T19:11:56
tdma_packet_loss,1,10,0.15,10,5,0.025,13,0.665228,0.5,0.798246,1.4,True,14,1,15,16,262,2184,2736,304,0.861842,0.926209,0.798246,76,2026-09-03T19:11:56
tdma_packet_loss,1,10,0.15,10,5,0.025,14,0.580458,0.7,0.784061,1.4,True,14,1,13,26,284,2371,3024,336,0.845238,0.927621,0.784061,84,2026-09-03T19:11:56
tdma_packet_loss,1,10,0.15,10,5,0.05,0,0.631313,0.5,0.808244,1.7,True,17,1,22,44,107,902,1116,124,0.862903,0.936656,0.808244,62,2026-09-03T19:11:56
tdma_packet_loss,1,10,0.15,10,5,0.05,1,0.679004,0.4,0.778539,4.3,True,43,1,4,48,122,1023,1314,146,0.835616,0.931694,0.778539,73,2026-09-03T19:11:56
tdma_packet_loss,1,10,0.15,10,5,0.05,2,0.53811,0.5,0.796296,3.0,True,30,1,17,45,121,989,1242,138,0.876812,0.908173,0.796296,69,2026-09-03T19:11:56
tdma_packet_loss,1,10,0.15,10,5,0.05,3,0.726608,0.4,0.785461,5.5,True,55,1,4,40,160,1329,1692,188,0.851064,0.922917,0.785461,94,2026-09-03T19:11:56
tdma_packet_loss,1,10,0.15,10,5,0.05,4,0.648943,0.7,0.799881,2.2,True,22,1,22,39,162,1339,1674,186,0.870968,0.918381,0.799881,93,2026-09-03T19:11:56
tdma_packet_loss,1,10,0.15,10,5,0.05,5,0.782861,0.3,0.785354,3.1,True,31,1,17,35,187,1555,1980,220,0.85,0.923945,0.785354,110,2026-09-03T19:11:56
tdma_packet_loss,1,10,0.15,10,5,0.05,6,0.566917,0.7,0.811828,2.5,True,25,1,25,47,162,1359,1674,186,0.870968,0.932099,0.811828,93,2026-09-03T19:11:56
tdma_packet_loss,1,10,0.15,10,5,0.05,7,0.665818,0.5,0.787879,3.7,True,37,1,13,39,151,1248,1584,176,0.857955,0.918322,0.787879,88,2026-09-03T19:11:56
tdma_packet_loss,1,10,0.15,10,5,0.05,8,0.646684,0.5,0.820175,2.1,True,21,1,23,25,133,1122,1368,152,0.875,0.937343,0.820175,76,2026-09-03T19:11:56
tdma_packet_loss,1,10,0.15,10,5,0.05,9,0.547465,0.5,0.798298,2.3,True,23,1,30,32,193,1595,1998,222,0.869369,0.91825,0.798298,111,2026-09-03T19:11:56
tdma_packet_loss,1,10,0.15,10,5,0.05,10,0.668228,0.4,0.780998,4.2,True,42,1,27,43,232,1940,2484,276,0.84058,0.929119,0.780998,138,2026-09-03T19:11:56
tdma_packet_loss,1,10,0.15,10,5,0.05,11,0.638163,0.6,0.756006,3.1,True,31,1,3,34,121,1007,1332,148,0.817568,0.924702,0.756006,74,2026-09-03T19:11:56
tdma_packet_loss,1,10,0.15,10,5,0.05,12,0.30771,0.5,0.835155,4.1,True,41,1,0,45,111,917,1098,122,0.909836,0.917918,0.835155,61,2026-09-03T19:11:56
tdma_packet_loss,1,10,0.15,10,5,0.05,13,0.678063,0.4,0.799283,2.0,True,20,1,17,28,160,1338,1674,186,0.860215,0.929167,0.799283,93,2026-09-03T19:11:56
tdma_packet_loss,1,10,0.15,10,5,0.05,14,0.558788,0.6,0.811111,3.0,True,30,1,0,32,87,730,900,100,0.87,0.932312,0.811111,50,2026-09-03T19:11:56
tdma_packet_loss,1,10,0.15,10,5,0.1,0,0.557513,0.2,0.804,8.9,True,89,0,345,84,432,3618,4500,500,0.864,0.930556,0.804,500,2026-09-03T19:11:57
tdma_packet_loss,1,10,0.15,10,5,0.1,1,0.712534,0.2,0.779158,9.7,True,97,1,33,69,135,1129,1449,161,0.838509,0.929218,0.779158,161,2026-09-03T19:11:57
tdma_packet_loss,1,10,0.15,10,5,0.1,2,0.64266,0.5,0.808021,12.6,True,126,1,17,68,150,1229,1521,169,0.887574,0.91037,0.808021,169,2026-09-03T19:11:56
tdma_packet_loss,1,10,0.15,10,5,0.1,3,0.739665,0.1,0.784889,6.1,True,61,0,319,56,424,3532,4500,500,0.848,0.925577,0.784889,500,2026-09-03T19:11:57
tdma_packet_loss,1,10,0.15,10,5,0.1,4,0.67858,0.1,0.793333,5.0,True,50,0,369,97,429,3570,4500,500,0.858,0.924631,0.793333,500,2026-09-03T19:11:57
tdma_packet_loss,1,10,0.15,10,5,0.1,5,0.703738,0.5,0.781111,6.5,True,65,0,348,60,424,3515,4500,500,0.848,0.921122,0.781111,500,2026-09-03T19:11:58
tdma_packet_loss,1,10,0.15,10,5,0.1,6,0.659434,0.4,0.818182,5.5,True,55,1,58,52,135,1134,1386,154,0.876623,0.933333,0.818182,154,2026-09-03T19:11:56
tdma_packet_loss,1,10,0.15,10,5,0.1,7,0.442191,0.3,0.765778,8.5,True,85,0,345,75,414,3446,4500,500,0.828,0.924852,0.765778,500,2026-09-03T19:11:58
tdma_packet_loss,1,10,0.15,10,5,0.1,8,0.736536,0.2,0.800667,5.2,True,52,0,368,48,433,3603,4500,500,0.866,0.924557,0.800667,500,2026-09-03T19:11:57
tdma_packet_loss,1,10,0.15,10,5,0.1,9,0.519242,0.2,0.791778,10.6,True,106,0,328,56,429,3563,4500,500,0.858,0.922818,0.791778,500,2026-09-03T19:11:58
tdma_packet_loss,1,10,0.15,10,5,0.1,10,0.482146,0.1,0.771333,6.7,True,67,0,382,113,416,3471,4500,500,0.832,0.927083,0.771333,500,2026-09-03T19:11:57
tdma_packet_loss,1,10,0.15,10,5,0.1,11,0.706891,0.0,0.787333,11.0,True,110,0,319,120,424,3543,4500,500,0.848,0.928459,0.787333,500,2026-09-03T19:11:58
tdma_packet_loss,1,10,0.15,10,5,0.1,12,0.581845,0.2,0.829111,7.6,True,76,0,307,70,447,3731,4500,500,0.894,0.927417,0.829111,500,2026-09-03T19:11:57
tdma_packet_loss,1,10,0.15,10,5,0.1,13,0.565169,0.0,0.797333,5.2,True,52,0,354,51,431,3588,4500,500,0.862,0.924981,0.797333,500,2026-09-03T19:11:58
tdma_packet_loss,1,10,0.15,10,5,0.1,14,0.770001,0.1,0.787556,17.8,True,178,0,242,48,425,3544,4500,500,0.85,0.926536,0.787556,500,2026-09-03T19:11:58
tdma_packet_loss,1,10,0.3,3,0,0.025,0,0.608071,1.0,0.584541,2.1,True,21,1,4,9,125,968,1656,184,0.679348,0.860444,0.584541,46,2026-09-03T19:11:58
tdma_packet_loss,1,10,0.3,3,0,0.025,1,0.469779,1.0,0.609524,0.5,True,5,1,9,18,101,768,1260,140,0.721429,0.844884,0.609524,35,2026-09-03T19:11:57
tdma_packet_loss,1,10,0.3,3,0,0.025,2,0.599598,1.0,0.563889,2.2,True,22,1,6,34,135,1015,1800,200,0.675,0.835391,0.563889,50,2026-09-03T19:11:58
tdma_packet_loss,1,10,0.3,3,0,0.025,3,0.528345,0.666667,0.592593,1.1,True,11,1,14,29,160,1216,2052,228,0.701754,0.844444,0.592593,57,2026-09-03T19:11:57
tdma_packet_loss,1,10,0.3,3,0,0.025,4,0.618365,0.666667,0.564103,1.4,True,14,1,6,11,140,1056,1872,208,0.673077,0.838095,0.564103,52,2026-09-03T19:11:58
tdma_packet_loss,1,10,0.3,3,0,0.025,5,0.647359,0.666667,0.594949,0.9,True,9,1,8,12,152,1178,1980,220,0.690909,0.861111,0.594949,55,2026-09-03T19:11:58
tdma_packet_loss,1,10,0.3,3,0,0.025,6,0.651917,0.666667,0.633808,1.6,True,16,1,9,20,242,1871,2952,328,0.737805,0.859045,0.633808,82,2026-09-03T19:11:58
tdma_packet_loss,1,10,0.3,3,0,0.025,7,0.583123,0.666667,0.521073,0.9,True,9,1,0,13,71,544,1044,116,0.612069,0.85133,0.521073,29,2026-09-03T19:11:58
tdma_packet_loss,1,10,0.3,3,0,0.025,8,0.690329,1.0,0.634743,1.9,True,19,1,9,23,199,1531,2412,268,0.742537,0.85483,0.634743,67,2026-09-03T19:11:58
tdma_packet_loss,1,10,0.3,3,0,0.025,9,0.571738,0.333333,0.629274,0.6,True,6,1,0,9,78,589,936,104,0.75,0.839031,0.629274,26,2026-09-03T19:11:58
tdma_packet_loss,1,10,0.3,3,0,0.025,10,0.598669,0.666667,0.580103,0.7,True,7,1,13,13,120,898,1548,172,0.697674,0.831481,0.580103,43,2026-09-03T19:11:58
tdma_packet_loss,1,10,0.3,3,0,0.025,11,0.574752,0.666667,0.616858,0.9,True,9,1,0,13,85,644,1044,116,0.732759,0.84183,0.616858,29,2026-09-03T19:11:58
tdma_packet_loss,1,10,0.3,3,0,0.025,12,0.700728,0.333333,0.590741,1.2,True,12,1,1,9,125,957,1620,180,0.694444,0.850667,0.590741,45,2026-09-03T19:11:58
tdma_packet_loss,1,10,0.3,3,0,0.025,13,0.571394,0.333333,0.603943,1.1,True,11,1,0,10,87,674,1116,124,0.701613,0.860792,0.603943,31,2026-09-03T19:11:58
tdma_packet_loss,1,10,0.3,3,0,0.025,14,0.554006,1.0,0.59188,0.6,True,6,1,0,10,74,554,936,104,0.711538,0.831832,0.59188,26,2026-09-03T19:11:58
tdma_packet_loss,1,10,0.3,3,0,0.05,0,0.623113,1.0,0.599206,2.6,True,26,1,5,15,97,755,1260,140,0.692857,0.864834,0.599206,70,2026-09-03T19:11:58
tdma_packet_loss,1,10,0.3,3,0,0.05,1,0.657292,1.0,0.609477,2.4,True,24,1,6,27,98,746,1224,136,0.720588,0.845805,0.609477,68,2026-09-03T19:11:58
tdma_packet_loss,1,10,0.3,3,0,0.05,2,0.706712,0.666667,0.559722,3.5,True,35,1,10,23,107,806,1440,160,0.66875,0.836968,0.559722,80,2026-09-03T19:11:58
tdma_packet_loss,1,10,0.3,3,0,0.05,3,0.717704,0.0,0.579459,3.1,True,31,1,128,19,458,3515,6066,674,0.679525,0.852741,0.579459,337,2026-09-03T19:11:58
tdma_packet_loss,1,10,0.3,3,0,0.05,4,0.761072,0.0,0.555944,3.4,True,34,1,46,32,189,1431,2574,286,0.660839,0.84127,0.555944,143,2026-09-03T19:11:58
tdma_packet_loss,1,10,0.3,3,0,0.05,5,0.657443,1.0,0.590909,1.5,True,15,1,28,29,106,819,1386,154,0.688312,0.858491,0.590909,77,2026-09-03T19:11:58
tdma_packet_loss,1,10,0.3,3,0,0.05,6,0.608657,1.0,0.63964,2.4,True,24,1,14,30,110,852,1332,148,0.743243,0.860606,0.63964,74,2026-09-03T19:11:58
tdma_packet_loss,1,10,0.3,3,0,0.05,7,0.672473,0.666667,0.529007,2.7,True,27,1,36,11,143,1076,2034,226,0.632743,0.836053,0.529007,113,2026-09-03T19:11:58
tdma_packet_loss,1,10,0.3,3,0,0.05,8,0.55914,1.0,0.636268,2.2,True,22,1,6,25,79,607,954,106,0.745283,0.853727,0.636268,53,2026-09-03T19:11:58
tdma_packet_loss,1,10,0.3,3,0,0.05,9,0.669371,0.333333,0.634921,2.5,True,25,1,23,20,116,880,1386,154,0.753247,0.842912,0.634921,77,2026-09-03T19:11:58
tdma_packet_loss,1,10,0.3,3,0,0.05,10,0.576365,0.666667,0.569717,3.1,True,31,1,0,35,69,523,918,102,0.676471,0.84219,0.569717,51,2026-09-03T19:11:58
tdma_packet_loss,1,10,0.3,3,0,0.05,11,0.603392,0.666667,0.623288,1.9,True,19,1,17,14,107,819,1314,146,0.732877,0.850467,0.623288,73,2026-09-03T19:11:58
tdma_packet_loss,1,10,0.3,3,0,0.05,12,0.623115,0.666667,0.605201,2.7,True,27,1,0,31,66,512,846,94,0.702128,0.861953,0.605201,47,2026-09-03T19:11:58
tdma_packet_loss,1,10,0.3,3,0,0.05,13,0.683956,0.333333,0.597928,2.2,True,22,1,11,12,82,635,1062,118,0.694915,0.860434,0.597928,59,2026-09-03T19:11:58
tdma_packet_loss,1,10,0.3,3,0,0.05,14,0.449779,0.666667,0.579167,1.5,True,15,1,1,24,55,417,720,80,0.6875,0.842424,0.579167,40,2026-09-03T19:11:58
tdma_packet_loss,1,10,0.3,3,0,0.1,0,0.70746,1.0,0.592222,2.5,True,25,0,379,29,347,2665,4500,500,0.694,0.853346,0.592222,500,2026-09-03T19:11:59
tdma_packet_loss,1,10,0.3,3,0,0.1,1,0.554915,0.333333,0.606444,14.5,True,145,0,289,34,352,2729,4500,500,0.704,0.861427,0.606444,500,2026-09-03T19:11:59
tdma_packet_loss,1,10,0.3,3,0,0.1,2,0.652589,0.333333,0.562444,10.3,True,103,0,380,21,334,2531,4500,500,0.668,0.841983,0.562444,500,2026-09-03T19:11:59
tdma_packet_loss,1,10,0.3,3,0,0.1,3,0.797259,0.333333,0.592593,11.1,True,111,1,99,49,204,1552,2619,291,0.701031,0.845316,0.592593,291,2026-09-03T19:11:59
tdma_packet_loss,1,10,0.3,3,0,0.1,4,0.440032,0.666667,0.567333,5.4,True,54,0,372,27,336,2553,4500,500,0.672,0.844246,0.567333,500,2026-09-03T19:11:59
tdma_packet_loss,1,10,0.3,3,0,0.1,5,0.579824,0.333333,0.623556,10.2,True,102,0,331,34,364,2806,4500,500,0.728,0.856532,0.623556,500,2026-09-03T19:11:59
tdma_packet_loss,1,10,0.3,3,0,0.1,6,0.517719,1.0,0.64127,5.0,True,50,1,0,33,52,404,630,70,0.742857,0.863248,0.64127,70,2026-09-03T19:11:59
tdma_packet_loss,1,10,0.3,3,0,0.1,7,0.670111,0.333333,0.559778,14.5,True,145,0,296,47,329,2519,4500,500,0.658,0.850726,0.559778,500,2026-09-03T19:11:59
tdma_packet_loss,1,10,0.3,3,0,0.1,8,0.659749,0.333333,0.612667,4.7,True,47,0,370,51,359,2757,4500,500,0.718,0.853296,0.612667,500,2026-09-03T19:12:00
tdma_packet_loss,1,10,0.3,3,0,0.1,9,0.788453,0.333333,0.618667,2.1,True,21,0,339,15,363,2784,4500,500,0.726,0.852158,0.618667,500,2026-09-03T19:11:59
tdma_packet_loss,1,10,0.3,3,0,0.1,10,0.588607,0.666667,0.581111,31.1,True,311,0,170,44,339,2615,4500,500,0.678,0.857096,0.581111,500,2026-09-03T19:12:00
tdma_packet_loss,1,10,0.3,3,0,0.1,11,0.503705,0.333333,0.615313,8.7,True,87,1,10,36,87,659,1071,119,0.731092,0.841635,0.615313,119,2026-09-03T19:11:58
tdma_packet_loss,1,10,0.3,3,0,0.1,12,0.362526,0.666667,0.584222,3.6,True,36,0,412,25,342,2629,4500,500,0.684,0.854126,0.584222,500,2026-09-03T19:11:59
tdma_packet_loss,1,10,0.3,3,0,0.1,13,0.614937,0.0,0.600889,5.5,True,55,0,384,23,355,2704,4500,500,0.71,0.846322,0.600889,500,2026-09-03T19:11:59
tdma_packet_loss,1,10,0.3,3,0,0.1,14,0.66576,0.666667,0.578222,5.5,True,55,0,423,61,339,2602,4500,500,0.678,0.852835,0.578222,500,2026-09-03T19:12:00
tdma_packet_loss,1,10,0.3,3,2,0.025,0,0.625238,0.666667,0.565821,2.6,True,26,1,0,17,121,937,1656,184,0.657609,0.860422,0.565821,46,2026-09-03T19:11:59
tdma_packet_loss,1,10,0.3,3,2,0.025,1,0.637997,1.0,0.605235,1.4,True,14,1,9,22,146,1133,1872,208,0.701923,0.862253,0.605235,52,2026-09-03T19:11:59
tdma_packet_loss,1,10,0.3,3,2,0.025,2,0.709334,0.666667,0.577887,2.3,True,23,1,6,35,141,1061,1836,204,0.691176,0.836091,0.577887,51,2026-09-03T19:11:59
tdma_packet_loss,1,10,0.3,3,2,0.025,3,0.490278,0.666667,0.604167,2.0,True,20,1,0,19,116,870,1440,160,0.725,0.833333,0.604167,40,2026-09-03T19:11:59
tdma_packet_loss,1,10,0.3,3,2,0.025,4,0.689269,0.666667,0.564815,0.9,True,9,1,5,15,161,1220,2160,240,0.670833,0.84196,0.564815,60,2026-09-03T19:11:59
tdma_packet_loss,1,10,0.3,3,2,0.025,5,0.563151,0.666667,0.611111,1.7,True,17,1,0,21,105,814,1332,148,0.709459,0.861376,0.611111,37,2026-09-03T19:11:59
tdma_packet_loss,1,10,0.3,3,2,0.025,6,0.59092,1.0,0.679705,1.6,True,16,1,4,20,154,1199,1764,196,0.785714,0.865079,0.679705,49,2026-09-03T19:11:59
tdma_packet_loss,1,10,0.3,3,2,0.025,7,0.621718,1.0,0.533525,0.9,True,9,1,0,13,73,557,1044,116,0.62931,0.847793,0.533525,29,2026-09-03T19:11:59
tdma_packet_loss,1,10,0.3,3,2,0.025,8,0.700739,0.666667,0.621324,0.8,True,8,1,23,11,197,1521,2448,272,0.724265,0.857868,0.621324,68,2026-09-03T19:11:59
tdma_packet_loss,1,10,0.3,3,2,0.025,9,0.657741,0.333333,0.628415,0.9,True,9,1,9,16,181,1380,2196,244,0.741803,0.847145,0.628415,61,2026-09-03T19:11:59
tdma_packet_loss,1,10,0.3,3,2,0.025,10,0.677362,0.666667,0.580409,0.6,True,6,1,6,10,106,794,1368,152,0.697368,0.832285,0.580409,38,2026-09-03T19:11:59
tdma_packet_loss,1,10,0.3,3,2,0.025,11,0.545129,1.0,0.624074,1.0,True,10,1,0,13,89,674,1080,120,0.741667,0.841448,0.624074,30,2026-09-03T19:11:59
tdma_packet_loss,1,10,0.3,3,2,0.025,12,0.687167,0.333333,0.599034,0.7,True,7,1,2,11,130,992,1656,184,0.706522,0.847863,0.599034,46,2026-09-03T19:11:59
tdma_packet_loss,1,10,0.3,3,2,0.025,13,0.608714,0.666667,0.63955,2.2,True,22,1,0,9,125,967,1512,168,0.744048,0.859556,0.63955,42,2026-09-03T19:11:59
tdma_packet_loss,1,10,0.3,3,2,0.025,14,0.574056,1.0,0.561728,0.5,True,5,1,1,10,72,546,972,108,0.666667,0.842593,0.561728,27,2026-09-03T19:11:59
tdma_packet_loss,1,10,0.3,3,2,0.05,0,0.722772,1.0,0.578704,3.2,True,32,1,5,19,96,750,1296,144,0.666667,0.868056,0.578704,72,2026-09-03T19:11:59
tdma_packet_loss,1,10,0.3,3,2,0.05,1,0.600676,1.0,0.582375,3.8,True,38,1,0,33,80,608,1044,116,0.689655,0.844444,0.582375,58,2026-09-03T19:11:59
tdma_packet_loss,1,10,0.3,3,2,0.05,2,0.684012,0.0,0.579861,2.8,True,28,1,52,33,199,1503,2592,288,0.690972,0.839196,0.579861,144,2026-09-03T19:12:00
tdma_packet_loss,1,10,0.3,3,2,0.05,3,0.573104,0.666667,0.642424,2.1,True,21,1,8,25,84,636,990,110,0.763636,0.84127,0.642424,55,2026-09-03T19:11:59
tdma_packet_loss,1,10,0.3,3,2,0.05,4,0.678311,0.666667,0.581832,1.0,True,10,1,28,14,102,775,1332,148,0.689189,0.844227,0.581832,74,2026-09-03T19:11:59
tdma_packet_loss,1,10,0.3,3,2,0.05,5,0.725704,0.666667,0.611111,3.4,True,34,1,31,27,163,1265,2070,230,0.708696,0.862304,0.611111,115,2026-09-03T19:11:59
tdma_packet_loss,1,10,0.3,3,2,0.05,6,0.67105,1.0,0.626852,4.0,True,40,1,0,30,87,677,1080,120,0.725,0.864623,0.626852,60,2026-09-03T19:12:00
tdma_packet_loss,1,10,0.3,3,2,0.05,7,0.623667,1.0,0.523148,1.6,True,16,1,0,13,45,339,648,72,0.625,0.837037,0.523148,36,2026-09-03T19:11:59
tdma_packet_loss,1,10,0.3,3,2,0.05,8,0.624674,0.666667,0.606322,1.7,True,17,1,12,13,82,633,1044,116,0.706897,0.857724,0.606322,58,2026-09-03T19:11:59
tdma_packet_loss,1,10,0.3,3,2,0.05,9,0.649815,0.333333,0.603514,5.5,True,55,1,68,20,332,2542,4212,468,0.709402,0.850736,0.603514,234,2026-09-03T19:12:00
tdma_packet_loss,1,10,0.3,3,2,0.05,10,0.588444,1.0,0.591787,2.6,True,26,1,0,16,65,490,828,92,0.706522,0.837607,0.591787,46,2026-09-03T19:12:00
tdma_packet_loss,1,10,0.3,3,2,0.05,11,0.571636,1.0,0.656863,1.4,True,14,1,0,16,53,402,612,68,0.779412,0.842767,0.656863,34,2026-09-03T19:11:59
tdma_packet_loss,1,10,0.3,3,2,0.05,12,0.51851,0.666667,0.614087,1.0,True,10,1,12,14,81,619,1008,112,0.723214,0.849108,0.614087,56,2026-09-03T19:12:00
tdma_packet_loss,1,10,0.3,3,2,0.05,13,0.79977,0.333333,0.637255,4.5,True,45,1,12,20,126,975,1530,170,0.741176,0.859788,0.637255,85,2026-09-03T19:12:00
tdma_packet_loss,1,10,0.3,3,2,0.05,14,0.576721,0.666667,0.557439,1.5,True,15,1,5,14,78,592,1062,118,0.661017,0.843305,0.557439,59,2026-09-03T19:12:00
tdma_packet_loss,1,10,0.3,3,2,0.1,0,0.638565,1.0,0.582,3.2,True,32,0,427,39,341,2619,4500,500,0.682,0.853372,0.582,500,2026-09-03T19:12:00
tdma_packet_loss,1,10,0.3,3,2,0.1,1,0.660279,0.666667,0.597778,6.8,True,68,0,357,43,347,2690,4500,500,0.694,0.861351,0.597778,500,2026-09-03T19:12:01
tdma_packet_loss,1,10,0.3,3,2,0.1,2,0.489651,0.333333,0.568444,25.9,True,259,0,222,61,338,2558,4500,500,0.676,0.840894,0.568444,500,2026-09-03T19:12:00
tdma_packet_loss,1,10,0.3,3,2,0.1,3,0.622593,0.666667,0.59,10.7,True,107,0,349,44,348,2655,4500,500,0.696,0.847701,0.59,500,2026-09-03T19:12:01
tdma_packet_loss,1,10,0.3,3,2,0.1,4,0.710752,0.0,0.572444,4.9,True,49,0,346,16,339,2576,4500,500,0.678,0.844313,0.572444,500,2026-09-03T19:12:00
tdma_packet_loss,1,10,0.3,3,2,0.1,5,0.844345,0.333333,0.630889,12.3,True,123,0,218,34,368,2839,4500,500,0.736,0.857186,0.630889,500,2026-09-03T19:12:01
tdma_packet_loss,1,10,0.3,3,2,0.1,6,0.462155,0.333333,0.641778,3.8,True,38,0,356,40,374,2888,4500,500,0.748,0.857992,0.641778,500,2026-09-03T19:12:00
tdma_packet_loss,1,10,0.3,3,2,0.1,7,0.610861,0.666667,0.562444,14.7,True,147,0,303,16,331,2531,4500,500,0.662,0.849614,0.562444,500,2026-09-03T19:12:01
tdma_packet_loss,1,10,0.3,3,2,0.1,8,0.552254,0.666667,0.606667,19.3,True,193,0,259,35,355,2730,4500,500,0.71,0.85446,0.606667,500,2026-09-03T19:12:00
tdma_packet_loss,1,10,0.3,3,2,0.1,9,0.641771,0.333333,0.608444,2.6,True,26,0,444,14,357,2738,4500,500,0.714,0.852163,0.608444,500,2026-09-03T19:12:01
tdma_packet_loss,1,10,0.3,3,2,0.1,10,0.594942,0.666667,0.584222,8.7,True,87,0,360,23,341,2629,4500,500,0.682,0.856631,0.584222,500,2026-09-03T19:12:00
tdma_packet_loss,1,10,0.3,3,2,0.1,11,0.670154,0.0,0.604444,5.1,True,51,0,328,33,352,2720,4500,500,0.704,0.858586,0.604444,500,2026-09-03T19:12:01
tdma_packet_loss,1,10,0.3,3,2,0.1,12,0.628872,1.0,0.588444,2.9,True,29,0,420,35,345,2648,4500,500,0.69,0.852818,0.588444,500,2026-09-03T19:12:00
tdma_packet_loss,1,10,0.3,3,2,0.1,13,0.694158,0.333333,0.606889,17.4,True,174,0,303,32,358,2731,4500,500,0.716,0.84761,0.606889,500,2026-09-03T19:12:01
tdma_packet_loss,1,10,0.3,3,2,0.1,14,0.495704,0.0,0.574,2.9,True,29,0,436,44,336,2583,4500,500,0.672,0.854167,0.574,500,2026-09-03T19:12:00
tdma_packet_loss,1,10,0.3,3,5,0.025,0,0.613333,1.0,0.583979,1.5,True,15,1,7,11,117,904,1548,172,0.680233,0.8585,0.583979,43,2026-09-03T19:12:00
tdma_packet_loss,1,10,0.3,3,5,0.025,1,0.537785,1.0,0.616667,0.5,True,5,1,12,23,116,888,1440,160,0.725,0.850575,0.616667,40,2026-09-03T19:12:00
tdma_packet_loss,1,10,0.3,3,5,0.025,2,0.658491,1.0,0.594444,1.9,True,19,1,14,24,157,1177,1980,220,0.713636,0.832979,0.594444,55,2026-09-03T19:12:00
tdma_packet_loss,1,10,0.3,3,5,0.025,3,0.700498,0.666667,0.600763,0.7,True,7,1,9,11,145,1103,1836,204,0.710784,0.845211,0.600763,51,2026-09-03T19:12:01
tdma_packet_loss,1,10,0.3,3,5,0.025,4,0.64535,1.0,0.562037,1.1,True,11,1,11,15,160,1214,2160,240,0.666667,0.843056,0.562037,60,2026-09-03T19:12:01
tdma_packet_loss,1,10,0.3,3,5,0.025,5,0.769045,0.666667,0.615912,1.5,True,15,1,9,13,232,1796,2916,324,0.716049,0.860153,0.615912,81,2026-09-03T19:12:01
tdma_packet_loss,1,10,0.3,3,5,0.025,6,0.606617,0.666667,0.646164,2.2,True,22,1,0,25,125,977,1512,168,0.744048,0.868444,0.646164,42,2026-09-03T19:12:01
tdma_packet_loss,1,10,0.3,3,5,0.025,7,0.653481,1.0,0.50976,1.7,True,17,1,0,9,90,679,1332,148,0.608108,0.838272,0.50976,37,2026-09-03T19:12:01
tdma_packet_loss,1,10,0.3,3,5,0.025,8,0.687927,0.666667,0.621882,0.7,True,7,1,12,11,142,1097,1764,196,0.72449,0.858372,0.621882,49,2026-09-03T19:12:01
tdma_packet_loss,1,10,0.3,3,5,0.025,9,0.599135,0.666667,0.630848,0.6,True,6,1,6,9,114,863,1368,152,0.75,0.841131,0.630848,38,2026-09-03T19:12:01
tdma_packet_loss,1,10,0.3,3,5,0.025,10,0.649441,0.666667,0.577342,1.0,True,10,1,19,17,141,1060,1836,204,0.691176,0.835303,0.577342,51,2026-09-03T19:12:01
tdma_packet_loss,1,10,0.3,3,5,0.025,11,0.623032,0.666667,0.618827,1.6,True,16,1,0,13,105,802,1296,144,0.729167,0.848677,0.618827,36,2026-09-03T19:12:01
tdma_packet_loss,1,10,0.3,3,5,0.025,12,0.689045,0.666667,0.583924,0.7,True,7,1,4,11,129,988,1692,188,0.68617,0.850991,0.583924,47,2026-09-03T19:12:01
tdma_packet_loss,1,10,0.3,3,5,0.025,13,0.634321,0.666667,0.596296,1.0,True,10,1,0,14,83,644,1080,120,0.691667,0.862115,0.596296,30,2026-09-03T19:12:01
tdma_packet_loss,1,10,0.3,3,5,0.025,14,0.53399,1.0,0.58871,1.1,True,11,1,0,15,87,657,1116,124,0.701613,0.83908,0.58871,31,2026-09-03T19:12:01
tdma_packet_loss,1,10,0.3,3,5,0.05,0,0.571212,1.0,0.599206,2.7,True,27,1,20,11,97,755,1260,140,0.692857,0.864834,0.599206,70,2026-09-03T19:12:01
tdma_packet_loss,1,10,0.3,3,5,0.05,1,0.622382,1.0,0.608286,3.9,True,39,1,0,25,85,646,1062,118,0.720339,0.844444,0.608286,59,2026-09-03T19:12:01
tdma_packet_loss,1,10,0.3,3,5,0.05,2,0.657278,0.0,0.593305,4.3,True,43,1,10,47,111,833,1404,156,0.711538,0.833834,0.593305,78,2026-09-03T19:12:01
tdma_packet_loss,1,10,0.3,3,5,0.05,3,0.676069,0.333333,0.599495,1.5,True,15,1,63,19,156,1187,1980,220,0.709091,0.845442,0.599495,110,2026-09-03T19:12:01
tdma_packet_loss,1,10,0.3,3,5,0.05,4,0.591388,0.666667,0.581197,2.3,True,23,1,17,15,90,680,1170,130,0.692308,0.839506,0.581197,65,2026-09-03T19:12:01
tdma_packet_loss,1,10,0.3,3,5,0.05,5,0.614986,0.666667,0.57598,3.5,True,35,1,11,24,91,705,1224,136,0.669118,0.860806,0.57598,68,2026-09-03T19:12:01
tdma_packet_loss,1,10,0.3,3,5,0.05,6,0.558718,1.0,0.641901,6.3,True,63,1,0,29,123,959,1494,166,0.740964,0.866305,0.641901,83,2026-09-03T19:12:01
tdma_packet_loss,1,10,0.3,3,5,0.05,7,0.634787,0.666667,0.523939,2.0,True,20,1,40,19,154,1160,2214,246,0.626016,0.836941,0.523939,123,2026-09-03T19:12:01
tdma_packet_loss,1,10,0.3,3,5,0.05,8,0.68414,1.0,0.636684,2.3,True,23,1,10,27,94,722,1134,126,0.746032,0.853428,0.636684,63,2026-09-03T19:12:01
tdma_packet_loss,1,10,0.3,3,5,0.05,9,0.563132,0.333333,0.623148,1.1,True,11,1,28,17,89,673,1080,120,0.741667,0.8402,0.623148,60,2026-09-03T19:12:01
tdma_packet_loss,1,10,0.3,3,5,0.05,10,0.666248,0.666667,0.568576,3.1,True,31,1,10,40,87,655,1152,128,0.679688,0.836526,0.568576,64,2026-09-03T19:12:01
tdma_packet_loss,1,10,0.3,3,5,0.05,11,0.684772,0.666667,0.645995,3.2,True,32,1,15,30,131,1000,1548,172,0.761628,0.848176,0.645995,86,2026-09-03T19:12:01
tdma_packet_loss,1,10,0.3,3,5,0.05,12,0.530378,0.666667,0.609477,1.4,True,14,1,0,18,48,373,612,68,0.705882,0.863426,0.609477,34,2026-09-03T19:12:01
tdma_packet_loss,1,10,0.3,3,5,0.05,13,0.68521,0.666667,0.594017,1.8,True,18,1,10,22,90,695,1170,130,0.692308,0.858025,0.594017,65,2026-09-03T19:12:01
tdma_packet_loss,1,10,0.3,3,5,0.05,14,0.623993,1.0,0.581746,1.9,True,19,1,20,26,96,733,1260,140,0.685714,0.84838,0.581746,70,2026-09-03T19:12:01
tdma_packet_loss,1,10,0.3,3,5,0.1,0,0.64697,0.333333,0.590889,4.2,True,42,0,419,28,346,2659,4500,500,0.692,0.853886,0.590889,500,2026-09-03T19:12:01
tdma_packet_loss,1,10,0.3,3,5,0.1,1,0.61885,0.333333,0.614955,7.0,True,70,1,59,33,115,880,1431,159,0.72327,0.850242,0.614955,159,2026-09-03T19:12:01
tdma_packet_loss,1,10,0.3,3,5,0.1,2,0.588267,0.333333,0.575778,14.0,True,140,0,327,33,343,2591,4500,500,0.686,0.839326,0.575778,500,2026-09-03T19:12:01
tdma_packet_loss,1,10,0.3,3,5,0.1,3,0.56375,0.333333,0.584667,2.8,True,28,0,391,34,344,2631,4500,500,0.688,0.849806,0.584667,500,2026-09-03T19:12:01
tdma_packet_loss,1,10,0.3,3,5,0.1,4,0.566676,0.333333,0.566,6.6,True,66,0,354,38,335,2547,4500,500,0.67,0.844776,0.566,500,2026-09-03T19:12:02
tdma_packet_loss,1,10,0.3,3,5,0.1,5,0.676605,0.0,0.624,12.3,True,123,0,288,72,364,2808,4500,500,0.728,0.857143,0.624,500,2026-09-03T19:12:01
tdma_packet_loss,1,10,0.3,3,5,0.1,6,0.565174,0.333333,0.649306,5.2,True,52,1,87,71,120,935,1440,160,0.75,0.865741,0.649306,160,2026-09-03T19:12:02
tdma_packet_loss,1,10,0.3,3,5,0.1,7,0.586376,0.333333,0.557778,11.0,True,110,0,333,45,328,2510,4500,500,0.656,0.850271,0.557778,500,2026-09-03T19:12:01
tdma_packet_loss,1,10,0.3,3,5,0.1,8,0.620088,1.0,0.612889,8.7,True,87,0,361,31,359,2758,4500,500,0.718,0.853606,0.612889,500,2026-09-03T19:12:02
tdma_packet_loss,1,10,0.3,3,5,0.1,9,0.575915,0.666667,0.616667,2.2,True,22,0,383,19,362,2775,4500,500,0.724,0.85175,0.616667,500,2026-09-03T19:12:01
tdma_packet_loss,1,10,0.3,3,5,0.1,10,0.795855,0.333333,0.566372,4.4,True,44,1,29,41,76,576,1017,113,0.672566,0.842105,0.566372,113,2026-09-03T19:12:02
tdma_packet_loss,1,10,0.3,3,5,0.1,11,0.621425,0.0,0.598222,4.2,True,42,0,387,45,348,2692,4500,500,0.696,0.859515,0.598222,500,2026-09-03T19:12:01
tdma_packet_loss,1,10,0.3,3,5,0.1,12,0.339435,1.0,0.582444,4.6,True,46,0,405,50,341,2621,4500,500,0.682,0.854024,0.582444,500,2026-09-03T19:12:02
tdma_packet_loss,1,10,0.3,3,5,0.1,13,0.584817,0.666667,0.597598,6.3,True,63,1,20,60,77,597,999,111,0.693694,0.861472,0.597598,111,2026-09-03T19:12:01
tdma_packet_loss,1,10,0.3,3,5,0.1,14,0.677701,0.333333,0.578222,9.2,True,92,0,359,35,339,2602,4500,500,0.678,0.852835,0.578222,500,2026-09-03T19:12:02
tdma_packet_loss,1,10,0.3,5,0,0.025,0,0.645698,0.8,0.581056,1.8,True,18,1,12,25,165,1276,2196,244,0.67623,0.859259,0.581056,61,2026-09-03T19:12:02
tdma_packet_loss,1,10,0.3,5,0,0.025,1,0.537273,1.0,0.60101,2.4,True,24,1,4,23,154,1190,1980,220,0.7,0.858586,0.60101,55,2026-09-03T19:12:02
tdma_packet_loss,1,10,0.3,5,0,0.025,2,0.592001,0.6,0.590067,2.1,True,21,1,5,30,185,1402,2376,264,0.700758,0.842042,0.590067,66,2026-09-03T19:12:02
tdma_packet_loss,1,10,0.3,5,0,0.025,3,0.669836,0.8,0.606631,3.1,True,31,1,3,35,179,1354,2232,248,0.721774,0.840472,0.606631,62,2026-09-03T19:12:02
tdma_packet_loss,1,10,0.3,5,0,0.025,4,0.639657,0.6,0.571667,0.9,True,9,1,8,13,136,1029,1800,200,0.68,0.840686,0.571667,50,2026-09-03T19:12:02
tdma_packet_loss,1,10,0.3,5,0,0.025,5,0.687587,0.8,0.622372,1.0,True,10,1,18,26,214,1658,2664,296,0.722973,0.860852,0.622372,74,2026-09-03T19:12:02
tdma_packet_loss,1,10,0.3,5,0,0.025,6,0.516207,0.8,0.67348,1.6,True,16,1,1,19,165,1285,1908,212,0.778302,0.86532,0.67348,53,2026-09-03T19:12:02
tdma_packet_loss,1,10,0.3,5,0,0.025,7,0.640743,0.6,0.541667,3.0,True,30,1,0,26,130,975,1800,200,0.65,0.833333,0.541667,50,2026-09-03T19:12:02
tdma_packet_loss,1,10,0.3,5,0,0.025,8,0.675389,0.6,0.621324,2.7,True,27,1,12,22,197,1521,2448,272,0.724265,0.857868,0.621324,68,2026-09-03T19:12:02
tdma_packet_loss,1,10,0.3,5,0,0.025,9,0.631951,0.6,0.630511,1.3,True,13,1,7,17,187,1430,2268,252,0.742063,0.849673,0.630511,63,2026-09-03T19:12:02
tdma_packet_loss,1,10,0.3,5,0,0.025,10,0.611213,0.6,0.5867,1.3,True,13,1,0,16,93,697,1188,132,0.704545,0.832736,0.5867,33,2026-09-03T19:12:02
tdma_packet_loss,1,10,0.3,5,0,0.025,11,0.693933,0.6,0.660853,0.9,True,9,1,4,13,134,1023,1548,172,0.77907,0.848259,0.660853,43,2026-09-03T19:12:02
tdma_packet_loss,1,10,0.3,5,0,0.025,12,0.635699,0.4,0.599034,0.9,True,9,1,4,12,130,992,1656,184,0.706522,0.847863,0.599034,46,2026-09-03T19:12:02
tdma_packet_loss,1,10,0.3,5,0,0.025,13,0.630119,0.4,0.63955,2.2,True,22,1,0,16,125,967,1512,168,0.744048,0.859556,0.63955,42,2026-09-03T19:12:02
tdma_packet_loss,1,10,0.3,5,0,0.025,14,0.597968,0.8,0.567568,0.7,True,7,1,9,14,98,756,1332,148,0.662162,0.857143,0.567568,37,2026-09-03T19:12:02
tdma_packet_loss,1,10,0.3,5,0,0.05,0,0.716394,0.4,0.584807,3.2,True,32,1,115,37,336,2579,4410,490,0.685714,0.852844,0.584807,245,2026-09-03T19:12:02
tdma_packet_loss,1,10,0.3,5,0,0.05,1,0.780934,0.2,0.608244,2.8,True,28,1,66,27,220,1697,2790,310,0.709677,0.857071,0.608244,155,2026-09-03T19:12:02
tdma_packet_loss,1,10,0.3,5,0,0.05,2,0.770106,0.0,0.565586,2.7,True,27,1,116,31,292,2199,3888,432,0.675926,0.836758,0.565586,216,2026-09-03T19:12:02
tdma_packet_loss,1,10,0.3,5,0,0.05,3,0.676218,0.0,0.581709,3.5,True,35,1,150,42,467,3581,6156,684,0.682749,0.85201,0.581709,342,2026-09-03T19:12:02
tdma_packet_loss,1,10,0.3,5,0,0.05,4,0.696777,0.0,0.570431,3.4,True,34,1,108,37,249,1879,3294,366,0.680328,0.838465,0.570431,183,2026-09-03T19:12:02
tdma_packet_loss,1,10,0.3,5,0,0.05,5,0.619354,0.8,0.602339,2.7,True,27,1,9,32,80,618,1026,114,0.701754,0.858333,0.602339,57,2026-09-03T19:12:02
tdma_packet_loss,1,10,0.3,5,0,0.05,6,0.756772,0.2,0.644216,3.7,True,37,1,40,32,218,1693,2628,292,0.746575,0.862895,0.644216,146,2026-09-03T19:12:02
tdma_packet_loss,1,10,0.3,5,0,0.05,7,0.654061,0.6,0.541005,5.1,True,51,1,6,31,109,818,1512,168,0.64881,0.833843,0.541005,84,2026-09-03T19:12:02
tdma_packet_loss,1,10,0.3,5,0,0.05,8,0.760025,0.2,0.603255,3.7,True,37,1,24,25,139,1075,1782,198,0.70202,0.859313,0.603255,99,2026-09-03T19:12:02
tdma_packet_loss,1,10,0.3,5,0,0.05,9,0.685593,0.2,0.611806,6.0,True,60,1,0,21,116,881,1440,160,0.725,0.84387,0.611806,80,2026-09-03T19:12:02
tdma_packet_loss,1,10,0.3,5,0,0.05,10,0.596361,0.4,0.588889,3.2,True,32,1,4,35,92,689,1170,130,0.707692,0.832126,0.588889,65,2026-09-03T19:12:02
tdma_packet_loss,1,10,0.3,5,0,0.05,11,0.67178,0.6,0.648485,2.6,True,26,1,4,29,85,642,990,110,0.772727,0.839216,0.648485,55,2026-09-03T19:12:02
tdma_packet_loss,1,10,0.3,5,0,0.05,12,0.746259,0.0,0.592593,1.0,True,10,1,72,14,212,1632,2754,306,0.69281,0.855346,0.592593,153,2026-09-03T19:12:02
tdma_packet_loss,1,10,0.3,5,0,0.05,13,0.781896,0.0,0.619463,4.5,True,45,1,60,20,222,1706,2754,306,0.72549,0.853854,0.619463,153,2026-09-03T19:12:02
tdma_packet_loss,1,10,0.3,5,0,0.05,14,0.656025,0.4,0.557439,3.9,True,39,1,0,18,78,592,1062,118,0.661017,0.843305,0.557439,59,2026-09-03T19:12:02
tdma_packet_loss,1,10,0.3,5,0,0.1,0,0.497077,0.6,0.582,28.9,True,289,0,191,37,341,2619,4500,500,0.682,0.853372,0.582,500,2026-09-03T19:12:03
tdma_packet_loss,1,10,0.3,5,0,0.1,1,0.528759,0.4,0.597778,7.4,True,74,0,402,68,347,2690,4500,500,0.694,0.861351,0.597778,500,2026-09-03T19:12:03
tdma_packet_loss,1,10,0.3,5,0,0.1,2,0.588898,0.2,0.568444,25.3,True,253,0,239,45,338,2558,4500,500,0.676,0.840894,0.568444,500,2026-09-03T19:12:03
tdma_packet_loss,1,10,0.3,5,0,0.1,3,0.472571,0.4,0.59,50.0,False,500,0,0,48,348,2655,4500,500,0.696,0.847701,0.59,500,2026-09-03T19:12:03
tdma_packet_loss,1,10,0.3,5,0,0.1,4,0.548566,0.8,0.572444,20.5,True,205,0,279,132,339,2576,4500,500,0.678,0.844313,0.572444,500,2026-09-03T19:12:03
tdma_packet_loss,1,10,0.3,5,0,0.1,5,0.591644,0.6,0.630889,13.4,True,134,0,341,56,368,2839,4500,500,0.736,0.857186,0.630889,500,2026-09-03T19:12:03
tdma_packet_loss,1,10,0.3,5,0,0.1,6,0.743451,0.2,0.669591,5.3,True,53,1,64,44,118,916,1368,152,0.776316,0.862524,0.669591,152,2026-09-03T19:12:02
tdma_packet_loss,1,10,0.3,5,0,0.1,7,0.476144,0.6,0.562444,44.9,True,449,0,38,309,331,2531,4500,500,0.662,0.849614,0.562444,500,2026-09-03T19:12:03
tdma_packet_loss,1,10,0.3,5,0,0.1,8,0.538987,0.6,0.606667,10.6,True,106,0,366,55,355,2730,4500,500,0.71,0.85446,0.606667,500,2026-09-03T19:12:03
tdma_packet_loss,1,10,0.3,5,0,0.1,9,0.424128,0.0,0.608444,25.9,True,259,0,222,123,357,2738,4500,500,0.714,0.852163,0.608444,500,2026-09-03T19:12:03
tdma_packet_loss,1,10,0.3,5,0,0.1,10,0.540285,0.8,0.584222,17.6,True,176,0,307,53,341,2629,4500,500,0.682,0.856631,0.584222,500,2026-09-03T19:12:03
tdma_packet_loss,1,10,0.3,5,0,0.1,11,0.612463,0.0,0.604444,6.5,True,65,0,369,69,352,2720,4500,500,0.704,0.858586,0.604444,500,2026-09-03T19:12:03
tdma_packet_loss,1,10,0.3,5,0,0.1,12,0.442456,0.8,0.588444,9.0,True,90,0,390,46,345,2648,4500,500,0.69,0.852818,0.588444,500,2026-09-03T19:12:03
tdma_packet_loss,1,10,0.3,5,0,0.1,13,0.480223,0.6,0.626834,8.6,True,86,1,0,89,77,598,954,106,0.726415,0.862915,0.626834,106,2026-09-03T19:12:03
tdma_packet_loss,1,10,0.3,5,0,0.1,14,0.638477,0.8,0.574,44.7,True,447,0,50,35,336,2583,4500,500,0.672,0.854167,0.574,500,2026-09-03T19:12:03
tdma_packet_loss,1,10,0.3,5,2,0.025,0,0.646667,1.0,0.574948,2.4,True,24,1,3,23,142,1097,1908,212,0.669811,0.858372,0.574948,53,2026-09-03T19:12:03
tdma_packet_loss,1,10,0.3,5,2,0.025,1,0.701169,0.6,0.614035,2.5,True,25,1,6,41,163,1260,2052,228,0.714912,0.858896,0.614035,57,2026-09-03T19:12:03
tdma_packet_loss,1,10,0.3,5,2,0.025,2,0.61412,0.8,0.583829,3.6,True,36,1,0,22,157,1177,2016,224,0.700893,0.832979,0.583829,56,2026-09-03T19:12:03
tdma_packet_loss,1,10,0.3,5,2,0.025,3,0.615506,0.6,0.581276,2.4,True,24,1,18,26,222,1695,2916,324,0.685185,0.848348,0.581276,81,2026-09-03T19:12:03
tdma_packet_loss,1,10,0.3,5,2,0.025,4,0.58848,0.8,0.559524,1.3,True,13,1,5,17,129,987,1764,196,0.658163,0.850129,0.559524,49,2026-09-03T19:12:03
tdma_packet_loss,1,10,0.3,5,2,0.025,5,0.687768,0.4,0.589646,2.9,True,29,1,11,28,180,1401,2376,264,0.681818,0.864815,0.589646,66,2026-09-03T19:12:03
tdma_packet_loss,1,10,0.3,5,2,0.025,6,0.626866,0.6,0.647917,2.5,True,25,1,20,28,242,1866,2880,320,0.75625,0.856749,0.647917,80,2026-09-03T19:12:03
tdma_packet_loss,1,10,0.3,5,2,0.025,7,0.576072,0.6,0.558081,2.4,True,24,1,0,25,117,884,1584,176,0.664773,0.839506,0.558081,44,2026-09-03T19:12:03
tdma_packet_loss,1,10,0.3,5,2,0.025,8,0.653977,0.6,0.624074,2.2,True,22,1,9,26,219,1685,2700,300,0.73,0.854896,0.624074,75,2026-09-03T19:12:03
tdma_packet_loss,1,10,0.3,5,2,0.025,9,0.611953,0.6,0.633102,1.0,True,10,1,4,13,144,1094,1728,192,0.75,0.844136,0.633102,48,2026-09-03T19:12:03
tdma_packet_loss,1,10,0.3,5,2,0.025,10,0.52542,0.8,0.599617,1.3,True,13,1,10,17,165,1252,2088,232,0.711207,0.843098,0.599617,58,2026-09-03T19:12:03
tdma_packet_loss,1,10,0.3,5,2,0.025,11,0.671277,0.6,0.680851,1.2,True,12,1,10,16,150,1152,1692,188,0.797872,0.853333,0.680851,47,2026-09-03T19:12:03
tdma_packet_loss,1,10,0.3,5,2,0.025,12,0.711097,0.4,0.575708,1.1,True,11,1,14,16,138,1057,1836,204,0.676471,0.851047,0.575708,51,2026-09-03T19:12:03
tdma_packet_loss,1,10,0.3,5,2,0.025,13,0.632608,0.6,0.591146,1.2,True,12,1,0,14,88,681,1152,128,0.6875,0.859848,0.591146,32,2026-09-03T19:12:03
tdma_packet_loss,1,10,0.3,5,2,0.025,14,0.57891,0.8,0.582492,1.3,True,13,1,0,17,91,692,1188,132,0.689394,0.844933,0.582492,33,2026-09-03T19:12:03
tdma_packet_loss,1,10,0.3,5,2,0.05,0,0.610592,0.6,0.579678,5.6,True,56,1,0,37,102,793,1368,152,0.671053,0.863834,0.579678,76,2026-09-03T19:12:03
tdma_packet_loss,1,10,0.3,5,2,0.05,1,0.547652,0.6,0.60202,2.3,True,23,1,11,39,78,596,990,110,0.709091,0.849003,0.60202,55,2026-09-03T19:12:03
tdma_packet_loss,1,10,0.3,5,2,0.05,2,0.557948,0.6,0.585795,3.2,True,32,1,22,55,111,833,1422,158,0.702532,0.833834,0.585795,79,2026-09-03T19:12:03
tdma_packet_loss,1,10,0.3,5,2,0.05,3,0.556624,0.6,0.584362,3.0,True,30,1,29,29,113,852,1458,162,0.697531,0.837758,0.584362,81,2026-09-03T19:12:04
tdma_packet_loss,1,10,0.3,5,2,0.05,4,0.771929,0.0,0.577274,1.4,True,14,1,210,50,483,3668,6354,706,0.684136,0.8438,0.577274,353,2026-09-03T19:12:04
tdma_packet_loss,1,10,0.3,5,2,0.05,5,0.696643,0.6,0.596264,6.2,True,62,1,6,32,160,1245,2088,232,0.689655,0.864583,0.596264,116,2026-09-03T19:12:04
tdma_packet_loss,1,10,0.3,5,2,0.05,6,0.619812,0.6,0.657265,3.8,True,38,1,5,32,100,769,1170,130,0.769231,0.854444,0.657265,65,2026-09-03T19:12:04
tdma_packet_loss,1,10,0.3,5,2,0.05,7,0.538284,0.4,0.549919,2.4,True,24,1,23,25,90,683,1242,138,0.652174,0.84321,0.549919,69,2026-09-03T19:12:04
tdma_packet_loss,1,10,0.3,5,2,0.05,8,0.652273,0.6,0.617989,4.4,True,44,1,30,27,151,1168,1890,210,0.719048,0.859455,0.617989,105,2026-09-03T19:12:04
tdma_packet_loss,1,10,0.3,5,2,0.05,9,0.513943,0.8,0.618182,3.5,True,35,1,0,39,81,612,990,110,0.736364,0.839506,0.618182,55,2026-09-03T19:12:04
tdma_packet_loss,1,10,0.3,5,2,0.05,10,0.497212,1.0,0.604938,3.9,True,39,1,22,46,143,1078,1782,198,0.722222,0.837607,0.604938,99,2026-09-03T19:12:04
tdma_packet_loss,1,10,0.3,5,2,0.05,11,0.779752,0.4,0.671764,1.5,True,15,1,41,26,171,1318,1962,218,0.784404,0.8564,0.671764,109,2026-09-03T19:12:04
tdma_packet_loss,1,10,0.3,5,2,0.05,12,0.678449,0.4,0.576319,4.0,True,40,1,28,37,134,1027,1782,198,0.676768,0.851575,0.576319,99,2026-09-03T19:12:04
tdma_packet_loss,1,10,0.3,5,2,0.05,13,0.678601,0.4,0.589606,1.9,True,19,1,14,23,85,658,1116,124,0.685484,0.860131,0.589606,62,2026-09-03T19:12:04
tdma_packet_loss,1,10,0.3,5,2,0.05,14,0.644799,0.8,0.581575,2.4,True,24,1,19,28,108,827,1422,158,0.683544,0.850823,0.581575,79,2026-09-03T19:12:04
tdma_packet_loss,1,10,0.3,5,2,0.1,0,0.523131,0.6,0.589556,23.7,True,237,0,248,133,345,2653,4500,500,0.69,0.854428,0.589556,500,2026-09-03T19:12:04
tdma_packet_loss,1,10,0.3,5,2,0.1,1,0.438695,0.4,0.603778,7.7,True,77,0,392,53,350,2717,4500,500,0.7,0.86254,0.603778,500,2026-09-03T19:12:04
tdma_packet_loss,1,10,0.3,5,2,0.1,2,0.543141,0.0,0.574444,18.7,True,187,0,272,97,342,2585,4500,500,0.684,0.839831,0.574444,500,2026-09-03T19:12:05
tdma_packet_loss,1,10,0.3,5,2,0.1,3,0.364198,0.4,0.581111,32.1,True,321,0,175,44,342,2615,4500,500,0.684,0.849578,0.581111,500,2026-09-03T19:12:04
tdma_packet_loss,1,10,0.3,5,2,0.1,4,0.533648,0.0,0.565111,29.4,True,294,0,196,102,334,2543,4500,500,0.668,0.845975,0.565111,500,2026-09-03T19:12:05
tdma_packet_loss,1,10,0.3,5,2,0.1,5,0.531589,0.4,0.620889,9.8,True,98,0,360,79,362,2794,4500,500,0.724,0.857581,0.620889,500,2026-09-03T19:12:04
tdma_packet_loss,1,10,0.3,5,2,0.1,6,0.349165,0.4,0.645556,5.2,True,52,0,402,48,377,2905,4500,500,0.754,0.856174,0.645556,500,2026-09-03T19:12:05
tdma_packet_loss,1,10,0.3,5,2,0.1,7,0.657603,0.6,0.569778,11.7,True,117,0,364,115,335,2564,4500,500,0.67,0.850415,0.569778,500,2026-09-03T19:12:04
tdma_packet_loss,1,10,0.3,5,2,0.1,8,0.547377,1.0,0.609333,17.0,True,170,0,320,55,357,2742,4500,500,0.714,0.853408,0.609333,500,2026-09-03T19:12:05
tdma_packet_loss,1,10,0.3,5,2,0.1,9,0.571908,0.6,0.614667,12.2,True,122,0,368,55,361,2766,4500,500,0.722,0.851339,0.614667,500,2026-09-03T19:12:04
tdma_packet_loss,1,10,0.3,5,2,0.1,10,0.56555,0.6,0.590667,6.7,True,67,0,430,66,344,2658,4500,500,0.688,0.858527,0.590667,500,2026-09-03T19:12:05
tdma_packet_loss,1,10,0.3,5,2,0.1,11,0.652722,0.2,0.606444,3.2,True,32,0,415,59,353,2729,4500,500,0.706,0.858986,0.606444,500,2026-09-03T19:12:04
tdma_packet_loss,1,10,0.3,5,2,0.1,12,0.452279,0.8,0.582667,50.0,False,500,0,0,46,341,2622,4500,500,0.682,0.85435,0.582667,500,2026-09-03T19:12:05
tdma_packet_loss,1,10,0.3,5,2,0.1,13,0.538162,0.4,0.597556,15.9,True,159,0,322,43,353,2689,4500,500,0.706,0.846396,0.597556,500,2026-09-03T19:12:05
tdma_packet_loss,1,10,0.3,5,2,0.1,14,0.487172,0.4,0.576444,38.0,True,380,0,103,53,338,2594,4500,500,0.676,0.852728,0.576444,500,2026-09-03T19:12:05
tdma_packet_loss,1,10,0.3,5,5,0.025,0,0.683873,0.8,0.60119,1.8,True,18,1,7,22,157,1212,2016,224,0.700893,0.857749,0.60119,56,2026-09-03T19:12:04
tdma_packet_loss,1,10,0.3,5,5,0.025,1,0.574762,0.8,0.604701,2.3,True,23,1,5,28,146,1132,1872,208,0.701923,0.861492,0.604701,52,2026-09-03T19:12:04
tdma_packet_loss,1,10,0.3,5,5,0.025,2,0.446005,0.8,0.539216,1.4,True,14,1,0,16,89,660,1224,136,0.654412,0.82397,0.539216,34,2026-09-03T19:12:04
tdma_packet_loss,1,10,0.3,5,5,0.025,3,0.603012,0.6,0.595679,1.0,True,10,1,21,14,203,1544,2592,288,0.704861,0.845101,0.595679,72,2026-09-03T19:12:05
tdma_packet_loss,1,10,0.3,5,5,0.025,4,0.594595,0.8,0.571351,1.0,True,10,1,3,14,139,1049,1836,204,0.681373,0.838529,0.571351,51,2026-09-03T19:12:05
tdma_packet_loss,1,10,0.3,5,5,0.025,5,0.76318,0.6,0.612599,1.0,True,10,1,12,26,159,1235,2016,224,0.709821,0.863033,0.612599,56,2026-09-03T19:12:05
tdma_packet_loss,1,10,0.3,5,5,0.025,6,0.525654,1.0,0.678333,2.0,True,20,1,9,28,157,1221,1800,200,0.785,0.864119,0.678333,50,2026-09-03T19:12:05
tdma_packet_loss,1,10,0.3,5,5,0.025,7,0.596958,0.8,0.532957,1.9,True,19,1,4,21,150,1132,2124,236,0.635593,0.838519,0.532957,59,2026-09-03T19:12:05
tdma_packet_loss,1,10,0.3,5,5,0.025,8,0.73922,0.6,0.64436,1.6,True,16,1,19,21,199,1531,2376,264,0.753788,0.85483,0.64436,66,2026-09-03T19:12:05
tdma_packet_loss,1,10,0.3,5,5,0.025,9,0.523063,0.6,0.593954,1.0,True,10,1,3,17,96,727,1224,136,0.705882,0.841435,0.593954,34,2026-09-03T19:12:05
tdma_packet_loss,1,10,0.3,5,5,0.025,10,0.529107,0.6,0.583333,1.4,True,14,1,6,18,153,1155,1980,220,0.695455,0.83878,0.583333,55,2026-09-03T19:12:05
tdma_packet_loss,1,10,0.3,5,5,0.025,11,0.63096,0.4,0.662616,0.9,True,9,1,10,13,149,1145,1728,192,0.776042,0.85384,0.662616,48,2026-09-03T19:12:05
tdma_packet_loss,1,10,0.3,5,5,0.025,12,0.561956,0.8,0.60101,0.7,True,7,1,2,11,125,952,1584,176,0.710227,0.846222,0.60101,44,2026-09-03T19:12:05
tdma_packet_loss,1,10,0.3,5,5,0.025,13,0.705402,0.8,0.622428,1.2,True,12,1,5,16,157,1210,1944,216,0.726852,0.856334,0.622428,54,2026-09-03T19:12:05
tdma_packet_loss,1,10,0.3,5,5,0.025,14,0.561192,0.8,0.570175,0.7,True,7,1,5,11,101,780,1368,152,0.664474,0.858086,0.570175,38,2026-09-03T19:12:05
tdma_packet_loss,1,10,0.3,5,5,0.05,0,0.642527,0.6,0.614241,1.6,True,16,1,66,40,203,1570,2556,284,0.714789,0.859332,0.614241,142,2026-09-03T19:12:05
tdma_packet_loss,1,10,0.3,5,5,0.05,1,0.524733,0.6,0.575472,3.3,True,33,1,0,37,72,549,954,106,0.679245,0.847222,0.575472,53,2026-09-03T19:12:05
tdma_packet_loss,1,10,0.3,5,5,0.05,2,0.790309,0.2,0.580515,3.3,True,33,1,59,34,191,1442,2484,276,0.692029,0.83886,0.580515,138,2026-09-03T19:12:05
tdma_packet_loss,1,10,0.3,5,5,0.05,3,0.582207,0.0,0.592982,7.2,True,72,1,61,42,265,2028,3420,380,0.697368,0.850314,0.592982,190,2026-09-03T19:12:05
tdma_packet_loss,1,10,0.3,5,5,0.05,4,0.819332,0.2,0.58483,4.8,True,48,1,176,35,462,3516,6012,668,0.691617,0.845599,0.58483,334,2026-09-03T19:12:06
tdma_packet_loss,1,10,0.3,5,5,0.05,5,0.731781,0.6,0.591421,2.5,True,25,1,18,19,109,841,1422,158,0.689873,0.857288,0.591421,79,2026-09-03T19:12:05
tdma_packet_loss,1,10,0.3,5,5,0.05,6,0.583181,0.6,0.679012,3.2,True,32,1,15,39,141,1100,1620,180,0.783333,0.866824,0.679012,90,2026-09-03T19:12:05
tdma_packet_loss,1,10,0.3,5,5,0.05,7,0.758987,0.0,0.53629,2.4,True,24,1,54,30,159,1197,2232,248,0.641129,0.836478,0.53629,124,2026-09-03T19:12:05
tdma_packet_loss,1,10,0.3,5,5,0.05,8,0.702361,0.8,0.632388,5.1,True,51,1,5,43,139,1070,1692,188,0.739362,0.855316,0.632388,94,2026-09-03T19:12:05
tdma_packet_loss,1,10,0.3,5,5,0.05,9,0.537526,0.4,0.618118,7.1,True,71,1,5,20,163,1235,1998,222,0.734234,0.841854,0.618118,111,2026-09-03T19:12:05
tdma_packet_loss,1,10,0.3,5,5,0.05,10,0.515843,0.6,0.586918,3.0,True,30,1,10,29,87,655,1116,124,0.701613,0.836526,0.586918,62,2026-09-03T19:12:05
tdma_packet_loss,1,10,0.3,5,5,0.05,11,0.663948,0.4,0.662162,1.2,True,12,1,1,20,58,441,666,74,0.783784,0.844828,0.662162,37,2026-09-03T19:12:05
tdma_packet_loss,1,10,0.3,5,5,0.05,12,0.796407,0.0,0.592593,1.4,True,14,1,83,29,212,1632,2754,306,0.69281,0.855346,0.592593,153,2026-09-03T19:12:05
tdma_packet_loss,1,10,0.3,5,5,0.05,13,0.763559,0.4,0.633838,2.0,True,20,1,24,24,130,1004,1584,176,0.738636,0.85812,0.633838,88,2026-09-03T19:12:05
tdma_packet_loss,1,10,0.3,5,5,0.05,14,0.596265,0.4,0.565844,6.1,True,61,1,0,27,107,825,1458,162,0.660494,0.856698,0.565844,81,2026-09-03T19:12:06
tdma_packet_loss,1,10,0.3,5,5,0.1,0,0.598317,0.2,0.594444,10.5,True,105,0,357,29,348,2675,4500,500,0.696,0.854087,0.594444,500,2026-09-03T19:12:06
tdma_packet_loss,1,10,0.3,5,5,0.1,1,0.519994,0.6,0.597778,16.7,True,167,0,327,57,347,2690,4500,500,0.694,0.861351,0.597778,500,2026-09-03T19:12:07
tdma_packet_loss,1,10,0.3,5,5,0.1,2,0.574667,0.2,0.568667,10.1,True,101,0,356,107,338,2559,4500,500,0.676,0.841223,0.568667,500,2026-09-03T19:12:06
tdma_packet_loss,1,10,0.3,5,5,0.1,3,0.677049,0.4,0.588667,13.3,True,133,0,347,44,347,2649,4500,500,0.694,0.848223,0.588667,500,2026-09-03T19:12:07
tdma_packet_loss,1,10,0.3,5,5,0.1,4,0.539274,0.4,0.572444,33.3,True,333,0,163,51,339,2576,4500,500,0.678,0.844313,0.572444,500,2026-09-03T19:12:06
tdma_packet_loss,1,10,0.3,5,5,0.1,5,0.621016,0.6,0.630667,22.4,True,224,0,254,51,368,2838,4500,500,0.736,0.856884,0.630667,500,2026-09-03T19:12:06
tdma_packet_loss,1,10,0.3,5,5,0.1,6,0.620366,0.4,0.661713,5.1,True,51,1,80,47,120,935,1413,157,0.764331,0.865741,0.661713,157,2026-09-03T19:12:06
tdma_packet_loss,1,10,0.3,5,5,0.1,7,0.484419,0.2,0.562444,13.8,True,138,0,359,135,331,2531,4500,500,0.662,0.849614,0.562444,500,2026-09-03T19:12:06
tdma_packet_loss,1,10,0.3,5,5,0.1,8,0.624265,0.2,0.615778,30.2,True,302,0,189,79,361,2771,4500,500,0.722,0.852878,0.615778,500,2026-09-03T19:12:06
tdma_packet_loss,1,10,0.3,5,5,0.1,9,0.633904,0.6,0.608444,16.1,True,161,0,323,150,357,2738,4500,500,0.714,0.852163,0.608444,500,2026-09-03T19:12:07
tdma_packet_loss,1,10,0.3,5,5,0.1,10,0.576625,0.2,0.585111,43.8,True,438,0,55,59,341,2633,4500,500,0.682,0.857934,0.585111,500,2026-09-03T19:12:06
tdma_packet_loss,1,10,0.3,5,5,0.1,11,0.541943,0.2,0.603111,8.2,True,82,0,410,25,351,2714,4500,500,0.702,0.859133,0.603111,500,2026-09-03T19:12:07
tdma_packet_loss,1,10,0.3,5,5,0.1,12,0.440955,0.6,0.588222,4.3,True,43,0,424,47,345,2647,4500,500,0.69,0.852496,0.588222,500,2026-09-03T19:12:06
tdma_packet_loss,1,10,0.3,5,5,0.1,13,0.478455,0.2,0.606889,9.7,True,97,0,392,51,358,2731,4500,500,0.716,0.84761,0.606889,500,2026-09-03T19:12:07
tdma_packet_loss,1,10,0.3,5,5,0.1,14,0.49943,0.4,0.572222,9.4,True,94,0,371,65,335,2575,4500,500,0.67,0.854063,0.572222,500,2026-09-03T19:12:06
tdma_packet_loss,1,10,0.3,10,0,0.025,0,0.536486,0.4,0.589976,2.6,True,26,1,0,28,126,977,1656,184,0.684783,0.861552,0.589976,46,2026-09-03T19:12:06
tdma_packet_loss,1,10,0.3,10,0,0.025,1,0.509559,0.7,0.599383,2.5,True,25,1,0,28,126,971,1620,180,0.7,0.856261,0.599383,45,2026-09-03T19:12:06
tdma_packet_loss,1,10,0.3,10,0,0.025,2,0.548432,0.7,0.581163,3.5,True,35,1,3,28,177,1339,2304,256,0.691406,0.840552,0.581163,64,2026-09-03T19:12:06
tdma_packet_loss,1,10,0.3,10,0,0.025,3,0.655272,0.6,0.590625,2.6,True,26,1,8,40,223,1701,2880,320,0.696875,0.847534,0.590625,80,2026-09-03T19:12:06
tdma_packet_loss,1,10,0.3,10,0,0.025,4,0.578886,0.7,0.564516,2.1,True,21,1,8,25,166,1260,2232,248,0.669355,0.843373,0.564516,62,2026-09-03T19:12:06
tdma_packet_loss,1,10,0.3,10,0,0.025,5,0.654922,0.6,0.607468,2.0,True,20,1,14,45,172,1334,2196,244,0.704918,0.861757,0.607468,61,2026-09-03T19:12:06
tdma_packet_loss,1,10,0.3,10,0,0.025,6,0.65446,0.5,0.645484,3.1,True,31,1,28,31,418,3230,5004,556,0.751799,0.858586,0.645484,139,2026-09-03T19:12:07
tdma_packet_loss,1,10,0.3,10,0,0.025,7,0.65128,0.3,0.531189,3.3,True,33,1,2,39,145,1090,2052,228,0.635965,0.835249,0.531189,57,2026-09-03T19:12:07
tdma_packet_loss,1,10,0.3,10,0,0.025,8,0.62686,0.5,0.642053,2.4,True,24,1,9,22,238,1826,2844,316,0.753165,0.852474,0.642053,79,2026-09-03T19:12:07
tdma_packet_loss,1,10,0.3,10,0,0.025,9,0.564625,0.5,0.612193,1.9,True,19,1,11,23,221,1697,2772,308,0.717532,0.853193,0.612193,77,2026-09-03T19:12:07
tdma_packet_loss,1,10,0.3,10,0,0.025,10,0.65929,0.3,0.588164,3.5,True,35,1,6,36,254,1948,3312,368,0.690217,0.852143,0.588164,92,2026-09-03T19:12:07
tdma_packet_loss,1,10,0.3,10,0,0.025,11,0.65836,0.4,0.628175,1.3,True,13,1,9,24,206,1583,2520,280,0.735714,0.85383,0.628175,70,2026-09-03T19:12:07
tdma_packet_loss,1,10,0.3,10,0,0.025,12,0.687368,0.4,0.582572,3.5,True,35,1,2,38,199,1531,2628,292,0.681507,0.85483,0.582572,73,2026-09-03T19:12:07
tdma_packet_loss,1,10,0.3,10,0,0.025,13,0.595463,0.5,0.619509,1.6,True,16,1,22,18,251,1918,3096,344,0.729651,0.849048,0.619509,86,2026-09-03T19:12:07
tdma_packet_loss,1,10,0.3,10,0,0.025,14,0.590766,0.6,0.568783,1.8,True,18,1,17,37,224,1720,3024,336,0.666667,0.853175,0.568783,84,2026-09-03T19:12:07
tdma_packet_loss,1,10,0.3,10,0,0.05,0,0.698635,0.2,0.602,5.8,True,58,0,323,54,711,5418,9000,1000,0.711,0.846695,0.602,500,2026-09-03T19:12:08
tdma_packet_loss,1,10,0.3,10,0,0.05,1,0.714402,0.1,0.592545,8.7,True,87,1,148,63,531,4117,6948,772,0.687824,0.861477,0.592545,386,2026-09-03T19:12:08
tdma_packet_loss,1,10,0.3,10,0,0.05,2,0.682679,0.1,0.576933,5.0,True,50,1,273,55,575,4372,7578,842,0.682898,0.844831,0.576933,421,2026-09-03T19:12:07
tdma_packet_loss,1,10,0.3,10,0,0.05,3,0.605288,0.1,0.586977,8.7,True,87,1,284,64,638,4913,8370,930,0.686022,0.855625,0.586977,465,2026-09-03T19:12:08
tdma_packet_loss,1,10,0.3,10,0,0.05,4,0.704593,0.2,0.578027,5.6,True,56,1,146,24,365,2778,4806,534,0.683521,0.845662,0.578027,267,2026-09-03T19:12:07
tdma_packet_loss,1,10,0.3,10,0,0.05,5,0.623223,0.1,0.621285,6.7,True,67,1,206,49,607,4641,7470,830,0.731325,0.849533,0.621285,415,2026-09-03T19:12:08
tdma_packet_loss,1,10,0.3,10,0,0.05,6,0.539772,0.5,0.678744,3.9,True,39,1,14,42,144,1124,1656,184,0.782609,0.867284,0.678744,92,2026-09-03T19:12:07
tdma_packet_loss,1,10,0.3,10,0,0.05,7,0.832967,0.0,0.560323,5.4,True,54,1,196,95,401,3056,5454,606,0.661716,0.846772,0.560323,303,2026-09-03T19:12:08
tdma_packet_loss,1,10,0.3,10,0,0.05,8,0.660006,0.1,0.587167,5.3,True,53,1,233,40,488,3752,6390,710,0.687324,0.854281,0.587167,355,2026-09-03T19:12:07
tdma_packet_loss,1,10,0.3,10,0,0.05,9,0.676145,0.2,0.605994,6.9,True,69,1,233,63,538,4145,6840,760,0.707895,0.856051,0.605994,380,2026-09-03T19:12:08
tdma_packet_loss,1,10,0.3,10,0,0.05,10,0.552009,0.2,0.590111,7.8,True,78,0,285,50,697,5311,9000,1000,0.697,0.846644,0.590111,500,2026-09-03T19:12:08
tdma_packet_loss,1,10,0.3,10,0,0.05,11,0.74209,0.1,0.58,3.3,True,33,0,348,27,681,5220,9000,1000,0.681,0.851689,0.58,500,2026-09-03T19:12:09
tdma_packet_loss,1,10,0.3,10,0,0.05,12,0.774128,0.0,0.599226,3.7,True,37,1,106,41,283,2168,3618,402,0.70398,0.851197,0.599226,201,2026-09-03T19:12:07
tdma_packet_loss,1,10,0.3,10,0,0.05,13,0.572991,0.6,0.633838,4.8,True,48,1,12,48,130,1004,1584,176,0.738636,0.85812,0.633838,88,2026-09-03T19:12:07
tdma_packet_loss,1,10,0.3,10,0,0.05,14,0.756062,0.0,0.584005,6.1,True,61,1,312,55,681,5214,8928,992,0.686492,0.85071,0.584005,496,2026-09-03T19:12:08
tdma_packet_loss,1,10,0.3,10,0,0.1,0,0.554054,0.2,0.594444,10.7,True,107,0,388,111,348,2675,4500,500,0.696,0.854087,0.594444,500,2026-09-03T19:12:09
tdma_packet_loss,1,10,0.3,10,0,0.1,1,0.512605,0.4,0.597778,50.0,False,500,0,0,500,347,2690,4500,500,0.694,0.861351,0.597778,500,2026-09-03T19:12:08
tdma_packet_loss,1,10,0.3,10,0,0.1,2,0.598998,0.2,0.568667,50.0,False,500,0,0,500,338,2559,4500,500,0.676,0.841223,0.568667,500,2026-09-03T19:12:09
tdma_packet_loss,1,10,0.3,10,0,0.1,3,0.42367,0.2,0.588667,50.0,False,500,0,0,500,347,2649,4500,500,0.694,0.848223,0.588667,500,2026-09-03T19:12:09
tdma_packet_loss,1,10,0.3,10,0,0.1,4,0.395954,0.3,0.572444,50.0,False,500,0,0,500,339,2576,4500,500,0.678,0.844313,0.572444,500,2026-09-03T19:12:09
tdma_packet_loss,1,10,0.3,10,0,0.1,5,0.483356,0.3,0.630667,34.7,True,347,0,151,138,368,2838,4500,500,0.736,0.856884,0.630667,500,2026-09-03T19:12:09
tdma_packet_loss,1,10,0.3,10,0,0.1,6,0.467404,0.2,0.641778,17.5,True,175,0,319,148,374,2888,4500,500,0.748,0.857992,0.641778,500,2026-09-03T19:12:10
tdma_packet_loss,1,10,0.3,10,0,0.1,7,0.647953,0.4,0.562444,44.7,True,447,0,41,262,331,2531,4500,500,0.662,0.849614,0.562444,500,2026-09-03T19:12:09
tdma_packet_loss,1,10,0.3,10,0,0.1,8,0.40565,0.3,0.615778,24.7,True,247,0,251,255,361,2771,4500,500,0.722,0.852878,0.615778,500,2026-09-03T19:12:10
tdma_packet_loss,1,10,0.3,10,0,0.1,9,0.443293,0.3,0.608444,24.4,True,244,0,247,251,357,2738,4500,500,0.714,0.852163,0.608444,500,2026-09-03T19:12:09
tdma_packet_loss,1,10,0.3,10,0,0.1,10,0.479348,0.5,0.585111,50.0,False,500,0,0,477,341,2633,4500,500,0.682,0.857934,0.585111,500,2026-09-03T19:12:10
tdma_packet_loss,1,10,0.3,10,0,0.1,11,0.440485,0.3,0.603111,44.0,True,440,0,59,148,351,2714,4500,500,0.702,0.859133,0.603111,500,2026-09-03T19:12:09
tdma_packet_loss,1,10,0.3,10,0,0.1,12,0.586352,0.7,0.588222,26.5,True,265,0,222,236,345,2647,4500,500,0.69,0.852496,0.588222,500,2026-09-03T19:12:10
tdma_packet_loss,1,10,0.3,10,0,0.1,13,0.365056,0.4,0.606889,16.0,True,160,0,334,95,358,2731,4500,500,0.716,0.84761,0.606889,500,2026-09-03T19:12:10
tdma_packet_loss,1,10,0.3,10,0,0.1,14,0.47712,0.5,0.572222,38.9,True,389,0,109,500,335,2575,4500,500,0.67,0.854063,0.572222,500,2026-09-03T19:12:11
tdma_packet_loss,1,10,0.3,10,2,0.025,0,0.682991,0.4,0.596154,2.6,True,26,1,14,28,180,1395,2340,260,0.692308,0.861111,0.596154,65,2026-09-03T19:12:09
tdma_packet_loss,1,10,0.3,10,2,0.025,1,0.46869,0.7,0.609623,3.6,True,36,1,0,39,159,1229,2016,224,0.709821,0.85884,0.609623,56,2026-09-03T19:12:09
tdma_packet_loss,1,10,0.3,10,2,0.025,2,0.517361,0.6,0.581845,2.4,True,24,1,10,32,156,1173,2016,224,0.696429,0.83547,0.581845,56,2026-09-03T19:12:09
tdma_packet_loss,1,10,0.3,10,2,0.025,3,0.563617,0.4,0.580051,2.9,True,29,1,31,28,299,2297,3960,440,0.679545,0.853586,0.580051,110,2026-09-03T19:12:09
tdma_packet_loss,1,10,0.3,10,2,0.025,4,0.600707,0.5,0.560185,3.5,True,35,1,8,39,271,2057,3672,408,0.664216,0.843378,0.560185,102,2026-09-03T19:12:10
tdma_packet_loss,1,10,0.3,10,2,0.025,5,0.651176,0.5,0.59095,1.5,True,15,1,20,26,170,1319,2232,248,0.685484,0.862092,0.59095,62,2026-09-03T19:12:10
tdma_packet_loss,1,10,0.3,10,2,0.025,6,0.687842,0.4,0.651587,3.4,True,34,1,1,35,212,1642,2520,280,0.757143,0.860587,0.651587,70,2026-09-03T19:12:10
tdma_packet_loss,1,10,0.3,10,2,0.025,7,0.544591,0.5,0.554958,4.1,True,41,1,21,35,244,1858,3348,372,0.655914,0.846084,0.554958,93,2026-09-03T19:12:10
tdma_packet_loss,1,10,0.3,10,2,0.025,8,0.586792,0.5,0.626827,2.6,True,26,1,13,23,223,1715,2736,304,0.733553,0.854509,0.626827,76,2026-09-03T19:12:10
tdma_packet_loss,1,10,0.3,10,2,0.025,9,0.745523,0.4,0.604394,2.0,True,20,1,38,24,435,3329,5508,612,0.710784,0.850319,0.604394,153,2026-09-03T19:12:10
tdma_packet_loss,1,10,0.3,10,2,0.025,10,0.610256,0.6,0.60039,3.7,True,37,1,0,40,162,1232,2052,228,0.710526,0.844993,0.60039,57,2026-09-03T19:12:10
tdma_packet_loss,1,10,0.3,10,2,0.025,11,0.671722,0.5,0.631847,1.5,True,15,1,7,22,210,1615,2556,284,0.739437,0.854497,0.631847,71,2026-09-03T19:12:10
tdma_packet_loss,1,10,0.3,10,2,0.025,12,0.692846,0.4,0.571256,2.9,True,29,1,1,28,183,1419,2484,276,0.663043,0.861566,0.571256,69,2026-09-03T19:12:10
tdma_packet_loss,1,10,0.3,10,2,0.025,13,0.570674,0.6,0.608135,1.3,True,13,1,5,16,159,1226,2016,224,0.709821,0.856744,0.608135,56,2026-09-03T19:12:10
tdma_packet_loss,1,10,0.3,10,2,0.025,14,0.590959,0.6,0.588213,1.4,True,14,1,8,18,204,1567,2664,296,0.689189,0.853486,0.588213,74,2026-09-03T19:12:10
tdma_packet_loss,1,10,0.3,10,2,0.05,0,0.738614,0.0,0.598851,6.1,True,61,1,30,44,202,1563,2610,290,0.696552,0.859736,0.598851,145,2026-09-03T19:12:11
tdma_packet_loss,1,10,0.3,10,2,0.05,1,0.727494,0.0,0.59592,3.9,True,39,1,175,61,531,4119,6912,768,0.691406,0.861896,0.59592,384,2026-09-03T19:12:11
tdma_packet_loss,1,10,0.3,10,2,0.05,2,0.666598,0.2,0.57597,3.1,True,31,1,267,71,520,3950,6858,762,0.682415,0.844017,0.57597,381,2026-09-03T19:12:11
tdma_packet_loss,1,10,0.3,10,2,0.05,3,0.693575,0.1,0.583689,6.2,True,62,1,299,67,638,4917,8424,936,0.681624,0.856322,0.583689,468,2026-09-03T19:12:11
tdma_packet_loss,1,10,0.3,10,2,0.05,4,0.713826,0.0,0.581019,7.0,True,70,1,193,53,461,3514,6048,672,0.686012,0.846951,0.581019,336,2026-09-03T19:12:12
tdma_packet_loss,1,10,0.3,10,2,0.05,5,0.698132,0.1,0.616231,5.8,True,58,1,103,56,312,2407,3906,434,0.718894,0.857194,0.616231,217,2026-09-03T19:12:11
tdma_packet_loss,1,10,0.3,10,2,0.05,6,0.706301,0.1,0.645669,4.7,True,47,1,128,44,383,2952,4572,508,0.753937,0.856397,0.645669,254,2026-09-03T19:12:11
tdma_packet_loss,1,10,0.3,10,2,0.05,7,0.793431,0.1,0.569818,4.8,True,48,1,205,54,451,3436,6030,670,0.673134,0.846514,0.569818,335,2026-09-03T19:12:11
tdma_packet_loss,1,10,0.3,10,2,0.05,8,0.600751,0.0,0.580222,4.6,True,46,0,361,47,681,5222,9000,1000,0.681,0.852015,0.580222,500,2026-09-03T19:12:12
tdma_packet_loss,1,10,0.3,10,2,0.05,9,0.544201,0.4,0.622655,5.7,True,57,1,0,61,114,863,1386,154,0.74026,0.841131,0.622655,77,2026-09-03T19:12:10
tdma_packet_loss,1,10,0.3,10,2,0.05,10,0.731266,0.0,0.599371,5.0,True,50,1,133,58,371,2859,4770,530,0.7,0.856244,0.599371,265,2026-09-03T19:12:11
tdma_packet_loss,1,10,0.3,10,2,0.05,11,0.71107,0.0,0.577386,3.9,True,39,1,259,44,574,4417,7650,850,0.675294,0.855014,0.577386,425,2026-09-03T19:12:11
tdma_packet_loss,1,10,0.3,10,2,0.05,12,0.678514,0.0,0.588957,8.3,True,83,1,128,44,452,3456,5868,652,0.693252,0.849558,0.588957,326,2026-09-03T19:12:12
tdma_packet_loss,1,10,0.3,10,2,0.05,13,0.642012,0.0,0.59612,2.1,True,21,1,202,25,444,3380,5670,630,0.704762,0.845846,0.59612,315,2026-09-03T19:12:11
tdma_packet_loss,1,10,0.3,10,2,0.05,14,0.542295,0.5,0.578762,5.1,True,51,1,5,58,107,823,1422,158,0.677215,0.854621,0.578762,79,2026-09-03T19:12:11
tdma_packet_loss,1,10,0.3,10,2,0.1,0,0.658532,0.6,0.589333,21.8,True,218,0,281,115,345,2652,4500,500,0.69,0.854106,0.589333,500,2026-09-03T19:12:12
tdma_packet_loss,1,10,0.3,10,2,0.1,1,0.486002,0.4,0.603556,50.0,False,500,0,0,500,350,2716,4500,500,0.7,0.862222,0.603556,500,2026-09-03T19:12:13
tdma_packet_loss,1,10,0.3,10,2,0.1,2,0.536364,0.2,0.573556,50.0,False,500,0,0,500,341,2581,4500,500,0.682,0.840991,0.573556,500,2026-09-03T19:12:12
tdma_packet_loss,1,10,0.3,10,2,0.1,3,0.49928,0.3,0.581111,50.0,False,500,0,0,322,342,2615,4500,500,0.684,0.849578,0.581111,500,2026-09-03T19:12:13
tdma_packet_loss,1,10,0.3,10,2,0.1,4,0.389477,0.4,0.565333,50.0,False,500,0,0,159,334,2544,4500,500,0.668,0.846307,0.565333,500,2026-09-03T19:12:12
tdma_packet_loss,1,10,0.3,10,2,0.1,5,0.440697,0.3,0.620889,39.1,True,391,0,108,106,362,2794,4500,500,0.724,0.857581,0.620889,500,2026-09-03T19:12:13
tdma_packet_loss,1,10,0.3,10,2,0.1,6,0.610274,0.1,0.681287,13.2,True,132,1,0,58,120,932,1368,152,0.789474,0.862963,0.681287,152,2026-09-03T19:12:11
tdma_packet_loss,1,10,0.3,10,2,0.1,7,0.48524,0.3,0.57,50.0,False,500,0,0,423,335,2565,4500,500,0.67,0.850746,0.57,500,2026-09-03T19:12:13
tdma_packet_loss,1,10,0.3,10,2,0.1,8,0.397751,0.5,0.609111,30.7,True,307,0,188,209,357,2741,4500,500,0.714,0.853097,0.609111,500,2026-09-03T19:12:13
tdma_packet_loss,1,10,0.3,10,2,0.1,9,0.438618,0.3,0.614889,24.0,True,240,0,258,247,361,2767,4500,500,0.722,0.851647,0.614889,500,2026-09-03T19:12:13
tdma_packet_loss,1,10,0.3,10,2,0.1,10,0.307786,0.3,0.591111,25.0,True,250,0,238,254,344,2660,4500,500,0.688,0.859173,0.591111,500,2026-09-03T19:12:13
tdma_packet_loss,1,10,0.3,10,2,0.1,11,0.542425,0.3,0.604667,18.8,True,188,0,299,138,352,2721,4500,500,0.704,0.858902,0.604667,500,2026-09-03T19:12:14
tdma_packet_loss,1,10,0.3,10,2,0.1,12,0.319136,0.2,0.580889,50.0,False,500,0,0,500,340,2614,4500,500,0.68,0.854248,0.580889,500,2026-09-03T19:12:13
tdma_packet_loss,1,10,0.3,10,2,0.1,13,0.524718,0.1,0.597333,50.0,False,500,0,0,500,353,2688,4500,500,0.706,0.846081,0.597333,500,2026-09-03T19:12:14
tdma_packet_loss,1,10,0.3,10,2,0.1,14,0.389062,0.7,0.575556,50.0,False,500,0,0,500,337,2590,4500,500,0.674,0.85394,0.575556,500,2026-09-03T19:12:13
tdma_packet_loss,1,10,0.3,10,5,0.025,0,0.641172,0.4,0.607778,2.6,True,26,1,18,32,213,1641,2700,300,0.71,0.856025,0.607778,75,2026-09-03T19:12:13
tdma_packet_loss,1,10,0.3,10,5,0.025,1,0.670748,0.4,0.600397,3.4,True,34,1,8,37,195,1513,2520,280,0.696429,0.862108,0.600397,70,2026-09-03T19:12:13
tdma_packet_loss,1,10,0.3,10,5,0.025,2,0.594192,0.6,0.586325,3.1,True,31,1,2,28,181,1372,2340,260,0.696154,0.842234,0.586325,65,2026-09-03T19:12:13
tdma_packet_loss,1,10,0.3,10,5,0.025,3,0.648117,0.3,0.592978,2.5,True,25,1,14,24,202,1537,2592,288,0.701389,0.845435,0.592978,72,2026-09-03T19:12:13
tdma_packet_loss,1,10,0.3,10,5,0.025,4,0.69834,0.4,0.57704,2.1,True,21,1,20,35,349,2659,4608,512,0.681641,0.846546,0.57704,128,2026-09-03T19:12:13
tdma_packet_loss,1,10,0.3,10,5,0.025,5,0.771105,0.4,0.618341,2.0,True,20,1,13,15,210,1625,2628,292,0.719178,0.859788,0.618341,73,2026-09-03T19:12:13
tdma_packet_loss,1,10,0.3,10,5,0.025,6,0.697131,0.5,0.63933,3.2,True,32,1,19,34,376,2900,4536,504,0.746032,0.856974,0.63933,126,2026-09-03T19:12:13
tdma_packet_loss,1,10,0.3,10,5,0.025,7,0.482641,0.3,0.546894,3.3,True,33,1,23,40,241,1831,3348,372,0.647849,0.844168,0.546894,93,2026-09-03T19:12:13
tdma_packet_loss,1,10,0.3,10,5,0.025,8,0.690953,0.5,0.637302,2.4,True,24,1,11,26,209,1606,2520,280,0.746429,0.853801,0.637302,70,2026-09-03T19:12:13
tdma_packet_loss,1,10,0.3,10,5,0.025,9,0.604424,0.5,0.603276,1.9,True,19,1,0,22,112,847,1404,156,0.717949,0.840278,0.603276,39,2026-09-03T19:12:13
tdma_packet_loss,1,10,0.3,10,5,0.025,10,0.71416,0.4,0.589793,1.3,True,13,1,50,31,355,2739,4644,516,0.687984,0.857277,0.589793,129,2026-09-03T19:12:13
tdma_packet_loss,1,10,0.3,10,5,0.025,11,0.485083,0.6,0.656504,1.5,True,15,1,5,23,127,969,1476,164,0.77439,0.847769,0.656504,41,2026-09-03T19:12:13
tdma_packet_loss,1,10,0.3,10,5,0.025,12,0.603741,0.4,0.574515,3.2,True,32,1,1,35,169,1303,2268,252,0.670635,0.856673,0.574515,63,2026-09-03T19:12:13
tdma_packet_loss,1,10,0.3,10,5,0.025,13,0.672225,0.4,0.617178,2.6,True,26,1,10,32,253,1933,3132,348,0.727011,0.848924,0.617178,87,2026-09-03T19:12:13
tdma_packet_loss,1,10,0.3,10,5,0.025,14,0.69565,0.5,0.564444,1.8,True,18,1,12,26,266,2032,3600,400,0.665,0.848789,0.564444,100,2026-09-03T19:12:14
tdma_packet_loss,1,10,0.3,10,5,0.05,0,0.639217,0.2,0.601222,5.8,True,58,0,271,31,710,5411,9000,1000,0.71,0.846792,0.601222,500,2026-09-03T19:12:14
tdma_packet_loss,1,10,0.3,10,5,0.05,1,0.701948,0.0,0.584795,3.8,True,38,1,211,41,464,3600,6156,684,0.678363,0.862069,0.584795,342,2026-09-03T19:12:15
tdma_packet_loss,1,10,0.3,10,5,0.05,2,0.736469,0.1,0.576682,5.0,True,50,1,246,45,581,4422,7668,852,0.681925,0.845668,0.576682,426,2026-09-03T19:12:14
tdma_packet_loss,1,10,0.3,10,5,0.05,3,0.627253,0.1,0.582485,8.7,True,87,1,84,91,360,2747,4716,524,0.687023,0.84784,0.582485,262,2026-09-03T19:12:15
tdma_packet_loss,1,10,0.3,10,5,0.05,4,0.7093,0.0,0.569304,4.3,True,43,1,88,27,268,2029,3564,396,0.676768,0.841211,0.569304,198,2026-09-03T19:12:14
tdma_packet_loss,1,10,0.3,10,5,0.05,5,0.790294,0.0,0.633674,6.5,True,65,1,89,32,386,2977,4698,522,0.739464,0.856937,0.633674,261,2026-09-03T19:12:14
tdma_packet_loss,1,10,0.3,10,5,0.05,6,0.629451,0.4,0.675824,3.3,True,33,1,35,32,142,1107,1638,182,0.78022,0.866197,0.675824,91,2026-09-03T19:12:14
tdma_packet_loss,1,10,0.3,10,5,0.05,7,0.671456,0.1,0.532828,7.6,True,76,1,41,57,195,1477,2772,308,0.633117,0.841595,0.532828,154,2026-09-03T19:12:14
tdma_packet_loss,1,10,0.3,10,5,0.05,8,0.70218,0.1,0.583556,5.3,True,53,0,351,80,685,5252,9000,1000,0.685,0.851906,0.583556,500,2026-09-03T19:12:14
tdma_packet_loss,1,10,0.3,10,5,0.05,9,0.740079,0.2,0.617618,5.9,True,59,1,19,64,163,1234,1998,222,0.734234,0.841172,0.617618,111,2026-09-03T19:12:15
tdma_packet_loss,1,10,0.3,10,5,0.05,10,0.622705,0.3,0.583761,4.5,True,45,1,0,46,91,683,1170,130,0.7,0.833944,0.583761,65,2026-09-03T19:12:14
tdma_packet_loss,1,10,0.3,10,5,0.05,11,0.605584,0.4,0.658586,4.7,True,47,1,35,83,169,1304,1980,220,0.768182,0.857331,0.658586,110,2026-09-03T19:12:14
tdma_packet_loss,1,10,0.3,10,5,0.05,12,0.647438,0.0,0.598736,11.1,True,111,1,149,124,582,4451,7434,826,0.7046,0.849752,0.598736,413,2026-09-03T19:12:14
tdma_packet_loss,1,10,0.3,10,5,0.05,13,0.807133,0.1,0.605788,4.5,True,45,1,187,47,478,3642,6012,668,0.715569,0.846583,0.605788,334,2026-09-03T19:12:15
tdma_packet_loss,1,10,0.3,10,5,0.05,14,0.563659,0.0,0.584333,4.6,True,46,0,312,45,687,5259,9000,1000,0.687,0.850558,0.584333,500,2026-09-03T19:12:15
tdma_packet_loss,1,10,0.3,10,5,0.1,0,0.324898,0.3,0.594667,10.6,True,106,0,391,497,348,2676,4500,500,0.696,0.854406,0.594667,500,2026-09-03T19:12:16
tdma_packet_loss,1,10,0.3,10,5,0.1,1,0.320057,0.4,0.598,14.8,True,148,0,340,147,347,2691,4500,500,0.694,0.861671,0.598,500,2026-09-03T19:12:15
tdma_packet_loss,1,10,0.3,10,5,0.1,2,0.390972,0.3,0.568889,25.9,True,259,0,235,500,338,2560,4500,500,0.676,0.841552,0.568889,500,2026-09-03T19:12:16
tdma_packet_loss,1,10,0.3,10,5,0.1,3,0.50376,0.3,0.589111,39.4,True,394,0,104,111,347,2651,4500,500,0.694,0.848863,0.589111,500,2026-09-03T19:12:15
tdma_packet_loss,1,10,0.3,10,5,0.1,4,0.534511,0.3,0.572667,50.0,False,500,0,0,500,339,2577,4500,500,0.678,0.844641,0.572667,500,2026-09-03T19:12:16
tdma_packet_loss,1,10,0.3,10,5,0.1,5,0.381432,0.3,0.630889,16.8,True,168,0,329,500,368,2839,4500,500,0.736,0.857186,0.630889,500,2026-09-03T19:12:15
tdma_packet_loss,1,10,0.3,10,5,0.1,6,0.44603,0.2,0.641556,14.5,True,145,0,341,57,374,2887,4500,500,0.748,0.857695,0.641556,500,2026-09-03T19:12:16
tdma_packet_loss,1,10,0.3,10,5,0.1,7,0.400091,0.4,0.562444,35.0,True,350,0,147,500,331,2531,4500,500,0.662,0.849614,0.562444,500,2026-09-03T19:12:16
tdma_packet_loss,1,10,0.3,10,5,0.1,8,0.410552,0.5,0.615111,30.1,True,301,0,196,118,361,2768,4500,500,0.722,0.851954,0.615111,500,2026-09-03T19:12:16
tdma_packet_loss,1,10,0.3,10,5,0.1,9,0.491544,0.3,0.608222,50.0,False,500,0,0,183,357,2737,4500,500,0.714,0.851852,0.608222,500,2026-09-03T19:12:15
tdma_packet_loss,1,10,0.3,10,5,0.1,10,0.405174,0.4,0.584667,50.0,False,500,0,0,500,341,2631,4500,500,0.682,0.857283,0.584667,500,2026-09-03T19:12:16
tdma_packet_loss,1,10,0.3,10,5,0.1,11,0.512969,0.3,0.603333,49.3,True,493,0,6,169,351,2715,4500,500,0.702,0.859449,0.603333,500,2026-09-03T19:12:16
tdma_packet_loss,1,10,0.3,10,5,0.1,12,0.321134,0.7,0.588,43.3,True,433,0,65,278,345,2646,4500,500,0.69,0.852174,0.588,500,2026-09-03T19:12:16
tdma_packet_loss,1,10,0.3,10,5,0.1,13,0.394129,0.1,0.606889,49.4,True,494,0,2,298,358,2731,4500,500,0.716,0.84761,0.606889,500,2026-09-03T19:12:16
tdma_packet_loss,1,10,0.3,10,5,0.1,14,0.299883,0.2,0.572444,42.1,True,421,0,77,191,335,2576,4500,500,0.67,0.854395,0.572444,500,2026-09-03T19:12:17
tdma_packet_loss,1,30,0.0,3,0,0.025,0,0.679009,1.0,1.0,0.8,True,8,1,9,16,168,4872,4872,168,1.0,1.0,1.0,42,2026-09-03T19:12:16
tdma_packet_loss,1,30,0.0,3,0,0.025,1,0.616374,1.0,1.0,1.0,True,10,1,5,16,148,4292,4292,148,1.0,1.0,1.0,37,2026-09-03T19:12:16
tdma_packet_loss,1,30,0.0,3,0,0.025,2,0.536472,1.0,1.0,1.3,True,13,1,4,22,152,4408,4408,152,1.0,1.0,1.0,38,2026-09-03T19:12:16
tdma_packet_loss,1,30,0.0,3,0,0.025,3,0.695187,1.0,1.0,1.1,True,11,1,21,20,248,7192,7192,248,1.0,1.0,1.0,62,2026-09-03T19:12:16
tdma_packet_loss,1,30,0.0,3,0,0.025,4,0.603534,1.0,1.0,0.6,True,6,1,12,10,180,5220,5220,180,1.0,1.0,1.0,45,2026-09-03T19:12:16
tdma_packet_loss,1,30,0.0,3,0,0.025,5,0.725294,0.666667,1.0,2.4,True,24,1,9,21,216,6264,6264,216,1.0,1.0,1.0,54,2026-09-03T19:12:16
tdma_packet_loss,1,30,0.0,3,0,0.025,6,0.594381,0.666667,1.0,0.6,True,6,1,6,15,144,4176,4176,144,1.0,1.0,1.0,36,2026-09-03T19:12:16
tdma_packet_loss,1,30,0.0,3,0,0.025,7,0.73602,1.0,1.0,1.7,True,17,1,9,12,264,7656,7656,264,1.0,1.0,1.0,66,2026-09-03T19:12:16
tdma_packet_loss,1,30,0.0,3,0,0.025,8,0.594432,0.666667,1.0,0.7,True,7,1,10,24,160,4640,4640,160,1.0,1.0,1.0,40,2026-09-03T19:12:16
tdma_packet_loss,1,30,0.0,3,0,0.025,9,0.684863,0.333333,1.0,2.2,True,22,1,5,11,216,6264,6264,216,1.0,1.0,1.0,54,2026-09-03T19:12:16
tdma_packet_loss,1,30,0.0,3,0,0.025,10,0.709517,1.0,1.0,0.9,True,9,1,9,20,212,6148,6148,212,1.0,1.0,1.0,53,2026-09-03T19:12:16
tdma_packet_loss,1,30,0.0,3,0,0.025,11,0.699855,1.0,1.0,1.4,True,14,1,1,11,192,5568,5568,192,1.0,1.0,1.0,48,2026-09-03T19:12:17
tdma_packet_loss,1,30,0.0,3,0,0.025,12,0.628981,1.0,1.0,0.7,True,7,1,2,14,128,3712,3712,128,1.0,1.0,1.0,32,2026-09-03T19:12:16
tdma_packet_loss,1,30,0.0,3,0,0.025,13,0.656033,0.666667,1.0,0.7,True,7,1,3,19,140,4060,4060,140,1.0,1.0,1.0,35,2026-09-03T19:12:16
tdma_packet_loss,1,30,0.0,3,0,0.025,14,0.64965,1.0,1.0,1.7,True,17,1,1,21,200,5800,5800,200,1.0,1.0,1.0,50,2026-09-03T19:12:17
tdma_packet_loss,1,30,0.0,3,0,0.05,0,0.744123,1.0,1.0,3.1,True,31,1,5,12,134,3886,3886,134,1.0,1.0,1.0,67,2026-09-03T19:12:17
tdma_packet_loss,1,30,0.0,3,0,0.05,1,0.701483,1.0,1.0,3.1,True,31,1,0,23,102,2958,2958,102,1.0,1.0,1.0,51,2026-09-03T19:12:17
tdma_packet_loss,1,30,0.0,3,0,0.05,2,0.59177,1.0,1.0,2.2,True,22,1,8,16,106,3074,3074,106,1.0,1.0,1.0,53,2026-09-03T19:12:17
tdma_packet_loss,1,30,0.0,3,0,0.05,3,0.671599,1.0,1.0,4.3,True,43,1,0,25,126,3654,3654,126,1.0,1.0,1.0,63,2026-09-03T19:12:17
tdma_packet_loss,1,30,0.0,3,0,0.05,4,0.71952,1.0,1.0,1.5,True,15,1,21,24,150,4350,4350,150,1.0,1.0,1.0,75,2026-09-03T19:12:17
tdma_packet_loss,1,30,0.0,3,0,0.05,5,0.725225,1.0,1.0,4.5,True,45,1,0,27,130,3770,3770,130,1.0,1.0,1.0,65,2026-09-03T19:12:17
tdma_packet_loss,1,30,0.0,3,0,0.05,6,0.629094,1.0,1.0,3.4,True,34,1,0,11,108,3132,3132,108,1.0,1.0,1.0,54,2026-09-03T19:12:17
tdma_packet_loss,1,30,0.0,3,0,0.05,7,0.623436,1.0,1.0,1.9,True,19,1,0,12,78,2262,2262,78,1.0,1.0,1.0,39,2026-09-03T19:12:17
tdma_packet_loss,1,30,0.0,3,0,0.05,8,0.631913,1.0,1.0,3.2,True,32,1,0,30,104,3016,3016,104,1.0,1.0,1.0,52,2026-09-03T19:12:17
tdma_packet_loss,1,30,0.0,3,0,0.05,9,0.738118,0.666667,1.0,2.7,True,27,1,15,32,154,4466,4466,154,1.0,1.0,1.0,77,2026-09-03T19:12:17
tdma_packet_loss,1,30,0.0,3,0,0.05,10,0.707369,1.0,1.0,1.8,True,18,1,9,21,102,2958,2958,102,1.0,1.0,1.0,51,2026-09-03T19:12:17
tdma_packet_loss,1,30,0.0,3,0,0.05,11,0.716812,1.0,1.0,4.2,True,42,1,0,33,124,3596,3596,124,1.0,1.0,1.0,62,2026-09-03T19:12:17
tdma_packet_loss,1,30,0.0,3,0,0.05,12,0.571705,1.0,1.0,1.5,True,15,1,0,19,70,2030,2030,70,1.0,1.0,1.0,35,2026-09-03T19:12:17
tdma_packet_loss,1,30,0.0,3,0,0.05,13,0.727229,1.0,1.0,2.1,True,21,1,4,10,112,3248,3248,112,1.0,1.0,1.0,56,2026-09-03T19:12:17
tdma_packet_loss,1,30,0.0,3,0,0.05,14,0.664872,1.0,1.0,2.9,True,29,1,0,23,98,2842,2842,98,1.0,1.0,1.0,49,2026-09-03T19:12:17
tdma_packet_loss,1,30,0.0,3,0,0.1,0,0.657954,0.0,1.0,3.6,True,36,0,366,40,500,14500,14500,500,1.0,1.0,1.0,500,2026-09-03T19:12:19
tdma_packet_loss,1,30,0.0,3,0,0.1,1,0.623595,0.333333,1.0,6.6,True,66,0,337,40,500,14500,14500,500,1.0,1.0,1.0,500,2026-09-03T19:12:21
tdma_packet_loss,1,30,0.0,3,0,0.1,2,0.644704,0.666667,1.0,4.2,True,42,0,380,35,500,14500,14500,500,1.0,1.0,1.0,500,2026-09-03T19:12:19
tdma_packet_loss,1,30,0.0,3,0,0.1,3,0.573386,0.666667,1.0,3.4,True,34,0,431,40,500,14500,14500,500,1.0,1.0,1.0,500,2026-09-03T19:12:21
tdma_packet_loss,1,30,0.0,3,0,0.1,4,0.635214,0.0,1.0,1.2,True,12,0,382,11,500,14500,14500,500,1.0,1.0,1.0,500,2026-09-03T19:12:19
tdma_packet_loss,1,30,0.0,3,0,0.1,5,0.698868,0.333333,1.0,8.0,True,80,0,385,48,500,14500,14500,500,1.0,1.0,1.0,500,2026-09-03T19:12:21
tdma_packet_loss,1,30,0.0,3,0,0.1,6,0.623805,0.333333,1.0,2.6,True,26,0,412,19,500,14500,14500,500,1.0,1.0,1.0,500,2026-09-03T19:12:19
tdma_packet_loss,1,30,0.0,3,0,0.1,7,0.654389,0.333333,1.0,4.2,True,42,0,387,23,500,14500,14500,500,1.0,1.0,1.0,500,2026-09-03T19:12:21
tdma_packet_loss,1,30,0.0,3,0,0.1,8,0.57781,0.666667,1.0,9.6,True,96,0,353,82,500,14500,14500,500,1.0,1.0,1.0,500,2026-09-03T19:12:19
tdma_packet_loss,1,30,0.0,3,0,0.1,9,0.617594,0.666667,1.0,6.5,True,65,0,373,76,500,14500,14500,500,1.0,1.0,1.0,500,2026-09-03T19:12:21
tdma_packet_loss,1,30,0.0,3,0,0.1,10,0.622891,0.333333,1.0,9.5,True,95,0,327,14,500,14500,14500,500,1.0,1.0,1.0,500,2026-09-03T19:12:19
tdma_packet_loss,1,30,0.0,3,0,0.1,11,0.666812,0.666667,1.0,5.6,True,56,0,343,33,500,14500,14500,500,1.0,1.0,1.0,500,2026-09-03T19:12:21
tdma_packet_loss,1,30,0.0,3,0,0.1,12,0.673751,0.0,1.0,2.4,True,24,0,428,30,500,14500,14500,500,1.0,1.0,1.0,500,2026-09-03T19:12:19
tdma_packet_loss,1,30,0.0,3,0,0.1,13,0.661228,0.666667,1.0,15.1,True,151,0,316,11,500,14500,14500,500,1.0,1.0,1.0,500,2026-09-03T19:12:21
tdma_packet_loss,1,30,0.0,3,0,0.1,14,0.53724,1.0,1.0,5.0,True,50,0,391,43,500,14500,14500,500,1.0,1.0,1.0,500,2026-09-03T19:12:19
tdma_packet_loss,1,30,0.0,3,2,0.025,0,0.716417,1.0,1.0,0.8,True,8,1,17,16,260,7540,7540,260,1.0,1.0,1.0,65,2026-09-03T19:12:20
tdma_packet_loss,1,30,0.0,3,2,0.025,1,0.750362,0.666667,1.0,1.0,True,10,1,15,16,320,9280,9280,320,1.0,1.0,1.0,80,2026-09-03T19:12:20
tdma_packet_loss,1,30,0.0,3,2,0.025,2,0.538133,1.0,1.0,1.3,True,13,1,5,23,156,4524,4524,156,1.0,1.0,1.0,39,2026-09-03T19:12:20
tdma_packet_loss,1,30,0.0,3,2,0.025,3,0.702196,1.0,1.0,1.1,True,11,1,25,27,248,7192,7192,248,1.0,1.0,1.0,62,2026-09-03T19:12:21
tdma_packet_loss,1,30,0.0,3,2,0.025,4,0.636795,1.0,1.0,0.6,True,6,1,11,10,176,5104,5104,176,1.0,1.0,1.0,44,2026-09-03T19:12:21
tdma_packet_loss,1,30,0.0,3,2,0.025,5,0.701868,0.666667,1.0,2.4,True,24,1,5,21,204,5916,5916,204,1.0,1.0,1.0,51,2026-09-03T19:12:21
tdma_packet_loss,1,30,0.0,3,2,0.025,6,0.655651,0.666667,1.0,0.6,True,6,1,10,15,168,4872,4872,168,1.0,1.0,1.0,42,2026-09-03T19:12:21
tdma_packet_loss,1,30,0.0,3,2,0.025,7,0.736166,1.0,1.0,1.7,True,17,1,7,12,256,7424,7424,256,1.0,1.0,1.0,64,2026-09-03T19:12:21
tdma_packet_loss,1,30,0.0,3,2,0.025,8,0.638501,0.666667,1.0,2.0,True,20,1,0,18,160,4640,4640,160,1.0,1.0,1.0,40,2026-09-03T19:12:21
tdma_packet_loss,1,30,0.0,3,2,0.025,9,0.677856,0.333333,1.0,2.2,True,22,1,5,11,216,6264,6264,216,1.0,1.0,1.0,54,2026-09-03T19:12:21
tdma_packet_loss,1,30,0.0,3,2,0.025,10,0.769871,0.666667,1.0,0.9,True,9,1,13,22,264,7656,7656,264,1.0,1.0,1.0,66,2026-09-03T19:12:22
tdma_packet_loss,1,30,0.0,3,2,0.025,11,0.69533,1.0,1.0,1.4,True,14,1,10,11,196,5684,5684,196,1.0,1.0,1.0,49,2026-09-03T19:12:21
tdma_packet_loss,1,30,0.0,3,2,0.025,12,0.616037,0.666667,1.0,0.7,True,7,1,0,11,108,3132,3132,108,1.0,1.0,1.0,27,2026-09-03T19:12:22
tdma_packet_loss,1,30,0.0,3,2,0.025,13,0.65074,0.666667,1.0,0.7,True,7,1,1,14,120,3480,3480,120,1.0,1.0,1.0,30,2026-09-03T19:12:21
tdma_packet_loss,1,30,0.0,3,2,0.025,14,0.693853,1.0,1.0,1.7,True,17,1,10,21,252,7308,7308,252,1.0,1.0,1.0,63,2026-09-03T19:12:22
tdma_packet_loss,1,30,0.0,3,2,0.05,0,0.693061,1.0,1.0,3.1,True,31,1,0,12,102,2958,2958,102,1.0,1.0,1.0,51,2026-09-03T19:12:21
tdma_packet_loss,1,30,0.0,3,2,0.05,1,0.711755,1.0,1.0,3.1,True,31,1,0,28,102,2958,2958,102,1.0,1.0,1.0,51,2026-09-03T19:12:22
tdma_packet_loss,1,30,0.0,3,2,0.05,2,0.58878,1.0,1.0,2.3,True,23,1,7,18,106,3074,3074,106,1.0,1.0,1.0,53,2026-09-03T19:12:21
tdma_packet_loss,1,30,0.0,3,2,0.05,3,0.728556,1.0,1.0,4.3,True,43,1,1,29,150,4350,4350,150,1.0,1.0,1.0,75,2026-09-03T19:12:22
tdma_packet_loss,1,30,0.0,3,2,0.05,4,0.742627,1.0,1.0,1.5,True,15,1,28,24,156,4524,4524,156,1.0,1.0,1.0,78,2026-09-03T19:12:22
tdma_packet_loss,1,30,0.0,3,2,0.05,5,0.684447,1.0,1.0,3.4,True,34,1,0,31,108,3132,3132,108,1.0,1.0,1.0,54,2026-09-03T19:12:22
tdma_packet_loss,1,30,0.0,3,2,0.05,6,0.655285,1.0,1.0,3.6,True,36,1,0,11,112,3248,3248,112,1.0,1.0,1.0,56,2026-09-03T19:12:22
tdma_packet_loss,1,30,0.0,3,2,0.05,7,0.725992,0.666667,1.0,2.1,True,21,1,15,12,116,3364,3364,116,1.0,1.0,1.0,58,2026-09-03T19:12:22
tdma_packet_loss,1,30,0.0,3,2,0.05,8,0.682624,0.666667,1.0,3.2,True,32,1,0,24,104,3016,3016,104,1.0,1.0,1.0,52,2026-09-03T19:12:22
tdma_packet_loss,1,30,0.0,3,2,0.05,9,0.717088,1.0,1.0,2.7,True,27,1,21,32,138,4002,4002,138,1.0,1.0,1.0,69,2026-09-03T19:12:22
tdma_packet_loss,1,30,0.0,3,2,0.05,10,0.665472,1.0,1.0,1.8,True,18,1,0,15,76,2204,2204,76,1.0,1.0,1.0,38,2026-09-03T19:12:22
tdma_packet_loss,1,30,0.0,3,2,0.05,11,0.624644,1.0,1.0,2.8,True,28,1,0,25,96,2784,2784,96,1.0,1.0,1.0,48,2026-09-03T19:12:22
tdma_packet_loss,1,30,0.0,3,2,0.05,12,0.682886,0.666667,1.0,1.5,True,15,1,4,19,100,2900,2900,100,1.0,1.0,1.0,50,2026-09-03T19:12:22
tdma_packet_loss,1,30,0.0,3,2,0.05,13,0.752798,0.666667,1.0,2.1,True,21,1,2,10,112,3248,3248,112,1.0,1.0,1.0,56,2026-09-03T19:12:22
tdma_packet_loss,1,30,0.0,3,2,0.05,14,0.759278,1.0,1.0,2.9,True,29,1,2,23,138,4002,4002,138,1.0,1.0,1.0,69,2026-09-03T19:12:22
tdma_packet_loss,1,30,0.0,3,2,0.1,0,0.660301,0.666667,1.0,4.2,True,42,0,392,39,500,14500,14500,500,1.0,1.0,1.0,500,2026-09-03T19:12:24
tdma_packet_loss,1,30,0.0,3,2,0.1,1,0.549849,0.333333,1.0,7.7,True,77,0,341,23,500,14500,14500,500,1.0,1.0,1.0,500,2026-09-03T19:12:24
tdma_packet_loss,1,30,0.0,3,2,0.1,2,0.641624,0.0,1.0,1.9,True,19,0,392,23,500,14500,14500,500,1.0,1.0,1.0,500,2026-09-03T19:12:26
tdma_packet_loss,1,30,0.0,3,2,0.1,3,0.648763,0.333333,1.0,3.7,True,37,0,412,41,500,14500,14500,500,1.0,1.0,1.0,500,2026-09-03T19:12:24
tdma_packet_loss,1,30,0.0,3,2,0.1,4,0.572349,0.333333,1.0,1.2,True,12,0,359,11,500,14500,14500,500,1.0,1.0,1.0,500,2026-09-03T19:12:26
tdma_packet_loss,1,30,0.0,3,2,0.1,5,0.685075,0.0,1.0,6.3,True,63,0,360,44,500,14500,14500,500,1.0,1.0,1.0,500,2026-09-03T19:12:24
tdma_packet_loss,1,30,0.0,3,2,0.1,6,0.636621,0.666667,1.0,3.3,True,33,0,409,44,500,14500,14500,500,1.0,1.0,1.0,500,2026-09-03T19:12:26
tdma_packet_loss,1,30,0.0,3,2,0.1,7,0.560939,0.666667,1.0,4.1,True,41,0,406,20,500,14500,14500,500,1.0,1.0,1.0,500,2026-09-03T19:12:24
tdma_packet_loss,1,30,0.0,3,2,0.1,8,0.604726,0.333333,1.0,11.2,True,112,0,368,70,500,14500,14500,500,1.0,1.0,1.0,500,2026-09-03T19:12:26
tdma_packet_loss,1,30,0.0,3,2,0.1,9,0.600564,0.333333,1.0,6.5,True,65,0,363,34,500,14500,14500,500,1.0,1.0,1.0,500,2026-09-03T19:12:24
tdma_packet_loss,1,30,0.0,3,2,0.1,10,0.610818,0.333333,1.0,7.9,True,79,0,339,14,500,14500,14500,500,1.0,1.0,1.0,500,2026-09-03T19:12:26
tdma_packet_loss,1,30,0.0,3,2,0.1,11,0.644106,0.333333,1.0,7.3,True,73,0,354,33,500,14500,14500,500,1.0,1.0,1.0,500,2026-09-03T19:12:24
tdma_packet_loss,1,30,0.0,3,2,0.1,12,0.587628,0.333333,1.0,5.7,True,57,0,370,30,500,14500,14500,500,1.0,1.0,1.0,500,2026-09-03T19:12:27
tdma_packet_loss,1,30,0.0,3,2,0.1,13,0.623095,0.666667,1.0,5.4,True,54,0,378,11,500,14500,14500,500,1.0,1.0,1.0,500,2026-09-03T19:12:25
tdma_packet_loss,1,30,0.0,3,2,0.1,14,0.66998,0.333333,1.0,5.0,True,50,0,378,43,500,14500,14500,500,1.0,1.0,1.0,500,2026-09-03T19:12:27
tdma_packet_loss,1,30,0.0,3,5,0.025,0,0.7093,1.0,1.0,0.8,True,8,1,15,16,296,8584,8584,296,1.0,1.0,1.0,74,2026-09-03T19:12:25
tdma_packet_loss,1,30,0.0,3,5,0.025,1,0.639516,1.0,1.0,1.0,True,10,1,5,16,148,4292,4292,148,1.0,1.0,1.0,37,2026-09-03T19:12:25
tdma_packet_loss,1,30,0.0,3,5,0.025,2,0.517747,1.0,1.0,1.7,True,17,1,0,21,148,4292,4292,148,1.0,1.0,1.0,37,2026-09-03T19:12:25
tdma_packet_loss,1,30,0.0,3,5,0.025,3,0.677572,1.0,1.0,1.1,True,11,1,14,20,200,5800,5800,200,1.0,1.0,1.0,50,2026-09-03T19:12:25
tdma_packet_loss,1,30,0.0,3,5,0.025,4,0.719723,1.0,1.0,0.6,True,6,1,14,10,216,6264,6264,216,1.0,1.0,1.0,54,2026-09-03T19:12:26
tdma_packet_loss,1,30,0.0,3,5,0.025,5,0.725851,0.666667,1.0,2.4,True,24,1,9,21,224,6496,6496,224,1.0,1.0,1.0,56,2026-09-03T19:12:26
tdma_packet_loss,1,30,0.0,3,5,0.025,6,0.615368,0.666667,1.0,0.6,True,6,1,7,20,144,4176,4176,144,1.0,1.0,1.0,36,2026-09-03T19:12:26
tdma_packet_loss,1,30,0.0,3,5,0.025,7,0.70284,1.0,1.0,1.7,True,17,1,5,12,188,5452,5452,188,1.0,1.0,1.0,47,2026-09-03T19:12:27
tdma_packet_loss,1,30,0.0,3,5,0.025,8,0.697959,0.666667,1.0,2.0,True,20,1,4,24,216,6264,6264,216,1.0,1.0,1.0,54,2026-09-03T19:12:27
tdma_packet_loss,1,30,0.0,3,5,0.025,9,0.675046,0.333333,1.0,2.2,True,22,1,8,11,228,6612,6612,228,1.0,1.0,1.0,57,2026-09-03T19:12:27
tdma_packet_loss,1,30,0.0,3,5,0.025,10,0.745922,0.666667,1.0,0.9,True,9,1,13,22,264,7656,7656,264,1.0,1.0,1.0,66,2026-09-03T19:12:27
tdma_packet_loss,1,30,0.0,3,5,0.025,11,0.687884,1.0,1.0,1.4,True,14,1,8,11,196,5684,5684,196,1.0,1.0,1.0,49,2026-09-03T19:12:27
tdma_packet_loss,1,30,0.0,3,5,0.025,12,0.613137,0.666667,1.0,0.7,True,7,1,0,11,108,3132,3132,108,1.0,1.0,1.0,27,2026-09-03T19:12:27
tdma_packet_loss,1,30,0.0,3,5,0.025,13,0.658455,0.666667,1.0,0.7,True,7,1,1,14,120,3480,3480,120,1.0,1.0,1.0,30,2026-09-03T19:12:27
tdma_packet_loss,1,30,0.0,3,5,0.025,14,0.675044,1.0,1.0,1.7,True,17,1,10,21,224,6496,6496,224,1.0,1.0,1.0,56,2026-09-03T19:12:27
tdma_packet_loss,1,30,0.0,3,5,0.05,0,0.704064,1.0,1.0,2.3,True,23,1,11,12,122,3538,3538,122,1.0,1.0,1.0,61,2026-09-03T19:12:27
tdma_packet_loss,1,30,0.0,3,5,0.05,1,0.737484,1.0,1.0,4.5,True,45,1,0,28,130,3770,3770,130,1.0,1.0,1.0,65,2026-09-03T19:12:27
tdma_packet_loss,1,30,0.0,3,5,0.05,2,0.611838,1.0,1.0,2.3,True,23,1,7,19,106,3074,3074,106,1.0,1.0,1.0,53,2026-09-03T19:12:27
tdma_packet_loss,1,30,0.0,3,5,0.05,3,0.748408,1.0,1.0,3.5,True,35,1,22,27,180,5220,5220,180,1.0,1.0,1.0,90,2026-09-03T19:12:27
tdma_packet_loss,1,30,0.0,3,5,0.05,4,0.721936,1.0,1.0,1.5,True,15,1,25,24,170,4930,4930,170,1.0,1.0,1.0,85,2026-09-03T19:12:28
tdma_packet_loss,1,30,0.0,3,5,0.05,5,0.676826,1.0,1.0,3.5,True,35,1,0,26,110,3190,3190,110,1.0,1.0,1.0,55,2026-09-03T19:12:27
tdma_packet_loss,1,30,0.0,3,5,0.05,6,0.643723,0.666667,1.0,2.8,True,28,1,0,11,96,2784,2784,96,1.0,1.0,1.0,48,2026-09-03T19:12:27
tdma_packet_loss,1,30,0.0,3,5,0.05,7,0.73299,0.666667,1.0,2.1,True,21,1,15,12,116,3364,3364,116,1.0,1.0,1.0,58,2026-09-03T19:12:27
tdma_packet_loss,1,30,0.0,3,5,0.05,8,0.701375,0.666667,1.0,2.6,True,26,1,8,24,118,3422,3422,118,1.0,1.0,1.0,59,2026-09-03T19:12:27
tdma_packet_loss,1,30,0.0,3,5,0.05,9,0.717468,1.0,1.0,2.7,True,27,1,28,32,152,4408,4408,152,1.0,1.0,1.0,76,2026-09-03T19:12:27
tdma_packet_loss,1,30,0.0,3,5,0.05,10,0.663225,1.0,1.0,1.8,True,18,1,0,15,76,2204,2204,76,1.0,1.0,1.0,38,2026-09-03T19:12:27
tdma_packet_loss,1,30,0.0,3,5,0.05,11,0.651488,1.0,1.0,2.8,True,28,1,0,25,96,2784,2784,96,1.0,1.0,1.0,48,2026-09-03T19:12:27
tdma_packet_loss,1,30,0.0,3,5,0.05,12,0.698053,0.666667,1.0,1.5,True,15,1,7,19,100,2900,2900,100,1.0,1.0,1.0,50,2026-09-03T19:12:27
tdma_packet_loss,1,30,0.0,3,5,0.05,13,0.757381,0.666667,1.0,2.1,True,21,1,2,10,112,3248,3248,112,1.0,1.0,1.0,56,2026-09-03T19:12:27
tdma_packet_loss,1,30,0.0,3,5,0.05,14,0.736575,1.0,1.0,2.7,True,27,1,3,23,138,4002,4002,138,1.0,1.0,1.0,69,2026-09-03T19:12:28
tdma_packet_loss,1,30,0.0,3,5,0.1,0,0.691474,0.333333,1.0,6.2,True,62,0,372,61,500,14500,14500,500,1.0,1.0,1.0,500,2026-09-03T19:12:29
tdma_packet_loss,1,30,0.0,3,5,0.1,1,0.602258,0.333333,1.0,12.3,True,123,0,298,42,500,14500,14500,500,1.0,1.0,1.0,500,2026-09-03T19:12:32
tdma_packet_loss,1,30,0.0,3,5,0.1,2,0.697908,0.0,1.0,1.9,True,19,0,395,16,500,14500,14500,500,1.0,1.0,1.0,500,2026-09-03T19:12:30
tdma_packet_loss,1,30,0.0,3,5,0.1,3,0.719937,0.333333,1.0,6.0,True,60,0,386,18,500,14500,14500,500,1.0,1.0,1.0,500,2026-09-03T19:12:32
tdma_packet_loss,1,30,0.0,3,5,0.1,4,0.666424,0.333333,1.0,1.2,True,12,0,422,11,500,14500,14500,500,1.0,1.0,1.0,500,2026-09-03T19:12:30
tdma_packet_loss,1,30,0.0,3,5,0.1,5,0.723195,0.333333,1.0,6.8,True,68,0,397,46,500,14500,14500,500,1.0,1.0,1.0,500,2026-09-03T19:12:32
tdma_packet_loss,1,30,0.0,3,5,0.1,6,0.709447,0.666667,1.0,34.8,True,348,0,125,25,500,14500,14500,500,1.0,1.0,1.0,500,2026-09-03T19:12:30
tdma_packet_loss,1,30,0.0,3,5,0.1,7,0.656447,0.333333,1.0,4.1,True,41,0,411,20,500,14500,14500,500,1.0,1.0,1.0,500,2026-09-03T19:12:32
tdma_packet_loss,1,30,0.0,3,5,0.1,8,0.599226,0.333333,1.0,5.5,True,55,0,349,72,500,14500,14500,500,1.0,1.0,1.0,500,2026-09-03T19:12:30
tdma_packet_loss,1,30,0.0,3,5,0.1,9,0.664272,0.666667,1.0,6.9,True,69,0,389,54,500,14500,14500,500,1.0,1.0,1.0,500,2026-09-03T19:12:32
tdma_packet_loss,1,30,0.0,3,5,0.1,10,0.682273,0.333333,1.0,6.7,True,67,1,59,14,165,4785,4785,165,1.0,1.0,1.0,165,2026-09-03T19:12:28
tdma_packet_loss,1,30,0.0,3,5,0.1,11,0.650071,0.333333,1.0,4.3,True,43,0,368,31,500,14500,14500,500,1.0,1.0,1.0,500,2026-09-03T19:12:31
tdma_packet_loss,1,30,0.0,3,5,0.1,12,0.527173,0.0,1.0,9.2,True,92,0,340,30,500,14500,14500,500,1.0,1.0,1.0,500,2026-09-03T19:12:30
tdma_packet_loss,1,30,0.0,3,5,0.1,13,0.624227,0.333333,1.0,5.5,True,55,0,385,11,500,14500,14500,500,1.0,1.0,1.0,500,2026-09-03T19:12:32
tdma_packet_loss,1,30,0.0,3,5,0.1,14,0.64779,0.666667,1.0,5.0,True,50,0,393,29,500,14500,14500,500,1.0,1.0,1.0,500,2026-09-03T19:12:30
tdma_packet_loss,1,30,0.0,5,0,0.025,0,0.659307,1.0,1.0,2.5,True,25,1,0,29,180,5220,5220,180,1.0,1.0,1.0,45,2026-09-03T19:12:30
tdma_packet_loss,1,30,0.0,5,0,0.025,1,0.70129,0.8,1.0,2.6,True,26,1,9,29,252,7308,7308,252,1.0,1.0,1.0,63,2026-09-03T19:12:30
tdma_packet_loss,1,30,0.0,5,0,0.025,2,0.526587,1.0,1.0,1.2,True,12,1,6,17,168,4872,4872,168,1.0,1.0,1.0,42,2026-09-03T19:12:31
tdma_packet_loss,1,30,0.0,5,0,0.025,3,0.662526,0.8,1.0,2.3,True,23,1,5,34,200,5800,5800,200,1.0,1.0,1.0,50,2026-09-03T19:12:31
tdma_packet_loss,1,30,0.0,5,0,0.025,4,0.75061,0.8,1.0,0.9,True,9,1,21,24,284,8236,8236,284,1.0,1.0,1.0,71,2026-09-03T19:12:31
tdma_packet_loss,1,30,0.0,5,0,0.025,5,0.734435,0.6,1.0,2.0,True,20,1,13,28,280,8120,8120,280,1.0,1.0,1.0,70,2026-09-03T19:12:31
tdma_packet_loss,1,30,0.0,5,0,0.025,6,0.705532,0.6,1.0,1.9,True,19,1,11,29,308,8932,8932,308,1.0,1.0,1.0,77,2026-09-03T19:12:32
tdma_packet_loss,1,30,0.0,5,0,0.025,7,0.621618,0.6,1.0,2.5,True,25,1,0,29,180,5220,5220,180,1.0,1.0,1.0,45,2026-09-03T19:12:32
tdma_packet_loss,1,30,0.0,5,0,0.025,8,0.681126,0.8,1.0,1.5,True,15,1,10,21,188,5452,5452,188,1.0,1.0,1.0,47,2026-09-03T19:12:32
tdma_packet_loss,1,30,0.0,5,0,0.025,9,0.706155,0.4,1.0,2.2,True,22,1,14,23,412,11948,11948,412,1.0,1.0,1.0,103,2026-09-03T19:12:32
tdma_packet_loss,1,30,0.0,5,0,0.025,10,0.753524,0.6,1.0,2.3,True,23,1,21,20,332,9628,9628,332,1.0,1.0,1.0,83,2026-09-03T19:12:33
tdma_packet_loss,1,30,0.0,5,0,0.025,11,0.639227,0.8,1.0,2.1,True,21,1,0,19,164,4756,4756,164,1.0,1.0,1.0,41,2026-09-03T19:12:32
tdma_packet_loss,1,30,0.0,5,0,0.025,12,0.66248,0.8,1.0,1.4,True,14,1,2,18,192,5568,5568,192,1.0,1.0,1.0,48,2026-09-03T19:12:32
tdma_packet_loss,1,30,0.0,5,0,0.025,13,0.717358,0.6,1.0,0.8,True,8,1,26,21,236,6844,6844,236,1.0,1.0,1.0,59,2026-09-03T19:12:32
tdma_packet_loss,1,30,0.0,5,0,0.025,14,0.62022,0.8,1.0,2.3,True,23,1,0,21,172,4988,4988,172,1.0,1.0,1.0,43,2026-09-03T19:12:32
tdma_packet_loss,1,30,0.0,5,0,0.05,0,0.681456,0.8,1.0,3.9,True,39,1,0,35,118,3422,3422,118,1.0,1.0,1.0,59,2026-09-03T19:12:32
tdma_packet_loss,1,30,0.0,5,0,0.05,1,0.680085,1.0,1.0,4.2,True,42,1,0,41,124,3596,3596,124,1.0,1.0,1.0,62,2026-09-03T19:12:33
tdma_packet_loss,1,30,0.0,5,0,0.05,2,0.677077,1.0,1.0,3.3,True,33,1,10,31,154,4466,4466,154,1.0,1.0,1.0,77,2026-09-03T19:12:32
tdma_packet_loss,1,30,0.0,5,0,0.05,3,0.675073,1.0,1.0,5.1,True,51,1,0,28,142,4118,4118,142,1.0,1.0,1.0,71,2026-09-03T19:12:33
tdma_packet_loss,1,30,0.0,5,0,0.05,4,0.692583,1.0,1.0,2.9,True,29,1,8,33,144,4176,4176,144,1.0,1.0,1.0,72,2026-09-03T19:12:32
tdma_packet_loss,1,30,0.0,5,0,0.05,5,0.686558,1.0,1.0,3.5,True,35,1,17,32,166,4814,4814,166,1.0,1.0,1.0,83,2026-09-03T19:12:33
tdma_packet_loss,1,30,0.0,5,0,0.05,6,0.671069,1.0,1.0,3.9,True,39,1,0,32,118,3422,3422,118,1.0,1.0,1.0,59,2026-09-03T19:12:32
tdma_packet_loss,1,30,0.0,5,0,0.05,7,0.722852,0.8,1.0,2.1,True,21,1,27,28,172,4988,4988,172,1.0,1.0,1.0,86,2026-09-03T19:12:33
tdma_packet_loss,1,30,0.0,5,0,0.05,8,0.709718,1.0,1.0,4.6,True,46,1,0,27,132,3828,3828,132,1.0,1.0,1.0,66,2026-09-03T19:12:33
tdma_packet_loss,1,30,0.0,5,0,0.05,9,0.608267,0.8,1.0,2.5,True,25,1,0,29,90,2610,2610,90,1.0,1.0,1.0,45,2026-09-03T19:12:33
tdma_packet_loss,1,30,0.0,5,0,0.05,10,0.71144,0.8,1.0,3.4,True,34,1,32,62,178,5162,5162,178,1.0,1.0,1.0,89,2026-09-03T19:12:33
tdma_packet_loss,1,30,0.0,5,0,0.05,11,0.648171,1.0,1.0,2.8,True,28,1,0,23,96,2784,2784,96,1.0,1.0,1.0,48,2026-09-03T19:12:33
tdma_packet_loss,1,30,0.0,5,0,0.05,12,0.659044,0.8,1.0,3.0,True,30,1,0,19,100,2900,2900,100,1.0,1.0,1.0,50,2026-09-03T19:12:33
tdma_packet_loss,1,30,0.0,5,0,0.05,13,0.711166,1.0,1.0,1.8,True,18,1,24,24,136,3944,3944,136,1.0,1.0,1.0,68,2026-09-03T19:12:33
tdma_packet_loss,1,30,0.0,5,0,0.05,14,0.690679,1.0,1.0,2.6,True,26,1,12,32,120,3480,3480,120,1.0,1.0,1.0,60,2026-09-03T19:12:33
tdma_packet_loss,1,30,0.0,5,0,0.1,0,0.591132,0.4,1.0,13.1,True,131,0,361,45,500,14500,14500,500,1.0,1.0,1.0,500,2026-09-03T19:12:35
tdma_packet_loss,1,30,0.0,5,0,0.1,1,0.58442,0.4,1.0,11.9,True,119,0,358,23,500,14500,14500,500,1.0,1.0,1.0,500,2026-09-03T19:12:35
tdma_packet_loss,1,30,0.0,5,0,0.1,2,0.593686,0.2,1.0,7.8,True,78,0,413,34,500,14500,14500,500,1.0,1.0,1.0,500,2026-09-03T19:12:37
tdma_packet_loss,1,30,0.0,5,0,0.1,3,0.520561,0.2,1.0,25.3,True,253,0,213,78,500,14500,14500,500,1.0,1.0,1.0,500,2026-09-03T19:12:35
tdma_packet_loss,1,30,0.0,5,0,0.1,4,0.515604,0.4,1.0,6.8,True,68,0,417,153,500,14500,14500,500,1.0,1.0,1.0,500,2026-09-03T19:12:37
tdma_packet_loss,1,30,0.0,5,0,0.1,5,0.609761,0.2,1.0,12.7,True,127,0,340,69,500,14500,14500,500,1.0,1.0,1.0,500,2026-09-03T19:12:35
tdma_packet_loss,1,30,0.0,5,0,0.1,6,0.575963,0.4,1.0,5.0,True,50,0,444,44,500,14500,14500,500,1.0,1.0,1.0,500,2026-09-03T19:12:38
tdma_packet_loss,1,30,0.0,5,0,0.1,7,0.518706,0.2,1.0,16.6,True,166,0,294,164,500,14500,14500,500,1.0,1.0,1.0,500,2026-09-03T19:12:35
tdma_packet_loss,1,30,0.0,5,0,0.1,8,0.523694,0.2,1.0,14.2,True,142,0,354,37,500,14500,14500,500,1.0,1.0,1.0,500,2026-09-03T19:12:37
tdma_packet_loss,1,30,0.0,5,0,0.1,9,0.545882,0.6,1.0,6.5,True,65,0,407,46,500,14500,14500,500,1.0,1.0,1.0,500,2026-09-03T19:12:35
tdma_packet_loss,1,30,0.0,5,0,0.1,10,0.497239,0.2,1.0,20.8,True,208,0,284,121,500,14500,14500,500,1.0,1.0,1.0,500,2026-09-03T19:12:38
tdma_packet_loss,1,30,0.0,5,0,0.1,11,0.550199,0.2,1.0,9.0,True,90,0,402,84,500,14500,14500,500,1.0,1.0,1.0,500,2026-09-03T19:12:35
tdma_packet_loss,1,30,0.0,5,0,0.1,12,0.474067,0.2,1.0,13.6,True,136,0,345,110,500,14500,14500,500,1.0,1.0,1.0,500,2026-09-03T19:12:38
tdma_packet_loss,1,30,0.0,5,0,0.1,13,0.545133,0.4,1.0,12.2,True,122,0,363,62,500,14500,14500,500,1.0,1.0,1.0,500,2026-09-03T19:12:35
tdma_packet_loss,1,30,0.0,5,0,0.1,14,0.5616,0.2,1.0,9.7,True,97,0,316,161,500,14500,14500,500,1.0,1.0,1.0,500,2026-09-03T19:12:38
tdma_packet_loss,1,30,0.0,5,2,0.025,0,0.661818,1.0,1.0,3.1,True,31,1,0,29,204,5916,5916,204,1.0,1.0,1.0,51,2026-09-03T19:12:36
tdma_packet_loss,1,30,0.0,5,2,0.025,1,0.665597,1.0,1.0,2.6,True,26,1,2,23,216,6264,6264,216,1.0,1.0,1.0,54,2026-09-03T19:12:36
tdma_packet_loss,1,30,0.0,5,2,0.025,2,0.538098,1.0,1.0,1.2,True,12,1,6,17,168,4872,4872,168,1.0,1.0,1.0,42,2026-09-03T19:12:36
tdma_packet_loss,1,30,0.0,5,2,0.025,3,0.65435,0.6,1.0,1.9,True,19,1,3,29,180,5220,5220,180,1.0,1.0,1.0,45,2026-09-03T19:12:36
tdma_packet_loss,1,30,0.0,5,2,0.025,4,0.746236,0.8,1.0,0.9,True,9,1,25,17,312,9048,9048,312,1.0,1.0,1.0,78,2026-09-03T19:12:37
tdma_packet_loss,1,30,0.0,5,2,0.025,5,0.72919,0.8,1.0,2.1,True,21,1,11,28,264,7656,7656,264,1.0,1.0,1.0,66,2026-09-03T19:12:37
tdma_packet_loss,1,30,0.0,5,2,0.025,6,0.683993,0.8,1.0,1.9,True,19,1,10,29,224,6496,6496,224,1.0,1.0,1.0,56,2026-09-03T19:12:38
tdma_packet_loss,1,30,0.0,5,2,0.025,7,0.70088,0.6,1.0,2.4,True,24,1,13,28,296,8584,8584,296,1.0,1.0,1.0,74,2026-09-03T19:12:38
tdma_packet_loss,1,30,0.0,5,2,0.025,8,0.663094,0.8,1.0,1.5,True,15,1,6,21,172,4988,4988,172,1.0,1.0,1.0,43,2026-09-03T19:12:37
tdma_packet_loss,1,30,0.0,5,2,0.025,9,0.648223,0.8,1.0,2.2,True,22,1,3,25,232,6728,6728,232,1.0,1.0,1.0,58,2026-09-03T19:12:38
tdma_packet_loss,1,30,0.0,5,2,0.025,10,0.754022,0.8,1.0,2.3,True,23,1,19,20,332,9628,9628,332,1.0,1.0,1.0,83,2026-09-03T19:12:38
tdma_packet_loss,1,30,0.0,5,2,0.025,11,0.676847,0.8,1.0,2.1,True,21,1,0,19,164,4756,4756,164,1.0,1.0,1.0,41,2026-09-03T19:12:38
tdma_packet_loss,1,30,0.0,5,2,0.025,12,0.682617,0.8,1.0,1.4,True,14,1,2,18,192,5568,5568,192,1.0,1.0,1.0,48,2026-09-03T19:12:38
tdma_packet_loss,1,30,0.0,5,2,0.025,13,0.68171,0.6,1.0,0.8,True,8,1,20,21,200,5800,5800,200,1.0,1.0,1.0,50,2026-09-03T19:12:38
tdma_packet_loss,1,30,0.0,5,2,0.025,14,0.689794,0.8,1.0,2.3,True,23,1,6,21,224,6496,6496,224,1.0,1.0,1.0,56,2026-09-03T19:12:38
tdma_packet_loss,1,30,0.0,5,2,0.05,0,0.742903,0.6,1.0,3.9,True,39,1,18,28,166,4814,4814,166,1.0,1.0,1.0,83,2026-09-03T19:12:38
tdma_packet_loss,1,30,0.0,5,2,0.05,1,0.682806,1.0,1.0,4.2,True,42,1,0,38,124,3596,3596,124,1.0,1.0,1.0,62,2026-09-03T19:12:38
tdma_packet_loss,1,30,0.0,5,2,0.05,2,0.666944,1.0,1.0,3.3,True,33,1,5,31,132,3828,3828,132,1.0,1.0,1.0,66,2026-09-03T19:12:38
tdma_packet_loss,1,30,0.0,5,2,0.05,3,0.683927,0.8,1.0,5.1,True,51,1,0,28,142,4118,4118,142,1.0,1.0,1.0,71,2026-09-03T19:12:38
tdma_packet_loss,1,30,0.0,5,2,0.05,4,0.714574,1.0,1.0,2.9,True,29,1,19,39,144,4176,4176,144,1.0,1.0,1.0,72,2026-09-03T19:12:38
tdma_packet_loss,1,30,0.0,5,2,0.05,5,0.734617,0.8,1.0,3.8,True,38,1,6,37,166,4814,4814,166,1.0,1.0,1.0,83,2026-09-03T19:12:38
tdma_packet_loss,1,30,0.0,5,2,0.05,6,0.668432,1.0,1.0,3.9,True,39,1,0,32,118,3422,3422,118,1.0,1.0,1.0,59,2026-09-03T19:12:39
tdma_packet_loss,1,30,0.0,5,2,0.05,7,0.732201,0.8,1.0,2.1,True,21,1,38,31,168,4872,4872,168,1.0,1.0,1.0,84,2026-09-03T19:12:38
tdma_packet_loss,1,30,0.0,5,2,0.05,8,0.705518,1.0,1.0,3.4,True,34,1,7,27,132,3828,3828,132,1.0,1.0,1.0,66,2026-09-03T19:12:39
tdma_packet_loss,1,30,0.0,5,2,0.05,9,0.603925,0.8,1.0,2.5,True,25,1,0,29,90,2610,2610,90,1.0,1.0,1.0,45,2026-09-03T19:12:38
tdma_packet_loss,1,30,0.0,5,2,0.05,10,0.731862,0.6,1.0,5.2,True,52,1,12,49,174,5046,5046,174,1.0,1.0,1.0,87,2026-09-03T19:12:39
tdma_packet_loss,1,30,0.0,5,2,0.05,11,0.668147,1.0,1.0,2.8,True,28,1,0,32,96,2784,2784,96,1.0,1.0,1.0,48,2026-09-03T19:12:38
tdma_packet_loss,1,30,0.0,5,2,0.05,12,0.671405,0.8,1.0,3.0,True,30,1,0,19,100,2900,2900,100,1.0,1.0,1.0,50,2026-09-03T19:12:39
tdma_packet_loss,1,30,0.0,5,2,0.05,13,0.691325,1.0,1.0,1.9,True,19,1,22,24,134,3886,3886,134,1.0,1.0,1.0,67,2026-09-03T19:12:38
tdma_packet_loss,1,30,0.0,5,2,0.05,14,0.677456,1.0,1.0,3.6,True,36,1,0,30,112,3248,3248,112,1.0,1.0,1.0,56,2026-09-03T19:12:39
tdma_packet_loss,1,30,0.0,5,2,0.1,0,0.592033,0.4,1.0,13.3,True,133,0,360,38,500,14500,14500,500,1.0,1.0,1.0,500,2026-09-03T19:12:41
tdma_packet_loss,1,30,0.0,5,2,0.1,1,0.527744,0.4,1.0,9.6,True,96,0,385,23,500,14500,14500,500,1.0,1.0,1.0,500,2026-09-03T19:12:43
tdma_packet_loss,1,30,0.0,5,2,0.1,2,0.465892,0.4,1.0,7.4,True,74,0,415,44,500,14500,14500,500,1.0,1.0,1.0,500,2026-09-03T19:12:41
tdma_packet_loss,1,30,0.0,5,2,0.1,3,0.550435,0.6,1.0,35.2,True,352,0,147,333,500,14500,14500,500,1.0,1.0,1.0,500,2026-09-03T19:12:44
tdma_packet_loss,1,30,0.0,5,2,0.1,4,0.636431,0.4,1.0,8.0,True,80,0,377,45,500,14500,14500,500,1.0,1.0,1.0,500,2026-09-03T19:12:41
tdma_packet_loss,1,30,0.0,5,2,0.1,5,0.530115,0.2,1.0,25.4,True,254,0,213,49,500,14500,14500,500,1.0,1.0,1.0,500,2026-09-03T19:12:44
tdma_packet_loss,1,30,0.0,5,2,0.1,6,0.431648,0.6,1.0,20.7,True,207,0,284,44,500,14500,14500,500,1.0,1.0,1.0,500,2026-09-03T19:12:41
tdma_packet_loss,1,30,0.0,5,2,0.1,7,0.505239,0.0,1.0,10.1,True,101,0,375,61,500,14500,14500,500,1.0,1.0,1.0,500,2026-09-03T19:12:44
tdma_packet_loss,1,30,0.0,5,2,0.1,8,0.60612,0.2,1.0,6.6,True,66,0,418,80,500,14500,14500,500,1.0,1.0,1.0,500,2026-09-03T19:12:41
tdma_packet_loss,1,30,0.0,5,2,0.1,9,0.496252,0.6,1.0,32.0,True,320,0,169,186,500,14500,14500,500,1.0,1.0,1.0,500,2026-09-03T19:12:44
tdma_packet_loss,1,30,0.0,5,2,0.1,10,0.560718,0.2,1.0,37.2,True,372,0,125,171,500,14500,14500,500,1.0,1.0,1.0,500,2026-09-03T19:12:42
tdma_packet_loss,1,30,0.0,5,2,0.1,11,0.575317,0.2,1.0,7.9,True,79,0,389,50,500,14500,14500,500,1.0,1.0,1.0,500,2026-09-03T19:12:44
tdma_packet_loss,1,30,0.0,5,2,0.1,12,0.476597,0.2,1.0,9.8,True,98,0,369,72,500,14500,14500,500,1.0,1.0,1.0,500,2026-09-03T19:12:41
tdma_packet_loss,1,30,0.0,5,2,0.1,13,0.54728,0.4,1.0,9.6,True,96,0,388,54,500,14500,14500,500,1.0,1.0,1.0,500,2026-09-03T19:12:44
tdma_packet_loss,1,30,0.0,5,2,0.1,14,0.577259,0.2,1.0,9.8,True,98,0,361,41,500,14500,14500,500,1.0,1.0,1.0,500,2026-09-03T19:12:41
tdma_packet_loss,1,30,0.0,5,5,0.025,0,0.650101,1.0,1.0,2.5,True,25,1,0,29,180,5220,5220,180,1.0,1.0,1.0,45,2026-09-03T19:12:42
tdma_packet_loss,1,30,0.0,5,5,0.025,1,0.695199,0.8,1.0,2.6,True,26,1,2,23,236,6844,6844,236,1.0,1.0,1.0,59,2026-09-03T19:12:42
tdma_packet_loss,1,30,0.0,5,5,0.025,2,0.561553,1.0,1.0,1.2,True,12,1,4,25,168,4872,4872,168,1.0,1.0,1.0,42,2026-09-03T19:12:42
tdma_packet_loss,1,30,0.0,5,5,0.025,3,0.706131,0.6,1.0,3.4,True,34,1,2,24,232,6728,6728,232,1.0,1.0,1.0,58,2026-09-03T19:12:43
tdma_packet_loss,1,30,0.0,5,5,0.025,4,0.708937,1.0,1.0,0.9,True,9,1,42,17,400,11600,11600,400,1.0,1.0,1.0,100,2026-09-03T19:12:43
tdma_packet_loss,1,30,0.0,5,5,0.025,5,0.720947,0.6,1.0,1.4,True,14,1,8,18,216,6264,6264,216,1.0,1.0,1.0,54,2026-09-03T19:12:44
tdma_packet_loss,1,30,0.0,5,5,0.025,6,0.676005,0.6,1.0,2.7,True,27,1,4,24,212,6148,6148,212,1.0,1.0,1.0,53,2026-09-03T19:12:44
tdma_packet_loss,1,30,0.0,5,5,0.025,7,0.670991,0.6,1.0,3.2,True,32,1,8,29,256,7424,7424,256,1.0,1.0,1.0,64,2026-09-03T19:12:44
tdma_packet_loss,1,30,0.0,5,5,0.025,8,0.667193,0.8,1.0,1.6,True,16,1,6,21,172,4988,4988,172,1.0,1.0,1.0,43,2026-09-03T19:12:44
tdma_packet_loss,1,30,0.0,5,5,0.025,9,0.671479,0.8,1.0,2.2,True,22,1,3,20,232,6728,6728,232,1.0,1.0,1.0,58,2026-09-03T19:12:44
tdma_packet_loss,1,30,0.0,5,5,0.025,10,0.689964,0.8,1.0,2.3,True,23,1,8,20,212,6148,6148,212,1.0,1.0,1.0,53,2026-09-03T19:12:45
tdma_packet_loss,1,30,0.0,5,5,0.025,11,0.706146,0.8,1.0,2.1,True,21,1,4,33,196,5684,5684,196,1.0,1.0,1.0,49,2026-09-03T19:12:44
tdma_packet_loss,1,30,0.0,5,5,0.025,12,0.655796,0.8,1.0,2.2,True,22,1,0,17,168,4872,4872,168,1.0,1.0,1.0,42,2026-09-03T19:12:44
tdma_packet_loss,1,30,0.0,5,5,0.025,13,0.626877,0.6,1.0,1.7,True,17,1,0,21,148,4292,4292,148,1.0,1.0,1.0,37,2026-09-03T19:12:44
tdma_packet_loss,1,30,0.0,5,5,0.025,14,0.650244,1.0,1.0,1.7,True,17,1,6,21,224,6496,6496,224,1.0,1.0,1.0,56,2026-09-03T19:12:44
tdma_packet_loss,1,30,0.0,5,5,0.05,0,0.660502,1.0,1.0,4.1,True,41,1,0,29,122,3538,3538,122,1.0,1.0,1.0,61,2026-09-03T19:12:44
tdma_packet_loss,1,30,0.0,5,5,0.05,1,0.703162,0.8,1.0,4.4,True,44,1,0,35,128,3712,3712,128,1.0,1.0,1.0,64,2026-09-03T19:12:45
tdma_packet_loss,1,30,0.0,5,5,0.05,2,0.630682,1.0,1.0,4.1,True,41,1,0,31,122,3538,3538,122,1.0,1.0,1.0,61,2026-09-03T19:12:44
tdma_packet_loss,1,30,0.0,5,5,0.05,3,0.724296,1.0,1.0,3.0,True,30,1,7,27,136,3944,3944,136,1.0,1.0,1.0,68,2026-09-03T19:12:45
tdma_packet_loss,1,30,0.0,5,5,0.05,4,0.683497,1.0,1.0,2.9,True,29,1,20,36,144,4176,4176,144,1.0,1.0,1.0,72,2026-09-03T19:12:45
tdma_packet_loss,1,30,0.0,5,5,0.05,5,0.708308,0.8,1.0,3.8,True,38,1,0,35,116,3364,3364,116,1.0,1.0,1.0,58,2026-09-03T19:12:45
tdma_packet_loss,1,30,0.0,5,5,0.05,6,0.640977,1.0,1.0,3.3,True,33,1,0,25,106,3074,3074,106,1.0,1.0,1.0,53,2026-09-03T19:12:45
tdma_packet_loss,1,30,0.0,5,5,0.05,7,0.724782,1.0,1.0,2.1,True,21,1,26,28,172,4988,4988,172,1.0,1.0,1.0,86,2026-09-03T19:12:45
tdma_packet_loss,1,30,0.0,5,5,0.05,8,0.700408,1.0,1.0,4.6,True,46,1,0,27,132,3828,3828,132,1.0,1.0,1.0,66,2026-09-03T19:12:45
tdma_packet_loss,1,30,0.0,5,5,0.05,9,0.638126,0.8,1.0,2.7,True,27,1,0,31,94,2726,2726,94,1.0,1.0,1.0,47,2026-09-03T19:12:45
tdma_packet_loss,1,30,0.0,5,5,0.05,10,0.694144,0.6,1.0,5.4,True,54,1,14,49,208,6032,6032,208,1.0,1.0,1.0,104,2026-09-03T19:12:45
tdma_packet_loss,1,30,0.0,5,5,0.05,11,0.640772,1.0,1.0,2.8,True,28,1,0,26,96,2784,2784,96,1.0,1.0,1.0,48,2026-09-03T19:12:46
tdma_packet_loss,1,30,0.0,5,5,0.05,12,0.683288,1.0,1.0,2.7,True,27,1,0,19,94,2726,2726,94,1.0,1.0,1.0,47,2026-09-03T19:12:45
tdma_packet_loss,1,30,0.0,5,5,0.05,13,0.711257,1.0,1.0,2.6,True,26,1,14,15,134,3886,3886,134,1.0,1.0,1.0,67,2026-09-03T19:12:45
tdma_packet_loss,1,30,0.0,5,5,0.05,14,0.6614,1.0,1.0,3.8,True,38,1,0,23,116,3364,3364,116,1.0,1.0,1.0,58,2026-09-03T19:12:45
tdma_packet_loss,1,30,0.0,5,5,0.1,0,0.583481,0.2,1.0,10.2,True,102,0,375,38,500,14500,14500,500,1.0,1.0,1.0,500,2026-09-03T19:12:48
tdma_packet_loss,1,30,0.0,5,5,0.1,1,0.55353,0.2,1.0,8.9,True,89,0,384,23,500,14500,14500,500,1.0,1.0,1.0,500,2026-09-03T19:12:48
tdma_packet_loss,1,30,0.0,5,5,0.1,2,0.496058,0.4,1.0,8.6,True,86,0,403,44,500,14500,14500,500,1.0,1.0,1.0,500,2026-09-03T19:12:50
tdma_packet_loss,1,30,0.0,5,5,0.1,3,0.550182,0.2,1.0,8.5,True,85,0,406,120,500,14500,14500,500,1.0,1.0,1.0,500,2026-09-03T19:12:48
tdma_packet_loss,1,30,0.0,5,5,0.1,4,0.585308,0.2,1.0,6.6,True,66,0,420,437,500,14500,14500,500,1.0,1.0,1.0,500,2026-09-03T19:12:51
tdma_packet_loss,1,30,0.0,5,5,0.1,5,0.594853,0.4,1.0,33.6,True,336,0,155,46,500,14500,14500,500,1.0,1.0,1.0,500,2026-09-03T19:12:48
tdma_packet_loss,1,30,0.0,5,5,0.1,6,0.556096,0.6,1.0,10.7,True,107,0,371,48,500,14500,14500,500,1.0,1.0,1.0,500,2026-09-03T19:12:51
tdma_packet_loss,1,30,0.0,5,5,0.1,7,0.479889,0.2,1.0,37.4,True,374,0,123,61,500,14500,14500,500,1.0,1.0,1.0,500,2026-09-03T19:12:48
tdma_packet_loss,1,30,0.0,5,5,0.1,8,0.612035,0.2,1.0,6.6,True,66,0,423,38,500,14500,14500,500,1.0,1.0,1.0,500,2026-09-03T19:12:51
tdma_packet_loss,1,30,0.0,5,5,0.1,9,0.620898,0.8,1.0,6.8,True,68,0,402,332,500,14500,14500,500,1.0,1.0,1.0,500,2026-09-03T19:12:48
tdma_packet_loss,1,30,0.0,5,5,0.1,10,0.523351,0.4,1.0,44.8,True,448,0,48,116,500,14500,14500,500,1.0,1.0,1.0,500,2026-09-03T19:12:51
tdma_packet_loss,1,30,0.0,5,5,0.1,11,0.490547,0.4,1.0,11.2,True,112,0,372,349,500,14500,14500,500,1.0,1.0,1.0,500,2026-09-03T19:12:48
tdma_packet_loss,1,30,0.0,5,5,0.1,12,0.520002,0.2,1.0,7.2,True,72,0,381,37,500,14500,14500,500,1.0,1.0,1.0,500,2026-09-03T19:12:51
tdma_packet_loss,1,30,0.0,5,5,0.1,13,0.476119,0.2,1.0,14.9,True,149,0,324,64,500,14500,14500,500,1.0,1.0,1.0,500,2026-09-03T19:12:49
tdma_packet_loss,1,30,0.0,5,5,0.1,14,0.562571,0.0,1.0,3.7,True,37,0,401,41,500,14500,14500,500,1.0,1.0,1.0,500,2026-09-03T19:12:51
tdma_packet_loss,1,30,0.0,10,0,0.025,0,0.688951,0.8,1.0,4.5,True,45,1,3,41,344,9976,9976,344,1.0,1.0,1.0,86,2026-09-03T19:12:49
tdma_packet_loss,1,30,0.0,10,0,0.025,1,0.687456,0.9,1.0,3.4,True,34,1,5,31,312,9048,9048,312,1.0,1.0,1.0,78,2026-09-03T19:12:49
tdma_packet_loss,1,30,0.0,10,0,0.025,2,0.607015,0.9,1.0,2.0,True,20,1,18,24,284,8236,8236,284,1.0,1.0,1.0,71,2026-09-03T19:12:50
tdma_packet_loss,1,30,0.0,10,0,0.025,3,0.651703,0.9,1.0,2.0,True,20,1,25,46,292,8468,8468,292,1.0,1.0,1.0,73,2026-09-03T19:12:50
tdma_packet_loss,1,30,0.0,10,0,0.025,4,0.652125,0.8,1.0,2.9,True,29,1,17,27,380,11020,11020,380,1.0,1.0,1.0,95,2026-09-03T19:12:51
tdma_packet_loss,1,30,0.0,10,0,0.025,5,0.71229,0.8,1.0,2.4,True,24,1,29,46,316,9164,9164,316,1.0,1.0,1.0,79,2026-09-03T19:12:51
tdma_packet_loss,1,30,0.0,10,0,0.025,6,0.711932,0.7,1.0,2.5,True,25,1,11,32,252,7308,7308,252,1.0,1.0,1.0,63,2026-09-03T19:12:51
tdma_packet_loss,1,30,0.0,10,0,0.025,7,0.611144,0.9,1.0,3.0,True,30,1,0,34,200,5800,5800,200,1.0,1.0,1.0,50,2026-09-03T19:12:51
tdma_packet_loss,1,30,0.0,10,0,0.025,8,0.719173,0.6,1.0,2.0,True,20,1,9,24,296,8584,8584,296,1.0,1.0,1.0,74,2026-09-03T19:12:51
tdma_packet_loss,1,30,0.0,10,0,0.025,9,0.676817,0.7,1.0,2.5,True,25,1,10,32,264,7656,7656,264,1.0,1.0,1.0,66,2026-09-03T19:12:52
tdma_packet_loss,1,30,0.0,10,0,0.025,10,0.74949,0.4,1.0,2.9,True,29,1,22,29,420,12180,12180,420,1.0,1.0,1.0,105,2026-09-03T19:12:52
tdma_packet_loss,1,30,0.0,10,0,0.025,11,0.642609,0.9,1.0,2.1,True,21,1,7,35,208,6032,6032,208,1.0,1.0,1.0,52,2026-09-03T19:12:52
tdma_packet_loss,1,30,0.0,10,0,0.025,12,0.704411,0.7,1.0,3.1,True,31,1,1,22,236,6844,6844,236,1.0,1.0,1.0,59,2026-09-03T19:12:51
tdma_packet_loss,1,30,0.0,10,0,0.025,13,0.703181,0.7,1.0,2.6,True,26,1,21,26,404,11716,11716,404,1.0,1.0,1.0,101,2026-09-03T19:12:52
tdma_packet_loss,1,30,0.0,10,0,0.025,14,0.612302,0.8,1.0,2.9,True,29,1,3,31,228,6612,6612,228,1.0,1.0,1.0,57,2026-09-03T19:12:51
tdma_packet_loss,1,30,0.0,10,0,0.05,0,0.614035,0.9,1.0,4.7,True,47,1,0,45,134,3886,3886,134,1.0,1.0,1.0,67,2026-09-03T19:12:52
tdma_packet_loss,1,30,0.0,10,0,0.05,1,0.710368,0.6,1.0,5.9,True,59,1,22,35,272,7888,7888,272,1.0,1.0,1.0,136,2026-09-03T19:12:52
tdma_packet_loss,1,30,0.0,10,0,0.05,2,0.673559,1.0,1.0,3.9,True,39,1,16,43,168,4872,4872,168,1.0,1.0,1.0,84,2026-09-03T19:12:53
tdma_packet_loss,1,30,0.0,10,0,0.05,3,0.627682,0.8,1.0,4.8,True,48,1,14,43,180,5220,5220,180,1.0,1.0,1.0,90,2026-09-03T19:12:52
tdma_packet_loss,1,30,0.0,10,0,0.05,4,0.676644,1.0,1.0,3.5,True,35,1,16,39,162,4698,4698,162,1.0,1.0,1.0,81,2026-09-03T19:12:53
tdma_packet_loss,1,30,0.0,10,0,0.05,5,0.749169,0.7,1.0,5.0,True,50,1,12,43,194,5626,5626,194,1.0,1.0,1.0,97,2026-09-03T19:12:52
tdma_packet_loss,1,30,0.0,10,0,0.05,6,0.629385,0.8,1.0,6.4,True,64,1,10,63,222,6438,6438,222,1.0,1.0,1.0,111,2026-09-03T19:12:53
tdma_packet_loss,1,30,0.0,10,0,0.05,7,0.67636,0.7,1.0,3.7,True,37,1,10,41,168,4872,4872,168,1.0,1.0,1.0,84,2026-09-03T19:12:52
tdma_packet_loss,1,30,0.0,10,0,0.05,8,0.6756,0.8,1.0,4.1,True,41,1,32,47,204,5916,5916,204,1.0,1.0,1.0,102,2026-09-03T19:12:53
tdma_packet_loss,1,30,0.0,10,0,0.05,9,0.656287,0.8,1.0,4.9,True,49,1,6,61,156,4524,4524,156,1.0,1.0,1.0,78,2026-09-03T19:12:52
tdma_packet_loss,1,30,0.0,10,0,0.05,10,0.690603,0.8,1.0,4.2,True,42,1,27,47,234,6786,6786,234,1.0,1.0,1.0,117,2026-09-03T19:12:53
tdma_packet_loss,1,30,0.0,10,0,0.05,11,0.678116,0.9,1.0,3.6,True,36,1,8,40,162,4698,4698,162,1.0,1.0,1.0,81,2026-09-03T19:12:52
tdma_packet_loss,1,30,0.0,10,0,0.05,12,0.623401,0.8,1.0,4.3,True,43,1,0,40,126,3654,3654,126,1.0,1.0,1.0,63,2026-09-03T19:12:53
tdma_packet_loss,1,30,0.0,10,0,0.05,13,0.692599,0.8,1.0,3.9,True,39,1,6,45,134,3886,3886,134,1.0,1.0,1.0,67,2026-09-03T19:12:53
tdma_packet_loss,1,30,0.0,10,0,0.05,14,0.666938,0.7,1.0,4.0,True,40,1,31,31,238,6902,6902,238,1.0,1.0,1.0,119,2026-09-03T19:12:54
tdma_packet_loss,1,30,0.0,10,0,0.1,0,0.400603,0.3,1.0,50.0,False,500,0,0,500,500,14500,14500,500,1.0,1.0,1.0,500,2026-09-03T19:12:56
tdma_packet_loss,1,30,0.0,10,0,0.1,1,0.388395,0.2,1.0,50.0,False,500,0,0,500,500,14500,14500,500,1.0,1.0,1.0,500,2026-09-03T19:12:59
tdma_packet_loss,1,30,0.0,10,0,0.1,2,0.402446,0.2,1.0,14.2,True,142,0,357,500,500,14500,14500,500,1.0,1.0,1.0,500,2026-09-03T19:12:56
tdma_packet_loss,1,30,0.0,10,0,0.1,3,0.428503,0.3,1.0,50.0,False,500,0,0,500,500,14500,14500,500,1.0,1.0,1.0,500,2026-09-03T19:12:59
tdma_packet_loss,1,30,0.0,10,0,0.1,4,0.467989,0.3,1.0,39.2,True,392,0,106,500,500,14500,14500,500,1.0,1.0,1.0,500,2026-09-03T19:12:56
tdma_packet_loss,1,30,0.0,10,0,0.1,5,0.338147,0.4,1.0,50.0,False,500,0,0,500,500,14500,14500,500,1.0,1.0,1.0,500,2026-09-03T19:12:59
tdma_packet_loss,1,30,0.0,10,0,0.1,6,0.426835,0.3,1.0,50.0,False,500,0,0,500,500,14500,14500,500,1.0,1.0,1.0,500,2026-09-03T19:12:57
tdma_packet_loss,1,30,0.0,10,0,0.1,7,0.404811,0.4,1.0,50.0,False,500,0,0,500,500,14500,14500,500,1.0,1.0,1.0,500,2026-09-03T19:12:59
tdma_packet_loss,1,30,0.0,10,0,0.1,8,0.394634,0.2,1.0,14.5,True,145,0,352,484,500,14500,14500,500,1.0,1.0,1.0,500,2026-09-03T19:12:57
tdma_packet_loss,1,30,0.0,10,0,0.1,9,0.428561,0.1,1.0,50.0,False,500,0,0,500,500,14500,14500,500,1.0,1.0,1.0,500,2026-09-03T19:13:00
tdma_packet_loss,1,30,0.0,10,0,0.1,10,0.279611,0.3,1.0,50.0,False,500,0,0,500,500,14500,14500,500,1.0,1.0,1.0,500,2026-09-03T19:12:57
tdma_packet_loss,1,30,0.0,10,0,0.1,11,0.363429,0.4,1.0,50.0,False,500,0,0,500,500,14500,14500,500,1.0,1.0,1.0,500,2026-09-03T19:13:00
tdma_packet_loss,1,30,0.0,10,0,0.1,12,0.443079,0.3,1.0,50.0,False,500,0,0,410,500,14500,14500,500,1.0,1.0,1.0,500,2026-09-03T19:12:57
tdma_packet_loss,1,30,0.0,10,0,0.1,13,0.377031,0.2,1.0,50.0,False,500,0,0,500,500,14500,14500,500,1.0,1.0,1.0,500,2026-09-03T19:13:00
tdma_packet_loss,1,30,0.0,10,0,0.1,14,0.452992,0.3,1.0,50.0,False,500,0,0,500,500,14500,14500,500,1.0,1.0,1.0,500,2026-09-03T19:12:57
tdma_packet_loss,1,30,0.0,10,2,0.025,0,0.718774,0.6,1.0,3.4,True,34,1,17,32,372,10788,10788,372,1.0,1.0,1.0,93,2026-09-03T19:12:58
tdma_packet_loss,1,30,0.0,10,2,0.025,1,0.728508,0.8,1.0,2.1,True,21,1,23,29,272,7888,7888,272,1.0,1.0,1.0,68,2026-09-03T19:12:58
tdma_packet_loss,1,30,0.0,10,2,0.025,2,0.682741,0.6,1.0,2.2,True,22,1,34,26,436,12644,12644,436,1.0,1.0,1.0,109,2026-09-03T19:12:59
tdma_packet_loss,1,30,0.0,10,2,0.025,3,0.710399,0.6,1.0,2.0,True,20,1,28,30,312,9048,9048,312,1.0,1.0,1.0,78,2026-09-03T19:12:59
tdma_packet_loss,1,30,0.0,10,2,0.025,4,0.679817,0.9,1.0,2.9,True,29,1,8,33,340,9860,9860,340,1.0,1.0,1.0,85,2026-09-03T19:13:00
tdma_packet_loss,1,30,0.0,10,2,0.025,5,0.715794,0.8,1.0,2.2,True,22,1,35,49,456,13224,13224,456,1.0,1.0,1.0,114,2026-09-03T19:13:00
tdma_packet_loss,1,30,0.0,10,2,0.025,6,0.691698,0.7,1.0,3.6,True,36,1,3,47,252,7308,7308,252,1.0,1.0,1.0,63,2026-09-03T19:13:00
tdma_packet_loss,1,30,0.0,10,2,0.025,7,0.699531,0.7,1.0,3.4,True,34,1,3,27,288,8352,8352,288,1.0,1.0,1.0,72,2026-09-03T19:13:00
tdma_packet_loss,1,30,0.0,10,2,0.025,8,0.716577,0.6,1.0,2.3,True,23,1,10,27,296,8584,8584,296,1.0,1.0,1.0,74,2026-09-03T19:13:00
tdma_packet_loss,1,30,0.0,10,2,0.025,9,0.624351,0.8,1.0,2.3,True,23,1,0,22,172,4988,4988,172,1.0,1.0,1.0,43,2026-09-03T19:13:00
tdma_packet_loss,1,30,0.0,10,2,0.025,10,0.710127,0.5,1.0,2.9,True,29,1,12,29,260,7540,7540,260,1.0,1.0,1.0,65,2026-09-03T19:13:00
tdma_packet_loss,1,30,0.0,10,2,0.025,11,0.657079,1.0,1.0,2.1,True,21,1,8,29,208,6032,6032,208,1.0,1.0,1.0,52,2026-09-03T19:13:00
tdma_packet_loss,1,30,0.0,10,2,0.025,12,0.7245,0.5,1.0,3.1,True,31,1,4,22,296,8584,8584,296,1.0,1.0,1.0,74,2026-09-03T19:13:00
tdma_packet_loss,1,30,0.0,10,2,0.025,13,0.692731,0.8,1.0,2.6,True,26,1,29,26,432,12528,12528,432,1.0,1.0,1.0,108,2026-09-03T19:13:01
tdma_packet_loss,1,30,0.0,10,2,0.025,14,0.711647,0.6,1.0,3.6,True,36,1,6,32,344,9976,9976,344,1.0,1.0,1.0,86,2026-09-03T19:13:01
tdma_packet_loss,1,30,0.0,10,2,0.05,0,0.689236,0.8,1.0,4.7,True,47,1,16,50,216,6264,6264,216,1.0,1.0,1.0,108,2026-09-03T19:13:00
tdma_packet_loss,1,30,0.0,10,2,0.05,1,0.653238,0.9,1.0,6.3,True,63,1,16,48,230,6670,6670,230,1.0,1.0,1.0,115,2026-09-03T19:13:01
tdma_packet_loss,1,30,0.0,10,2,0.05,2,0.6688,0.9,1.0,3.1,True,31,1,43,46,216,6264,6264,216,1.0,1.0,1.0,108,2026-09-03T19:13:01
tdma_packet_loss,1,30,0.0,10,2,0.05,3,0.697484,0.7,1.0,3.9,True,39,1,34,35,268,7772,7772,268,1.0,1.0,1.0,134,2026-09-03T19:13:02
tdma_packet_loss,1,30,0.0,10,2,0.05,4,0.661555,1.0,1.0,3.5,True,35,1,21,39,202,5858,5858,202,1.0,1.0,1.0,101,2026-09-03T19:13:01
tdma_packet_loss,1,30,0.0,10,2,0.05,5,0.654791,0.7,1.0,3.8,True,38,1,0,37,116,3364,3364,116,1.0,1.0,1.0,58,2026-09-03T19:13:01
tdma_packet_loss,1,30,0.0,10,2,0.05,6,0.690264,0.8,1.0,4.9,True,49,1,19,42,202,5858,5858,202,1.0,1.0,1.0,101,2026-09-03T19:13:01
tdma_packet_loss,1,30,0.0,10,2,0.05,7,0.693923,0.6,1.0,3.8,True,38,1,5,42,144,4176,4176,144,1.0,1.0,1.0,72,2026-09-03T19:13:01
tdma_packet_loss,1,30,0.0,10,2,0.05,8,0.674774,0.7,1.0,8.2,True,82,1,15,51,238,6902,6902,238,1.0,1.0,1.0,119,2026-09-03T19:13:01
tdma_packet_loss,1,30,0.0,10,2,0.05,9,0.626451,0.9,1.0,4.9,True,49,1,0,48,138,4002,4002,138,1.0,1.0,1.0,69,2026-09-03T19:13:02
tdma_packet_loss,1,30,0.0,10,2,0.05,10,0.704189,0.6,1.0,4.0,True,40,1,42,47,236,6844,6844,236,1.0,1.0,1.0,118,2026-09-03T19:13:01
tdma_packet_loss,1,30,0.0,10,2,0.05,11,0.715223,0.8,1.0,4.1,True,41,1,14,32,212,6148,6148,212,1.0,1.0,1.0,106,2026-09-03T19:13:02
tdma_packet_loss,1,30,0.0,10,2,0.05,12,0.705187,0.8,1.0,4.3,True,43,1,5,41,174,5046,5046,174,1.0,1.0,1.0,87,2026-09-03T19:13:01
tdma_packet_loss,1,30,0.0,10,2,0.05,13,0.719935,0.7,1.0,4.7,True,47,1,37,43,224,6496,6496,224,1.0,1.0,1.0,112,2026-09-03T19:13:02
tdma_packet_loss,1,30,0.0,10,2,0.05,14,0.664452,0.9,1.0,3.4,True,34,1,28,31,170,4930,4930,170,1.0,1.0,1.0,85,2026-09-03T19:13:02
tdma_packet_loss,1,30,0.0,10,2,0.1,0,0.353704,0.3,1.0,50.0,False,500,0,0,500,500,14500,14500,500,1.0,1.0,1.0,500,2026-09-03T19:13:05
tdma_packet_loss,1,30,0.0,10,2,0.1,1,0.487428,0.2,1.0,50.0,False,500,0,0,500,500,14500,14500,500,1.0,1.0,1.0,500,2026-09-03T19:13:04
tdma_packet_loss,1,30,0.0,10,2,0.1,2,0.445397,0.2,1.0,50.0,False,500,0,0,500,500,14500,14500,500,1.0,1.0,1.0,500,2026-09-03T19:13:08
tdma_packet_loss,1,30,0.0,10,2,0.1,3,0.485293,0.6,1.0,14.2,True,142,0,353,500,500,14500,14500,500,1.0,1.0,1.0,500,2026-09-03T19:13:04
tdma_packet_loss,1,30,0.0,10,2,0.1,4,0.504683,0.3,1.0,50.0,False,500,0,0,500,500,14500,14500,500,1.0,1.0,1.0,500,2026-09-03T19:13:08
tdma_packet_loss,1,30,0.0,10,2,0.1,5,0.35991,0.3,1.0,50.0,False,500,0,0,500,500,14500,14500,500,1.0,1.0,1.0,500,2026-09-03T19:13:04
tdma_packet_loss,1,30,0.0,10,2,0.1,6,0.462021,0.1,1.0,50.0,False,500,0,0,500,500,14500,14500,500,1.0,1.0,1.0,500,2026-09-03T19:13:08
tdma_packet_loss,1,30,0.0,10,2,0.1,7,0.337786,0.4,1.0,39.4,True,394,0,104,500,500,14500,14500,500,1.0,1.0,1.0,500,2026-09-03T19:13:05
tdma_packet_loss,1,30,0.0,10,2,0.1,8,0.432738,0.4,1.0,50.0,False,500,0,0,500,500,14500,14500,500,1.0,1.0,1.0,500,2026-09-03T19:13:08
tdma_packet_loss,1,30,0.0,10,2,0.1,9,0.411157,0.2,1.0,50.0,False,500,0,0,500,500,14500,14500,500,1.0,1.0,1.0,500,2026-09-03T19:13:05
tdma_packet_loss,1,30,0.0,10,2,0.1,10,0.408524,0.2,1.0,50.0,False,500,0,0,500,500,14500,14500,500,1.0,1.0,1.0,500,2026-09-03T19:13:08
tdma_packet_loss,1,30,0.0,10,2,0.1,11,0.413693,0.4,1.0,11.0,True,110,0,388,500,500,14500,14500,500,1.0,1.0,1.0,500,2026-09-03T19:13:05
tdma_packet_loss,1,30,0.0,10,2,0.1,12,0.330543,0.3,1.0,50.0,False,500,0,0,500,500,14500,14500,500,1.0,1.0,1.0,500,2026-09-03T19:13:08
tdma_packet_loss,1,30,0.0,10,2,0.1,13,0.353191,0.1,1.0,50.0,False,500,0,0,500,500,14500,14500,500,1.0,1.0,1.0,500,2026-09-03T19:13:05
tdma_packet_loss,1,30,0.0,10,2,0.1,14,0.493055,0.2,1.0,15.7,True,157,0,342,500,500,14500,14500,500,1.0,1.0,1.0,500,2026-09-03T19:13:09
tdma_packet_loss,1,30,0.0,10,5,0.025,0,0.679505,0.8,1.0,2.9,True,29,1,0,33,196,5684,5684,196,1.0,1.0,1.0,49,2026-09-03T19:13:05
tdma_packet_loss,1,30,0.0,10,5,0.025,1,0.72725,0.6,1.0,4.8,True,48,1,0,35,272,7888,7888,272,1.0,1.0,1.0,68,2026-09-03T19:13:06
tdma_packet_loss,1,30,0.0,10,5,0.025,2,0.665736,0.7,1.0,2.2,True,22,1,13,26,348,10092,10092,348,1.0,1.0,1.0,87,2026-09-03T19:13:07
tdma_packet_loss,1,30,0.0,10,5,0.025,3,0.697251,0.5,1.0,3.5,True,35,1,23,39,580,16820,16820,580,1.0,1.0,1.0,145,2026-09-03T19:13:08
tdma_packet_loss,1,30,0.0,10,5,0.025,4,0.666387,0.9,1.0,3.1,True,31,1,0,35,204,5916,5916,204,1.0,1.0,1.0,51,2026-09-03T19:13:08
tdma_packet_loss,1,30,0.0,10,5,0.025,5,0.715183,0.6,1.0,3.1,True,31,1,11,40,328,9512,9512,328,1.0,1.0,1.0,82,2026-09-03T19:13:09
tdma_packet_loss,1,30,0.0,10,5,0.025,6,0.759145,0.7,1.0,3.3,True,33,1,6,29,336,9744,9744,336,1.0,1.0,1.0,84,2026-09-03T19:13:08
tdma_packet_loss,1,30,0.0,10,5,0.025,7,0.742489,0.6,1.0,3.4,True,34,1,5,38,320,9280,9280,320,1.0,1.0,1.0,80,2026-09-03T19:13:09
tdma_packet_loss,1,30,0.0,10,5,0.025,8,0.701399,0.6,1.0,1.6,True,16,1,26,21,264,7656,7656,264,1.0,1.0,1.0,66,2026-09-03T19:13:08
tdma_packet_loss,1,30,0.0,10,5,0.025,9,0.665232,0.8,1.0,2.3,True,23,1,14,22,340,9860,9860,340,1.0,1.0,1.0,85,2026-09-03T19:13:09
tdma_packet_loss,1,30,0.0,10,5,0.025,10,0.717127,0.5,1.0,2.9,True,29,1,12,29,260,7540,7540,260,1.0,1.0,1.0,65,2026-09-03T19:13:09
tdma_packet_loss,1,30,0.0,10,5,0.025,11,0.628211,0.9,1.0,2.1,True,21,1,5,20,208,6032,6032,208,1.0,1.0,1.0,52,2026-09-03T19:13:09
tdma_packet_loss,1,30,0.0,10,5,0.025,12,0.696271,0.9,1.0,3.3,True,33,1,10,22,256,7424,7424,256,1.0,1.0,1.0,64,2026-09-03T19:13:09
tdma_packet_loss,1,30,0.0,10,5,0.025,13,0.700702,0.6,1.0,2.6,True,26,1,18,26,288,8352,8352,288,1.0,1.0,1.0,72,2026-09-03T19:13:09
tdma_packet_loss,1,30,0.0,10,5,0.025,14,0.631864,0.9,1.0,3.2,True,32,1,4,26,240,6960,6960,240,1.0,1.0,1.0,60,2026-09-03T19:13:09
tdma_packet_loss,1,30,0.0,10,5,0.05,0,0.64348,0.8,1.0,4.5,True,45,1,2,42,172,4988,4988,172,1.0,1.0,1.0,86,2026-09-03T19:13:09
tdma_packet_loss,1,30,0.0,10,5,0.05,1,0.695961,0.7,1.0,4.7,True,47,1,23,36,206,5974,5974,206,1.0,1.0,1.0,103,2026-09-03T19:13:09
tdma_packet_loss,1,30,0.0,10,5,0.05,2,0.685216,0.8,1.0,4.1,True,41,1,12,39,184,5336,5336,184,1.0,1.0,1.0,92,2026-09-03T19:13:09
tdma_packet_loss,1,30,0.0,10,5,0.05,3,0.711106,0.6,1.0,4.2,True,42,1,22,46,210,6090,6090,210,1.0,1.0,1.0,105,2026-09-03T19:13:09
tdma_packet_loss,1,30,0.0,10,5,0.05,4,0.679295,0.8,1.0,3.9,True,39,1,14,43,162,4698,4698,162,1.0,1.0,1.0,81,2026-09-03T19:13:10
tdma_packet_loss,1,30,0.0,10,5,0.05,5,0.731611,0.6,1.0,5.8,True,58,1,15,37,246,7134,7134,246,1.0,1.0,1.0,123,2026-09-03T19:13:10
tdma_packet_loss,1,30,0.0,10,5,0.05,6,0.69775,0.8,1.0,4.3,True,43,1,21,40,202,5858,5858,202,1.0,1.0,1.0,101,2026-09-03T19:13:10
tdma_packet_loss,1,30,0.0,10,5,0.05,7,0.699871,0.7,1.0,4.5,True,45,1,12,49,188,5452,5452,188,1.0,1.0,1.0,94,2026-09-03T19:13:10
tdma_packet_loss,1,30,0.0,10,5,0.05,8,0.654198,0.8,1.0,6.9,True,69,1,0,47,178,5162,5162,178,1.0,1.0,1.0,89,2026-09-03T19:13:10
tdma_packet_loss,1,30,0.0,10,5,0.05,9,0.691815,0.7,1.0,4.4,True,44,1,22,35,228,6612,6612,228,1.0,1.0,1.0,114,2026-09-03T19:13:10
tdma_packet_loss,1,30,0.0,10,5,0.05,10,0.715938,0.6,1.0,4.5,True,45,1,33,38,284,8236,8236,284,1.0,1.0,1.0,142,2026-09-03T19:13:11
tdma_packet_loss,1,30,0.0,10,5,0.05,11,0.691735,0.9,1.0,4.2,True,42,1,17,50,188,5452,5452,188,1.0,1.0,1.0,94,2026-09-03T19:13:10
tdma_packet_loss,1,30,0.0,10,5,0.05,12,0.704384,0.7,1.0,4.3,True,43,1,23,40,216,6264,6264,216,1.0,1.0,1.0,108,2026-09-03T19:13:10
tdma_packet_loss,1,30,0.0,10,5,0.05,13,0.708038,0.6,1.0,5.0,True,50,1,11,36,196,5684,5684,196,1.0,1.0,1.0,98,2026-09-03T19:13:10
tdma_packet_loss,1,30,0.0,10,5,0.05,14,0.633735,0.8,1.0,6.4,True,64,1,6,44,188,5452,5452,188,1.0,1.0,1.0,94,2026-09-03T19:13:10
tdma_packet_loss,1,30,0.0,10,5,0.1,0,0.487468,0.2,1.0,50.0,False,500,0,0,500,500,14500,14500,500,1.0,1.0,1.0,500,2026-09-03T19:13:12
tdma_packet_loss,1,30,0.0,10,5,0.1,1,0.490229,0.1,1.0,50.0,False,500,0,0,500,500,14500,14500,500,1.0,1.0,1.0,500,2026-09-03T19:13:16
tdma_packet_loss,1,30,0.0,10,5,0.1,2,0.456303,0.4,1.0,50.0,False,500,0,0,500,500,14500,14500,500,1.0,1.0,1.0,500,2026-09-03T19:13:12
tdma_packet_loss,1,30,0.0,10,5,0.1,3,0.411968,0.3,1.0,50.0,False,500,0,0,500,500,14500,14500,500,1.0,1.0,1.0,500,2026-09-03T19:13:16
tdma_packet_loss,1,30,0.0,10,5,0.1,4,0.422998,0.3,1.0,50.0,False,500,0,0,462,500,14500,14500,500,1.0,1.0,1.0,500,2026-09-03T19:13:13
tdma_packet_loss,1,30,0.0,10,5,0.1,5,0.384556,0.2,1.0,50.0,False,500,0,0,500,500,14500,14500,500,1.0,1.0,1.0,500,2026-09-03T19:13:17
tdma_packet_loss,1,30,0.0,10,5,0.1,6,0.465073,0.3,1.0,50.0,False,500,0,0,57,500,14500,14500,500,1.0,1.0,1.0,500,2026-09-03T19:13:13
tdma_packet_loss,1,30,0.0,10,5,0.1,7,0.435072,0.3,1.0,50.0,False,500,0,0,500,500,14500,14500,500,1.0,1.0,1.0,500,2026-09-03T19:13:17
tdma_packet_loss,1,30,0.0,10,5,0.1,8,0.412171,0.3,1.0,50.0,False,500,0,0,500,500,14500,14500,500,1.0,1.0,1.0,500,2026-09-03T19:13:14
tdma_packet_loss,1,30,0.0,10,5,0.1,9,0.440623,0.3,1.0,17.2,True,172,0,327,500,500,14500,14500,500,1.0,1.0,1.0,500,2026-09-03T19:13:17
tdma_packet_loss,1,30,0.0,10,5,0.1,10,0.431206,0.3,1.0,50.0,False,500,0,0,500,500,14500,14500,500,1.0,1.0,1.0,500,2026-09-03T19:13:14
tdma_packet_loss,1,30,0.0,10,5,0.1,11,0.48974,0.3,1.0,50.0,False,500,0,0,500,500,14500,14500,500,1.0,1.0,1.0,500,2026-09-03T19:13:18
tdma_packet_loss,1,30,0.0,10,5,0.1,12,0.426721,0.2,1.0,50.0,False,500,0,0,500,500,14500,14500,500,1.0,1.0,1.0,500,2026-09-03T19:13:14
tdma_packet_loss,1,30,0.0,10,5,0.1,13,0.418726,0.2,1.0,50.0,False,500,0,0,500,500,14500,14500,500,1.0,1.0,1.0,500,2026-09-03T19:13:18
tdma_packet_loss,1,30,0.0,10,5,0.1,14,0.463009,0.2,1.0,50.0,False,500,0,0,500,500,14500,14500,500,1.0,1.0,1.0,500,2026-09-03T19:13:14
tdma_packet_loss,1,30,0.05,3,0,0.025,0,0.641109,1.0,0.922414,1.9,True,19,1,0,16,147,4173,4524,156,0.942308,0.978888,0.922414,39,2026-09-03T19:13:14
tdma_packet_loss,1,30,0.05,3,0,0.025,1,0.616849,1.0,0.931034,1.1,True,11,1,5,16,141,3996,4292,148,0.952703,0.977256,0.931034,37,2026-09-03T19:13:14
tdma_packet_loss,1,30,0.05,3,0,0.025,2,0.501618,1.0,0.926497,1.3,True,13,1,4,22,145,4084,4408,152,0.953947,0.971225,0.926497,38,2026-09-03T19:13:15
tdma_packet_loss,1,30,0.05,3,0,0.025,3,0.732209,1.0,0.942326,3.0,True,30,1,10,29,274,7761,8236,284,0.964789,0.976718,0.942326,71,2026-09-03T19:13:15
tdma_packet_loss,1,30,0.05,3,0,0.025,4,0.610842,1.0,0.963602,0.9,True,9,1,12,22,177,5030,5220,180,0.983333,0.979934,0.963602,45,2026-09-03T19:13:16
tdma_packet_loss,1,30,0.05,3,0,0.025,5,0.715491,1.0,0.942848,2.4,True,24,1,5,21,209,5906,6264,216,0.967593,0.974427,0.942848,54,2026-09-03T19:13:16
tdma_packet_loss,1,30,0.05,3,0,0.025,6,0.577062,0.666667,0.966954,1.6,True,16,1,0,20,142,4038,4176,144,0.986111,0.980573,0.966954,36,2026-09-03T19:13:16
tdma_packet_loss,1,30,0.05,3,0,0.025,7,0.667854,1.0,0.939105,2.7,True,27,1,0,12,181,5120,5452,188,0.962766,0.975424,0.939105,47,2026-09-03T19:13:17
tdma_packet_loss,1,30,0.05,3,0,0.025,8,0.581766,0.666667,0.902586,1.5,True,15,1,3,24,148,4188,4640,160,0.925,0.975769,0.902586,40,2026-09-03T19:13:17
tdma_packet_loss,1,30,0.05,3,0,0.025,9,0.700459,0.333333,0.934211,2.2,True,22,1,8,19,219,6177,6612,228,0.960526,0.972603,0.934211,57,2026-09-03T19:13:17
tdma_packet_loss,1,30,0.05,3,0,0.025,10,0.716454,1.0,0.924366,0.9,True,9,1,9,20,201,5683,6148,212,0.948113,0.974953,0.924366,53,2026-09-03T19:13:17
tdma_packet_loss,1,30,0.05,3,0,0.025,11,0.755176,0.666667,0.902874,1.4,True,14,1,22,12,389,10997,12180,420,0.92619,0.974825,0.902874,105,2026-09-03T19:13:17
tdma_packet_loss,1,30,0.05,3,0,0.025,12,0.628091,1.0,0.928499,1.4,True,14,1,0,18,129,3662,3944,136,0.948529,0.978883,0.928499,34,2026-09-03T19:13:17
tdma_packet_loss,1,30,0.05,3,0,0.025,13,0.575294,0.666667,0.95197,0.8,True,8,1,0,12,109,3092,3248,112,0.973214,0.978171,0.95197,28,2026-09-03T19:13:17
tdma_packet_loss,1,30,0.05,3,0,0.025,14,0.693469,1.0,0.942214,1.8,True,18,1,9,21,247,6995,7424,256,0.964844,0.976546,0.942214,64,2026-09-03T19:13:17
tdma_packet_loss,1,30,0.05,3,0,0.05,0,0.731033,0.0,0.924704,3.3,True,33,1,62,13,242,6865,7424,256,0.945312,0.978199,0.924704,128,2026-09-03T19:13:18
tdma_packet_loss,1,30,0.05,3,0,0.05,1,0.743244,0.666667,0.929487,6.2,True,62,1,53,43,297,8410,9048,312,0.951923,0.976431,0.929487,156,2026-09-03T19:13:18
tdma_packet_loss,1,30,0.05,3,0,0.05,2,0.701417,0.0,0.928517,4.2,True,42,0,360,31,953,26927,29000,1000,0.953,0.97431,0.928517,500,2026-09-03T19:13:19
tdma_packet_loss,1,30,0.05,3,0,0.05,3,0.699136,0.333333,0.939219,8.1,True,81,1,188,43,685,19393,20648,712,0.962079,0.97624,0.939219,356,2026-09-03T19:13:21
tdma_packet_loss,1,30,0.05,3,0,0.05,4,0.727754,0.666667,0.962069,2.0,True,20,1,43,27,167,4743,4930,170,0.982353,0.979352,0.962069,85,2026-09-03T19:13:18
tdma_packet_loss,1,30,0.05,3,0,0.05,5,0.752627,0.0,0.937541,6.4,True,64,1,160,43,510,14410,15370,530,0.962264,0.974307,0.937541,265,2026-09-03T19:13:19
tdma_packet_loss,1,30,0.05,3,0,0.05,6,0.737499,0.0,0.945037,3.5,True,35,1,263,11,732,20719,21924,756,0.968254,0.976022,0.945037,378,2026-09-03T19:13:19
tdma_packet_loss,1,30,0.05,3,0,0.05,7,0.73895,0.333333,0.93156,5.3,True,53,1,173,12,564,15939,17110,590,0.955932,0.974505,0.93156,295,2026-09-03T19:13:20
tdma_packet_loss,1,30,0.05,3,0,0.05,8,0.70882,0.333333,0.907162,8.6,True,86,1,92,30,531,15048,16588,572,0.928322,0.977206,0.907162,286,2026-09-03T19:13:19
tdma_packet_loss,1,30,0.05,3,0,0.05,9,0.737908,0.666667,0.938105,3.2,True,32,1,65,36,268,7563,8062,278,0.964029,0.973109,0.938105,139,2026-09-03T19:13:19
tdma_packet_loss,1,30,0.05,3,0,0.05,10,0.691624,0.0,0.917596,2.0,True,20,1,257,28,622,17616,19198,662,0.939577,0.976605,0.917596,331,2026-09-03T19:13:19
tdma_packet_loss,1,30,0.05,3,0,0.05,11,0.710074,0.0,0.916477,8.4,True,84,1,213,41,712,20146,21982,758,0.939314,0.975688,0.916477,379,2026-09-03T19:13:21
tdma_packet_loss,1,30,0.05,3,0,0.05,12,0.644587,1.0,0.92431,8.4,True,84,0,360,19,948,26805,29000,1000,0.948,0.975011,0.92431,500,2026-09-03T19:13:20
tdma_packet_loss,1,30,0.05,3,0,0.05,13,0.720979,0.333333,0.948591,2.2,True,22,1,139,10,426,12049,12702,438,0.972603,0.975312,0.948591,219,2026-09-03T19:13:21
tdma_packet_loss,1,30,0.05,3,0,0.05,14,0.608967,0.333333,0.931241,3.0,True,30,0,414,23,955,27006,29000,1000,0.955,0.975122,0.931241,500,2026-09-03T19:13:20
tdma_packet_loss,1,30,0.05,3,0,0.1,0,0.598724,0.333333,0.928,50.0,False,500,0,0,41,475,13456,14500,500,0.95,0.976842,0.928,500,2026-09-03T19:13:22
tdma_packet_loss,1,30,0.05,3,0,0.1,1,0.549693,0.0,0.932207,30.9,True,309,0,154,44,477,13517,14500,500,0.954,0.977156,0.932207,500,2026-09-03T19:13:20
tdma_packet_loss,1,30,0.05,3,0,0.1,2,0.666828,0.666667,0.93869,50.0,False,500,0,0,42,482,13611,14500,500,0.964,0.973744,0.93869,500,2026-09-03T19:13:23
tdma_packet_loss,1,30,0.05,3,0,0.1,3,0.578062,0.666667,0.94,23.5,True,235,0,251,40,481,13630,14500,500,0.962,0.977131,0.94,500,2026-09-03T19:13:21
tdma_packet_loss,1,30,0.05,3,0,0.1,4,0.647679,1.0,0.942897,13.2,True,132,0,355,26,482,13672,14500,500,0.964,0.978108,0.942897,500,2026-09-03T19:13:23
tdma_packet_loss,1,30,0.05,3,0,0.1,5,0.602216,0.666667,0.938414,36.2,True,362,0,128,67,482,13607,14500,500,0.964,0.973458,0.938414,500,2026-09-03T19:13:21
tdma_packet_loss,1,30,0.05,3,0,0.1,6,0.649255,0.333333,0.943103,10.5,True,105,0,375,19,483,13675,14500,500,0.966,0.976298,0.943103,500,2026-09-03T19:13:24
tdma_packet_loss,1,30,0.05,3,0,0.1,7,0.482456,0.666667,0.925517,23.0,True,230,0,249,23,475,13420,14500,500,0.95,0.974229,0.925517,500,2026-09-03T19:13:23
tdma_packet_loss,1,30,0.05,3,0,0.1,8,0.606261,0.666667,0.910552,50.0,False,500,0,0,44,466,13203,14500,500,0.932,0.976987,0.910552,500,2026-09-03T19:13:25
tdma_packet_loss,1,30,0.05,3,0,0.1,9,0.651498,0.333333,0.939793,6.6,True,66,0,423,106,482,13627,14500,500,0.964,0.974889,0.939793,500,2026-09-03T19:13:23
tdma_packet_loss,1,30,0.05,3,0,0.1,10,0.618307,0.333333,0.912069,16.8,True,168,0,324,17,467,13225,14500,500,0.934,0.976519,0.912069,500,2026-09-03T19:13:25
tdma_packet_loss,1,30,0.05,3,0,0.1,11,0.630872,0.333333,0.906621,37.9,True,379,0,120,30,465,13146,14500,500,0.93,0.974861,0.906621,500,2026-09-03T19:13:24
tdma_packet_loss,1,30,0.05,3,0,0.1,12,0.612003,0.666667,0.933655,50.0,False,500,0,0,30,478,13538,14500,500,0.956,0.976627,0.933655,500,2026-09-03T19:13:26
tdma_packet_loss,1,30,0.05,3,0,0.1,13,0.666995,0.666667,0.943517,50.0,False,500,0,0,17,484,13681,14500,500,0.968,0.974708,0.943517,500,2026-09-03T19:13:24
tdma_packet_loss,1,30,0.05,3,0,0.1,14,0.56991,1.0,0.940759,50.0,False,500,0,0,66,482,13641,14500,500,0.964,0.975891,0.940759,500,2026-09-03T19:13:26
tdma_packet_loss,1,30,0.05,3,2,0.025,0,0.615206,1.0,0.90353,1.8,True,18,1,1,15,155,4402,4872,168,0.922619,0.97931,0.90353,42,2026-09-03T19:13:23
tdma_packet_loss,1,30,0.05,3,2,0.025,1,0.629278,1.0,0.937791,1.7,True,17,1,0,16,142,4025,4292,148,0.959459,0.977416,0.937791,37,2026-09-03T19:13:23
tdma_packet_loss,1,30,0.05,3,2,0.025,2,0.748668,1.0,0.928932,2.0,True,20,1,8,24,313,8836,9512,328,0.954268,0.973449,0.928932,82,2026-09-03T19:13:23
tdma_packet_loss,1,30,0.05,3,2,0.025,3,0.677721,0.666667,0.951694,3.1,True,31,1,3,27,226,6403,6728,232,0.974138,0.976961,0.951694,58,2026-09-03T19:13:24
tdma_packet_loss,1,30,0.05,3,2,0.025,4,0.726061,1.0,0.975754,0.9,True,9,1,17,13,255,7244,7424,256,0.996094,0.979581,0.975754,64,2026-09-03T19:13:23
tdma_packet_loss,1,30,0.05,3,2,0.025,5,0.751531,0.666667,0.927976,2.4,True,24,1,5,28,236,6674,7192,248,0.951613,0.975161,0.927976,62,2026-09-03T19:13:24
tdma_packet_loss,1,30,0.05,3,2,0.025,6,0.609821,0.666667,0.939895,1.6,True,16,1,0,13,138,3925,4176,144,0.958333,0.98076,0.939895,36,2026-09-03T19:13:24
tdma_packet_loss,1,30,0.05,3,2,0.025,7,0.725412,1.0,0.915385,1.7,True,17,1,8,12,244,6902,7540,260,0.938462,0.97541,0.915385,65,2026-09-03T19:13:24
tdma_packet_loss,1,30,0.05,3,2,0.025,8,0.664111,0.666667,0.918605,2.3,True,23,1,0,27,162,4582,4988,172,0.94186,0.975309,0.918605,43,2026-09-03T19:13:24
tdma_packet_loss,1,30,0.05,3,2,0.025,9,0.728705,0.666667,0.916164,2.2,True,22,1,16,26,301,8502,9280,320,0.940625,0.973995,0.916164,80,2026-09-03T19:13:24
tdma_packet_loss,1,30,0.05,3,2,0.025,10,0.762398,0.666667,0.932266,1.6,True,16,1,17,26,321,9084,9744,336,0.955357,0.97583,0.932266,84,2026-09-03T19:13:24
tdma_packet_loss,1,30,0.05,3,2,0.025,11,0.730652,0.666667,0.909319,2.9,True,29,1,11,11,295,8333,9164,316,0.933544,0.97405,0.909319,79,2026-09-03T19:13:24
tdma_packet_loss,1,30,0.05,3,2,0.025,12,0.628281,0.666667,0.95431,1.0,True,10,1,0,14,117,3321,3480,120,0.975,0.97878,0.95431,30,2026-09-03T19:13:24
tdma_packet_loss,1,30,0.05,3,2,0.025,13,0.634305,0.666667,0.967816,1.0,True,10,1,0,14,119,3368,3480,120,0.991667,0.975949,0.967816,30,2026-09-03T19:13:24
tdma_packet_loss,1,30,0.05,3,2,0.025,14,0.710796,1.0,0.939911,1.7,True,17,1,26,21,389,11012,11716,404,0.962871,0.976155,0.939911,101,2026-09-03T19:13:25
tdma_packet_loss,1,30,0.05,3,2,0.05,0,0.739287,0.0,0.905599,3.2,True,32,1,120,12,374,10610,11716,404,0.925743,0.978241,0.905599,202,2026-09-03T19:13:26
tdma_packet_loss,1,30,0.05,3,2,0.05,1,0.739948,0.666667,0.940826,3.4,True,34,1,12,38,156,4420,4698,162,0.962963,0.977011,0.940826,81,2026-09-03T19:13:24
tdma_packet_loss,1,30,0.05,3,2,0.05,2,0.737738,0.333333,0.917344,4.8,True,48,1,192,17,566,16015,17458,602,0.940199,0.975691,0.917344,301,2026-09-03T19:13:26
tdma_packet_loss,1,30,0.05,3,2,0.05,3,0.74356,0.333333,0.95014,3.5,True,35,1,55,27,216,6117,6438,222,0.972973,0.976533,0.95014,111,2026-09-03T19:13:25
tdma_packet_loss,1,30,0.05,3,2,0.05,4,0.725242,0.0,0.953044,4.9,True,49,1,210,9,698,19789,20764,716,0.97486,0.977621,0.953044,358,2026-09-03T19:13:26
tdma_packet_loss,1,30,0.05,3,2,0.05,5,0.761641,0.0,0.927724,8.7,True,87,1,182,39,714,20178,21750,750,0.952,0.9745,0.927724,375,2026-09-03T19:13:26
tdma_packet_loss,1,30,0.05,3,2,0.05,6,0.738795,0.333333,0.943089,3.6,True,36,1,60,11,237,6728,7134,246,0.963415,0.978903,0.943089,123,2026-09-03T19:13:27
tdma_packet_loss,1,30,0.05,3,2,0.05,7,0.732683,0.666667,0.917864,5.3,True,53,1,52,12,271,7666,8352,288,0.940972,0.975442,0.917864,144,2026-09-03T19:13:25
tdma_packet_loss,1,30,0.05,3,2,0.05,8,0.764633,0.333333,0.917805,5.6,True,56,1,105,30,380,10753,11716,404,0.940594,0.975771,0.917805,202,2026-09-03T19:13:26
tdma_packet_loss,1,30,0.05,3,2,0.05,9,0.758493,0.333333,0.917056,4.2,True,42,1,179,31,596,16861,18386,634,0.940063,0.975526,0.917056,317,2026-09-03T19:13:27
tdma_packet_loss,1,30,0.05,3,2,0.05,10,0.718149,0.333333,0.929058,4.6,True,46,1,68,28,299,8460,9106,314,0.952229,0.975666,0.929058,157,2026-09-03T19:13:28
tdma_packet_loss,1,30,0.05,3,2,0.05,11,0.755332,0.333333,0.917463,6.4,True,64,1,178,38,557,15751,17168,592,0.940878,0.975113,0.917463,296,2026-09-03T19:13:27
tdma_packet_loss,1,30,0.05,3,2,0.05,12,0.71397,0.666667,0.955011,3.0,True,30,1,10,19,125,3545,3712,128,0.976562,0.977931,0.955011,64,2026-09-03T19:13:27
tdma_packet_loss,1,30,0.05,3,2,0.05,13,0.74115,0.666667,0.970474,2.1,True,21,1,31,26,159,4503,4640,160,0.99375,0.976578,0.970474,80,2026-09-03T19:13:26
tdma_packet_loss,1,30,0.05,3,2,0.05,14,0.68661,0.333333,0.936422,6.4,True,64,1,53,39,276,7821,8352,288,0.958333,0.977136,0.936422,144,2026-09-03T19:13:27
tdma_packet_loss,1,30,0.05,3,2,0.1,0,0.615208,0.333333,0.905103,10.3,True,103,0,357,49,463,13124,14500,500,0.926,0.977434,0.905103,500,2026-09-03T19:13:28
tdma_packet_loss,1,30,0.05,3,2,0.1,1,0.586623,1.0,0.940069,21.8,True,218,0,264,42,481,13631,14500,500,0.962,0.977203,0.940069,500,2026-09-03T19:13:30
tdma_packet_loss,1,30,0.05,3,2,0.1,2,0.550542,0.333333,0.915931,48.9,True,489,0,10,23,470,13281,14500,500,0.94,0.974395,0.915931,500,2026-09-03T19:13:28
tdma_packet_loss,1,30,0.05,3,2,0.1,3,0.617664,1.0,0.947517,8.2,True,82,0,401,18,485,13739,14500,500,0.97,0.976822,0.947517,500,2026-09-03T19:13:31
tdma_packet_loss,1,30,0.05,3,2,0.1,4,0.655889,0.666667,0.950552,7.7,True,77,0,416,17,486,13783,14500,500,0.972,0.977934,0.950552,500,2026-09-03T19:13:29
tdma_packet_loss,1,30,0.05,3,2,0.1,5,0.555341,0.666667,0.928759,22.4,True,224,0,263,79,477,13467,14500,500,0.954,0.973542,0.928759,500,2026-09-03T19:13:31
tdma_packet_loss,1,30,0.05,3,2,0.1,6,0.549471,0.666667,0.935241,6.3,True,63,0,429,44,479,13561,14500,500,0.958,0.976244,0.935241,500,2026-09-03T19:13:29
tdma_packet_loss,1,30,0.05,3,2,0.1,7,0.557708,0.333333,0.920345,23.4,True,234,0,256,35,472,13345,14500,500,0.944,0.974942,0.920345,500,2026-09-03T19:13:31
tdma_packet_loss,1,30,0.05,3,2,0.1,8,0.570182,0.666667,0.917862,35.5,True,355,0,123,50,470,13309,14500,500,0.94,0.976449,0.917862,500,2026-09-03T19:13:29
tdma_packet_loss,1,30,0.05,3,2,0.1,9,0.512876,0.666667,0.922552,6.9,True,69,0,413,48,473,13377,14500,500,0.946,0.975213,0.922552,500,2026-09-03T19:13:32
tdma_packet_loss,1,30,0.05,3,2,0.1,10,0.588903,0.666667,0.919862,11.8,True,118,0,378,21,471,13338,14500,500,0.942,0.976499,0.919862,500,2026-09-03T19:13:29
tdma_packet_loss,1,30,0.05,3,2,0.1,11,0.609594,0.666667,0.914345,15.1,True,151,0,342,33,469,13258,14500,500,0.938,0.974781,0.914345,500,2026-09-03T19:13:32
tdma_packet_loss,1,30,0.05,3,2,0.1,12,0.602684,1.0,0.941103,12.9,True,129,0,368,66,482,13646,14500,500,0.964,0.976248,0.941103,500,2026-09-03T19:13:30
tdma_packet_loss,1,30,0.05,3,2,0.1,13,0.632555,0.666667,0.951103,21.4,True,214,0,270,12,488,13791,14500,500,0.976,0.974491,0.951103,500,2026-09-03T19:13:32
tdma_packet_loss,1,30,0.05,3,2,0.1,14,0.580419,0.666667,0.939034,15.5,True,155,0,335,32,481,13616,14500,500,0.962,0.976127,0.939034,500,2026-09-03T19:13:30
tdma_packet_loss,1,30,0.05,3,5,0.025,0,0.623772,1.0,0.940539,1.9,True,19,1,0,15,150,4255,4524,156,0.961538,0.978161,0.940539,39,2026-09-03T19:13:30
tdma_packet_loss,1,30,0.05,3,5,0.025,1,0.679527,1.0,0.932406,1.1,True,11,1,5,15,168,4759,5104,176,0.954545,0.976806,0.932406,44,2026-09-03T19:13:31
tdma_packet_loss,1,30,0.05,3,5,0.025,2,0.715836,1.0,0.918296,1.8,True,18,1,4,21,253,7137,7772,268,0.94403,0.972741,0.918296,67,2026-09-03T19:13:31
tdma_packet_loss,1,30,0.05,3,5,0.025,3,0.728144,1.0,0.932504,1.1,True,11,1,27,20,336,9519,10208,352,0.954545,0.976909,0.932504,88,2026-09-03T19:13:31
tdma_packet_loss,1,30,0.05,3,5,0.025,4,0.711577,1.0,0.934103,0.9,True,9,1,10,13,225,6393,6844,236,0.95339,0.97977,0.934103,59,2026-09-03T19:13:31
tdma_packet_loss,1,30,0.05,3,5,0.025,5,0.713169,1.0,0.952278,2.4,True,24,1,2,20,219,6186,6496,224,0.977679,0.97402,0.952278,56,2026-09-03T19:13:31
tdma_packet_loss,1,30,0.05,3,5,0.025,6,0.616989,0.666667,0.933429,1.6,True,16,1,0,20,137,3898,4176,144,0.951389,0.981123,0.933429,36,2026-09-03T19:13:31
tdma_packet_loss,1,30,0.05,3,5,0.025,7,0.747844,1.0,0.936557,1.7,True,17,1,8,13,246,6953,7424,256,0.960938,0.974629,0.936557,64,2026-09-03T19:13:32
tdma_packet_loss,1,30,0.05,3,5,0.025,8,0.694687,0.666667,0.918582,2.0,True,20,1,9,24,203,5754,6264,216,0.939815,0.977408,0.918582,54,2026-09-03T19:13:32
tdma_packet_loss,1,30,0.05,3,5,0.025,9,0.614629,0.666667,0.921798,2.2,True,22,1,0,11,159,4491,4872,168,0.946429,0.973975,0.921798,42,2026-09-03T19:13:32
tdma_packet_loss,1,30,0.05,3,5,0.025,10,0.746736,0.666667,0.916752,1.6,True,16,1,11,22,252,7125,7772,268,0.940299,0.974959,0.916752,67,2026-09-03T19:13:32
tdma_packet_loss,1,30,0.05,3,5,0.025,11,0.668059,0.666667,0.935785,1.3,True,13,1,9,11,188,5319,5684,196,0.959184,0.975605,0.935785,49,2026-09-03T19:13:32
tdma_packet_loss,1,30,0.05,3,5,0.025,12,0.720879,1.0,0.93558,1.4,True,14,1,3,12,211,5969,6380,220,0.959091,0.975486,0.93558,55,2026-09-03T19:13:32
tdma_packet_loss,1,30,0.05,3,5,0.025,13,0.662227,0.666667,0.95356,1.1,True,11,1,0,14,121,3429,3596,124,0.975806,0.977201,0.95356,31,2026-09-03T19:13:32
tdma_packet_loss,1,30,0.05,3,5,0.025,14,0.727384,1.0,0.925832,1.7,True,17,1,23,15,440,12458,13456,464,0.948276,0.976332,0.925832,116,2026-09-03T19:13:32
tdma_packet_loss,1,30,0.05,3,5,0.05,0,0.661448,1.0,0.941379,2.3,True,23,1,20,49,125,3549,3770,130,0.961538,0.979034,0.941379,65,2026-09-03T19:13:32
tdma_packet_loss,1,30,0.05,3,5,0.05,1,0.727731,0.333333,0.938399,3.1,True,31,1,126,12,382,10831,11542,398,0.959799,0.977704,0.938399,199,2026-09-03T19:13:33
tdma_packet_loss,1,30,0.05,3,5,0.05,2,0.668967,1.0,0.918138,2.3,True,23,0,359,19,942,26626,29000,1000,0.942,0.974669,0.918138,500,2026-09-03T19:13:34
tdma_packet_loss,1,30,0.05,3,5,0.05,3,0.64583,0.333333,0.933745,7.7,True,77,1,244,24,742,21013,22504,776,0.956186,0.976531,0.933745,388,2026-09-03T19:13:37
tdma_packet_loss,1,30,0.05,3,5,0.05,4,0.708039,0.333333,0.931862,5.1,True,51,0,394,33,954,27024,29000,1000,0.954,0.976795,0.931862,500,2026-09-03T19:13:35
tdma_packet_loss,1,30,0.05,3,5,0.05,5,0.737136,0.333333,0.94213,3.5,True,35,1,192,26,613,17322,18386,634,0.966877,0.974405,0.94213,317,2026-09-03T19:13:37
tdma_packet_loss,1,30,0.05,3,5,0.05,6,0.750649,0.333333,0.905699,3.7,True,37,1,97,11,395,11189,12354,426,0.92723,0.976779,0.905699,213,2026-09-03T19:13:33
tdma_packet_loss,1,30,0.05,3,5,0.05,7,0.718765,0.666667,0.921379,5.1,True,51,0,369,12,946,26720,29000,1000,0.946,0.973974,0.921379,500,2026-09-03T19:13:36
tdma_packet_loss,1,30,0.05,3,5,0.05,8,0.70413,0.333333,0.910291,3.3,True,33,1,39,37,239,6758,7424,256,0.933594,0.97504,0.910291,128,2026-09-03T19:13:33
tdma_packet_loss,1,30,0.05,3,5,0.05,9,0.754155,0.333333,0.905506,7.1,True,71,1,71,34,336,9506,10498,362,0.928177,0.975575,0.905506,181,2026-09-03T19:13:34
tdma_packet_loss,1,30,0.05,3,5,0.05,10,0.704367,0.666667,0.925055,4.1,True,41,1,76,26,328,9282,10034,346,0.947977,0.97582,0.925055,173,2026-09-03T19:13:33
tdma_packet_loss,1,30,0.05,3,5,0.05,11,0.724457,0.333333,0.925828,2.1,True,21,0,403,31,949,26849,29000,1000,0.949,0.975582,0.925828,500,2026-09-03T19:13:36
tdma_packet_loss,1,30,0.05,3,5,0.05,12,0.708115,0.666667,0.940053,4.5,True,45,1,0,34,125,3544,3770,130,0.961538,0.977655,0.940053,65,2026-09-03T19:13:33
tdma_packet_loss,1,30,0.05,3,5,0.05,13,0.727308,0.0,0.930897,4.5,True,45,0,345,30,954,26996,29000,1000,0.954,0.975783,0.930897,500,2026-09-03T19:13:36
tdma_packet_loss,1,30,0.05,3,5,0.05,14,0.756911,0.333333,0.92469,6.0,True,60,0,359,34,948,26816,29000,1000,0.948,0.975411,0.92469,500,2026-09-03T19:13:35
tdma_packet_loss,1,30,0.05,3,5,0.1,0,0.524618,0.333333,0.914828,12.3,True,123,0,356,67,468,13265,14500,500,0.936,0.97738,0.914828,500,2026-09-03T19:13:38
tdma_packet_loss,1,30,0.05,3,5,0.1,1,0.611383,1.0,0.935931,34.7,True,347,0,143,42,479,13571,14500,500,0.958,0.976964,0.935931,500,2026-09-03T19:13:36
tdma_packet_loss,1,30,0.05,3,5,0.1,2,0.570407,0.333333,0.914,23.4,True,234,0,246,23,469,13253,14500,500,0.938,0.974414,0.914,500,2026-09-03T19:13:39
tdma_packet_loss,1,30,0.05,3,5,0.1,3,0.613354,1.0,0.932276,20.8,True,208,0,270,27,477,13518,14500,500,0.954,0.977228,0.932276,500,2026-09-03T19:13:37
tdma_packet_loss,1,30,0.05,3,5,0.1,4,0.622068,0.666667,0.94069,28.0,True,280,0,196,44,481,13640,14500,500,0.962,0.977848,0.94069,500,2026-09-03T19:13:39
tdma_packet_loss,1,30,0.05,3,5,0.1,5,0.612505,0.666667,0.940414,50.0,False,500,0,0,46,483,13636,14500,500,0.966,0.973513,0.940414,500,2026-09-03T19:13:38
tdma_packet_loss,1,30,0.05,3,5,0.1,6,0.566519,1.0,0.904345,15.5,True,155,0,341,25,463,13113,14500,500,0.926,0.976614,0.904345,500,2026-09-03T19:13:41
tdma_packet_loss,1,30,0.05,3,5,0.1,7,0.631571,0.666667,0.931724,31.7,True,317,0,179,23,478,13510,14500,500,0.956,0.974607,0.931724,500,2026-09-03T19:13:39
tdma_packet_loss,1,30,0.05,3,5,0.1,8,0.640854,0.666667,0.915862,21.0,True,210,0,278,74,469,13280,14500,500,0.938,0.976399,0.915862,500,2026-09-03T19:13:41
tdma_packet_loss,1,30,0.05,3,5,0.1,9,0.571552,0.666667,0.917103,9.9,True,99,0,391,69,470,13298,14500,500,0.94,0.975642,0.917103,500,2026-09-03T19:13:39
tdma_packet_loss,1,30,0.05,3,5,0.1,10,0.581859,0.666667,0.931517,11.2,True,112,0,367,17,477,13507,14500,500,0.954,0.976433,0.931517,500,2026-09-03T19:13:42
tdma_packet_loss,1,30,0.05,3,5,0.1,11,0.607539,1.0,0.923862,22.0,True,220,0,273,31,474,13396,14500,500,0.948,0.974538,0.923862,500,2026-09-03T19:13:39
tdma_packet_loss,1,30,0.05,3,5,0.1,12,0.647911,0.666667,0.933379,14.4,True,144,0,342,32,478,13534,14500,500,0.956,0.976338,0.933379,500,2026-09-03T19:13:42
tdma_packet_loss,1,30,0.05,3,5,0.1,13,0.563819,1.0,0.928483,50.0,False,500,0,0,13,476,13463,14500,500,0.952,0.975297,0.928483,500,2026-09-03T19:13:40
tdma_packet_loss,1,30,0.05,3,5,0.1,14,0.633805,0.333333,0.923379,8.4,True,84,0,406,44,473,13389,14500,500,0.946,0.976088,0.923379,500,2026-09-03T19:13:42
tdma_packet_loss,1,30,0.05,5,0,0.025,0,0.640616,1.0,0.906356,3.1,True,31,1,0,35,189,5362,5916,204,0.926471,0.978289,0.906356,51,2026-09-03T19:13:38
tdma_packet_loss,1,30,0.05,5,0,0.025,1,0.720556,0.6,0.942492,3.7,True,37,1,13,47,305,8637,9164,316,0.96519,0.976484,0.942492,79,2026-09-03T19:13:39
tdma_packet_loss,1,30,0.05,5,0,0.025,2,0.759042,0.6,0.913579,2.3,True,23,1,31,27,454,12823,14036,484,0.938017,0.973948,0.913579,121,2026-09-03T19:13:39
tdma_packet_loss,1,30,0.05,5,0,0.025,3,0.711326,1.0,0.953169,2.5,True,25,1,15,33,289,8182,8584,296,0.976351,0.976256,0.953169,74,2026-09-03T19:13:40
tdma_packet_loss,1,30,0.05,5,0,0.025,4,0.752028,1.0,0.959736,2.1,True,21,1,13,24,333,9463,9860,340,0.979412,0.979911,0.959736,85,2026-09-03T19:13:40
tdma_packet_loss,1,30,0.05,5,0,0.025,5,0.736254,0.6,0.926362,2.0,True,20,1,21,30,407,11498,12412,428,0.950935,0.974159,0.926362,107,2026-09-03T19:13:40
tdma_packet_loss,1,30,0.05,5,0,0.025,6,0.69858,0.8,0.939655,1.9,True,19,1,4,23,215,6104,6496,224,0.959821,0.97899,0.939655,56,2026-09-03T19:13:40
tdma_packet_loss,1,30,0.05,5,0,0.025,7,0.759935,0.2,0.92421,3.3,True,33,1,33,28,546,15438,16704,576,0.947917,0.974991,0.92421,144,2026-09-03T19:13:41
tdma_packet_loss,1,30,0.05,5,0,0.025,8,0.670942,0.8,0.923766,1.5,True,15,1,11,21,193,5465,5916,204,0.946078,0.976416,0.923766,51,2026-09-03T19:13:40
tdma_packet_loss,1,30,0.05,5,0,0.025,9,0.640664,0.6,0.920723,2.4,True,24,1,17,27,385,10894,11832,408,0.943627,0.975728,0.920723,102,2026-09-03T19:13:41
tdma_packet_loss,1,30,0.05,5,0,0.025,10,0.684533,0.8,0.929398,2.8,True,28,1,23,35,301,8517,9164,316,0.952532,0.975713,0.929398,79,2026-09-03T19:13:41
tdma_packet_loss,1,30,0.05,5,0,0.025,11,0.743931,0.6,0.915047,2.2,True,22,1,23,25,413,11676,12760,440,0.938636,0.974868,0.915047,110,2026-09-03T19:13:42
tdma_packet_loss,1,30,0.05,5,0,0.025,12,0.705991,0.8,0.958621,1.5,True,15,1,6,19,275,7784,8120,280,0.982143,0.97605,0.958621,70,2026-09-03T19:13:41
tdma_packet_loss,1,30,0.05,5,0,0.025,13,0.700863,0.6,0.96844,0.9,True,9,1,22,21,234,6628,6844,236,0.991525,0.976717,0.96844,59,2026-09-03T19:13:42
tdma_packet_loss,1,30,0.05,5,0,0.025,14,0.724364,0.6,0.939039,2.3,True,23,1,23,21,431,12200,12992,448,0.962054,0.976078,0.939039,112,2026-09-03T19:13:42
tdma_packet_loss,1,30,0.05,5,0,0.05,0,0.704418,0.2,0.915207,10.6,True,106,0,372,27,938,26541,29000,1000,0.938,0.9757,0.915207,500,2026-09-03T19:13:44
tdma_packet_loss,1,30,0.05,5,0,0.05,1,0.668716,0.2,0.932847,7.8,True,78,1,179,51,672,19045,20416,704,0.954545,0.977268,0.932847,352,2026-09-03T19:13:43
tdma_packet_loss,1,30,0.05,5,0,0.05,2,0.657836,0.4,0.922897,6.1,True,61,0,399,52,947,26764,29000,1000,0.947,0.974548,0.922897,500,2026-09-03T19:13:46
tdma_packet_loss,1,30,0.05,5,0,0.05,3,0.685191,0.6,0.936655,7.8,True,78,0,391,40,959,27163,29000,1000,0.959,0.9767,0.936655,500,2026-09-03T19:13:44
tdma_packet_loss,1,30,0.05,5,0,0.05,4,0.724673,0.2,0.946379,3.8,True,38,0,425,44,969,27445,29000,1000,0.969,0.976656,0.946379,500,2026-09-03T19:13:47
tdma_packet_loss,1,30,0.05,5,0,0.05,5,0.687842,0.4,0.929103,12.6,True,126,0,339,44,953,26944,29000,1000,0.953,0.974925,0.929103,500,2026-09-03T19:13:45
tdma_packet_loss,1,30,0.05,5,0,0.05,6,0.695731,0.4,0.923793,6.5,True,65,0,386,59,947,26790,29000,1000,0.947,0.975494,0.923793,500,2026-09-03T19:13:48
tdma_packet_loss,1,30,0.05,5,0,0.05,7,0.710708,0.4,0.915655,6.8,True,68,0,399,32,940,26554,29000,1000,0.94,0.974101,0.915655,500,2026-09-03T19:13:44
tdma_packet_loss,1,30,0.05,5,0,0.05,8,0.693382,0.6,0.922034,9.9,True,99,0,362,33,945,26739,29000,1000,0.945,0.975698,0.922034,500,2026-09-03T19:13:47
tdma_packet_loss,1,30,0.05,5,0,0.05,9,0.740353,0.2,0.918553,11.1,True,111,1,155,38,614,17368,18908,652,0.941718,0.975402,0.918553,326,2026-09-03T19:13:43
tdma_packet_loss,1,30,0.05,5,0,0.05,10,0.690602,0.8,0.928517,5.4,True,54,0,376,50,952,26927,29000,1000,0.952,0.975333,0.928517,500,2026-09-03T19:13:46
tdma_packet_loss,1,30,0.05,5,0,0.05,11,0.693165,0.4,0.920034,23.4,True,234,0,250,23,943,26681,29000,1000,0.943,0.975646,0.920034,500,2026-09-03T19:13:45
tdma_packet_loss,1,30,0.05,5,0,0.05,12,0.698737,0.4,0.928172,3.0,True,30,0,411,38,952,26917,29000,1000,0.952,0.974971,0.928172,500,2026-09-03T19:13:48
tdma_packet_loss,1,30,0.05,5,0,0.05,13,0.742142,0.2,0.939552,1.8,True,18,0,434,26,963,27247,29000,1000,0.963,0.975651,0.939552,500,2026-09-03T19:13:45
tdma_packet_loss,1,30,0.05,5,0,0.05,14,0.642506,0.6,0.932379,8.5,True,85,0,378,43,956,27039,29000,1000,0.956,0.975292,0.932379,500,2026-09-03T19:13:48
tdma_packet_loss,1,30,0.05,5,0,0.1,0,0.392765,0.6,0.905103,50.0,False,500,0,0,130,463,13124,14500,500,0.926,0.977434,0.905103,500,2026-09-03T19:13:47
tdma_packet_loss,1,30,0.05,5,0,0.1,1,0.537853,0.6,0.940069,50.0,False,500,0,0,495,481,13631,14500,500,0.962,0.977203,0.940069,500,2026-09-03T19:13:49
tdma_packet_loss,1,30,0.05,5,0,0.1,2,0.436653,0.4,0.915931,50.0,False,500,0,0,75,470,13281,14500,500,0.94,0.974395,0.915931,500,2026-09-03T19:13:49
tdma_packet_loss,1,30,0.05,5,0,0.1,3,0.461366,0.8,0.947517,50.0,False,500,0,0,273,485,13739,14500,500,0.97,0.976822,0.947517,500,2026-09-03T19:13:51
tdma_packet_loss,1,30,0.05,5,0,0.1,4,0.584144,0.6,0.950552,50.0,False,500,0,0,46,486,13783,14500,500,0.972,0.977934,0.950552,500,2026-09-03T19:13:49
tdma_packet_loss,1,30,0.05,5,0,0.1,5,0.407291,0.6,0.928759,24.3,True,243,0,252,247,477,13467,14500,500,0.954,0.973542,0.928759,500,2026-09-03T19:13:51
tdma_packet_loss,1,30,0.05,5,0,0.1,6,0.483086,0.4,0.935241,50.0,False,500,0,0,102,479,13561,14500,500,0.958,0.976244,0.935241,500,2026-09-03T19:13:50
tdma_packet_loss,1,30,0.05,5,0,0.1,7,0.513405,0.6,0.920345,50.0,False,500,0,0,72,472,13345,14500,500,0.944,0.974942,0.920345,500,2026-09-03T19:13:52
tdma_packet_loss,1,30,0.05,5,0,0.1,8,0.463112,0.6,0.917862,50.0,False,500,0,0,176,470,13309,14500,500,0.94,0.976449,0.917862,500,2026-09-03T19:13:50
tdma_packet_loss,1,30,0.05,5,0,0.1,9,0.533693,0.6,0.922552,36.0,True,360,0,139,54,473,13377,14500,500,0.946,0.975213,0.922552,500,2026-09-03T19:13:52
tdma_packet_loss,1,30,0.05,5,0,0.1,10,0.471347,0.6,0.919862,50.0,False,500,0,0,500,471,13338,14500,500,0.942,0.976499,0.919862,500,2026-09-03T19:13:50
tdma_packet_loss,1,30,0.05,5,0,0.1,11,0.335195,0.8,0.914345,50.0,False,500,0,0,113,469,13258,14500,500,0.938,0.974781,0.914345,500,2026-09-03T19:13:52
tdma_packet_loss,1,30,0.05,5,0,0.1,12,0.507835,0.4,0.941103,50.0,False,500,0,0,77,482,13646,14500,500,0.964,0.976248,0.941103,500,2026-09-03T19:13:50
tdma_packet_loss,1,30,0.05,5,0,0.1,13,0.440048,0.6,0.951103,50.0,False,500,0,0,53,488,13791,14500,500,0.976,0.974491,0.951103,500,2026-09-03T19:13:53
tdma_packet_loss,1,30,0.05,5,0,0.1,14,0.503883,0.8,0.939034,38.2,True,382,0,116,77,481,13616,14500,500,0.962,0.976127,0.939034,500,2026-09-03T19:13:51
tdma_packet_loss,1,30,0.05,5,2,0.025,0,0.686932,1.0,0.923665,3.1,True,31,1,4,28,234,6643,7192,248,0.943548,0.978927,0.923665,62,2026-09-03T19:13:51
tdma_packet_loss,1,30,0.05,5,2,0.025,1,0.76088,0.6,0.932591,2.1,True,21,1,15,43,275,7789,8352,288,0.954861,0.976677,0.932591,72,2026-09-03T19:13:50
tdma_packet_loss,1,30,0.05,5,2,0.025,2,0.700608,0.4,0.909795,2.0,True,20,1,27,26,258,7282,8004,276,0.934783,0.973269,0.909795,69,2026-09-03T19:13:50
tdma_packet_loss,1,30,0.05,5,2,0.025,3,0.704209,0.2,0.927725,2.5,True,25,1,26,39,425,12053,12992,448,0.948661,0.977931,0.927725,112,2026-09-03T19:13:51
tdma_packet_loss,1,30,0.05,5,2,0.025,4,0.662194,1.0,0.953924,2.1,True,21,1,8,22,226,6418,6728,232,0.974138,0.979249,0.953924,58,2026-09-03T19:13:51
tdma_packet_loss,1,30,0.05,5,2,0.025,5,0.707671,0.8,0.943409,2.5,True,25,1,4,29,240,6785,7192,248,0.967742,0.974856,0.943409,62,2026-09-03T19:13:51
tdma_packet_loss,1,30,0.05,5,2,0.025,6,0.676961,0.8,0.954225,2.1,True,21,1,7,31,277,7859,8236,284,0.975352,0.978339,0.954225,71,2026-09-03T19:13:52
tdma_packet_loss,1,30,0.05,5,2,0.025,7,0.744056,0.6,0.936228,1.7,True,17,1,19,29,319,9014,9628,332,0.960843,0.974381,0.936228,83,2026-09-03T19:13:52
tdma_packet_loss,1,30,0.05,5,2,0.025,8,0.761227,0.2,0.909483,1.5,True,15,1,20,27,321,9073,9976,344,0.93314,0.974648,0.909483,86,2026-09-03T19:13:52
tdma_packet_loss,1,30,0.05,5,2,0.025,9,0.674545,0.8,0.895582,2.3,True,23,1,16,21,294,8311,9280,320,0.91875,0.974783,0.895582,80,2026-09-03T19:13:52
tdma_packet_loss,1,30,0.05,5,2,0.025,10,0.749666,0.4,0.934169,1.8,True,18,1,23,17,337,9536,10208,352,0.957386,0.97575,0.934169,88,2026-09-03T19:13:52
tdma_packet_loss,1,30,0.05,5,2,0.025,11,0.698193,0.8,0.929777,2.2,True,22,1,2,32,183,5177,5568,192,0.953125,0.975504,0.929777,48,2026-09-03T19:13:52
tdma_packet_loss,1,30,0.05,5,2,0.025,12,0.773019,0.4,0.928285,1.6,True,16,1,31,20,441,12491,13456,464,0.950431,0.976699,0.928285,116,2026-09-03T19:13:52
tdma_packet_loss,1,30,0.05,5,2,0.025,13,0.782515,0.4,0.925014,0.9,True,9,1,45,21,478,13520,14616,504,0.948413,0.975328,0.925014,126,2026-09-03T19:13:53
tdma_packet_loss,1,30,0.05,5,2,0.025,14,0.686258,0.8,0.928264,2.3,True,23,1,8,21,213,6030,6496,224,0.950893,0.976202,0.928264,56,2026-09-03T19:13:53
tdma_packet_loss,1,30,0.05,5,2,0.05,0,0.717309,0.4,0.919069,6.6,True,66,0,390,62,942,26653,29000,1000,0.942,0.975657,0.919069,500,2026-09-03T19:13:55
tdma_packet_loss,1,30,0.05,5,2,0.05,1,0.701243,0.2,0.939345,4.7,True,47,0,402,55,962,27241,29000,1000,0.962,0.97645,0.939345,500,2026-09-03T19:13:58
tdma_packet_loss,1,30,0.05,5,2,0.05,2,0.682656,0.4,0.916207,27.8,True,278,0,184,53,940,26570,29000,1000,0.94,0.974688,0.916207,500,2026-09-03T19:13:55
tdma_packet_loss,1,30,0.05,5,2,0.05,3,0.76102,0.6,0.931103,13.1,True,131,0,346,25,953,27002,29000,1000,0.953,0.977024,0.931103,500,2026-09-03T19:13:59
tdma_packet_loss,1,30,0.05,5,2,0.05,4,0.717886,0.4,0.929931,15.5,True,155,0,298,36,952,26968,29000,1000,0.952,0.976818,0.929931,500,2026-09-03T19:13:55
tdma_packet_loss,1,30,0.05,5,2,0.05,5,0.711914,0.4,0.933103,3.6,True,36,0,426,44,957,27060,29000,1000,0.957,0.97503,0.933103,500,2026-09-03T19:13:58
tdma_packet_loss,1,30,0.05,5,2,0.05,6,0.721929,0.6,0.926552,18.4,True,184,0,292,54,950,26870,29000,1000,0.95,0.975318,0.926552,500,2026-09-03T19:13:55
tdma_packet_loss,1,30,0.05,5,2,0.05,7,0.629949,0.6,0.919483,9.6,True,96,0,397,29,944,26665,29000,1000,0.944,0.974028,0.919483,500,2026-09-03T19:13:58
tdma_packet_loss,1,30,0.05,5,2,0.05,8,0.680448,0.8,0.925724,9.6,True,96,0,372,37,949,26846,29000,1000,0.949,0.975473,0.925724,500,2026-09-03T19:13:55
tdma_packet_loss,1,30,0.05,5,2,0.05,9,0.736409,0.2,0.920621,9.5,True,95,0,317,36,944,26698,29000,1000,0.944,0.975234,0.920621,500,2026-09-03T19:13:58
tdma_packet_loss,1,30,0.05,5,2,0.05,10,0.768409,0.4,0.931379,15.6,True,156,0,297,92,955,27010,29000,1000,0.955,0.975266,0.931379,500,2026-09-03T19:13:56
tdma_packet_loss,1,30,0.05,5,2,0.05,11,0.744499,0.0,0.923263,9.5,True,95,1,322,25,903,25543,27666,954,0.946541,0.975408,0.923263,477,2026-09-03T19:13:59
tdma_packet_loss,1,30,0.05,5,2,0.05,12,0.70562,0.8,0.929,3.8,True,38,0,453,20,953,26941,29000,1000,0.953,0.974816,0.929,500,2026-09-03T19:13:56
tdma_packet_loss,1,30,0.05,5,2,0.05,13,0.727158,0.4,0.928931,1.8,True,18,0,428,26,952,26939,29000,1000,0.952,0.975768,0.928931,500,2026-09-03T19:13:59
tdma_packet_loss,1,30,0.05,5,2,0.05,14,0.70758,0.2,0.923828,3.6,True,36,0,414,40,947,26791,29000,1000,0.947,0.975531,0.923828,500,2026-09-03T19:13:56
tdma_packet_loss,1,30,0.05,5,2,0.1,0,0.606707,0.8,0.910897,50.0,False,500,0,0,486,466,13208,14500,500,0.932,0.977357,0.910897,500,2026-09-03T19:13:59
tdma_packet_loss,1,30,0.05,5,2,0.1,1,0.496266,0.8,0.932138,18.9,True,189,0,303,74,477,13516,14500,500,0.954,0.977084,0.932138,500,2026-09-03T19:14:01
tdma_packet_loss,1,30,0.05,5,2,0.1,2,0.571829,0.6,0.910207,50.0,False,500,0,0,500,467,13198,14500,500,0.934,0.974526,0.910207,500,2026-09-03T19:14:04
tdma_packet_loss,1,30,0.05,5,2,0.1,3,0.453634,0.6,0.928483,50.0,False,500,0,0,500,475,13463,14500,500,0.95,0.97735,0.928483,500,2026-09-03T19:14:01
tdma_packet_loss,1,30,0.05,5,2,0.1,4,0.478041,0.4,0.93669,38.0,True,380,0,114,89,479,13582,14500,500,0.958,0.977755,0.93669,500,2026-09-03T19:14:04
tdma_packet_loss,1,30,0.05,5,2,0.1,5,0.388595,1.0,0.936552,47.1,True,471,0,25,258,481,13580,14500,500,0.962,0.973546,0.936552,500,2026-09-03T19:14:01
tdma_packet_loss,1,30,0.05,5,2,0.1,6,0.53054,0.4,0.942966,24.2,True,242,0,256,119,483,13673,14500,500,0.966,0.976155,0.942966,500,2026-09-03T19:14:04
tdma_packet_loss,1,30,0.05,5,2,0.1,7,0.475593,0.6,0.927793,50.0,False,500,0,0,124,476,13453,14500,500,0.952,0.974573,0.927793,500,2026-09-03T19:14:01
tdma_packet_loss,1,30,0.05,5,2,0.1,8,0.509015,0.8,0.912138,50.0,False,500,0,0,168,467,13226,14500,500,0.934,0.976593,0.912138,500,2026-09-03T19:14:04
tdma_packet_loss,1,30,0.05,5,2,0.1,9,0.502688,0.6,0.913103,50.0,False,500,0,0,109,468,13240,14500,500,0.936,0.975538,0.913103,500,2026-09-03T19:14:01
tdma_packet_loss,1,30,0.05,5,2,0.1,10,0.547764,0.2,0.927586,50.0,False,500,0,0,139,475,13450,14500,500,0.95,0.976407,0.927586,500,2026-09-03T19:14:04
tdma_packet_loss,1,30,0.05,5,2,0.1,11,0.526725,0.6,0.92,50.0,False,500,0,0,119,472,13340,14500,500,0.944,0.974576,0.92,500,2026-09-03T19:14:02
tdma_packet_loss,1,30,0.05,5,2,0.1,12,0.527349,0.8,0.929517,36.6,True,366,0,131,67,476,13478,14500,500,0.952,0.976384,0.929517,500,2026-09-03T19:14:04
tdma_packet_loss,1,30,0.05,5,2,0.1,13,0.450732,0.6,0.92469,50.0,False,500,0,0,51,474,13408,14500,500,0.948,0.975411,0.92469,500,2026-09-03T19:14:02
tdma_packet_loss,1,30,0.05,5,2,0.1,14,0.455929,0.6,0.919655,50.0,False,500,0,0,75,471,13335,14500,500,0.942,0.976279,0.919655,500,2026-09-03T19:14:04
tdma_packet_loss,1,30,0.05,5,5,0.025,0,0.665043,1.0,0.935191,2.5,True,25,1,3,29,214,6075,6496,224,0.955357,0.978891,0.935191,56,2026-09-03T19:13:59
tdma_packet_loss,1,30,0.05,5,5,0.025,1,0.68196,0.8,0.95602,3.3,True,33,1,3,23,231,6543,6844,236,0.978814,0.976713,0.95602,59,2026-09-03T19:14:00
tdma_packet_loss,1,30,0.05,5,5,0.025,2,0.678945,0.8,0.906373,1.2,True,12,1,21,25,294,8306,9164,316,0.93038,0.974197,0.906373,79,2026-09-03T19:14:00
tdma_packet_loss,1,30,0.05,5,5,0.025,3,0.753039,0.2,0.94047,1.9,True,19,1,42,24,489,13855,14732,508,0.962598,0.977011,0.94047,127,2026-09-03T19:14:01
tdma_packet_loss,1,30,0.05,5,5,0.025,4,0.727359,0.6,0.95126,3.0,True,30,1,15,17,303,8607,9048,312,0.971154,0.979515,0.95126,78,2026-09-03T19:14:02
tdma_packet_loss,1,30,0.05,5,5,0.025,5,0.742385,0.4,0.908396,1.4,True,14,1,28,18,429,12118,13340,460,0.932609,0.974037,0.908396,115,2026-09-03T19:14:03
tdma_packet_loss,1,30,0.05,5,5,0.025,6,0.72191,0.2,0.915691,1.9,True,19,1,37,37,409,11578,12644,436,0.938073,0.97614,0.915691,109,2026-09-03T19:14:04
tdma_packet_loss,1,30,0.05,5,5,0.025,7,0.694072,0.6,0.916815,3.2,True,32,1,22,36,365,10316,11252,388,0.940722,0.974587,0.916815,97,2026-09-03T19:14:04
tdma_packet_loss,1,30,0.05,5,5,0.025,8,0.659981,0.8,0.930233,1.6,True,16,1,6,21,164,4640,4988,172,0.953488,0.97561,0.930233,43,2026-09-03T19:14:04
tdma_packet_loss,1,30,0.05,5,5,0.025,9,0.737428,0.2,0.920705,2.7,True,27,1,29,26,419,11855,12876,444,0.943694,0.97564,0.920705,111,2026-09-03T19:14:05
tdma_packet_loss,1,30,0.05,5,5,0.025,10,0.742762,0.8,0.938013,2.3,True,23,1,21,21,323,9140,9744,336,0.96131,0.975766,0.938013,84,2026-09-03T19:14:05
tdma_packet_loss,1,30,0.05,5,5,0.025,11,0.73206,0.2,0.924598,2.1,True,21,1,49,25,554,15659,16936,584,0.94863,0.974667,0.924598,146,2026-09-03T19:14:06
tdma_packet_loss,1,30,0.05,5,5,0.025,12,0.74576,0.6,0.923908,1.8,True,18,1,24,18,284,8038,8700,300,0.946667,0.975959,0.923908,75,2026-09-03T19:14:05
tdma_packet_loss,1,30,0.05,5,5,0.025,13,0.740141,0.6,0.913878,1.7,True,17,1,12,28,382,10813,11832,408,0.936275,0.976079,0.913878,102,2026-09-03T19:14:05
tdma_packet_loss,1,30,0.05,5,5,0.025,14,0.64466,0.8,0.932574,1.5,True,15,1,7,19,214,6058,6496,224,0.955357,0.976152,0.932574,56,2026-09-03T19:14:04
tdma_packet_loss,1,30,0.05,5,5,0.05,0,0.73388,0.6,0.924966,6.2,True,62,0,374,59,948,26824,29000,1000,0.948,0.975702,0.924966,500,2026-09-03T19:14:08
tdma_packet_loss,1,30,0.05,5,5,0.05,1,0.694335,0.6,0.945138,5.9,True,59,0,381,37,968,27409,29000,1000,0.968,0.976382,0.945138,500,2026-09-03T19:14:07
tdma_packet_loss,1,30,0.05,5,5,0.05,2,0.695508,0.6,0.921931,3.3,True,33,0,413,37,946,26736,29000,1000,0.946,0.974557,0.921931,500,2026-09-03T19:14:11
tdma_packet_loss,1,30,0.05,5,5,0.05,3,0.672314,0.4,0.935862,4.2,True,42,0,422,51,958,27140,29000,1000,0.958,0.976892,0.935862,500,2026-09-03T19:14:08
tdma_packet_loss,1,30,0.05,5,5,0.05,4,0.746346,0.2,0.935586,10.4,True,104,0,327,56,958,27132,29000,1000,0.958,0.976604,0.935586,500,2026-09-03T19:14:11
tdma_packet_loss,1,30,0.05,5,5,0.05,5,0.696391,0.4,0.914966,5.6,True,56,0,396,37,938,26534,29000,1000,0.938,0.975443,0.914966,500,2026-09-03T19:14:07
tdma_packet_loss,1,30,0.05,5,5,0.05,6,0.711613,0.0,0.924154,7.6,True,76,1,340,46,835,23638,25578,882,0.946712,0.976172,0.924154,441,2026-09-03T19:14:10
tdma_packet_loss,1,30,0.05,5,5,0.05,7,0.673772,0.2,0.925241,24.0,True,240,0,235,34,950,26832,29000,1000,0.95,0.973938,0.925241,500,2026-09-03T19:14:08
tdma_packet_loss,1,30,0.05,5,5,0.05,8,0.708444,0.2,0.931414,8.6,True,86,0,350,40,955,27011,29000,1000,0.955,0.975302,0.931414,500,2026-09-03T19:14:11
tdma_packet_loss,1,30,0.05,5,5,0.05,9,0.690857,0.2,0.919598,4.7,True,47,1,123,41,375,10614,11542,398,0.942211,0.976,0.919598,199,2026-09-03T19:14:06
tdma_packet_loss,1,30,0.05,5,5,0.05,10,0.725722,0.6,0.937207,8.3,True,83,0,365,87,961,27179,29000,1000,0.961,0.975241,0.937207,500,2026-09-03T19:14:09
tdma_packet_loss,1,30,0.05,5,5,0.05,11,0.733482,0.0,0.928616,9.7,True,97,1,363,26,937,26499,28536,984,0.952236,0.975196,0.928616,492,2026-09-03T19:14:08
tdma_packet_loss,1,30,0.05,5,5,0.05,12,0.696802,0.6,0.923345,13.2,True,132,0,345,21,947,26777,29000,1000,0.947,0.975021,0.923345,500,2026-09-03T19:14:12
tdma_packet_loss,1,30,0.05,5,5,0.05,13,0.710902,0.4,0.921069,4.8,True,48,0,416,15,944,26711,29000,1000,0.944,0.975709,0.921069,500,2026-09-03T19:14:09
tdma_packet_loss,1,30,0.05,5,5,0.05,14,0.710287,0.2,0.92869,7.0,True,70,0,407,31,952,26932,29000,1000,0.952,0.975514,0.92869,500,2026-09-03T19:14:12
tdma_packet_loss,1,30,0.05,5,5,0.1,0,0.507499,0.4,0.922621,24.5,True,245,0,254,134,472,13378,14500,500,0.944,0.977352,0.922621,500,2026-09-03T19:14:11
tdma_packet_loss,1,30,0.05,5,5,0.1,1,0.49517,0.4,0.943655,50.0,False,500,0,0,23,483,13683,14500,500,0.966,0.976869,0.943655,500,2026-09-03T19:14:13
tdma_packet_loss,1,30,0.05,5,5,0.1,2,0.488898,0.4,0.921448,19.5,True,195,0,304,134,473,13361,14500,500,0.946,0.974047,0.921448,500,2026-09-03T19:14:12
tdma_packet_loss,1,30,0.05,5,5,0.1,3,0.553384,0.8,0.940138,50.0,False,500,0,0,288,481,13632,14500,500,0.962,0.977274,0.940138,500,2026-09-03T19:14:15
tdma_packet_loss,1,30,0.05,5,5,0.1,4,0.607195,0.4,0.946345,33.8,True,338,0,161,38,484,13722,14500,500,0.968,0.977629,0.946345,500,2026-09-03T19:14:13
tdma_packet_loss,1,30,0.05,5,5,0.1,5,0.508063,0.8,0.913931,50.0,False,500,0,0,301,469,13252,14500,500,0.938,0.97434,0.913931,500,2026-09-03T19:14:16
tdma_packet_loss,1,30,0.05,5,5,0.1,6,0.537253,0.8,0.912069,50.0,False,500,0,0,54,467,13225,14500,500,0.934,0.976519,0.912069,500,2026-09-03T19:14:13
tdma_packet_loss,1,30,0.05,5,5,0.1,7,0.469879,0.4,0.925931,24.5,True,245,0,252,227,475,13426,14500,500,0.95,0.974664,0.925931,500,2026-09-03T19:14:16
tdma_packet_loss,1,30,0.05,5,5,0.1,8,0.594734,0.8,0.921379,50.0,False,500,0,0,210,472,13360,14500,500,0.944,0.976037,0.921379,500,2026-09-03T19:14:14
tdma_packet_loss,1,30,0.05,5,5,0.1,9,0.491314,0.4,0.924552,50.0,False,500,0,0,500,474,13406,14500,500,0.948,0.975266,0.924552,500,2026-09-03T19:14:17
tdma_packet_loss,1,30,0.05,5,5,0.1,10,0.424159,0.4,0.939448,50.0,False,500,0,0,90,481,13622,14500,500,0.962,0.976557,0.939448,500,2026-09-03T19:14:14
tdma_packet_loss,1,30,0.05,5,5,0.1,11,0.51158,0.4,0.921724,50.0,False,500,0,0,49,473,13365,14500,500,0.946,0.974338,0.921724,500,2026-09-03T19:14:17
tdma_packet_loss,1,30,0.05,5,5,0.1,12,0.467339,0.8,0.924138,50.0,False,500,0,0,40,473,13400,14500,500,0.946,0.97689,0.924138,500,2026-09-03T19:14:15
tdma_packet_loss,1,30,0.05,5,5,0.1,13,0.579213,1.0,0.922414,20.6,True,206,0,290,107,473,13375,14500,500,0.946,0.975067,0.922414,500,2026-09-03T19:14:17
tdma_packet_loss,1,30,0.05,5,5,0.1,14,0.501354,0.2,0.93131,50.0,False,500,0,0,40,477,13504,14500,500,0.954,0.976216,0.93131,500,2026-09-03T19:14:15
tdma_packet_loss,1,30,0.05,10,0,0.025,0,0.694814,0.4,0.925097,2.9,True,29,1,40,33,572,16204,17516,604,0.94702,0.976851,0.925097,151,2026-09-03T19:14:16
tdma_packet_loss,1,30,0.05,10,0,0.025,1,0.736685,0.1,0.943882,3.4,True,34,1,46,38,599,16971,17980,620,0.966129,0.976973,0.943882,155,2026-09-03T19:14:15
tdma_packet_loss,1,30,0.05,10,0,0.025,2,0.705896,0.6,0.919895,3.3,True,33,1,40,40,672,18994,20648,712,0.94382,0.974651,0.919895,178,2026-09-03T19:14:16
tdma_packet_loss,1,30,0.05,10,0,0.025,3,0.674517,0.8,0.945184,3.8,True,38,1,23,44,356,10087,10672,368,0.967391,0.977044,0.945184,92,2026-09-03T19:14:16
tdma_packet_loss,1,30,0.05,10,0,0.025,4,0.711052,0.8,0.947842,3.2,True,32,1,35,28,539,15283,16124,556,0.969424,0.977737,0.947842,139,2026-09-03T19:14:17
tdma_packet_loss,1,30,0.05,10,0,0.025,5,0.724396,0.0,0.903079,4.4,True,44,1,3,36,259,7333,8120,280,0.925,0.976301,0.903079,70,2026-09-03T19:14:16
tdma_packet_loss,1,30,0.05,10,0,0.025,6,0.713697,0.5,0.916005,3.4,True,34,1,34,38,424,12007,13108,452,0.938053,0.976496,0.916005,113,2026-09-03T19:14:17
tdma_packet_loss,1,30,0.05,10,0,0.025,7,0.716133,0.5,0.918234,3.2,True,32,1,25,36,373,10545,11484,396,0.941919,0.974854,0.918234,99,2026-09-03T19:14:17
tdma_packet_loss,1,30,0.05,10,0,0.025,8,0.749113,0.0,0.927794,4.8,True,48,1,41,39,536,15175,16356,564,0.950355,0.976261,0.927794,141,2026-09-03T19:14:18
tdma_packet_loss,1,30,0.05,10,0,0.025,9,0.678727,0.6,0.920705,2.9,True,29,1,27,33,419,11855,12876,444,0.943694,0.97564,0.920705,111,2026-09-03T19:14:17
tdma_packet_loss,1,30,0.05,10,0,0.025,10,0.748379,0.5,0.939163,3.0,True,30,1,23,44,404,11439,12180,420,0.961905,0.976357,0.939163,105,2026-09-03T19:14:18
tdma_packet_loss,1,30,0.05,10,0,0.025,11,0.765494,0.1,0.92462,2.6,True,26,1,61,36,637,18019,19488,672,0.947917,0.975424,0.92462,168,2026-09-03T19:14:18
tdma_packet_loss,1,30,0.05,10,0,0.025,12,0.685977,0.6,0.91954,3.1,True,31,1,0,35,192,5440,5916,204,0.941176,0.977011,0.91954,51,2026-09-03T19:14:18
tdma_packet_loss,1,30,0.05,10,0,0.025,13,0.715607,0.3,0.922107,2.5,True,25,1,88,56,851,24067,26100,900,0.945556,0.975202,0.922107,225,2026-09-03T19:14:18
tdma_packet_loss,1,30,0.05,10,0,0.025,14,0.692219,0.6,0.932849,2.7,True,27,1,17,21,363,10280,11020,380,0.955263,0.976537,0.932849,95,2026-09-03T19:14:19
tdma_packet_loss,1,30,0.05,10,0,0.05,0,0.633744,0.3,0.924966,4.6,True,46,0,450,57,948,26824,29000,1000,0.948,0.975702,0.924966,500,2026-09-03T19:14:20
tdma_packet_loss,1,30,0.05,10,0,0.05,1,0.646828,0.4,0.945138,11.0,True,110,0,384,55,968,27409,29000,1000,0.968,0.976382,0.945138,500,2026-09-03T19:14:24
tdma_packet_loss,1,30,0.05,10,0,0.05,2,0.643365,0.2,0.921931,17.8,True,178,0,318,81,946,26736,29000,1000,0.946,0.974557,0.921931,500,2026-09-03T19:14:20
tdma_packet_loss,1,30,0.05,10,0,0.05,3,0.704513,0.2,0.935862,7.8,True,78,0,412,126,958,27140,29000,1000,0.958,0.976892,0.935862,500,2026-09-03T19:14:24
tdma_packet_loss,1,30,0.05,10,0,0.05,4,0.654013,0.5,0.935586,13.4,True,134,0,365,38,958,27132,29000,1000,0.958,0.976604,0.935586,500,2026-09-03T19:14:20
tdma_packet_loss,1,30,0.05,10,0,0.05,5,0.650781,0.4,0.914966,5.5,True,55,0,444,236,938,26534,29000,1000,0.938,0.975443,0.914966,500,2026-09-03T19:14:24
tdma_packet_loss,1,30,0.05,10,0,0.05,6,0.681141,0.4,0.924172,50.0,False,500,0,0,71,947,26801,29000,1000,0.947,0.975895,0.924172,500,2026-09-03T19:14:21
tdma_packet_loss,1,30,0.05,10,0,0.05,7,0.592737,0.3,0.925241,28.1,True,281,0,218,168,950,26832,29000,1000,0.95,0.973938,0.925241,500,2026-09-03T19:14:24
tdma_packet_loss,1,30,0.05,10,0,0.05,8,0.631289,0.2,0.931414,24.6,True,246,0,250,180,955,27011,29000,1000,0.955,0.975302,0.931414,500,2026-09-03T19:14:21
tdma_packet_loss,1,30,0.05,10,0,0.05,9,0.626262,0.3,0.92531,12.6,True,126,0,372,77,949,26834,29000,1000,0.949,0.975037,0.92531,500,2026-09-03T19:14:24
tdma_packet_loss,1,30,0.05,10,0,0.05,10,0.670312,0.3,0.937207,32.5,True,325,0,173,201,961,27179,29000,1000,0.961,0.975241,0.937207,500,2026-09-03T19:14:21
tdma_packet_loss,1,30,0.05,10,0,0.05,11,0.618798,0.5,0.929448,41.9,True,419,0,80,74,953,26954,29000,1000,0.953,0.975287,0.929448,500,2026-09-03T19:14:24
tdma_packet_loss,1,30,0.05,10,0,0.05,12,0.614722,0.4,0.923345,50.0,False,500,0,0,82,947,26777,29000,1000,0.947,0.975021,0.923345,500,2026-09-03T19:14:21
tdma_packet_loss,1,30,0.05,10,0,0.05,13,0.692932,0.4,0.921069,35.3,True,353,0,142,56,944,26711,29000,1000,0.944,0.975709,0.921069,500,2026-09-03T19:14:24
tdma_packet_loss,1,30,0.05,10,0,0.05,14,0.670084,0.7,0.92869,23.6,True,236,0,263,65,952,26932,29000,1000,0.952,0.975514,0.92869,500,2026-09-03T19:14:22
tdma_packet_loss,1,30,0.05,10,0,0.1,0,0.376006,0.5,0.922621,50.0,False,500,0,0,500,472,13378,14500,500,0.944,0.977352,0.922621,500,2026-09-03T19:14:25
tdma_packet_loss,1,30,0.05,10,0,0.1,1,0.310384,0.2,0.943655,50.0,False,500,0,0,500,483,13683,14500,500,0.966,0.976869,0.943655,500,2026-09-03T19:14:27
tdma_packet_loss,1,30,0.05,10,0,0.1,2,0.401108,0.6,0.921448,50.0,False,500,0,0,500,473,13361,14500,500,0.946,0.974047,0.921448,500,2026-09-03T19:14:30
tdma_packet_loss,1,30,0.05,10,0,0.1,3,0.313968,0.7,0.940138,50.0,False,500,0,0,500,481,13632,14500,500,0.962,0.977274,0.940138,500,2026-09-03T19:14:26
tdma_packet_loss,1,30,0.05,10,0,0.1,4,0.353759,0.4,0.946345,50.0,False,500,0,0,500,484,13722,14500,500,0.968,0.977629,0.946345,500,2026-09-03T19:14:29
tdma_packet_loss,1,30,0.05,10,0,0.1,5,0.347076,0.7,0.913931,50.0,False,500,0,0,500,469,13252,14500,500,0.938,0.97434,0.913931,500,2026-09-03T19:14:27
tdma_packet_loss,1,30,0.05,10,0,0.1,6,0.44695,0.5,0.912069,50.0,False,500,0,0,500,467,13225,14500,500,0.934,0.976519,0.912069,500,2026-09-03T19:14:30
tdma_packet_loss,1,30,0.05,10,0,0.1,7,0.315114,0.4,0.925931,50.0,False,500,0,0,500,475,13426,14500,500,0.95,0.974664,0.925931,500,2026-09-03T19:14:27
tdma_packet_loss,1,30,0.05,10,0,0.1,8,0.403224,0.5,0.921379,50.0,False,500,0,0,500,472,13360,14500,500,0.944,0.976037,0.921379,500,2026-09-03T19:14:30
tdma_packet_loss,1,30,0.05,10,0,0.1,9,0.307322,0.6,0.924552,50.0,False,500,0,0,500,474,13406,14500,500,0.948,0.975266,0.924552,500,2026-09-03T19:14:27
tdma_packet_loss,1,30,0.05,10,0,0.1,10,0.406034,0.3,0.939448,50.0,False,500,0,0,500,481,13622,14500,500,0.962,0.976557,0.939448,500,2026-09-03T19:14:30
tdma_packet_loss,1,30,0.05,10,0,0.1,11,0.436814,0.3,0.921724,50.0,False,500,0,0,500,473,13365,14500,500,0.946,0.974338,0.921724,500,2026-09-03T19:14:27
tdma_packet_loss,1,30,0.05,10,0,0.1,12,0.403236,0.5,0.924138,50.0,False,500,0,0,500,473,13400,14500,500,0.946,0.97689,0.924138,500,2026-09-03T19:14:30
tdma_packet_loss,1,30,0.05,10,0,0.1,13,0.361355,0.9,0.922414,50.0,False,500,0,0,500,473,13375,14500,500,0.946,0.975067,0.922414,500,2026-09-03T19:14:27
tdma_packet_loss,1,30,0.05,10,0,0.1,14,0.39223,0.6,0.93131,50.0,False,500,0,0,500,477,13504,14500,500,0.954,0.976216,0.93131,500,2026-09-03T19:14:30
tdma_packet_loss,1,30,0.05,10,2,0.025,0,0.671121,0.9,0.92756,2.8,True,28,1,13,31,254,7209,7772,268,0.947761,0.978686,0.92756,67,2026-09-03T19:14:26
tdma_packet_loss,1,30,0.05,10,2,0.025,1,0.735437,0.5,0.932878,3.8,True,38,1,43,42,714,20236,21692,748,0.954545,0.977301,0.932878,187,2026-09-03T19:14:27
tdma_packet_loss,1,30,0.05,10,2,0.025,2,0.705399,0.7,0.931233,3.0,True,30,1,32,33,497,14043,15080,520,0.955769,0.974329,0.931233,130,2026-09-03T19:14:28
tdma_packet_loss,1,30,0.05,10,2,0.025,3,0.683098,0.8,0.935065,2.0,True,20,1,25,45,295,8352,8932,308,0.957792,0.976271,0.935065,77,2026-09-03T19:14:28
tdma_packet_loss,1,30,0.05,10,2,0.025,4,0.749332,0.1,0.932524,6.5,True,65,1,47,36,729,20661,22156,764,0.954188,0.977295,0.932524,191,2026-09-03T19:14:30
tdma_packet_loss,1,30,0.05,10,2,0.025,5,0.667872,0.7,0.917351,3.4,True,34,1,6,47,237,6704,7308,252,0.940476,0.975411,0.917351,63,2026-09-03T19:14:30
tdma_packet_loss,1,30,0.05,10,2,0.025,6,0.6815,0.6,0.92342,3.3,True,33,1,30,27,454,12854,13920,480,0.945833,0.976303,0.92342,120,2026-09-03T19:14:30
tdma_packet_loss,1,30,0.05,10,2,0.025,7,0.746988,0.1,0.933771,3.4,True,34,1,36,66,483,13648,14616,504,0.958333,0.97437,0.933771,126,2026-09-03T19:14:31
tdma_packet_loss,1,30,0.05,10,2,0.025,8,0.704412,0.6,0.932457,2.3,True,23,1,35,27,394,11141,11948,412,0.956311,0.975057,0.932457,103,2026-09-03T19:14:30
tdma_packet_loss,1,30,0.05,10,2,0.025,9,0.659322,0.6,0.932104,2.7,True,27,1,38,39,493,13948,14964,516,0.955426,0.975589,0.932104,129,2026-09-03T19:14:31
tdma_packet_loss,1,30,0.05,10,2,0.025,10,0.716709,0.5,0.933128,3.9,True,39,1,8,25,268,7577,8120,280,0.957143,0.97491,0.933128,70,2026-09-03T19:14:30
tdma_packet_loss,1,30,0.05,10,2,0.025,11,0.743956,0.2,0.931208,2.8,True,28,1,58,21,569,16095,17284,596,0.954698,0.975395,0.931208,149,2026-09-03T19:14:31
tdma_packet_loss,1,30,0.05,10,2,0.025,12,0.706889,0.5,0.933715,2.9,True,29,1,49,37,455,12889,13804,476,0.955882,0.976809,0.933715,119,2026-09-03T19:14:31
tdma_packet_loss,1,30,0.05,10,2,0.025,13,0.699475,0.4,0.920327,3.4,True,34,1,8,28,358,10142,11020,380,0.942105,0.976883,0.920327,95,2026-09-03T19:14:31
tdma_packet_loss,1,30,0.05,10,2,0.025,14,0.728853,0.5,0.92433,3.2,True,32,1,29,66,341,9650,10440,360,0.947222,0.975832,0.92433,90,2026-09-03T19:14:31
tdma_packet_loss,1,30,0.05,10,2,0.05,0,0.616826,0.6,0.928897,43.4,True,434,0,65,246,952,26938,29000,1000,0.952,0.975732,0.928897,500,2026-09-03T19:14:33
tdma_packet_loss,1,30,0.05,10,2,0.05,1,0.598796,0.6,0.935517,19.0,True,190,0,309,124,958,27130,29000,1000,0.958,0.976532,0.935517,500,2026-09-03T19:14:33
tdma_packet_loss,1,30,0.05,10,2,0.05,2,0.67327,0.4,0.925759,29.4,True,294,0,199,65,950,26847,29000,1000,0.95,0.974483,0.925759,500,2026-09-03T19:14:35
tdma_packet_loss,1,30,0.05,10,2,0.05,3,0.623195,0.3,0.939655,34.8,True,348,0,148,115,962,27250,29000,1000,0.962,0.976773,0.939655,500,2026-09-03T19:14:33
tdma_packet_loss,1,30,0.05,10,2,0.05,4,0.657304,0.1,0.930931,20.2,True,202,0,288,71,953,26997,29000,1000,0.953,0.976843,0.930931,500,2026-09-03T19:14:35
tdma_packet_loss,1,30,0.05,10,2,0.05,5,0.707714,0.4,0.918759,41.4,True,414,0,84,312,942,26644,29000,1000,0.942,0.975328,0.918759,500,2026-09-03T19:14:33
tdma_packet_loss,1,30,0.05,10,2,0.05,6,0.683728,0.4,0.927897,8.2,True,82,0,415,80,951,26909,29000,1000,0.951,0.975706,0.927897,500,2026-09-03T19:14:36
tdma_packet_loss,1,30,0.05,10,2,0.05,7,0.647997,0.4,0.927931,19.1,True,191,0,308,65,953,26910,29000,1000,0.953,0.973695,0.927931,500,2026-09-03T19:14:33
tdma_packet_loss,1,30,0.05,10,2,0.05,8,0.666892,0.2,0.935241,35.9,True,359,0,133,228,959,27122,29000,1000,0.959,0.975226,0.935241,500,2026-09-03T19:14:36
tdma_packet_loss,1,30,0.05,10,2,0.05,9,0.650132,0.4,0.928207,50.0,False,500,0,0,189,952,26918,29000,1000,0.952,0.975007,0.928207,500,2026-09-03T19:14:33
tdma_packet_loss,1,30,0.05,10,2,0.05,10,0.588311,0.5,0.928517,18.2,True,182,0,314,106,952,26927,29000,1000,0.952,0.975333,0.928517,500,2026-09-03T19:14:36
tdma_packet_loss,1,30,0.05,10,2,0.05,11,0.560174,0.4,0.933586,14.1,True,141,0,355,195,957,27074,29000,1000,0.957,0.975534,0.933586,500,2026-09-03T19:14:34
tdma_packet_loss,1,30,0.05,10,2,0.05,12,0.542896,0.3,0.927276,50.0,False,500,0,0,53,951,26891,29000,1000,0.951,0.975053,0.927276,500,2026-09-03T19:14:36
tdma_packet_loss,1,30,0.05,10,2,0.05,13,0.520878,0.4,0.925,50.0,False,500,0,0,69,948,26825,29000,1000,0.948,0.975738,0.925,500,2026-09-03T19:14:34
tdma_packet_loss,1,30,0.05,10,2,0.05,14,0.701536,0.5,0.932241,3.4,True,34,0,457,96,956,27035,29000,1000,0.956,0.975148,0.932241,500,2026-09-03T19:14:36
tdma_packet_loss,1,30,0.05,10,2,0.1,0,0.345665,0.4,0.930345,50.0,False,500,0,0,500,476,13490,14500,500,0.952,0.977253,0.930345,500,2026-09-03T19:14:36
tdma_packet_loss,1,30,0.05,10,2,0.1,1,0.406905,0.4,0.936,50.0,False,500,0,0,500,479,13572,14500,500,0.958,0.977035,0.936,500,2026-09-03T19:14:38
tdma_packet_loss,1,30,0.05,10,2,0.1,2,0.473141,0.3,0.929103,50.0,False,500,0,0,500,477,13472,14500,500,0.954,0.973903,0.929103,500,2026-09-03T19:14:38
tdma_packet_loss,1,30,0.05,10,2,0.1,3,0.352148,0.7,0.937931,50.0,False,500,0,0,500,480,13600,14500,500,0.96,0.977011,0.937931,500,2026-09-03T19:14:39
tdma_packet_loss,1,30,0.05,10,2,0.1,4,0.350855,0.5,0.925241,50.0,False,500,0,0,500,473,13416,14500,500,0.946,0.978056,0.925241,500,2026-09-03T19:14:38
tdma_packet_loss,1,30,0.05,10,2,0.1,5,0.400871,0.5,0.91931,50.0,False,500,0,0,500,472,13330,14500,500,0.944,0.973846,0.91931,500,2026-09-03T19:14:39
tdma_packet_loss,1,30,0.05,10,2,0.1,6,0.408167,0.5,0.919862,50.0,False,500,0,0,500,471,13338,14500,500,0.942,0.976499,0.919862,500,2026-09-03T19:14:38
tdma_packet_loss,1,30,0.05,10,2,0.1,7,0.32929,0.3,0.933448,50.0,False,500,0,0,500,479,13535,14500,500,0.958,0.974372,0.933448,500,2026-09-03T19:14:39
tdma_packet_loss,1,30,0.05,10,2,0.1,8,0.407796,0.3,0.928966,50.0,False,500,0,0,500,476,13470,14500,500,0.952,0.975804,0.928966,500,2026-09-03T19:14:38
tdma_packet_loss,1,30,0.05,10,2,0.1,9,0.466066,0.6,0.932345,50.0,False,500,0,0,500,478,13519,14500,500,0.956,0.975256,0.932345,500,2026-09-03T19:14:40
tdma_packet_loss,1,30,0.05,10,2,0.1,10,0.424191,0.5,0.921931,50.0,False,500,0,0,500,472,13368,14500,500,0.944,0.976622,0.921931,500,2026-09-03T19:14:38
tdma_packet_loss,1,30,0.05,10,2,0.1,11,0.38879,0.3,0.926,50.0,False,500,0,0,500,475,13427,14500,500,0.95,0.974737,0.926,500,2026-09-03T19:14:40
tdma_packet_loss,1,30,0.05,10,2,0.1,12,0.437999,0.6,0.931793,50.0,False,500,0,0,500,477,13511,14500,500,0.954,0.976722,0.931793,500,2026-09-03T19:14:38
tdma_packet_loss,1,30,0.05,10,2,0.1,13,0.365506,0.8,0.922345,50.0,False,500,0,0,500,473,13374,14500,500,0.946,0.974995,0.922345,500,2026-09-03T19:14:40
tdma_packet_loss,1,30,0.05,10,2,0.1,14,0.355671,0.7,0.928966,50.0,False,500,0,0,500,476,13470,14500,500,0.952,0.975804,0.928966,500,2026-09-03T19:14:38
tdma_packet_loss,1,30,0.05,10,5,0.025,0,0.71348,0.5,0.950392,3.4,True,34,1,24,38,428,12127,12760,440,0.972727,0.977038,0.950392,110,2026-09-03T19:14:39
tdma_packet_loss,1,30,0.05,10,5,0.025,1,0.718599,0.2,0.925844,1.9,True,19,1,25,29,371,10525,11368,392,0.946429,0.978251,0.925844,98,2026-09-03T19:14:39
tdma_packet_loss,1,30,0.05,10,5,0.025,2,0.6151,0.9,0.912272,4.8,True,48,1,0,36,255,7196,7888,272,0.9375,0.97309,0.912272,68,2026-09-03T19:14:39
tdma_packet_loss,1,30,0.05,10,5,0.025,3,0.726719,0.6,0.945918,1.8,True,18,1,41,44,453,12838,13572,468,0.967949,0.97724,0.945918,117,2026-09-03T19:14:39
tdma_packet_loss,1,30,0.05,10,5,0.025,4,0.730646,0.8,0.933371,3.4,True,34,1,20,41,408,11585,12412,428,0.953271,0.979124,0.933371,107,2026-09-03T19:14:40
tdma_packet_loss,1,30,0.05,10,5,0.025,5,0.683358,0.7,0.936532,3.1,True,31,1,16,39,265,7496,8004,276,0.960145,0.975407,0.936532,69,2026-09-03T19:14:39
tdma_packet_loss,1,30,0.05,10,5,0.025,6,0.735806,0.1,0.936744,4.6,True,46,1,30,32,591,16734,17864,616,0.959416,0.97637,0.936744,154,2026-09-03T19:14:40
tdma_packet_loss,1,30,0.05,10,5,0.025,7,0.73531,0.5,0.944491,3.0,True,30,1,31,37,477,13476,14268,492,0.969512,0.974192,0.944491,123,2026-09-03T19:14:40
tdma_packet_loss,1,30,0.05,10,5,0.025,8,0.744435,0.4,0.901043,2.0,True,20,1,42,24,439,12438,13804,476,0.922269,0.976985,0.901043,119,2026-09-03T19:14:40
tdma_packet_loss,1,30,0.05,10,5,0.025,9,0.704165,0.5,0.926594,2.7,True,27,1,23,27,376,10641,11484,396,0.949495,0.97588,0.926594,99,2026-09-03T19:14:40
tdma_packet_loss,1,30,0.05,10,5,0.025,10,0.743058,0.4,0.923981,6.5,True,65,1,50,38,833,23580,25520,880,0.946591,0.976115,0.923981,220,2026-09-03T19:14:41
tdma_packet_loss,1,30,0.05,10,5,0.025,11,0.709441,0.6,0.936571,2.1,True,21,1,32,49,419,11842,12644,436,0.961009,0.97457,0.936571,109,2026-09-03T19:14:40
tdma_packet_loss,1,30,0.05,10,5,0.025,12,0.662444,0.8,0.924842,4.8,True,48,1,2,42,269,7617,8236,284,0.947183,0.976413,0.924842,71,2026-09-03T19:14:40
tdma_packet_loss,1,30,0.05,10,5,0.025,13,0.706577,0.5,0.922028,2.6,True,26,1,14,27,253,7166,7772,268,0.94403,0.976693,0.922028,67,2026-09-03T19:14:40
tdma_packet_loss,1,30,0.05,10,5,0.025,14,0.668577,0.6,0.931876,2.4,True,24,1,30,49,313,8864,9512,328,0.954268,0.976534,0.931876,82,2026-09-03T19:14:41
tdma_packet_loss,1,30,0.05,10,5,0.05,0,0.650666,0.4,0.934552,3.9,True,39,0,458,171,958,27102,29000,1000,0.958,0.975524,0.934552,500,2026-09-03T19:14:42
tdma_packet_loss,1,30,0.05,10,5,0.05,1,0.717109,0.6,0.925621,26.5,True,265,0,226,64,948,26843,29000,1000,0.948,0.976393,0.925621,500,2026-09-03T19:14:44
tdma_packet_loss,1,30,0.05,10,5,0.05,2,0.664911,0.2,0.922759,21.4,True,214,0,258,75,947,26760,29000,1000,0.947,0.974402,0.922759,500,2026-09-03T19:14:42
tdma_packet_loss,1,30,0.05,10,5,0.05,3,0.719269,0.5,0.945517,5.8,True,58,0,441,49,968,27420,29000,1000,0.968,0.976774,0.945517,500,2026-09-03T19:14:45
tdma_packet_loss,1,30,0.05,10,5,0.05,4,0.657191,0.3,0.936655,34.5,True,345,0,153,69,959,27163,29000,1000,0.959,0.9767,0.936655,500,2026-09-03T19:14:42
tdma_packet_loss,1,30,0.05,10,5,0.05,5,0.694212,0.6,0.924483,50.0,False,500,0,0,55,948,26810,29000,1000,0.948,0.975193,0.924483,500,2026-09-03T19:14:44
tdma_packet_loss,1,30,0.05,10,5,0.05,6,0.674759,0.2,0.932724,35.5,True,355,0,143,121,956,27049,29000,1000,0.956,0.975653,0.932724,500,2026-09-03T19:14:42
tdma_packet_loss,1,30,0.05,10,5,0.05,7,0.671623,0.5,0.933759,24.6,True,246,0,248,62,959,27079,29000,1000,0.959,0.973679,0.933759,500,2026-09-03T19:14:45
tdma_packet_loss,1,30,0.05,10,5,0.05,8,0.698334,0.5,0.912552,10.0,True,100,0,399,227,935,26464,29000,1000,0.935,0.975991,0.912552,500,2026-09-03T19:14:43
tdma_packet_loss,1,30,0.05,10,5,0.05,9,0.645656,0.3,0.930103,32.0,True,320,0,175,103,954,26973,29000,1000,0.954,0.974951,0.930103,500,2026-09-03T19:14:45
tdma_packet_loss,1,30,0.05,10,5,0.05,10,0.652207,0.5,0.922759,15.9,True,159,0,330,79,946,26760,29000,1000,0.946,0.975432,0.922759,500,2026-09-03T19:14:43
tdma_packet_loss,1,30,0.05,10,5,0.05,11,0.680925,0.4,0.93931,10.0,True,100,0,389,98,963,27240,29000,1000,0.963,0.9754,0.93931,500,2026-09-03T19:14:45
tdma_packet_loss,1,30,0.05,10,5,0.05,12,0.652859,0.5,0.919621,50.0,False,500,0,0,171,943,26669,29000,1000,0.943,0.975208,0.919621,500,2026-09-03T19:14:43
tdma_packet_loss,1,30,0.05,10,5,0.05,13,0.676995,0.1,0.929793,28.3,True,283,0,212,70,953,26964,29000,1000,0.953,0.975649,0.929793,500,2026-09-03T19:14:45
tdma_packet_loss,1,30,0.05,10,5,0.05,14,0.713607,0.4,0.938069,14.5,True,145,0,346,72,962,27204,29000,1000,0.962,0.975124,0.938069,500,2026-09-03T19:14:43
tdma_packet_loss,1,30,0.05,10,5,0.1,0,0.362468,0.4,0.941724,50.0,False,500,0,0,500,482,13655,14500,500,0.964,0.976892,0.941724,500,2026-09-03T19:14:45
tdma_packet_loss,1,30,0.05,10,5,0.1,1,0.382214,0.5,0.928414,50.0,False,500,0,0,500,475,13462,14500,500,0.95,0.977278,0.928414,500,2026-09-03T19:14:47
tdma_packet_loss,1,30,0.05,10,5,0.1,2,0.37784,0.7,0.92731,50.0,False,500,0,0,500,476,13446,14500,500,0.952,0.974065,0.92731,500,2026-09-03T19:14:49
tdma_packet_loss,1,30,0.05,10,5,0.1,3,0.379616,0.4,0.947379,50.0,False,500,0,0,500,485,13737,14500,500,0.97,0.97668,0.947379,500,2026-09-03T19:14:47
tdma_packet_loss,1,30,0.05,10,5,0.1,4,0.394107,0.4,0.933241,50.0,False,500,0,0,500,477,13532,14500,500,0.954,0.97824,0.933241,500,2026-09-03T19:14:49
tdma_packet_loss,1,30,0.05,10,5,0.1,5,0.388022,0.5,0.927103,50.0,False,500,0,0,500,476,13443,14500,500,0.952,0.973848,0.927103,500,2026-09-03T19:14:47
tdma_packet_loss,1,30,0.05,10,5,0.1,6,0.399803,0.5,0.931448,50.0,False,500,0,0,500,477,13506,14500,500,0.954,0.976361,0.931448,500,2026-09-03T19:14:49
tdma_packet_loss,1,30,0.05,10,5,0.1,7,0.375567,0.7,0.944966,50.0,False,500,0,0,500,485,13702,14500,500,0.97,0.974191,0.944966,500,2026-09-03T19:14:47
tdma_packet_loss,1,30,0.05,10,5,0.1,8,0.428932,0.6,0.899103,50.0,False,500,0,0,500,460,13037,14500,500,0.92,0.977286,0.899103,500,2026-09-03T19:14:49
tdma_packet_loss,1,30,0.05,10,5,0.1,9,0.387641,0.7,0.930414,50.0,False,500,0,0,500,477,13491,14500,500,0.954,0.975277,0.930414,500,2026-09-03T19:14:47
tdma_packet_loss,1,30,0.05,10,5,0.1,10,0.435123,0.7,0.92,50.0,False,500,0,0,500,471,13340,14500,500,0.942,0.976645,0.92,500,2026-09-03T19:14:49
tdma_packet_loss,1,30,0.05,10,5,0.1,11,0.423612,0.6,0.937448,50.0,False,500,0,0,500,481,13593,14500,500,0.962,0.974478,0.937448,500,2026-09-03T19:14:47
tdma_packet_loss,1,30,0.05,10,5,0.1,12,0.400457,0.6,0.922207,50.0,False,500,0,0,500,472,13372,14500,500,0.944,0.976914,0.922207,500,2026-09-03T19:14:49
tdma_packet_loss,1,30,0.05,10,5,0.1,13,0.346426,0.7,0.933724,50.0,False,500,0,0,500,479,13539,14500,500,0.958,0.97466,0.933724,500,2026-09-03T19:14:47
tdma_packet_loss,1,30,0.05,10,5,0.1,14,0.388379,0.6,0.940828,50.0,False,500,0,0,500,482,13642,14500,500,0.964,0.975962,0.940828,500,2026-09-03T19:14:49
tdma_packet_loss,1,30,0.15,3,0,0.025,0,0.783342,0.0,0.783532,2.3,True,23,1,121,16,980,26358,33640,1160,0.844828,0.927445,0.783532,290,2026-09-03T19:14:47
tdma_packet_loss,1,30,0.15,3,0,0.025,1,0.732398,1.0,0.791794,2.3,True,23,1,15,27,269,7256,9164,316,0.851266,0.930137,0.791794,79,2026-09-03T19:14:47
tdma_packet_loss,1,30,0.15,3,0,0.025,2,0.753523,0.0,0.779496,1.9,True,19,1,176,22,1095,29387,37700,1300,0.842308,0.925429,0.779496,325,2026-09-03T19:14:48
tdma_packet_loss,1,30,0.15,3,0,0.025,3,0.747151,0.0,0.796393,3.3,True,33,1,114,44,713,19123,24012,828,0.861111,0.924844,0.796393,207,2026-09-03T19:14:48
tdma_packet_loss,1,30,0.15,3,0,0.025,4,0.71766,0.666667,0.815721,3.3,True,33,1,27,22,328,8800,10788,372,0.88172,0.925147,0.815721,93,2026-09-03T19:14:49
tdma_packet_loss,1,30,0.15,3,0,0.025,5,0.734878,0.333333,0.791266,3.4,True,34,1,45,24,419,11198,14152,488,0.858607,0.92157,0.791266,122,2026-09-03T19:14:49
tdma_packet_loss,1,30,0.15,3,0,0.025,6,0.708622,0.0,0.787339,1.7,True,17,1,77,20,563,15161,19256,664,0.847892,0.928585,0.787339,166,2026-09-03T19:14:49
tdma_packet_loss,1,30,0.15,3,0,0.025,7,0.748652,0.333333,0.785544,1.9,True,19,1,52,15,441,11846,15080,520,0.848077,0.926265,0.785544,130,2026-09-03T19:14:50
tdma_packet_loss,1,30,0.15,3,0,0.025,8,0.76573,0.666667,0.80735,2.3,True,23,1,19,21,331,8897,11020,380,0.871053,0.926867,0.80735,95,2026-09-03T19:14:49
tdma_packet_loss,1,30,0.15,3,0,0.025,9,0.788218,0.333333,0.789608,2.8,True,28,1,88,34,742,19876,25172,868,0.854839,0.923692,0.789608,217,2026-09-03T19:14:50
tdma_packet_loss,1,30,0.15,3,0,0.025,10,0.728401,0.0,0.795246,3.3,True,33,1,63,26,595,15959,20068,692,0.859827,0.924891,0.795246,173,2026-09-03T19:14:50
tdma_packet_loss,1,30,0.15,3,0,0.025,11,0.743109,0.333333,0.794061,1.4,True,14,1,97,23,710,19067,24012,828,0.857488,0.926032,0.794061,207,2026-09-03T19:14:50
tdma_packet_loss,1,30,0.15,3,0,0.025,12,0.746358,0.333333,0.785066,2.3,True,23,1,60,20,651,17485,22272,768,0.847656,0.926161,0.785066,192,2026-09-03T19:14:50
tdma_packet_loss,1,30,0.15,3,0,0.025,13,0.692478,1.0,0.797287,1.8,True,18,1,17,14,234,6289,7888,272,0.860294,0.926761,0.797287,68,2026-09-03T19:14:50
tdma_packet_loss,1,30,0.15,3,0,0.025,14,0.660633,1.0,0.786074,3.1,True,31,1,9,21,221,5927,7540,260,0.85,0.924793,0.786074,65,2026-09-03T19:14:49
tdma_packet_loss,1,30,0.15,3,0,0.05,0,0.633429,1.0,0.777414,37.4,True,374,0,121,43,839,22545,29000,1000,0.839,0.926596,0.777414,500,2026-09-03T19:14:51
tdma_packet_loss,1,30,0.15,3,0,0.05,1,0.732878,0.0,0.790383,22.7,True,227,1,152,53,702,18887,23896,824,0.851942,0.927743,0.790383,412,2026-09-03T19:14:50
tdma_packet_loss,1,30,0.15,3,0,0.05,2,0.66571,0.666667,0.778655,4.2,True,42,0,444,51,841,22581,29000,1000,0.841,0.925868,0.778655,500,2026-09-03T19:14:52
tdma_packet_loss,1,30,0.15,3,0,0.05,3,0.686568,1.0,0.793448,17.8,True,178,0,319,61,857,23010,29000,1000,0.857,0.925844,0.793448,500,2026-09-03T19:14:51
tdma_packet_loss,1,30,0.15,3,0,0.05,4,0.625898,0.333333,0.765966,9.3,True,93,0,391,70,827,22213,29000,1000,0.827,0.926198,0.765966,500,2026-09-03T19:14:52
tdma_packet_loss,1,30,0.15,3,0,0.05,5,0.5677,1.0,0.802345,10.8,True,108,0,385,23,868,23268,29000,1000,0.868,0.92436,0.802345,500,2026-09-03T19:14:51
tdma_packet_loss,1,30,0.15,3,0,0.05,6,0.688005,0.666667,0.778931,25.6,True,256,0,237,17,840,22589,29000,1000,0.84,0.927299,0.778931,500,2026-09-03T19:14:52
tdma_packet_loss,1,30,0.15,3,0,0.05,7,0.642894,0.666667,0.78331,17.1,True,171,0,321,59,848,22716,29000,1000,0.848,0.923715,0.78331,500,2026-09-03T19:14:51
tdma_packet_loss,1,30,0.15,3,0,0.05,8,0.631839,0.666667,0.811586,21.2,True,212,0,287,30,875,23536,29000,1000,0.875,0.927527,0.811586,500,2026-09-03T19:14:53
tdma_packet_loss,1,30,0.15,3,0,0.05,9,0.598042,0.666667,0.783517,12.2,True,122,0,354,72,848,22722,29000,1000,0.848,0.923959,0.783517,500,2026-09-03T19:14:52
tdma_packet_loss,1,30,0.15,3,0,0.05,10,0.667252,1.0,0.795483,16.1,True,161,0,323,54,859,23069,29000,1000,0.859,0.926057,0.795483,500,2026-09-03T19:14:53
tdma_packet_loss,1,30,0.15,3,0,0.05,11,0.673691,1.0,0.794448,11.2,True,112,0,377,56,858,23039,29000,1000,0.858,0.92593,0.794448,500,2026-09-03T19:14:52
tdma_packet_loss,1,30,0.15,3,0,0.05,12,0.652912,1.0,0.781069,26.6,True,266,0,230,56,844,22651,29000,1000,0.844,0.925437,0.781069,500,2026-09-03T19:14:53
tdma_packet_loss,1,30,0.15,3,0,0.05,13,0.59553,1.0,0.775966,12.4,True,124,0,374,39,839,22503,29000,1000,0.839,0.92487,0.775966,500,2026-09-03T19:14:52
tdma_packet_loss,1,30,0.15,3,0,0.05,14,0.637664,0.666667,0.782517,8.8,True,88,0,400,36,847,22693,29000,1000,0.847,0.923869,0.782517,500,2026-09-03T19:14:53
tdma_packet_loss,1,30,0.15,3,0,0.1,0,0.581636,1.0,0.785862,50.0,False,500,0,0,43,422,11395,14500,500,0.844,0.931116,0.785862,500,2026-09-03T19:14:52
tdma_packet_loss,1,30,0.15,3,0,0.1,1,0.528121,1.0,0.779241,50.0,False,500,0,0,50,420,11299,14500,500,0.84,0.927668,0.779241,500,2026-09-03T19:14:53
tdma_packet_loss,1,30,0.15,3,0,0.1,2,0.634203,1.0,0.796138,50.0,False,500,0,0,74,432,11544,14500,500,0.864,0.921456,0.796138,500,2026-09-03T19:14:53
tdma_packet_loss,1,30,0.15,3,0,0.1,3,0.468169,1.0,0.798483,50.0,False,500,0,0,106,431,11578,14500,500,0.862,0.926314,0.798483,500,2026-09-03T19:14:54
tdma_packet_loss,1,30,0.15,3,0,0.1,4,0.439949,0.666667,0.797793,50.0,False,500,0,0,37,431,11568,14500,500,0.862,0.925514,0.797793,500,2026-09-03T19:14:54
tdma_packet_loss,1,30,0.15,3,0,0.1,5,0.519505,1.0,0.792,50.0,False,500,0,0,46,430,11484,14500,500,0.86,0.92093,0.792,500,2026-09-03T19:14:55
tdma_packet_loss,1,30,0.15,3,0,0.1,6,0.560943,0.666667,0.791862,50.0,False,500,0,0,118,427,11482,14500,500,0.854,0.927239,0.791862,500,2026-09-03T19:14:54
tdma_packet_loss,1,30,0.15,3,0,0.1,7,0.601195,0.666667,0.787586,50.0,False,500,0,0,116,425,11420,14500,500,0.85,0.926572,0.787586,500,2026-09-03T19:14:55
tdma_packet_loss,1,30,0.15,3,0,0.1,8,0.504933,1.0,0.808,50.0,False,500,0,0,117,435,11716,14500,500,0.87,0.928736,0.808,500,2026-09-03T19:14:54
tdma_packet_loss,1,30,0.15,3,0,0.1,9,0.484792,1.0,0.793103,50.0,False,500,0,0,58,429,11500,14500,500,0.858,0.924363,0.793103,500,2026-09-03T19:14:55
tdma_packet_loss,1,30,0.15,3,0,0.1,10,0.496433,1.0,0.788207,18.1,True,181,0,316,189,426,11429,14500,500,0.852,0.925125,0.788207,500,2026-09-03T19:14:54
tdma_packet_loss,1,30,0.15,3,0,0.1,11,0.461941,0.666667,0.792483,50.0,False,500,0,0,55,428,11491,14500,500,0.856,0.925798,0.792483,500,2026-09-03T19:14:55
tdma_packet_loss,1,30,0.15,3,0,0.1,12,0.442804,1.0,0.800483,50.0,False,500,0,0,44,432,11607,14500,500,0.864,0.926485,0.800483,500,2026-09-03T19:14:54
tdma_packet_loss,1,30,0.15,3,0,0.1,13,0.539817,1.0,0.773793,50.0,False,500,0,0,18,418,11220,14500,500,0.836,0.92559,0.773793,500,2026-09-03T19:14:55
tdma_packet_loss,1,30,0.15,3,0,0.1,14,0.47462,0.333333,0.77131,50.0,False,500,0,0,132,417,11184,14500,500,0.834,0.924833,0.77131,500,2026-09-03T19:14:54
tdma_packet_loss,1,30,0.15,3,2,0.025,0,0.725985,0.333333,0.792545,2.6,True,26,1,58,23,474,12779,16124,556,0.852518,0.929652,0.792545,139,2026-09-03T19:14:55
tdma_packet_loss,1,30,0.15,3,2,0.025,1,0.75149,0.0,0.80433,1.1,True,11,1,156,19,1044,28084,34916,1204,0.86711,0.927599,0.80433,301,2026-09-03T19:14:54
tdma_packet_loss,1,30,0.15,3,2,0.025,2,0.660263,0.333333,0.775571,2.2,True,22,1,261,17,1390,37336,48140,1660,0.837349,0.926222,0.775571,415,2026-09-03T19:14:56
tdma_packet_loss,1,30,0.15,3,2,0.025,3,0.640727,0.666667,0.835362,3.1,True,31,1,0,28,184,4942,5916,204,0.901961,0.926162,0.835362,51,2026-09-03T19:14:55
tdma_packet_loss,1,30,0.15,3,2,0.025,4,0.717644,0.666667,0.822187,1.3,True,13,1,25,19,352,9442,11484,396,0.888889,0.924961,0.822187,99,2026-09-03T19:14:55
tdma_packet_loss,1,30,0.15,3,2,0.025,5,0.727489,0.666667,0.772652,2.2,True,22,1,32,35,315,8425,10904,376,0.837766,0.922277,0.772652,94,2026-09-03T19:14:55
tdma_packet_loss,1,30,0.15,3,2,0.025,6,0.603327,0.666667,0.801485,1.6,True,16,1,0,13,124,3347,4176,144,0.861111,0.930756,0.801485,36,2026-09-03T19:14:55
tdma_packet_loss,1,30,0.15,3,2,0.025,7,0.765348,0.0,0.794621,1.9,True,19,0,265,15,1719,46088,58000,2000,0.8595,0.924515,0.794621,500,2026-09-03T19:14:56
tdma_packet_loss,1,30,0.15,3,2,0.025,8,0.734077,0.333333,0.82,4.3,True,43,1,2,41,266,7134,8700,300,0.886667,0.924812,0.82,75,2026-09-03T19:14:57
tdma_packet_loss,1,30,0.15,3,2,0.025,9,0.755046,0.666667,0.788887,2.0,True,20,1,19,24,314,8419,10672,368,0.853261,0.924555,0.788887,92,2026-09-03T19:14:55
tdma_packet_loss,1,30,0.15,3,2,0.025,10,0.716212,0.666667,0.802212,1.6,True,16,1,72,20,551,14796,18444,636,0.866352,0.925965,0.802212,159,2026-09-03T19:14:56
tdma_packet_loss,1,30,0.15,3,2,0.025,11,0.777071,0.333333,0.797502,3.5,True,35,1,94,13,837,22480,28188,972,0.861111,0.926132,0.797502,243,2026-09-03T19:14:56
tdma_packet_loss,1,30,0.15,3,2,0.025,12,0.743313,0.666667,0.77713,1.6,True,16,1,10,20,228,6130,7888,272,0.838235,0.927102,0.77713,68,2026-09-03T19:14:56
tdma_packet_loss,1,30,0.15,3,2,0.025,13,0.752199,0.666667,0.797062,1.5,True,15,1,40,19,338,9061,11368,392,0.862245,0.924403,0.797062,98,2026-09-03T19:14:55
tdma_packet_loss,1,30,0.15,3,2,0.025,14,0.716744,0.333333,0.786186,1.7,True,17,1,101,15,551,14774,18792,648,0.850309,0.924589,0.786186,162,2026-09-03T19:14:56
tdma_packet_loss,1,30,0.15,3,2,0.05,0,0.624481,0.666667,0.78031,16.3,True,163,0,327,13,842,22629,29000,1000,0.842,0.926734,0.78031,500,2026-09-03T19:14:57
tdma_packet_loss,1,30,0.15,3,2,0.05,1,0.619008,1.0,0.798379,16.8,True,168,0,319,43,862,23153,29000,1000,0.862,0.926194,0.798379,500,2026-09-03T19:14:58
tdma_packet_loss,1,30,0.15,3,2,0.05,2,0.627692,1.0,0.755966,5.2,True,52,0,437,42,816,21923,29000,1000,0.816,0.926428,0.755966,500,2026-09-03T19:14:57
tdma_packet_loss,1,30,0.15,3,2,0.05,3,0.68585,0.333333,0.796103,7.6,True,76,0,408,85,860,23087,29000,1000,0.86,0.925702,0.796103,500,2026-09-03T19:14:58
tdma_packet_loss,1,30,0.15,3,2,0.05,4,0.666709,0.666667,0.769655,16.4,True,164,0,319,27,831,22320,29000,1000,0.831,0.92618,0.769655,500,2026-09-03T19:14:57
tdma_packet_loss,1,30,0.15,3,2,0.05,5,0.624188,0.666667,0.784138,38.7,True,387,0,103,52,848,22740,29000,1000,0.848,0.924691,0.784138,500,2026-09-03T19:14:58
tdma_packet_loss,1,30,0.15,3,2,0.05,6,0.677269,1.0,0.781034,33.4,True,334,0,161,11,842,22650,29000,1000,0.842,0.927594,0.781034,500,2026-09-03T19:14:57
tdma_packet_loss,1,30,0.15,3,2,0.05,7,0.63422,0.333333,0.786966,8.3,True,83,0,395,28,852,22822,29000,1000,0.852,0.923668,0.786966,500,2026-09-03T19:14:58
tdma_packet_loss,1,30,0.15,3,2,0.05,8,0.656602,1.0,0.814241,7.9,True,79,0,411,43,878,23613,29000,1000,0.878,0.927382,0.814241,500,2026-09-03T19:14:57
tdma_packet_loss,1,30,0.15,3,2,0.05,9,0.642716,0.666667,0.786276,11.8,True,118,0,379,26,851,22802,29000,1000,0.851,0.923943,0.786276,500,2026-09-03T19:14:59
tdma_packet_loss,1,30,0.15,3,2,0.05,10,0.654287,1.0,0.799069,13.7,True,137,0,353,30,863,23173,29000,1000,0.863,0.92592,0.799069,500,2026-09-03T19:14:57
tdma_packet_loss,1,30,0.15,3,2,0.05,11,0.684672,0.333333,0.798172,8.4,True,84,0,404,33,862,23147,29000,1000,0.862,0.925954,0.798172,500,2026-09-03T19:14:59
tdma_packet_loss,1,30,0.15,3,2,0.05,12,0.586669,0.666667,0.785138,50.0,False,500,0,0,36,848,22769,29000,1000,0.848,0.92587,0.785138,500,2026-09-03T19:14:57
tdma_packet_loss,1,30,0.15,3,2,0.05,13,0.658738,1.0,0.779483,11.1,True,111,0,361,25,843,22605,29000,1000,0.843,0.924653,0.779483,500,2026-09-03T19:14:59
tdma_packet_loss,1,30,0.15,3,2,0.05,14,0.648569,1.0,0.786241,4.3,True,43,0,441,47,851,22801,29000,1000,0.851,0.923903,0.786241,500,2026-09-03T19:14:58
tdma_packet_loss,1,30,0.15,3,2,0.1,0,0.616865,1.0,0.793103,50.0,False,500,0,0,41,426,11500,14500,500,0.852,0.930873,0.793103,500,2026-09-03T19:15:00
tdma_packet_loss,1,30,0.15,3,2,0.1,1,0.468906,1.0,0.786483,50.0,False,500,0,0,92,424,11404,14500,500,0.848,0.927456,0.786483,500,2026-09-03T19:15:00
tdma_packet_loss,1,30,0.15,3,2,0.1,2,0.548941,0.666667,0.750621,50.0,False,500,0,0,94,406,10884,14500,500,0.812,0.92441,0.750621,500,2026-09-03T19:15:01
tdma_packet_loss,1,30,0.15,3,2,0.1,3,0.416071,1.0,0.802,50.0,False,500,0,0,80,433,11629,14500,500,0.866,0.926097,0.802,500,2026-09-03T19:15:00
tdma_packet_loss,1,30,0.15,3,2,0.1,4,0.479944,1.0,0.80531,50.0,False,500,0,0,77,435,11677,14500,500,0.87,0.925644,0.80531,500,2026-09-03T19:15:01
tdma_packet_loss,1,30,0.15,3,2,0.1,5,0.480971,0.666667,0.776414,50.0,False,500,0,0,119,421,11258,14500,500,0.842,0.922107,0.776414,500,2026-09-03T19:15:00
tdma_packet_loss,1,30,0.15,3,2,0.1,6,0.497502,1.0,0.781241,50.0,False,500,0,0,67,421,11328,14500,500,0.842,0.92784,0.781241,500,2026-09-03T19:15:01
tdma_packet_loss,1,30,0.15,3,2,0.1,7,0.584394,1.0,0.794828,50.0,False,500,0,0,25,429,11525,14500,500,0.858,0.926372,0.794828,500,2026-09-03T19:15:00
tdma_packet_loss,1,30,0.15,3,2,0.1,8,0.576033,0.666667,0.813517,50.0,False,500,0,0,90,438,11796,14500,500,0.876,0.928673,0.813517,500,2026-09-03T19:15:02
tdma_packet_loss,1,30,0.15,3,2,0.1,9,0.501512,1.0,0.800552,50.0,False,500,0,0,61,433,11608,14500,500,0.866,0.924425,0.800552,500,2026-09-03T19:15:00
tdma_packet_loss,1,30,0.15,3,2,0.1,10,0.499657,1.0,0.795448,50.0,False,500,0,0,71,430,11534,14500,500,0.86,0.92494,0.795448,500,2026-09-03T19:15:02
tdma_packet_loss,1,30,0.15,3,2,0.1,11,0.520822,1.0,0.792207,50.0,False,500,0,0,34,428,11487,14500,500,0.856,0.925475,0.792207,500,2026-09-03T19:15:00
tdma_packet_loss,1,30,0.15,3,2,0.1,12,0.443909,1.0,0.774414,50.0,False,500,0,0,67,418,11229,14500,500,0.836,0.926332,0.774414,500,2026-09-03T19:15:02
tdma_packet_loss,1,30,0.15,3,2,0.1,13,0.50931,0.666667,0.779172,50.0,False,500,0,0,165,421,11298,14500,500,0.842,0.925383,0.779172,500,2026-09-03T19:15:00
tdma_packet_loss,1,30,0.15,3,2,0.1,14,0.554926,1.0,0.778828,50.0,False,500,0,0,35,421,11293,14500,500,0.842,0.924973,0.778828,500,2026-09-03T19:15:02
tdma_packet_loss,1,30,0.15,3,5,0.025,0,0.756907,0.666667,0.797109,1.1,True,11,1,29,23,340,9154,11484,396,0.858586,0.928398,0.797109,99,2026-09-03T19:15:00
tdma_packet_loss,1,30,0.15,3,5,0.025,1,0.685183,1.0,0.800192,1.1,True,11,1,7,15,155,4177,5220,180,0.861111,0.929255,0.800192,45,2026-09-03T19:15:00
tdma_packet_loss,1,30,0.15,3,5,0.025,2,0.73377,0.333333,0.778008,2.2,True,22,1,214,26,1526,40973,52664,1816,0.840308,0.92586,0.778008,454,2026-09-03T19:15:02
tdma_packet_loss,1,30,0.15,3,5,0.025,3,0.667036,0.666667,0.8045,3.0,True,30,1,6,42,205,5506,6844,236,0.868644,0.926156,0.8045,59,2026-09-03T19:15:03
tdma_packet_loss,1,30,0.15,3,5,0.025,4,0.733355,1.0,0.804446,1.1,True,11,1,39,18,396,10638,13224,456,0.868421,0.926332,0.804446,114,2026-09-03T19:15:01
tdma_packet_loss,1,30,0.15,3,5,0.025,5,0.764003,0.333333,0.79132,3.6,True,36,1,37,40,398,10648,13456,464,0.857759,0.922544,0.79132,116,2026-09-03T19:15:02
tdma_packet_loss,1,30,0.15,3,5,0.025,6,0.753444,0.0,0.778034,1.6,True,16,0,328,20,1680,45126,58000,2000,0.84,0.926232,0.778034,500,2026-09-03T19:15:04
tdma_packet_loss,1,30,0.15,3,5,0.025,7,0.678331,1.0,0.777513,1.9,True,19,1,5,15,158,4239,5452,188,0.840426,0.925142,0.777513,47,2026-09-03T19:15:04
tdma_packet_loss,1,30,0.15,3,5,0.025,8,0.672382,0.666667,0.81239,3.9,True,39,1,0,18,207,5560,6844,236,0.877119,0.926204,0.81239,59,2026-09-03T19:15:01
tdma_packet_loss,1,30,0.15,3,5,0.025,9,0.767407,0.0,0.807767,2.4,True,24,1,26,31,374,10026,12412,428,0.873832,0.924396,0.807767,107,2026-09-03T19:15:02
tdma_packet_loss,1,30,0.15,3,5,0.025,10,0.692562,0.666667,0.821429,2.4,True,24,1,4,20,199,5336,6496,224,0.888393,0.924623,0.821429,56,2026-09-03T19:15:02
tdma_packet_loss,1,30,0.15,3,5,0.025,11,0.746057,0.666667,0.803336,1.4,True,14,1,28,12,427,11462,14268,492,0.867886,0.925624,0.803336,123,2026-09-03T19:15:03
tdma_packet_loss,1,30,0.15,3,5,0.025,12,0.753051,0.0,0.792877,1.6,True,16,1,130,13,915,24557,30972,1068,0.856742,0.925457,0.792877,267,2026-09-03T19:15:03
tdma_packet_loss,1,30,0.15,3,5,0.025,13,0.757409,0.666667,0.762566,1.1,True,11,1,6,14,194,5219,6844,236,0.822034,0.927657,0.762566,59,2026-09-03T19:15:03
tdma_packet_loss,1,30,0.15,3,5,0.025,14,0.737447,1.0,0.802921,1.7,True,17,1,21,23,250,6706,8352,288,0.868056,0.924966,0.802921,72,2026-09-03T19:15:02
tdma_packet_loss,1,30,0.15,3,5,0.05,0,0.63814,1.0,0.784034,6.8,True,68,0,428,29,846,22737,29000,1000,0.846,0.926755,0.784034,500,2026-09-03T19:15:04
tdma_packet_loss,1,30,0.15,3,5,0.05,1,0.691546,0.0,0.802966,19.9,True,199,0,279,43,867,23286,29000,1000,0.867,0.926142,0.802966,500,2026-09-03T19:15:04
tdma_packet_loss,1,30,0.15,3,5,0.05,2,0.656019,0.666667,0.761517,32.8,True,328,0,168,39,822,22084,29000,1000,0.822,0.92642,0.761517,500,2026-09-03T19:15:06
tdma_packet_loss,1,30,0.15,3,5,0.05,3,0.721608,0.666667,0.791414,9.8,True,98,0,379,40,855,22951,29000,1000,0.855,0.92563,0.791414,500,2026-09-03T19:15:04
tdma_packet_loss,1,30,0.15,3,5,0.05,4,0.662064,0.666667,0.773897,50.0,False,500,0,0,23,836,22443,29000,1000,0.836,0.925714,0.773897,500,2026-09-03T19:15:06
tdma_packet_loss,1,30,0.15,3,5,0.05,5,0.695681,0.333333,0.788724,24.0,True,240,0,254,46,853,22873,29000,1000,0.853,0.924647,0.788724,500,2026-09-03T19:15:04
tdma_packet_loss,1,30,0.15,3,5,0.05,6,0.694589,0.666667,0.767241,7.3,True,73,0,391,22,827,22250,29000,1000,0.827,0.92774,0.767241,500,2026-09-03T19:15:06
tdma_packet_loss,1,30,0.15,3,5,0.05,7,0.693842,0.666667,0.780069,3.8,True,38,0,443,42,844,22622,29000,1000,0.844,0.924252,0.780069,500,2026-09-03T19:15:05
tdma_packet_loss,1,30,0.15,3,5,0.05,8,0.674388,0.666667,0.805241,43.3,True,433,0,62,49,868,23352,29000,1000,0.868,0.927697,0.805241,500,2026-09-03T19:15:06
tdma_packet_loss,1,30,0.15,3,5,0.05,9,0.645958,0.666667,0.791621,50.0,False,500,0,0,67,857,22957,29000,1000,0.857,0.923711,0.791621,500,2026-09-03T19:15:05
tdma_packet_loss,1,30,0.15,3,5,0.05,10,0.650437,1.0,0.804552,50.0,False,500,0,0,75,869,23332,29000,1000,0.869,0.925836,0.804552,500,2026-09-03T19:15:06
tdma_packet_loss,1,30,0.15,3,5,0.05,11,0.697885,0.666667,0.803828,45.6,True,456,0,42,35,868,23311,29000,1000,0.868,0.926069,0.803828,500,2026-09-03T19:15:05
tdma_packet_loss,1,30,0.15,3,5,0.05,12,0.57059,0.666667,0.790483,11.5,True,115,0,380,83,854,22924,29000,1000,0.854,0.925624,0.790483,500,2026-09-03T19:15:07
tdma_packet_loss,1,30,0.15,3,5,0.05,13,0.694928,1.0,0.783241,13.7,True,137,0,360,25,847,22714,29000,1000,0.847,0.924724,0.783241,500,2026-09-03T19:15:06
tdma_packet_loss,1,30,0.15,3,5,0.05,14,0.677679,0.666667,0.790552,2.7,True,27,0,458,23,856,22926,29000,1000,0.856,0.923542,0.790552,500,2026-09-03T19:15:07
tdma_packet_loss,1,30,0.15,3,5,0.1,0,0.60522,0.666667,0.800138,50.0,False,500,0,0,24,430,11602,14500,500,0.86,0.930393,0.800138,500,2026-09-03T19:15:06
tdma_packet_loss,1,30,0.15,3,5,0.1,1,0.584098,1.0,0.795862,50.0,False,500,0,0,130,429,11540,14500,500,0.858,0.927578,0.795862,500,2026-09-03T19:15:07
tdma_packet_loss,1,30,0.15,3,5,0.1,2,0.534057,1.0,0.761103,50.0,False,500,0,0,48,412,11036,14500,500,0.824,0.923669,0.761103,500,2026-09-03T19:15:07
tdma_packet_loss,1,30,0.15,3,5,0.1,3,0.483144,1.0,0.787931,50.0,False,500,0,0,27,425,11425,14500,500,0.85,0.926978,0.787931,500,2026-09-03T19:15:09
tdma_packet_loss,1,30,0.15,3,5,0.1,4,0.557189,0.333333,0.799724,50.0,False,500,0,0,109,432,11596,14500,500,0.864,0.925607,0.799724,500,2026-09-03T19:15:07
tdma_packet_loss,1,30,0.15,3,5,0.1,5,0.501286,0.666667,0.786828,50.0,False,500,0,0,428,427,11409,14500,500,0.854,0.921344,0.786828,500,2026-09-03T19:15:09
tdma_packet_loss,1,30,0.15,3,5,0.1,6,0.51798,1.0,0.762897,50.0,False,500,0,0,350,411,11062,14500,500,0.822,0.928098,0.762897,500,2026-09-03T19:15:08
tdma_packet_loss,1,30,0.15,3,5,0.1,7,0.53957,1.0,0.777241,50.0,False,500,0,0,43,419,11270,14500,500,0.838,0.927496,0.777241,500,2026-09-03T19:15:09
tdma_packet_loss,1,30,0.15,3,5,0.1,8,0.531917,0.666667,0.806483,50.0,False,500,0,0,95,434,11694,14500,500,0.868,0.929128,0.806483,500,2026-09-03T19:15:08
tdma_packet_loss,1,30,0.15,3,5,0.1,9,0.5314,0.666667,0.807793,50.0,False,500,0,0,196,437,11713,14500,500,0.874,0.924248,0.807793,500,2026-09-03T19:15:09
tdma_packet_loss,1,30,0.15,3,5,0.1,10,0.492147,0.666667,0.806,50.0,False,500,0,0,92,436,11687,14500,500,0.872,0.924312,0.806,500,2026-09-03T19:15:08
tdma_packet_loss,1,30,0.15,3,5,0.1,11,0.493889,1.0,0.798,50.0,False,500,0,0,40,431,11571,14500,500,0.862,0.925754,0.798,500,2026-09-03T19:15:09
tdma_packet_loss,1,30,0.15,3,5,0.1,12,0.461616,1.0,0.786,50.0,False,500,0,0,32,424,11397,14500,500,0.848,0.926887,0.786,500,2026-09-03T19:15:09
tdma_packet_loss,1,30,0.15,3,5,0.1,13,0.568913,1.0,0.781241,50.0,False,500,0,0,57,422,11328,14500,500,0.844,0.925641,0.781241,500,2026-09-03T19:15:10
tdma_packet_loss,1,30,0.15,3,5,0.1,14,0.500823,0.666667,0.787034,50.0,False,500,0,0,46,426,11412,14500,500,0.852,0.923749,0.787034,500,2026-09-03T19:15:09
tdma_packet_loss,1,30,0.15,5,0,0.025,0,0.73641,0.2,0.791121,3.1,True,31,0,292,38,1709,45885,58000,2000,0.8545,0.925829,0.791121,500,2026-09-03T19:15:10
tdma_packet_loss,1,30,0.15,5,0,0.025,1,0.752059,0.4,0.79537,2.3,True,23,1,103,29,797,21405,26912,928,0.858836,0.926102,0.79537,232,2026-09-03T19:15:08
tdma_packet_loss,1,30,0.15,5,0,0.025,2,0.735938,0.2,0.77531,6.8,True,68,0,297,22,1675,44968,58000,2000,0.8375,0.925744,0.77531,500,2026-09-03T19:15:10
tdma_packet_loss,1,30,0.15,5,0,0.025,3,0.767849,0.2,0.793897,3.0,True,30,0,296,35,1715,46046,58000,2000,0.8575,0.925827,0.793897,500,2026-09-03T19:15:10
tdma_packet_loss,1,30,0.15,5,0,0.025,4,0.784665,0.2,0.76713,2.0,True,20,1,266,39,1286,34527,45008,1552,0.828608,0.925806,0.76713,388,2026-09-03T19:15:12
tdma_packet_loss,1,30,0.15,5,0,0.025,5,0.727068,0.0,0.789529,3.2,True,32,1,103,73,561,15020,19024,656,0.855183,0.923228,0.789529,164,2026-09-03T19:15:09
tdma_packet_loss,1,30,0.15,5,0,0.025,6,0.697473,0.2,0.783717,3.8,True,38,1,111,42,723,19455,24824,856,0.844626,0.927887,0.783717,214,2026-09-03T19:15:10
tdma_packet_loss,1,30,0.15,5,0,0.025,7,0.770007,0.0,0.791566,3.4,True,34,1,61,38,441,11845,14964,516,0.854651,0.926187,0.791566,129,2026-09-03T19:15:09
tdma_packet_loss,1,30,0.15,5,0,0.025,8,0.74266,0.4,0.817194,3.3,True,33,1,52,41,514,13840,16936,584,0.880137,0.928485,0.817194,146,2026-09-03T19:15:10
tdma_packet_loss,1,30,0.15,5,0,0.025,9,0.745685,0.0,0.789867,2.2,True,22,1,176,25,947,25380,32132,1108,0.854693,0.924152,0.789867,277,2026-09-03T19:15:10
tdma_packet_loss,1,30,0.15,5,0,0.025,10,0.738701,0.0,0.791172,4.4,True,44,0,306,41,1709,45888,58000,2000,0.8545,0.925889,0.791172,500,2026-09-03T19:15:12
tdma_packet_loss,1,30,0.15,5,0,0.025,11,0.769147,0.2,0.794948,4.2,True,42,0,262,30,1717,46107,58000,2000,0.8585,0.925974,0.794948,500,2026-09-03T19:15:11
tdma_packet_loss,1,30,0.15,5,0,0.025,12,0.763271,0.4,0.78269,3.1,True,31,0,252,38,1693,45396,58000,2000,0.8465,0.924619,0.78269,500,2026-09-03T19:15:13
tdma_packet_loss,1,30,0.15,5,0,0.025,13,0.777911,0.2,0.786207,1.7,True,17,0,325,75,1698,45600,58000,2000,0.849,0.926039,0.786207,500,2026-09-03T19:15:12
tdma_packet_loss,1,30,0.15,5,0,0.025,14,0.736566,0.2,0.783543,1.5,True,15,1,113,19,716,19178,24476,844,0.848341,0.923618,0.783543,211,2026-09-03T19:15:12
tdma_packet_loss,1,30,0.15,5,0,0.05,0,0.676802,0.6,0.78031,37.5,True,375,0,122,100,842,22629,29000,1000,0.842,0.926734,0.78031,500,2026-09-03T19:15:12
tdma_packet_loss,1,30,0.15,5,0,0.05,1,0.53282,0.4,0.798379,38.4,True,384,0,115,168,862,23153,29000,1000,0.862,0.926194,0.798379,500,2026-09-03T19:15:13
tdma_packet_loss,1,30,0.15,5,0,0.05,2,0.605215,0.6,0.755966,50.0,False,500,0,0,185,816,21923,29000,1000,0.816,0.926428,0.755966,500,2026-09-03T19:15:12
tdma_packet_loss,1,30,0.15,5,0,0.05,3,0.66514,0.4,0.796103,50.0,False,500,0,0,225,860,23087,29000,1000,0.86,0.925702,0.796103,500,2026-09-03T19:15:13
tdma_packet_loss,1,30,0.15,5,0,0.05,4,0.661251,0.6,0.769655,50.0,False,500,0,0,64,831,22320,29000,1000,0.831,0.92618,0.769655,500,2026-09-03T19:15:12
tdma_packet_loss,1,30,0.15,5,0,0.05,5,0.571756,0.6,0.784138,50.0,False,500,0,0,317,848,22740,29000,1000,0.848,0.924691,0.784138,500,2026-09-03T19:15:14
tdma_packet_loss,1,30,0.15,5,0,0.05,6,0.551069,0.8,0.781034,33.6,True,336,0,161,188,842,22650,29000,1000,0.842,0.927594,0.781034,500,2026-09-03T19:15:12
tdma_packet_loss,1,30,0.15,5,0,0.05,7,0.539929,0.6,0.786966,50.0,False,500,0,0,92,852,22822,29000,1000,0.852,0.923668,0.786966,500,2026-09-03T19:15:14
tdma_packet_loss,1,30,0.15,5,0,0.05,8,0.601914,1.0,0.814241,50.0,False,500,0,0,77,878,23613,29000,1000,0.878,0.927382,0.814241,500,2026-09-03T19:15:14
tdma_packet_loss,1,30,0.15,5,0,0.05,9,0.589493,0.6,0.786276,22.3,True,223,0,275,127,851,22802,29000,1000,0.851,0.923943,0.786276,500,2026-09-03T19:15:15
tdma_packet_loss,1,30,0.15,5,0,0.05,10,0.548692,0.6,0.799069,33.4,True,334,0,162,93,863,23173,29000,1000,0.863,0.92592,0.799069,500,2026-09-03T19:15:14
tdma_packet_loss,1,30,0.15,5,0,0.05,11,0.538413,0.4,0.798172,9.9,True,99,0,398,93,862,23147,29000,1000,0.862,0.925954,0.798172,500,2026-09-03T19:15:15
tdma_packet_loss,1,30,0.15,5,0,0.05,12,0.609367,0.4,0.785138,45.5,True,455,0,43,253,848,22769,29000,1000,0.848,0.92587,0.785138,500,2026-09-03T19:15:14
tdma_packet_loss,1,30,0.15,5,0,0.05,13,0.584508,0.8,0.779483,50.0,False,500,0,0,178,843,22605,29000,1000,0.843,0.924653,0.779483,500,2026-09-03T19:15:16
tdma_packet_loss,1,30,0.15,5,0,0.05,14,0.605401,0.8,0.786241,24.8,True,248,0,248,50,851,22801,29000,1000,0.851,0.923903,0.786241,500,2026-09-03T19:15:15
tdma_packet_loss,1,30,0.15,5,0,0.1,0,0.382752,1.0,0.793103,50.0,False,500,0,0,273,426,11500,14500,500,0.852,0.930873,0.793103,500,2026-09-03T19:15:16
tdma_packet_loss,1,30,0.15,5,0,0.1,1,0.400755,1.0,0.786483,50.0,False,500,0,0,500,424,11404,14500,500,0.848,0.927456,0.786483,500,2026-09-03T19:15:15
tdma_packet_loss,1,30,0.15,5,0,0.1,2,0.477993,1.0,0.750621,50.0,False,500,0,0,81,406,10884,14500,500,0.812,0.92441,0.750621,500,2026-09-03T19:15:16
tdma_packet_loss,1,30,0.15,5,0,0.1,3,0.39306,1.0,0.802,50.0,False,500,0,0,175,433,11629,14500,500,0.866,0.926097,0.802,500,2026-09-03T19:15:15
tdma_packet_loss,1,30,0.15,5,0,0.1,4,0.487278,0.8,0.80531,50.0,False,500,0,0,500,435,11677,14500,500,0.87,0.925644,0.80531,500,2026-09-03T19:15:16
tdma_packet_loss,1,30,0.15,5,0,0.1,5,0.412518,0.6,0.776414,50.0,False,500,0,0,500,421,11258,14500,500,0.842,0.922107,0.776414,500,2026-09-03T19:15:15
tdma_packet_loss,1,30,0.15,5,0,0.1,6,0.469359,1.0,0.781241,50.0,False,500,0,0,500,421,11328,14500,500,0.842,0.92784,0.781241,500,2026-09-03T19:15:16
tdma_packet_loss,1,30,0.15,5,0,0.1,7,0.397868,0.6,0.794828,50.0,False,500,0,0,253,429,11525,14500,500,0.858,0.926372,0.794828,500,2026-09-03T19:15:15
tdma_packet_loss,1,30,0.15,5,0,0.1,8,0.445464,0.4,0.813517,50.0,False,500,0,0,500,438,11796,14500,500,0.876,0.928673,0.813517,500,2026-09-03T19:15:17
tdma_packet_loss,1,30,0.15,5,0,0.1,9,0.438623,0.4,0.800552,50.0,False,500,0,0,500,433,11608,14500,500,0.866,0.924425,0.800552,500,2026-09-03T19:15:17
tdma_packet_loss,1,30,0.15,5,0,0.1,10,0.359637,1.0,0.795448,50.0,False,500,0,0,500,430,11534,14500,500,0.86,0.92494,0.795448,500,2026-09-03T19:15:18
tdma_packet_loss,1,30,0.15,5,0,0.1,11,0.443627,0.6,0.792207,50.0,False,500,0,0,500,428,11487,14500,500,0.856,0.925475,0.792207,500,2026-09-03T19:15:17
tdma_packet_loss,1,30,0.15,5,0,0.1,12,0.405718,0.8,0.774414,50.0,False,500,0,0,71,418,11229,14500,500,0.836,0.926332,0.774414,500,2026-09-03T19:15:18
tdma_packet_loss,1,30,0.15,5,0,0.1,13,0.465352,0.4,0.779172,50.0,False,500,0,0,345,421,11298,14500,500,0.842,0.925383,0.779172,500,2026-09-03T19:15:17
tdma_packet_loss,1,30,0.15,5,0,0.1,14,0.400102,0.8,0.778828,50.0,False,500,0,0,500,421,11293,14500,500,0.842,0.924973,0.778828,500,2026-09-03T19:15:19
tdma_packet_loss,1,30,0.15,5,2,0.025,0,0.712869,0.0,0.792914,2.6,True,26,0,335,35,1713,45989,58000,2000,0.8565,0.92576,0.792914,500,2026-09-03T19:15:18
tdma_packet_loss,1,30,0.15,5,2,0.025,1,0.750825,0.4,0.80031,4.5,True,45,0,285,28,1727,46418,58000,2000,0.8635,0.926821,0.80031,500,2026-09-03T19:15:20
tdma_packet_loss,1,30,0.15,5,2,0.025,2,0.732347,0.0,0.774784,2.9,True,29,1,224,64,1258,33793,43616,1504,0.836436,0.926292,0.774784,376,2026-09-03T19:15:18
tdma_packet_loss,1,30,0.15,5,2,0.025,3,0.730404,0.0,0.783345,3.4,True,34,0,234,45,1692,45434,58000,2000,0.846,0.92594,0.783345,500,2026-09-03T19:15:20
tdma_packet_loss,1,30,0.15,5,2,0.025,4,0.80247,0.2,0.779569,3.3,True,33,0,290,37,1684,45215,58000,2000,0.842,0.925854,0.779569,500,2026-09-03T19:15:18
tdma_packet_loss,1,30,0.15,5,2,0.025,5,0.709433,0.4,0.779862,2.7,True,27,0,336,33,1688,45232,58000,2000,0.844,0.924007,0.779862,500,2026-09-03T19:15:20
tdma_packet_loss,1,30,0.15,5,2,0.025,6,0.718868,0.0,0.777121,10.0,True,100,0,245,24,1678,45073,58000,2000,0.839,0.926246,0.777121,500,2026-09-03T19:15:18
tdma_packet_loss,1,30,0.15,5,2,0.025,7,0.791186,0.0,0.782782,4.5,True,45,1,192,29,1237,33143,42340,1460,0.84726,0.923898,0.782782,365,2026-09-03T19:15:20
tdma_packet_loss,1,30,0.15,5,2,0.025,8,0.741775,0.2,0.794207,1.9,True,19,0,313,29,1715,46064,58000,2000,0.8575,0.926189,0.794207,500,2026-09-03T19:15:19
tdma_packet_loss,1,30,0.15,5,2,0.025,9,0.722455,0.4,0.792276,2.1,True,21,0,336,25,1712,45952,58000,2000,0.856,0.925556,0.792276,500,2026-09-03T19:15:21
tdma_packet_loss,1,30,0.15,5,2,0.025,10,0.71662,0.0,0.792517,2.3,True,23,0,270,22,1712,45966,58000,2000,0.856,0.925838,0.792517,500,2026-09-03T19:15:20
tdma_packet_loss,1,30,0.15,5,2,0.025,11,0.727786,0.4,0.796448,3.0,True,30,0,301,19,1720,46194,58000,2000,0.86,0.926103,0.796448,500,2026-09-03T19:15:23
tdma_packet_loss,1,30,0.15,5,2,0.025,12,0.773266,0.0,0.791548,3.0,True,30,1,143,17,910,24424,30856,1064,0.855263,0.925502,0.791548,266,2026-09-03T19:15:20
tdma_packet_loss,1,30,0.15,5,2,0.025,13,0.732677,0.0,0.786061,2.0,True,20,1,130,41,1002,26899,34220,1180,0.849153,0.9257,0.786061,295,2026-09-03T19:15:21
tdma_packet_loss,1,30,0.15,5,2,0.025,14,0.733046,0.0,0.798017,4.5,True,45,0,250,21,1726,46285,58000,2000,0.863,0.924701,0.798017,500,2026-09-03T19:15:21
tdma_packet_loss,1,30,0.15,5,2,0.05,0,0.491599,0.8,0.784069,50.0,False,500,0,0,42,846,22738,29000,1000,0.846,0.926795,0.784069,500,2026-09-03T19:15:23
tdma_packet_loss,1,30,0.15,5,2,0.05,1,0.57894,0.8,0.801138,50.0,False,500,0,0,57,865,23233,29000,1000,0.865,0.926171,0.801138,500,2026-09-03T19:15:22
tdma_packet_loss,1,30,0.15,5,2,0.05,2,0.67822,0.4,0.759586,50.0,False,500,0,0,142,820,22028,29000,1000,0.82,0.926325,0.759586,500,2026-09-03T19:15:24
tdma_packet_loss,1,30,0.15,5,2,0.05,3,0.60642,0.8,0.789655,18.8,True,188,0,299,197,853,22900,29000,1000,0.853,0.925739,0.789655,500,2026-09-03T19:15:22
tdma_packet_loss,1,30,0.15,5,2,0.05,4,0.548196,0.6,0.772241,38.2,True,382,0,117,73,834,22395,29000,1000,0.834,0.925949,0.772241,500,2026-09-03T19:15:24
tdma_packet_loss,1,30,0.15,5,2,0.05,5,0.668659,0.4,0.786828,50.0,False,500,0,0,50,851,22818,29000,1000,0.851,0.924592,0.786828,500,2026-09-03T19:15:22
tdma_packet_loss,1,30,0.15,5,2,0.05,6,0.606623,1.0,0.76631,50.0,False,500,0,0,93,826,22223,29000,1000,0.826,0.927736,0.76631,500,2026-09-03T19:15:24
tdma_packet_loss,1,30,0.15,5,2,0.05,7,0.606903,1.0,0.778207,50.0,False,500,0,0,223,842,22568,29000,1000,0.842,0.924236,0.778207,500,2026-09-03T19:15:23
tdma_packet_loss,1,30,0.15,5,2,0.05,8,0.592562,0.8,0.803483,50.0,False,500,0,0,95,866,23301,29000,1000,0.866,0.927809,0.803483,500,2026-09-03T19:15:24
tdma_packet_loss,1,30,0.15,5,2,0.05,9,0.577925,0.6,0.789931,50.0,False,500,0,0,150,855,22908,29000,1000,0.855,0.923896,0.789931,500,2026-09-03T19:15:23
tdma_packet_loss,1,30,0.15,5,2,0.05,10,0.561834,0.8,0.802724,10.6,True,106,0,393,135,867,23279,29000,1000,0.867,0.925864,0.802724,500,2026-09-03T19:15:24
tdma_packet_loss,1,30,0.15,5,2,0.05,11,0.607849,0.8,0.802069,50.0,False,500,0,0,65,866,23260,29000,1000,0.866,0.926177,0.802069,500,2026-09-03T19:15:23
tdma_packet_loss,1,30,0.15,5,2,0.05,12,0.579198,0.4,0.788621,50.0,False,500,0,0,20,852,22870,29000,1000,0.852,0.925611,0.788621,500,2026-09-03T19:15:24
tdma_packet_loss,1,30,0.15,5,2,0.05,13,0.501134,1.0,0.782414,50.0,False,500,0,0,118,846,22690,29000,1000,0.846,0.924839,0.782414,500,2026-09-03T19:15:24
tdma_packet_loss,1,30,0.15,5,2,0.05,14,0.552115,0.2,0.788724,50.0,False,500,0,0,46,854,22873,29000,1000,0.854,0.923565,0.788724,500,2026-09-03T19:15:26
tdma_packet_loss,1,30,0.15,5,2,0.1,0,0.437174,1.0,0.796552,50.0,False,500,0,0,454,428,11550,14500,500,0.856,0.930551,0.796552,500,2026-09-03T19:15:24
tdma_packet_loss,1,30,0.15,5,2,0.1,1,0.430301,0.8,0.794069,50.0,False,500,0,0,500,428,11514,14500,500,0.856,0.927651,0.794069,500,2026-09-03T19:15:26
tdma_packet_loss,1,30,0.15,5,2,0.1,2,0.411963,0.8,0.757724,50.0,False,500,0,0,500,410,10987,14500,500,0.82,0.924054,0.757724,500,2026-09-03T19:15:25
tdma_packet_loss,1,30,0.15,5,2,0.1,3,0.334004,1.0,0.786207,50.0,False,500,0,0,500,424,11400,14500,500,0.848,0.927131,0.786207,500,2026-09-03T19:15:27
tdma_packet_loss,1,30,0.15,5,2,0.1,4,0.470224,0.6,0.808828,50.0,False,500,0,0,362,437,11728,14500,500,0.874,0.925432,0.808828,500,2026-09-03T19:15:25
tdma_packet_loss,1,30,0.15,5,2,0.1,5,0.383935,0.6,0.78331,50.0,False,500,0,0,500,425,11358,14500,500,0.85,0.921542,0.78331,500,2026-09-03T19:15:27
tdma_packet_loss,1,30,0.15,5,2,0.1,6,0.411848,0.8,0.759448,50.0,False,500,0,0,500,409,11012,14500,500,0.818,0.928421,0.759448,500,2026-09-03T19:15:25
tdma_packet_loss,1,30,0.15,5,2,0.1,7,0.417552,1.0,0.775724,50.0,False,500,0,0,444,418,11248,14500,500,0.836,0.9279,0.775724,500,2026-09-03T19:15:27
tdma_packet_loss,1,30,0.15,5,2,0.1,8,0.499987,0.6,0.802621,50.0,False,500,0,0,500,432,11638,14500,500,0.864,0.928959,0.802621,500,2026-09-03T19:15:26
tdma_packet_loss,1,30,0.15,5,2,0.1,9,0.380299,1.0,0.804138,50.0,False,500,0,0,500,435,11660,14500,500,0.87,0.924296,0.804138,500,2026-09-03T19:15:27
tdma_packet_loss,1,30,0.15,5,2,0.1,10,0.344247,1.0,0.802276,50.0,False,500,0,0,500,434,11633,14500,500,0.868,0.924281,0.802276,500,2026-09-03T19:15:26
tdma_packet_loss,1,30,0.15,5,2,0.1,11,0.388958,0.8,0.798138,50.0,False,500,0,0,500,431,11573,14500,500,0.862,0.925914,0.798138,500,2026-09-03T19:15:27
tdma_packet_loss,1,30,0.15,5,2,0.1,12,0.465119,1.0,0.782138,50.0,False,500,0,0,500,422,11341,14500,500,0.844,0.926704,0.782138,500,2026-09-03T19:15:26
tdma_packet_loss,1,30,0.15,5,2,0.1,13,0.476171,1.0,0.777655,50.0,False,500,0,0,266,420,11276,14500,500,0.84,0.92578,0.777655,500,2026-09-03T19:15:27
tdma_packet_loss,1,30,0.15,5,2,0.1,14,0.422247,0.8,0.785241,50.0,False,500,0,0,393,425,11386,14500,500,0.85,0.923813,0.785241,500,2026-09-03T19:15:27
tdma_packet_loss,1,30,0.15,5,5,0.025,0,0.719703,0.0,0.795672,2.7,True,27,0,316,38,1719,46149,58000,2000,0.8595,0.925739,0.795672,500,2026-09-03T19:15:29
tdma_packet_loss,1,30,0.15,5,5,0.025,1,0.740613,0.6,0.798682,3.9,True,39,1,38,81,410,11025,13804,476,0.861345,0.92725,0.798682,119,2026-09-03T19:15:26
tdma_packet_loss,1,30,0.15,5,5,0.025,2,0.758282,0.0,0.779414,5.7,True,57,0,280,22,1684,45206,58000,2000,0.842,0.92567,0.779414,500,2026-09-03T19:15:28
tdma_packet_loss,1,30,0.15,5,5,0.025,3,0.731571,0.4,0.77409,5.8,True,58,1,15,31,357,9608,12412,428,0.834112,0.92804,0.77409,107,2026-09-03T19:15:27
tdma_packet_loss,1,30,0.15,5,5,0.025,4,0.761448,0.0,0.756066,4.3,True,43,1,254,62,1267,34029,45008,1552,0.816366,0.926136,0.756066,388,2026-09-03T19:15:29
tdma_packet_loss,1,30,0.15,5,5,0.025,5,0.771649,0.0,0.790072,5.7,True,57,1,99,38,749,20071,25404,876,0.855023,0.924037,0.790072,219,2026-09-03T19:15:28
tdma_packet_loss,1,30,0.15,5,5,0.025,6,0.674847,0.4,0.779845,1.9,True,19,0,354,43,1684,45231,58000,2000,0.842,0.926182,0.779845,500,2026-09-03T19:15:29
tdma_packet_loss,1,30,0.15,5,5,0.025,7,0.740945,0.2,0.788948,5.5,True,55,0,272,59,1706,45759,58000,2000,0.853,0.92491,0.788948,500,2026-09-03T19:15:29
tdma_packet_loss,1,30,0.15,5,5,0.025,8,0.748804,0.2,0.804364,1.7,True,17,1,95,22,725,19501,24244,836,0.867225,0.927515,0.804364,209,2026-09-03T19:15:29
tdma_packet_loss,1,30,0.15,5,5,0.025,9,0.714373,0.0,0.803168,2.7,True,27,1,120,26,748,20031,24940,860,0.869767,0.923428,0.803168,215,2026-09-03T19:15:28
tdma_packet_loss,1,30,0.15,5,5,0.025,10,0.683162,0.0,0.783172,3.2,True,32,0,298,20,1691,45424,58000,2000,0.8455,0.926283,0.783172,500,2026-09-03T19:15:30
tdma_packet_loss,1,30,0.15,5,5,0.025,11,0.702185,0.6,0.798586,3.2,True,32,0,323,49,1725,46318,58000,2000,0.8625,0.925897,0.798586,500,2026-09-03T19:15:29
tdma_packet_loss,1,30,0.15,5,5,0.025,12,0.764454,0.0,0.77158,3.3,True,33,1,150,18,1013,27209,35264,1216,0.833059,0.926201,0.77158,304,2026-09-03T19:15:31
tdma_packet_loss,1,30,0.15,5,5,0.025,13,0.761004,0.4,0.791343,3.1,True,31,1,55,28,486,13035,16472,568,0.855634,0.924862,0.791343,142,2026-09-03T19:15:28
tdma_packet_loss,1,30,0.15,5,5,0.025,14,0.69297,0.4,0.784764,2.2,True,22,1,40,34,312,8375,10672,368,0.847826,0.925619,0.784764,92,2026-09-03T19:15:28
tdma_packet_loss,1,30,0.15,5,5,0.05,0,0.526147,0.6,0.787759,50.0,False,500,0,0,72,850,22845,29000,1000,0.85,0.926775,0.787759,500,2026-09-03T19:15:30
tdma_packet_loss,1,30,0.15,5,5,0.05,1,0.559411,0.4,0.806621,12.4,True,124,0,368,148,871,23392,29000,1000,0.871,0.926086,0.806621,500,2026-09-03T19:15:32
tdma_packet_loss,1,30,0.15,5,5,0.05,2,0.611435,0.6,0.765172,50.0,False,500,0,0,44,826,22190,29000,1000,0.826,0.926359,0.765172,500,2026-09-03T19:15:30
tdma_packet_loss,1,30,0.15,5,5,0.05,3,0.644589,1.0,0.780931,50.0,False,500,0,0,84,843,22647,29000,1000,0.843,0.926371,0.780931,500,2026-09-03T19:15:32
tdma_packet_loss,1,30,0.15,5,5,0.05,4,0.588629,0.4,0.754241,50.0,False,500,0,0,75,814,21873,29000,1000,0.814,0.926586,0.754241,500,2026-09-03T19:15:31
tdma_packet_loss,1,30,0.15,5,5,0.05,5,0.66678,1.0,0.791552,50.0,False,500,0,0,215,856,22955,29000,1000,0.856,0.92471,0.791552,500,2026-09-03T19:15:32
tdma_packet_loss,1,30,0.15,5,5,0.05,6,0.561048,0.8,0.769966,50.0,False,500,0,0,159,830,22329,29000,1000,0.83,0.927669,0.769966,500,2026-09-03T19:15:31
tdma_packet_loss,1,30,0.15,5,5,0.05,7,0.635968,0.6,0.781966,21.4,True,214,0,285,73,846,22677,29000,1000,0.846,0.924309,0.781966,500,2026-09-03T19:15:33
tdma_packet_loss,1,30,0.15,5,5,0.05,8,0.596598,1.0,0.808897,50.0,False,500,0,0,42,872,23458,29000,1000,0.872,0.927634,0.808897,500,2026-09-03T19:15:31
tdma_packet_loss,1,30,0.15,5,5,0.05,9,0.601535,0.8,0.795345,14.7,True,147,0,350,43,861,23065,29000,1000,0.861,0.923745,0.795345,500,2026-09-03T19:15:33
tdma_packet_loss,1,30,0.15,5,5,0.05,10,0.656666,0.8,0.790966,50.0,False,500,0,0,49,854,22938,29000,1000,0.854,0.926189,0.790966,500,2026-09-03T19:15:31
tdma_packet_loss,1,30,0.15,5,5,0.05,11,0.636677,0.6,0.806345,50.0,False,500,0,0,61,871,23384,29000,1000,0.871,0.925769,0.806345,500,2026-09-03T19:15:33
tdma_packet_loss,1,30,0.15,5,5,0.05,12,0.592704,1.0,0.767138,50.0,False,500,0,0,38,829,22247,29000,1000,0.829,0.925377,0.767138,500,2026-09-03T19:15:32
tdma_packet_loss,1,30,0.15,5,5,0.05,13,0.586996,0.4,0.787069,50.0,False,500,0,0,42,851,22825,29000,1000,0.851,0.924875,0.787069,500,2026-09-03T19:15:34
tdma_packet_loss,1,30,0.15,5,5,0.05,14,0.64816,1.0,0.792655,24.8,True,248,0,250,256,858,22987,29000,1000,0.858,0.923841,0.792655,500,2026-09-03T19:15:32
tdma_packet_loss,1,30,0.15,5,5,0.1,0,0.473491,1.0,0.807172,50.0,False,500,0,0,193,434,11704,14500,500,0.868,0.929922,0.807172,500,2026-09-03T19:15:34
tdma_packet_loss,1,30,0.15,5,5,0.1,1,0.366374,0.4,0.802966,50.0,False,500,0,0,316,433,11643,14500,500,0.866,0.927212,0.802966,500,2026-09-03T19:15:34
tdma_packet_loss,1,30,0.15,5,5,0.1,2,0.426695,0.8,0.768138,50.0,False,500,0,0,500,416,11138,14500,500,0.832,0.923243,0.768138,500,2026-09-03T19:15:35
tdma_packet_loss,1,30,0.15,5,5,0.1,3,0.429803,0.6,0.771931,50.0,False,500,0,0,500,416,11193,14500,500,0.832,0.927802,0.771931,500,2026-09-03T19:15:34
tdma_packet_loss,1,30,0.15,5,5,0.1,4,0.477137,1.0,0.781793,50.0,False,500,0,0,136,422,11336,14500,500,0.844,0.926295,0.781793,500,2026-09-03T19:15:35
tdma_packet_loss,1,30,0.15,5,5,0.1,5,0.448497,1.0,0.792207,50.0,False,500,0,0,500,430,11487,14500,500,0.86,0.921171,0.792207,500,2026-09-03T19:15:34
tdma_packet_loss,1,30,0.15,5,5,0.1,6,0.438965,0.4,0.768552,50.0,False,500,0,0,215,414,11144,14500,500,0.828,0.928203,0.768552,500,2026-09-03T19:15:36
tdma_packet_loss,1,30,0.15,5,5,0.1,7,0.443627,1.0,0.784345,50.0,False,500,0,0,106,423,11373,14500,500,0.846,0.927122,0.784345,500,2026-09-03T19:15:34
tdma_packet_loss,1,30,0.15,5,5,0.1,8,0.419771,0.6,0.813586,50.0,False,500,0,0,407,438,11797,14500,500,0.876,0.928751,0.813586,500,2026-09-03T19:15:36
tdma_packet_loss,1,30,0.15,5,5,0.1,9,0.541668,0.8,0.813241,50.0,False,500,0,0,500,440,11792,14500,500,0.88,0.924138,0.813241,500,2026-09-03T19:15:35
tdma_packet_loss,1,30,0.15,5,5,0.1,10,0.46551,1.0,0.800621,50.0,False,500,0,0,500,433,11609,14500,500,0.866,0.924504,0.800621,500,2026-09-03T19:15:36
tdma_packet_loss,1,30,0.15,5,5,0.1,11,0.389025,1.0,0.803103,50.0,False,500,0,0,500,434,11645,14500,500,0.868,0.925234,0.803103,500,2026-09-03T19:15:35
tdma_packet_loss,1,30,0.15,5,5,0.1,12,0.519408,0.4,0.774276,50.0,False,500,0,0,491,418,11227,14500,500,0.836,0.926167,0.774276,500,2026-09-03T19:15:37
tdma_packet_loss,1,30,0.15,5,5,0.1,13,0.47823,1.0,0.788828,50.0,False,500,0,0,500,426,11438,14500,500,0.852,0.925854,0.788828,500,2026-09-03T19:15:35
tdma_packet_loss,1,30,0.15,5,5,0.1,14,0.474965,1.0,0.794483,50.0,False,500,0,0,500,430,11520,14500,500,0.86,0.923817,0.794483,500,2026-09-03T19:15:37
tdma_packet_loss,1,30,0.15,10,0,0.025,0,0.709409,0.1,0.795672,4.2,True,42,0,371,48,1719,46149,58000,2000,0.8595,0.925739,0.795672,500,2026-09-03T19:15:36
tdma_packet_loss,1,30,0.15,10,0,0.025,1,0.757585,0.1,0.813717,4.1,True,41,1,167,106,952,25580,31436,1084,0.878229,0.926543,0.813717,271,2026-09-03T19:15:38
tdma_packet_loss,1,30,0.15,10,0,0.025,2,0.741188,0.1,0.779414,3.2,True,32,0,400,100,1684,45206,58000,2000,0.842,0.92567,0.779414,500,2026-09-03T19:15:37
tdma_packet_loss,1,30,0.15,10,0,0.025,3,0.680397,0.0,0.782244,8.3,True,83,1,316,62,1483,39835,50924,1756,0.844533,0.926245,0.782244,439,2026-09-03T19:15:40
tdma_packet_loss,1,30,0.15,10,0,0.025,4,0.722597,0.0,0.76881,5.8,True,58,0,349,62,1660,44591,58000,2000,0.83,0.926278,0.76881,500,2026-09-03T19:15:38
tdma_packet_loss,1,30,0.15,10,0,0.025,5,0.686351,0.2,0.780741,14.4,True,144,0,326,130,1690,45283,58000,2000,0.845,0.923954,0.780741,500,2026-09-03T19:15:40
tdma_packet_loss,1,30,0.15,10,0,0.025,6,0.666646,0.4,0.779845,5.5,True,55,0,371,94,1684,45231,58000,2000,0.842,0.926182,0.779845,500,2026-09-03T19:15:38
tdma_packet_loss,1,30,0.15,10,0,0.025,7,0.697585,0.1,0.788948,10.5,True,105,0,343,66,1706,45759,58000,2000,0.853,0.92491,0.788948,500,2026-09-03T19:15:40
tdma_packet_loss,1,30,0.15,10,0,0.025,8,0.703682,0.3,0.796466,5.0,True,50,0,356,64,1720,46195,58000,2000,0.86,0.926123,0.796466,500,2026-09-03T19:15:39
tdma_packet_loss,1,30,0.15,10,0,0.025,9,0.68829,0.2,0.794483,4.0,True,40,0,400,35,1717,46080,58000,2000,0.8585,0.925431,0.794483,500,2026-09-03T19:15:41
tdma_packet_loss,1,30,0.15,10,0,0.025,10,0.61093,0.3,0.783172,9.6,True,96,0,348,92,1691,45424,58000,2000,0.8455,0.926283,0.783172,500,2026-09-03T19:15:39
tdma_packet_loss,1,30,0.15,10,0,0.025,11,0.745175,0.3,0.798586,7.1,True,71,0,326,41,1725,46318,58000,2000,0.8625,0.925897,0.798586,500,2026-09-03T19:15:41
tdma_packet_loss,1,30,0.15,10,0,0.025,12,0.643406,0.3,0.77519,8.4,True,84,0,394,272,1677,44961,58000,2000,0.8385,0.924496,0.77519,500,2026-09-03T19:15:39
tdma_packet_loss,1,30,0.15,10,0,0.025,13,0.763426,0.2,0.789621,7.6,True,76,0,370,59,1705,45798,58000,2000,0.8525,0.926241,0.789621,500,2026-09-03T19:15:41
tdma_packet_loss,1,30,0.15,10,0,0.025,14,0.742007,0.1,0.800448,3.5,True,35,0,366,76,1731,46426,58000,2000,0.8655,0.924839,0.800448,500,2026-09-03T19:15:40
tdma_packet_loss,1,30,0.15,10,0,0.05,0,0.497914,0.7,0.787759,50.0,False,500,0,0,500,850,22845,29000,1000,0.85,0.926775,0.787759,500,2026-09-03T19:15:42
tdma_packet_loss,1,30,0.15,10,0,0.05,1,0.546997,0.6,0.806621,50.0,False,500,0,0,500,871,23392,29000,1000,0.871,0.926086,0.806621,500,2026-09-03T19:15:40
tdma_packet_loss,1,30,0.15,10,0,0.05,2,0.515948,0.5,0.765172,50.0,False,500,0,0,500,826,22190,29000,1000,0.826,0.926359,0.765172,500,2026-09-03T19:15:42
tdma_packet_loss,1,30,0.15,10,0,0.05,3,0.469047,0.8,0.780931,50.0,False,500,0,0,500,843,22647,29000,1000,0.843,0.926371,0.780931,500,2026-09-03T19:15:42
tdma_packet_loss,1,30,0.15,10,0,0.05,4,0.561054,0.8,0.754241,50.0,False,500,0,0,276,814,21873,29000,1000,0.814,0.926586,0.754241,500,2026-09-03T19:15:44
tdma_packet_loss,1,30,0.15,10,0,0.05,5,0.483726,0.5,0.791552,50.0,False,500,0,0,500,856,22955,29000,1000,0.856,0.92471,0.791552,500,2026-09-03T19:15:42
tdma_packet_loss,1,30,0.15,10,0,0.05,6,0.601672,0.8,0.769966,50.0,False,500,0,0,500,830,22329,29000,1000,0.83,0.927669,0.769966,500,2026-09-03T19:15:44
tdma_packet_loss,1,30,0.15,10,0,0.05,7,0.424013,0.7,0.781966,50.0,False,500,0,0,500,846,22677,29000,1000,0.846,0.924309,0.781966,500,2026-09-03T19:15:42
tdma_packet_loss,1,30,0.15,10,0,0.05,8,0.531819,0.5,0.808897,50.0,False,500,0,0,390,872,23458,29000,1000,0.872,0.927634,0.808897,500,2026-09-03T19:15:44
tdma_packet_loss,1,30,0.15,10,0,0.05,9,0.466653,0.5,0.795345,50.0,False,500,0,0,500,861,23065,29000,1000,0.861,0.923745,0.795345,500,2026-09-03T19:15:43
tdma_packet_loss,1,30,0.15,10,0,0.05,10,0.55467,0.8,0.790966,50.0,False,500,0,0,500,854,22938,29000,1000,0.854,0.926189,0.790966,500,2026-09-03T19:15:45
tdma_packet_loss,1,30,0.15,10,0,0.05,11,0.62377,0.6,0.806345,50.0,False,500,0,0,500,871,23384,29000,1000,0.871,0.925769,0.806345,500,2026-09-03T19:15:43
tdma_packet_loss,1,30,0.15,10,0,0.05,12,0.459579,0.7,0.767138,50.0,False,500,0,0,500,829,22247,29000,1000,0.829,0.925377,0.767138,500,2026-09-03T19:15:45
tdma_packet_loss,1,30,0.15,10,0,0.05,13,0.477853,0.6,0.787069,50.0,False,500,0,0,500,851,22825,29000,1000,0.851,0.924875,0.787069,500,2026-09-03T19:15:43
tdma_packet_loss,1,30,0.15,10,0,0.05,14,0.478895,0.6,0.792655,50.0,False,500,0,0,500,858,22987,29000,1000,0.858,0.923841,0.792655,500,2026-09-03T19:15:45
tdma_packet_loss,1,30,0.15,10,0,0.1,0,0.338623,0.8,0.807172,50.0,False,500,0,0,500,434,11704,14500,500,0.868,0.929922,0.807172,500,2026-09-03T19:15:44
tdma_packet_loss,1,30,0.15,10,0,0.1,1,0.323833,0.5,0.802966,50.0,False,500,0,0,500,433,11643,14500,500,0.866,0.927212,0.802966,500,2026-09-03T19:15:45
tdma_packet_loss,1,30,0.15,10,0,0.1,2,0.370176,0.8,0.768138,50.0,False,500,0,0,500,416,11138,14500,500,0.832,0.923243,0.768138,500,2026-09-03T19:15:44
tdma_packet_loss,1,30,0.15,10,0,0.1,3,0.312265,0.4,0.771931,50.0,False,500,0,0,500,416,11193,14500,500,0.832,0.927802,0.771931,500,2026-09-03T19:15:45
tdma_packet_loss,1,30,0.15,10,0,0.1,4,0.400537,0.8,0.781793,50.0,False,500,0,0,500,422,11336,14500,500,0.844,0.926295,0.781793,500,2026-09-03T19:15:46
tdma_packet_loss,1,30,0.15,10,0,0.1,5,0.289379,0.5,0.792207,50.0,False,500,0,0,500,430,11487,14500,500,0.86,0.921171,0.792207,500,2026-09-03T19:15:47
tdma_packet_loss,1,30,0.15,10,0,0.1,6,0.339871,0.7,0.768552,50.0,False,500,0,0,500,414,11144,14500,500,0.828,0.928203,0.768552,500,2026-09-03T19:15:46
tdma_packet_loss,1,30,0.15,10,0,0.1,7,0.352684,0.6,0.784345,50.0,False,500,0,0,500,423,11373,14500,500,0.846,0.927122,0.784345,500,2026-09-03T19:15:47
tdma_packet_loss,1,30,0.15,10,0,0.1,8,0.352355,0.8,0.813586,50.0,False,500,0,0,500,438,11797,14500,500,0.876,0.928751,0.813586,500,2026-09-03T19:15:46
tdma_packet_loss,1,30,0.15,10,0,0.1,9,0.326439,0.4,0.813241,50.0,False,500,0,0,500,440,11792,14500,500,0.88,0.924138,0.813241,500,2026-09-03T19:15:48
tdma_packet_loss,1,30,0.15,10,0,0.1,10,0.368365,0.9,0.800621,50.0,False,500,0,0,500,433,11609,14500,500,0.866,0.924504,0.800621,500,2026-09-03T19:15:46
tdma_packet_loss,1,30,0.15,10,0,0.1,11,0.454588,0.8,0.803103,50.0,False,500,0,0,500,434,11645,14500,500,0.868,0.925234,0.803103,500,2026-09-03T19:15:48
tdma_packet_loss,1,30,0.15,10,0,0.1,12,0.298331,0.6,0.774276,50.0,False,500,0,0,500,418,11227,14500,500,0.836,0.926167,0.774276,500,2026-09-03T19:15:46
tdma_packet_loss,1,30,0.15,10,0,0.1,13,0.359284,0.8,0.788828,50.0,False,500,0,0,500,426,11438,14500,500,0.852,0.925854,0.788828,500,2026-09-03T19:15:48
tdma_packet_loss,1,30,0.15,10,0,0.1,14,0.454864,0.7,0.794483,50.0,False,500,0,0,500,430,11520,14500,500,0.86,0.923817,0.794483,500,2026-09-03T19:15:47
tdma_packet_loss,1,30,0.15,10,2,0.025,0,0.700971,0.0,0.797207,3.3,True,33,0,363,117,1723,46238,58000,2000,0.8615,0.925371,0.797207,500,2026-09-03T19:15:49
tdma_packet_loss,1,30,0.15,10,2,0.025,1,0.727581,0.4,0.793,6.7,True,67,0,328,51,1711,45994,58000,2000,0.8555,0.926943,0.793,500,2026-09-03T19:15:47
tdma_packet_loss,1,30,0.15,10,2,0.025,2,0.71063,0.1,0.78119,9.7,True,97,0,357,96,1688,45309,58000,2000,0.844,0.92558,0.78119,500,2026-09-03T19:15:49
tdma_packet_loss,1,30,0.15,10,2,0.025,3,0.741787,0.3,0.787121,4.3,True,43,0,381,34,1700,45653,58000,2000,0.85,0.926024,0.787121,500,2026-09-03T19:15:47
tdma_packet_loss,1,30,0.15,10,2,0.025,4,0.738281,0.3,0.770552,5.6,True,56,0,385,146,1664,44692,58000,2000,0.832,0.926144,0.770552,500,2026-09-03T19:15:49
tdma_packet_loss,1,30,0.15,10,2,0.025,5,0.670766,0.1,0.782517,5.9,True,59,0,335,78,1694,45386,58000,2000,0.847,0.923869,0.782517,500,2026-09-03T19:15:49
tdma_packet_loss,1,30,0.15,10,2,0.025,6,0.631701,0.2,0.781724,4.0,True,40,0,407,44,1688,45340,58000,2000,0.844,0.926213,0.781724,500,2026-09-03T19:15:51
tdma_packet_loss,1,30,0.15,10,2,0.025,7,0.754264,0.3,0.790345,7.9,True,79,0,357,89,1709,45840,58000,2000,0.8545,0.924921,0.790345,500,2026-09-03T19:15:49
tdma_packet_loss,1,30,0.15,10,2,0.025,8,0.68997,0.2,0.789897,3.7,True,37,0,404,109,1706,45814,58000,2000,0.853,0.926022,0.789897,500,2026-09-03T19:15:51
tdma_packet_loss,1,30,0.15,10,2,0.025,9,0.713735,0.1,0.784569,7.4,True,74,0,377,69,1695,45505,58000,2000,0.8475,0.925745,0.784569,500,2026-09-03T19:15:49
tdma_packet_loss,1,30,0.15,10,2,0.025,10,0.642423,0.2,0.784517,3.3,True,33,0,370,36,1694,45502,58000,2000,0.847,0.926231,0.784517,500,2026-09-03T19:15:52
tdma_packet_loss,1,30,0.15,10,2,0.025,11,0.711468,0.4,0.800414,2.1,True,21,0,427,98,1729,46424,58000,2000,0.8645,0.925869,0.800414,500,2026-09-03T19:15:50
tdma_packet_loss,1,30,0.15,10,2,0.025,12,0.6658,0.6,0.776638,7.0,True,70,0,385,40,1680,45045,58000,2000,0.84,0.924569,0.776638,500,2026-09-03T19:15:52
tdma_packet_loss,1,30,0.15,10,2,0.025,13,0.742866,0.2,0.77981,14.8,True,148,0,296,69,1684,45229,58000,2000,0.842,0.926141,0.77981,500,2026-09-03T19:15:50
tdma_packet_loss,1,30,0.15,10,2,0.025,14,0.680557,0.1,0.802276,3.2,True,32,0,345,152,1735,46532,58000,2000,0.8675,0.924814,0.802276,500,2026-09-03T19:15:52
tdma_packet_loss,1,30,0.15,10,2,0.05,0,0.422847,0.6,0.790276,50.0,False,500,0,0,236,853,22918,29000,1000,0.853,0.926466,0.790276,500,2026-09-03T19:15:51
tdma_packet_loss,1,30,0.15,10,2,0.05,1,0.45714,0.8,0.784483,50.0,False,500,0,0,359,847,22750,29000,1000,0.847,0.92619,0.784483,500,2026-09-03T19:15:53
tdma_packet_loss,1,30,0.15,10,2,0.05,2,0.42033,0.5,0.768586,50.0,False,500,0,0,500,830,22289,29000,1000,0.83,0.926007,0.768586,500,2026-09-03T19:15:51
tdma_packet_loss,1,30,0.15,10,2,0.05,3,0.542364,0.5,0.78269,50.0,False,500,0,0,500,845,22698,29000,1000,0.845,0.92626,0.78269,500,2026-09-03T19:15:53
tdma_packet_loss,1,30,0.15,10,2,0.05,4,0.495604,0.7,0.757862,50.0,False,500,0,0,188,818,21978,29000,1000,0.818,0.926482,0.757862,500,2026-09-03T19:15:52
tdma_packet_loss,1,30,0.15,10,2,0.05,5,0.477685,0.5,0.795103,50.0,False,500,0,0,500,860,23058,29000,1000,0.86,0.924539,0.795103,500,2026-09-03T19:15:54
tdma_packet_loss,1,30,0.15,10,2,0.05,6,0.53283,0.8,0.771862,50.0,False,500,0,0,500,832,22384,29000,1000,0.832,0.927719,0.771862,500,2026-09-03T19:15:53
tdma_packet_loss,1,30,0.15,10,2,0.05,7,0.47314,0.8,0.785621,50.0,False,500,0,0,500,850,22783,29000,1000,0.85,0.92426,0.785621,500,2026-09-03T19:15:55
tdma_packet_loss,1,30,0.15,10,2,0.05,8,0.510337,0.7,0.802552,50.0,False,500,0,0,500,865,23274,29000,1000,0.865,0.927805,0.802552,500,2026-09-03T19:15:53
tdma_packet_loss,1,30,0.15,10,2,0.05,9,0.479703,0.6,0.773621,50.0,False,500,0,0,500,837,22435,29000,1000,0.837,0.924278,0.773621,500,2026-09-03T19:15:56
tdma_packet_loss,1,30,0.15,10,2,0.05,10,0.538491,0.5,0.794655,50.0,False,500,0,0,500,858,23045,29000,1000,0.858,0.926172,0.794655,500,2026-09-03T19:15:54
tdma_packet_loss,1,30,0.15,10,2,0.05,11,0.489438,0.8,0.809862,50.0,False,500,0,0,349,875,23486,29000,1000,0.875,0.925557,0.809862,500,2026-09-03T19:15:56
tdma_packet_loss,1,30,0.15,10,2,0.05,12,0.445062,0.8,0.771,50.0,False,500,0,0,500,833,22359,29000,1000,0.833,0.92557,0.771,500,2026-09-03T19:15:54
tdma_packet_loss,1,30,0.15,10,2,0.05,13,0.454568,0.9,0.765828,50.0,False,500,0,0,500,828,22209,29000,1000,0.828,0.924913,0.765828,500,2026-09-03T19:15:57
tdma_packet_loss,1,30,0.15,10,2,0.05,14,0.554065,0.8,0.796448,50.0,False,500,0,0,500,862,23097,29000,1000,0.862,0.923954,0.796448,500,2026-09-03T19:15:54
tdma_packet_loss,1,30,0.15,10,2,0.1,0,0.352105,0.7,0.785586,50.0,False,500,0,0,500,422,11391,14500,500,0.844,0.930789,0.785586,500,2026-09-03T19:15:57
tdma_packet_loss,1,30,0.15,10,2,0.1,1,0.389126,0.4,0.759379,50.0,False,500,0,0,500,409,11011,14500,500,0.818,0.928337,0.759379,500,2026-09-03T19:15:54
tdma_packet_loss,1,30,0.15,10,2,0.1,2,0.292837,0.8,0.77531,50.0,False,500,0,0,500,420,11242,14500,500,0.84,0.922989,0.77531,500,2026-09-03T19:15:57
tdma_packet_loss,1,30,0.15,10,2,0.1,3,0.311519,0.8,0.779034,50.0,False,500,0,0,500,420,11296,14500,500,0.84,0.927422,0.779034,500,2026-09-03T19:15:55
tdma_packet_loss,1,30,0.15,10,2,0.1,4,0.42047,0.8,0.787172,50.0,False,500,0,0,500,425,11414,14500,500,0.85,0.926085,0.787172,500,2026-09-03T19:15:57
tdma_packet_loss,1,30,0.15,10,2,0.1,5,0.352103,0.9,0.799724,50.0,False,500,0,0,500,434,11596,14500,500,0.868,0.921341,0.799724,500,2026-09-03T19:15:55
tdma_packet_loss,1,30,0.15,10,2,0.1,6,0.40067,0.7,0.772276,50.0,False,500,0,0,500,416,11198,14500,500,0.832,0.928216,0.772276,500,2026-09-03T19:15:58
tdma_packet_loss,1,30,0.15,10,2,0.1,7,0.312515,0.9,0.789586,50.0,False,500,0,0,500,426,11449,14500,500,0.852,0.926744,0.789586,500,2026-09-03T19:15:57
tdma_packet_loss,1,30,0.15,10,2,0.1,8,0.330641,0.8,0.793379,50.0,False,500,0,0,500,427,11504,14500,500,0.854,0.929016,0.793379,500,2026-09-03T19:15:59
tdma_packet_loss,1,30,0.15,10,2,0.1,9,0.441199,0.7,0.776552,50.0,False,500,0,0,500,420,11260,14500,500,0.84,0.924466,0.776552,500,2026-09-03T19:15:58
tdma_packet_loss,1,30,0.15,10,2,0.1,10,0.401884,0.9,0.807862,50.0,False,500,0,0,500,437,11714,14500,500,0.874,0.924327,0.807862,500,2026-09-03T19:15:59
tdma_packet_loss,1,30,0.15,10,2,0.1,11,0.318722,0.7,0.803103,50.0,False,500,0,0,500,434,11645,14500,500,0.868,0.925234,0.803103,500,2026-09-03T19:15:58
tdma_packet_loss,1,30,0.15,10,2,0.1,12,0.400822,0.7,0.780069,50.0,False,500,0,0,500,421,11311,14500,500,0.842,0.926448,0.780069,500,2026-09-03T19:16:00
tdma_packet_loss,1,30,0.15,10,2,0.1,13,0.358823,0.9,0.755793,50.0,False,500,0,0,500,408,10959,14500,500,0.816,0.926217,0.755793,500,2026-09-03T19:15:58
tdma_packet_loss,1,30,0.15,10,2,0.1,14,0.42541,0.7,0.800069,50.0,False,500,0,0,500,433,11601,14500,500,0.866,0.923867,0.800069,500,2026-09-03T19:16:00
tdma_packet_loss,1,30,0.15,10,5,0.025,0,0.726469,0.1,0.787534,7.2,True,72,0,358,128,1701,45677,58000,2000,0.8505,0.925966,0.787534,500,2026-09-03T19:15:59
tdma_packet_loss,1,30,0.15,10,5,0.025,1,0.664882,0.3,0.795345,7.9,True,79,0,349,83,1716,46130,58000,2000,0.858,0.926975,0.795345,500,2026-09-03T19:16:01
tdma_packet_loss,1,30,0.15,10,5,0.025,2,0.720324,0.0,0.783879,8.0,True,80,0,362,149,1694,45465,58000,2000,0.847,0.925477,0.783879,500,2026-09-03T19:15:59
tdma_packet_loss,1,30,0.15,10,5,0.025,3,0.751705,0.5,0.789345,2.9,True,29,0,326,37,1705,45782,58000,2000,0.8525,0.925918,0.789345,500,2026-09-03T19:16:01
tdma_packet_loss,1,30,0.15,10,5,0.025,4,0.758253,0.2,0.773259,5.3,True,53,0,333,93,1670,44849,58000,2000,0.835,0.926058,0.773259,500,2026-09-03T19:15:59
tdma_packet_loss,1,30,0.15,10,5,0.025,5,0.660866,0.2,0.785328,6.0,True,60,0,357,211,1700,45549,58000,2000,0.85,0.923915,0.785328,500,2026-09-03T19:16:01
tdma_packet_loss,1,30,0.15,10,5,0.025,6,0.628784,0.2,0.784431,4.7,True,47,0,413,187,1694,45497,58000,2000,0.847,0.926129,0.784431,500,2026-09-03T19:16:00
tdma_packet_loss,1,30,0.15,10,5,0.025,7,0.722357,0.2,0.792121,3.8,True,38,0,379,64,1713,45943,58000,2000,0.8565,0.924834,0.792121,500,2026-09-03T19:16:02
tdma_packet_loss,1,30,0.15,10,5,0.025,8,0.721899,0.1,0.792534,3.2,True,32,0,406,112,1712,45967,58000,2000,0.856,0.925858,0.792534,500,2026-09-03T19:16:01
tdma_packet_loss,1,30,0.15,10,5,0.025,9,0.719787,0.4,0.786897,5.5,True,55,0,389,66,1700,45640,58000,2000,0.85,0.925761,0.786897,500,2026-09-03T19:16:03
tdma_packet_loss,1,30,0.15,10,5,0.025,10,0.705939,0.3,0.786638,5.9,True,59,0,377,196,1699,45625,58000,2000,0.8495,0.926001,0.786638,500,2026-09-03T19:16:01
tdma_packet_loss,1,30,0.15,10,5,0.025,11,0.701616,0.1,0.790897,3.9,True,39,0,391,65,1708,45872,58000,2000,0.854,0.926108,0.790897,500,2026-09-03T19:16:03
tdma_packet_loss,1,30,0.15,10,5,0.025,12,0.684419,0.4,0.778966,5.3,True,53,0,397,58,1685,45180,58000,2000,0.8425,0.924588,0.778966,500,2026-09-03T19:16:01
tdma_packet_loss,1,30,0.15,10,5,0.025,13,0.717182,0.1,0.781483,4.2,True,42,0,374,89,1688,45326,58000,2000,0.844,0.925927,0.781483,500,2026-09-03T19:16:04
tdma_packet_loss,1,30,0.15,10,5,0.025,14,0.729616,0.0,0.804155,3.1,True,31,0,392,35,1739,46641,58000,2000,0.8695,0.924848,0.804155,500,2026-09-03T19:16:02
tdma_packet_loss,1,30,0.15,10,5,0.05,0,0.476726,0.8,0.773931,50.0,False,500,0,0,500,835,22444,29000,1000,0.835,0.926864,0.773931,500,2026-09-03T19:16:04
tdma_packet_loss,1,30,0.15,10,5,0.05,1,0.494688,0.4,0.79,50.0,False,500,0,0,500,853,22910,29000,1000,0.853,0.926143,0.79,500,2026-09-03T19:16:03
tdma_packet_loss,1,30,0.15,10,5,0.05,2,0.622245,0.3,0.774069,50.0,False,500,0,0,500,836,22448,29000,1000,0.836,0.92592,0.774069,500,2026-09-03T19:16:05
tdma_packet_loss,1,30,0.15,10,5,0.05,3,0.447406,0.5,0.788138,50.0,False,500,0,0,500,851,22856,29000,1000,0.851,0.926132,0.788138,500,2026-09-03T19:16:03
tdma_packet_loss,1,30,0.15,10,5,0.05,4,0.505438,0.8,0.761517,50.0,False,500,0,0,500,822,22084,29000,1000,0.822,0.92642,0.761517,500,2026-09-03T19:16:05
tdma_packet_loss,1,30,0.15,10,5,0.05,5,0.524489,0.8,0.797793,50.0,False,500,0,0,500,863,23136,29000,1000,0.863,0.924442,0.797793,500,2026-09-03T19:16:03
tdma_packet_loss,1,30,0.15,10,5,0.05,6,0.545401,0.6,0.775448,50.0,False,500,0,0,500,836,22488,29000,1000,0.836,0.92757,0.775448,500,2026-09-03T19:16:05
tdma_packet_loss,1,30,0.15,10,5,0.05,7,0.490766,0.4,0.790034,50.0,False,500,0,0,143,855,22911,29000,1000,0.855,0.924017,0.790034,500,2026-09-03T19:16:04
tdma_packet_loss,1,30,0.15,10,5,0.05,8,0.584983,0.6,0.807931,50.0,False,500,0,0,365,871,23430,29000,1000,0.871,0.92759,0.807931,500,2026-09-03T19:16:06
tdma_packet_loss,1,30,0.15,10,5,0.05,9,0.562227,0.5,0.779172,50.0,False,500,0,0,500,843,22596,29000,1000,0.843,0.924285,0.779172,500,2026-09-03T19:16:05
tdma_packet_loss,1,30,0.15,10,5,0.05,10,0.509311,0.9,0.790966,50.0,False,500,0,0,500,854,22938,29000,1000,0.854,0.926189,0.790966,500,2026-09-03T19:16:07
tdma_packet_loss,1,30,0.15,10,5,0.05,11,0.517155,0.4,0.790862,50.0,False,500,0,0,500,854,22935,29000,1000,0.854,0.926068,0.790862,500,2026-09-03T19:16:05
tdma_packet_loss,1,30,0.15,10,5,0.05,12,0.422083,0.5,0.776517,50.0,False,500,0,0,500,839,22519,29000,1000,0.839,0.925527,0.776517,500,2026-09-03T19:16:07
tdma_packet_loss,1,30,0.15,10,5,0.05,13,0.422227,0.5,0.771241,50.0,False,500,0,0,500,834,22366,29000,1000,0.834,0.92475,0.771241,500,2026-09-03T19:16:06
tdma_packet_loss,1,30,0.15,10,5,0.05,14,0.528451,0.5,0.801862,50.0,False,500,0,0,500,868,23254,29000,1000,0.868,0.923804,0.801862,500,2026-09-03T19:16:07
tdma_packet_loss,1,30,0.15,10,5,0.1,0,0.477366,0.4,0.77731,50.0,False,500,0,0,500,417,11271,14500,500,0.834,0.932027,0.77731,500,2026-09-03T19:16:05
tdma_packet_loss,1,30,0.15,10,5,0.1,1,0.441104,0.6,0.768414,50.0,False,500,0,0,500,414,11142,14500,500,0.828,0.928036,0.768414,500,2026-09-03T19:16:07
tdma_packet_loss,1,30,0.15,10,5,0.1,2,0.401227,0.5,0.785724,50.0,False,500,0,0,500,426,11393,14500,500,0.852,0.922211,0.785724,500,2026-09-03T19:16:06
tdma_packet_loss,1,30,0.15,10,5,0.1,3,0.351931,0.9,0.789655,50.0,False,500,0,0,500,426,11450,14500,500,0.852,0.926825,0.789655,500,2026-09-03T19:16:08
tdma_packet_loss,1,30,0.15,10,5,0.1,4,0.432018,0.5,0.790759,50.0,False,500,0,0,500,427,11466,14500,500,0.854,0.925947,0.790759,500,2026-09-03T19:16:06
tdma_packet_loss,1,30,0.15,10,5,0.1,5,0.381532,0.9,0.78131,50.0,False,500,0,0,500,424,11329,14500,500,0.848,0.921357,0.78131,500,2026-09-03T19:16:08
tdma_packet_loss,1,30,0.15,10,5,0.1,6,0.33703,1.0,0.782966,50.0,False,500,0,0,500,422,11353,14500,500,0.844,0.927684,0.782966,500,2026-09-03T19:16:07
tdma_packet_loss,1,30,0.15,10,5,0.1,7,0.383852,0.7,0.798069,50.0,False,500,0,0,500,431,11572,14500,500,0.862,0.925834,0.798069,500,2026-09-03T19:16:08
tdma_packet_loss,1,30,0.15,10,5,0.1,8,0.380533,0.7,0.802414,50.0,False,500,0,0,500,432,11635,14500,500,0.864,0.92872,0.802414,500,2026-09-03T19:16:07
tdma_packet_loss,1,30,0.15,10,5,0.1,9,0.417208,0.8,0.787862,50.0,False,500,0,0,500,426,11424,14500,500,0.852,0.924721,0.787862,500,2026-09-03T19:16:09
tdma_packet_loss,1,30,0.15,10,5,0.1,10,0.393098,0.7,0.777862,50.0,False,500,0,0,500,420,11279,14500,500,0.84,0.926026,0.777862,500,2026-09-03T19:16:08
tdma_packet_loss,1,30,0.15,10,5,0.1,11,0.377904,0.7,0.783241,50.0,False,500,0,0,500,423,11357,14500,500,0.846,0.925817,0.783241,500,2026-09-03T19:16:10
tdma_packet_loss,1,30,0.15,10,5,0.1,12,0.487624,0.6,0.789379,50.0,False,500,0,0,500,426,11446,14500,500,0.852,0.926502,0.789379,500,2026-09-03T19:16:09
tdma_packet_loss,1,30,0.15,10,5,0.1,13,0.327312,0.8,0.762759,50.0,False,500,0,0,500,412,11060,14500,500,0.824,0.925678,0.762759,500,2026-09-03T19:16:10
tdma_packet_loss,1,30,0.15,10,5,0.1,14,0.408149,0.7,0.811103,50.0,False,500,0,0,500,439,11761,14500,500,0.878,0.923808,0.811103,500,2026-09-03T19:16:09
tdma_packet_loss,1,30,0.3,3,0,0.025,0,0.716707,0.333333,0.596414,9.3,True,93,0,343,12,1404,34592,58000,2000,0.702,0.849592,0.596414,500,2026-09-03T19:16:10
tdma_packet_loss,1,30,0.3,3,0,0.025,1,0.622031,0.666667,0.599362,5.6,True,56,0,407,20,1408,34763,58000,2000,0.704,0.851367,0.599362,500,2026-09-03T19:16:09
tdma_packet_loss,1,30,0.3,3,0,0.025,2,0.566881,0.333333,0.582569,22.4,True,224,0,239,40,1367,33789,58000,2000,0.6835,0.852332,0.582569,500,2026-09-03T19:16:10
tdma_packet_loss,1,30,0.3,3,0,0.025,3,0.624373,0.333333,0.594,5.5,True,55,0,401,37,1394,34452,58000,2000,0.697,0.852224,0.594,500,2026-09-03T19:16:09
tdma_packet_loss,1,30,0.3,3,0,0.025,4,0.701324,0.666667,0.592121,2.8,True,28,0,435,35,1396,34343,58000,2000,0.698,0.84831,0.592121,500,2026-09-03T19:16:11
tdma_packet_loss,1,30,0.3,3,0,0.025,5,0.596667,0.666667,0.6155,4.2,True,42,0,448,35,1449,35699,58000,2000,0.7245,0.849551,0.6155,500,2026-09-03T19:16:09
tdma_packet_loss,1,30,0.3,3,0,0.025,6,0.579835,0.333333,0.594103,3.3,True,33,0,440,10,1393,34458,58000,2000,0.6965,0.852984,0.594103,500,2026-09-03T19:16:11
tdma_packet_loss,1,30,0.3,3,0,0.025,7,0.717019,0.333333,0.601845,2.7,True,27,0,432,15,1418,34907,58000,2000,0.709,0.848864,0.601845,500,2026-09-03T19:16:10
tdma_packet_loss,1,30,0.3,3,0,0.025,8,0.670801,0.666667,0.585155,3.1,True,31,0,445,24,1372,33939,58000,2000,0.686,0.852996,0.585155,500,2026-09-03T19:16:12
tdma_packet_loss,1,30,0.3,3,0,0.025,9,0.708101,0.666667,0.588069,8.2,True,82,0,391,41,1379,34108,58000,2000,0.6895,0.852892,0.588069,500,2026-09-03T19:16:11
tdma_packet_loss,1,30,0.3,3,0,0.025,10,0.674885,0.666667,0.600293,9.0,True,90,0,374,44,1412,34817,58000,2000,0.706,0.850274,0.600293,500,2026-09-03T19:16:12
tdma_packet_loss,1,30,0.3,3,0,0.025,11,0.633891,0.0,0.610381,2.8,True,28,1,237,41,952,23507,38512,1328,0.716867,0.851456,0.610381,332,2026-09-03T19:16:11
tdma_packet_loss,1,30,0.3,3,0,0.025,12,0.732539,0.333333,0.609776,4.6,True,46,0,383,26,1438,35367,58000,2000,0.719,0.848089,0.609776,500,2026-09-03T19:16:13
tdma_packet_loss,1,30,0.3,3,0,0.025,13,0.709151,0.0,0.599552,6.8,True,68,0,366,13,1408,34774,58000,2000,0.704,0.851636,0.599552,500,2026-09-03T19:16:12
tdma_packet_loss,1,30,0.3,3,0,0.025,14,0.670637,0.0,0.588069,3.7,True,37,0,406,22,1384,34108,58000,2000,0.692,0.849811,0.588069,500,2026-09-03T19:16:14
tdma_packet_loss,1,30,0.3,3,0,0.05,0,0.557212,0.666667,0.582103,50.0,False,500,0,0,45,686,16881,29000,1000,0.686,0.848547,0.582103,500,2026-09-03T19:16:12
tdma_packet_loss,1,30,0.3,3,0,0.05,1,0.54669,1.0,0.589759,50.0,False,500,0,0,41,693,17103,29000,1000,0.693,0.851023,0.589759,500,2026-09-03T19:16:13
tdma_packet_loss,1,30,0.3,3,0,0.05,2,0.630051,0.666667,0.577793,50.0,False,500,0,0,94,679,16756,29000,1000,0.679,0.850947,0.577793,500,2026-09-03T19:16:12
tdma_packet_loss,1,30,0.3,3,0,0.05,3,0.490511,1.0,0.584276,50.0,False,500,0,0,331,686,16944,29000,1000,0.686,0.851714,0.584276,500,2026-09-03T19:16:13
tdma_packet_loss,1,30,0.3,3,0,0.05,4,0.570533,1.0,0.587483,50.0,False,500,0,0,40,691,17037,29000,1000,0.691,0.850192,0.587483,500,2026-09-03T19:16:12
tdma_packet_loss,1,30,0.3,3,0,0.05,5,0.530032,1.0,0.612586,50.0,False,500,0,0,264,720,17765,29000,1000,0.72,0.850814,0.612586,500,2026-09-03T19:16:14
tdma_packet_loss,1,30,0.3,3,0,0.05,6,0.525853,0.666667,0.613517,50.0,False,500,0,0,62,718,17792,29000,1000,0.718,0.854481,0.613517,500,2026-09-03T19:16:12
tdma_packet_loss,1,30,0.3,3,0,0.05,7,0.559817,0.333333,0.611483,3.7,True,37,0,459,33,722,17733,29000,1000,0.722,0.846929,0.611483,500,2026-09-03T19:16:14
tdma_packet_loss,1,30,0.3,3,0,0.05,8,0.58694,0.666667,0.571345,19.5,True,195,0,303,211,670,16569,29000,1000,0.67,0.852753,0.571345,500,2026-09-03T19:16:13
tdma_packet_loss,1,30,0.3,3,0,0.05,9,0.473565,0.666667,0.590103,8.2,True,82,0,417,91,691,17113,29000,1000,0.691,0.853985,0.590103,500,2026-09-03T19:16:14
tdma_packet_loss,1,30,0.3,3,0,0.05,10,0.464393,1.0,0.593897,50.0,False,500,0,0,82,698,17223,29000,1000,0.698,0.850855,0.593897,500,2026-09-03T19:16:14
tdma_packet_loss,1,30,0.3,3,0,0.05,11,0.537706,1.0,0.615759,50.0,False,500,0,0,31,722,17857,29000,1000,0.722,0.852851,0.615759,500,2026-09-03T19:16:15
tdma_packet_loss,1,30,0.3,3,0,0.05,12,0.559721,1.0,0.604379,50.0,False,500,0,0,57,710,17527,29000,1000,0.71,0.851238,0.604379,500,2026-09-03T19:16:14
tdma_packet_loss,1,30,0.3,3,0,0.05,13,0.512371,1.0,0.604103,50.0,False,500,0,0,15,711,17519,29000,1000,0.711,0.849653,0.604103,500,2026-09-03T19:16:16
tdma_packet_loss,1,30,0.3,3,0,0.05,14,0.578016,1.0,0.587517,7.2,True,72,0,427,221,693,17038,29000,1000,0.693,0.847788,0.587517,500,2026-09-03T19:16:15
tdma_packet_loss,1,30,0.3,3,0,0.1,0,0.340325,1.0,0.581724,50.0,False,500,0,0,500,343,8435,14500,500,0.686,0.847994,0.581724,500,2026-09-03T19:16:16
tdma_packet_loss,1,30,0.3,3,0,0.1,1,0.434309,1.0,0.58931,50.0,False,500,0,0,138,345,8545,14500,500,0.69,0.854073,0.58931,500,2026-09-03T19:16:15
tdma_packet_loss,1,30,0.3,3,0,0.1,2,0.443902,1.0,0.571034,50.0,False,500,0,0,105,336,8280,14500,500,0.672,0.849754,0.571034,500,2026-09-03T19:16:16
tdma_packet_loss,1,30,0.3,3,0,0.1,3,0.476882,0.666667,0.583724,50.0,False,500,0,0,500,342,8464,14500,500,0.684,0.853398,0.583724,500,2026-09-03T19:16:15
tdma_packet_loss,1,30,0.3,3,0,0.1,4,0.439042,1.0,0.592552,50.0,False,500,0,0,500,349,8592,14500,500,0.698,0.848928,0.592552,500,2026-09-03T19:16:16
tdma_packet_loss,1,30,0.3,3,0,0.1,5,0.287607,1.0,0.593793,50.0,False,500,0,0,500,349,8610,14500,500,0.698,0.850706,0.593793,500,2026-09-03T19:16:15
tdma_packet_loss,1,30,0.3,3,0,0.1,6,0.386408,1.0,0.596966,50.0,False,500,0,0,146,350,8656,14500,500,0.7,0.852808,0.596966,500,2026-09-03T19:16:16
tdma_packet_loss,1,30,0.3,3,0,0.1,7,0.46265,1.0,0.617931,50.0,False,500,0,0,500,363,8960,14500,500,0.726,0.851145,0.617931,500,2026-09-03T19:16:15
tdma_packet_loss,1,30,0.3,3,0,0.1,8,0.442967,1.0,0.574414,50.0,False,500,0,0,212,336,8329,14500,500,0.672,0.854782,0.574414,500,2026-09-03T19:16:16
tdma_packet_loss,1,30,0.3,3,0,0.1,9,0.472967,1.0,0.59531,50.0,False,500,0,0,500,349,8632,14500,500,0.698,0.85288,0.59531,500,2026-09-03T19:16:15
tdma_packet_loss,1,30,0.3,3,0,0.1,10,0.402117,1.0,0.612621,50.0,False,500,0,0,500,361,8883,14500,500,0.722,0.848505,0.612621,500,2026-09-03T19:16:17
tdma_packet_loss,1,30,0.3,3,0,0.1,11,0.511872,1.0,0.619517,50.0,False,500,0,0,500,364,8983,14500,500,0.728,0.850985,0.619517,500,2026-09-03T19:16:16
tdma_packet_loss,1,30,0.3,3,0,0.1,12,0.465581,1.0,0.593931,50.0,False,500,0,0,415,348,8612,14500,500,0.696,0.853349,0.593931,500,2026-09-03T19:16:17
tdma_packet_loss,1,30,0.3,3,0,0.1,13,0.51007,0.666667,0.609862,50.0,False,500,0,0,172,358,8843,14500,500,0.716,0.851763,0.609862,500,2026-09-03T19:16:17
tdma_packet_loss,1,30,0.3,3,0,0.1,14,0.347715,1.0,0.571241,50.0,False,500,0,0,48,336,8283,14500,500,0.672,0.850062,0.571241,500,2026-09-03T19:16:18
tdma_packet_loss,1,30,0.3,3,2,0.025,0,0.626214,1.0,0.597655,12.8,True,128,0,329,31,1407,34664,58000,2000,0.7035,0.849545,0.597655,500,2026-09-03T19:16:17
tdma_packet_loss,1,30,0.3,3,2,0.025,1,0.637682,0.333333,0.600121,11.6,True,116,0,376,19,1410,34807,58000,2000,0.705,0.851235,0.600121,500,2026-09-03T19:16:19
tdma_packet_loss,1,30,0.3,3,2,0.025,2,0.696917,0.333333,0.58381,2.6,True,26,0,434,30,1370,33861,58000,2000,0.685,0.852278,0.58381,500,2026-09-03T19:16:17
tdma_packet_loss,1,30,0.3,3,2,0.025,3,0.696213,0.666667,0.594379,7.3,True,73,0,387,28,1395,34474,58000,2000,0.6975,0.852157,0.594379,500,2026-09-03T19:16:19
tdma_packet_loss,1,30,0.3,3,2,0.025,4,0.677458,0.333333,0.58369,5.9,True,59,0,414,55,1376,33854,58000,2000,0.688,0.848386,0.58369,500,2026-09-03T19:16:18
tdma_packet_loss,1,30,0.3,3,2,0.025,5,0.680084,0.333333,0.617207,11.6,True,116,0,348,30,1453,35798,58000,2000,0.7265,0.849562,0.617207,500,2026-09-03T19:16:19
tdma_packet_loss,1,30,0.3,3,2,0.025,6,0.675551,0.0,0.594534,16.9,True,169,0,292,37,1394,34483,58000,2000,0.697,0.852991,0.594534,500,2026-09-03T19:16:18
tdma_packet_loss,1,30,0.3,3,2,0.025,7,0.752479,0.0,0.603121,3.2,True,32,0,355,22,1421,34981,58000,2000,0.7105,0.848868,0.603121,500,2026-09-03T19:16:19
tdma_packet_loss,1,30,0.3,3,2,0.025,8,0.636734,1.0,0.586397,4.3,True,43,0,423,35,1375,34011,58000,2000,0.6875,0.85294,0.586397,500,2026-09-03T19:16:18
tdma_packet_loss,1,30,0.3,3,2,0.025,9,0.660452,1.0,0.589776,3.5,True,35,0,371,29,1383,34207,58000,2000,0.6915,0.852894,0.589776,500,2026-09-03T19:16:19
tdma_packet_loss,1,30,0.3,3,2,0.025,10,0.687679,0.0,0.592362,27.9,True,279,0,201,20,1393,34357,58000,2000,0.6965,0.850484,0.592362,500,2026-09-03T19:16:18
tdma_packet_loss,1,30,0.3,3,2,0.025,11,0.662697,0.333333,0.604534,5.1,True,51,0,402,33,1422,35063,58000,2000,0.711,0.850259,0.604534,500,2026-09-03T19:16:20
tdma_packet_loss,1,30,0.3,3,2,0.025,12,0.683053,0.333333,0.611431,6.8,True,68,0,386,33,1442,35463,58000,2000,0.721,0.848032,0.611431,500,2026-09-03T19:16:19
tdma_packet_loss,1,30,0.3,3,2,0.025,13,0.712433,0.666667,0.600897,7.6,True,76,0,329,13,1411,34852,58000,2000,0.7055,0.851731,0.600897,500,2026-09-03T19:16:21
tdma_packet_loss,1,30,0.3,3,2,0.025,14,0.69425,0.666667,0.589328,1.7,True,17,0,458,57,1387,34181,58000,2000,0.6935,0.849787,0.589328,500,2026-09-03T19:16:19
tdma_packet_loss,1,30,0.3,3,2,0.05,0,0.521342,1.0,0.58469,50.0,False,500,0,0,202,689,16956,29000,1000,0.689,0.848606,0.58469,500,2026-09-03T19:16:21
tdma_packet_loss,1,30,0.3,3,2,0.05,1,0.478933,0.333333,0.593,50.0,False,500,0,0,89,697,17197,29000,1000,0.697,0.850789,0.593,500,2026-09-03T19:16:20
tdma_packet_loss,1,30,0.3,3,2,0.05,2,0.575514,0.666667,0.580345,50.0,False,500,0,0,260,682,16830,29000,1000,0.682,0.850945,0.580345,500,2026-09-03T19:16:21
tdma_packet_loss,1,30,0.3,3,2,0.05,3,0.535298,1.0,0.586655,50.0,False,500,0,0,139,689,17013,29000,1000,0.689,0.851459,0.586655,500,2026-09-03T19:16:20
tdma_packet_loss,1,30,0.3,3,2,0.05,4,0.503875,0.666667,0.571414,50.0,False,500,0,0,47,672,16571,29000,1000,0.672,0.850318,0.571414,500,2026-09-03T19:16:22
tdma_packet_loss,1,30,0.3,3,2,0.05,5,0.593505,0.666667,0.614931,41.9,True,419,0,78,49,723,17833,29000,1000,0.723,0.850527,0.614931,500,2026-09-03T19:16:20
tdma_packet_loss,1,30,0.3,3,2,0.05,6,0.553778,0.666667,0.616931,50.0,False,500,0,0,107,722,17891,29000,1000,0.722,0.854475,0.616931,500,2026-09-03T19:16:22
tdma_packet_loss,1,30,0.3,3,2,0.05,7,0.585987,0.333333,0.613655,3.8,True,38,0,459,80,725,17796,29000,1000,0.725,0.846421,0.613655,500,2026-09-03T19:16:20
tdma_packet_loss,1,30,0.3,3,2,0.05,8,0.569339,0.333333,0.572931,50.0,False,500,0,0,166,672,16615,29000,1000,0.672,0.852576,0.572931,500,2026-09-03T19:16:22
tdma_packet_loss,1,30,0.3,3,2,0.05,9,0.599495,1.0,0.591414,50.0,False,500,0,0,288,693,17151,29000,1000,0.693,0.853411,0.591414,500,2026-09-03T19:16:21
tdma_packet_loss,1,30,0.3,3,2,0.05,10,0.563513,1.0,0.582207,50.0,False,500,0,0,66,684,16884,29000,1000,0.684,0.85118,0.582207,500,2026-09-03T19:16:22
tdma_packet_loss,1,30,0.3,3,2,0.05,11,0.534703,0.333333,0.617345,50.0,False,500,0,0,41,724,17903,29000,1000,0.724,0.852686,0.617345,500,2026-09-03T19:16:21
tdma_packet_loss,1,30,0.3,3,2,0.05,12,0.553413,1.0,0.607103,50.0,False,500,0,0,132,713,17606,29000,1000,0.713,0.851477,0.607103,500,2026-09-03T19:16:23
tdma_packet_loss,1,30,0.3,3,2,0.05,13,0.560433,0.666667,0.60669,28.0,True,280,0,214,119,714,17594,29000,1000,0.714,0.849705,0.60669,500,2026-09-03T19:16:22
tdma_packet_loss,1,30,0.3,3,2,0.05,14,0.563768,1.0,0.590483,33.0,True,330,0,169,308,697,17124,29000,1000,0.697,0.847178,0.590483,500,2026-09-03T19:16:23
tdma_packet_loss,1,30,0.3,3,2,0.1,0,0.441805,1.0,0.587103,50.0,False,500,0,0,500,346,8513,14500,500,0.692,0.848415,0.587103,500,2026-09-03T19:16:22
tdma_packet_loss,1,30,0.3,3,2,0.1,1,0.522511,1.0,0.594759,50.0,False,500,0,0,500,348,8624,14500,500,0.696,0.854538,0.594759,500,2026-09-03T19:16:23
tdma_packet_loss,1,30,0.3,3,2,0.1,2,0.460322,0.666667,0.575862,50.0,False,500,0,0,500,339,8350,14500,500,0.678,0.849354,0.575862,500,2026-09-03T19:16:23
tdma_packet_loss,1,30,0.3,3,2,0.1,3,0.396582,1.0,0.588414,50.0,False,500,0,0,125,345,8532,14500,500,0.69,0.852774,0.588414,500,2026-09-03T19:16:24
tdma_packet_loss,1,30,0.3,3,2,0.1,4,0.52752,1.0,0.567655,50.0,False,500,0,0,500,334,8231,14500,500,0.668,0.849783,0.567655,500,2026-09-03T19:16:23
tdma_packet_loss,1,30,0.3,3,2,0.1,5,0.422497,1.0,0.597241,50.0,False,500,0,0,500,351,8660,14500,500,0.702,0.850771,0.597241,500,2026-09-03T19:16:24
tdma_packet_loss,1,30,0.3,3,2,0.1,6,0.458115,0.666667,0.603793,50.0,False,500,0,0,124,354,8755,14500,500,0.708,0.852815,0.603793,500,2026-09-03T19:16:23
tdma_packet_loss,1,30,0.3,3,2,0.1,7,0.445862,1.0,0.619517,50.0,False,500,0,0,35,364,8983,14500,500,0.728,0.850985,0.619517,500,2026-09-03T19:16:24
tdma_packet_loss,1,30,0.3,3,2,0.1,8,0.578525,1.0,0.579793,50.0,False,500,0,0,44,339,8407,14500,500,0.678,0.855152,0.579793,500,2026-09-03T19:16:23
tdma_packet_loss,1,30,0.3,3,2,0.1,9,0.507746,1.0,0.591931,50.0,False,500,0,0,500,347,8583,14500,500,0.694,0.852927,0.591931,500,2026-09-03T19:16:24
tdma_packet_loss,1,30,0.3,3,2,0.1,10,0.468492,1.0,0.587862,50.0,False,500,0,0,96,346,8524,14500,500,0.692,0.849512,0.587862,500,2026-09-03T19:16:23
tdma_packet_loss,1,30,0.3,3,2,0.1,11,0.531069,1.0,0.626138,50.0,False,500,0,0,71,368,9079,14500,500,0.736,0.850731,0.626138,500,2026-09-03T19:16:24
tdma_packet_loss,1,30,0.3,3,2,0.1,12,0.463356,1.0,0.598552,50.0,False,500,0,0,225,351,8679,14500,500,0.702,0.852638,0.598552,500,2026-09-03T19:16:24
tdma_packet_loss,1,30,0.3,3,2,0.1,13,0.45702,1.0,0.61469,50.0,False,500,0,0,375,361,8913,14500,500,0.722,0.851371,0.61469,500,2026-09-03T19:16:25
tdma_packet_loss,1,30,0.3,3,2,0.1,14,0.419643,1.0,0.574138,50.0,False,500,0,0,339,338,8325,14500,500,0.676,0.849316,0.574138,500,2026-09-03T19:16:24
tdma_packet_loss,1,30,0.3,3,5,0.025,0,0.664194,0.666667,0.599362,2.6,True,26,0,426,57,1411,34763,58000,2000,0.7055,0.849556,0.599362,500,2026-09-03T19:16:26
tdma_packet_loss,1,30,0.3,3,5,0.025,1,0.730447,0.0,0.606485,3.9,True,39,1,212,43,1004,24764,40832,1408,0.713068,0.850529,0.606485,352,2026-09-03T19:16:25
tdma_packet_loss,1,30,0.3,3,5,0.025,2,0.696147,0.666667,0.586224,7.5,True,75,0,400,31,1376,34001,58000,2000,0.688,0.85207,0.586224,500,2026-09-03T19:16:26
tdma_packet_loss,1,30,0.3,3,5,0.025,3,0.624397,0.333333,0.596862,3.7,True,37,0,430,51,1401,34618,58000,2000,0.7005,0.852051,0.596862,500,2026-09-03T19:16:26
tdma_packet_loss,1,30,0.3,3,5,0.025,4,0.701372,0.333333,0.585345,2.1,True,21,0,444,10,1380,33950,58000,2000,0.69,0.848326,0.585345,500,2026-09-03T19:16:27
tdma_packet_loss,1,30,0.3,3,5,0.025,5,0.6247,0.333333,0.618879,6.5,True,65,0,399,35,1457,35895,58000,2000,0.7285,0.849525,0.618879,500,2026-09-03T19:16:26
tdma_packet_loss,1,30,0.3,3,5,0.025,6,0.641087,0.666667,0.596776,3.3,True,33,0,444,30,1399,34613,58000,2000,0.6995,0.853146,0.596776,500,2026-09-03T19:16:27
tdma_packet_loss,1,30,0.3,3,5,0.025,7,0.679791,0.333333,0.594655,10.8,True,108,0,363,28,1401,34490,58000,2000,0.7005,0.848901,0.594655,500,2026-09-03T19:16:26
tdma_packet_loss,1,30,0.3,3,5,0.025,8,0.746164,0.0,0.588534,12.5,True,125,0,325,45,1380,34135,58000,2000,0.69,0.852949,0.588534,500,2026-09-03T19:16:28
tdma_packet_loss,1,30,0.3,3,5,0.025,9,0.644137,0.666667,0.592276,4.6,True,46,0,385,20,1389,34352,58000,2000,0.6945,0.852809,0.592276,500,2026-09-03T19:16:26
tdma_packet_loss,1,30,0.3,3,5,0.025,10,0.605364,0.666667,0.594121,9.1,True,91,0,340,43,1397,34459,58000,2000,0.6985,0.850566,0.594121,500,2026-09-03T19:16:28
tdma_packet_loss,1,30,0.3,3,5,0.025,11,0.661468,0.333333,0.598828,6.6,True,66,0,392,47,1408,34732,58000,2000,0.704,0.850607,0.598828,500,2026-09-03T19:16:26
tdma_packet_loss,1,30,0.3,3,5,0.025,12,0.660984,0.0,0.610695,8.2,True,82,1,361,28,1374,33791,55332,1908,0.720126,0.84804,0.610695,477,2026-09-03T19:16:28
tdma_packet_loss,1,30,0.3,3,5,0.025,13,0.562174,0.333333,0.603,4.3,True,43,0,401,13,1416,34974,58000,2000,0.708,0.851695,0.603,500,2026-09-03T19:16:27
tdma_packet_loss,1,30,0.3,3,5,0.025,14,0.672539,1.0,0.5905,8.3,True,83,0,354,19,1390,34249,58000,2000,0.695,0.84964,0.5905,500,2026-09-03T19:16:29
tdma_packet_loss,1,30,0.3,3,5,0.05,0,0.544686,1.0,0.589655,40.1,True,401,0,87,13,695,17100,29000,1000,0.695,0.848425,0.589655,500,2026-09-03T19:16:28
tdma_packet_loss,1,30,0.3,3,5,0.05,1,0.511564,0.666667,0.595414,25.4,True,254,0,242,184,700,17267,29000,1000,0.7,0.850591,0.595414,500,2026-09-03T19:16:29
tdma_packet_loss,1,30,0.3,3,5,0.05,2,0.564197,0.666667,0.583172,40.9,True,409,0,90,96,686,16912,29000,1000,0.686,0.850106,0.583172,500,2026-09-03T19:16:28
tdma_packet_loss,1,30,0.3,3,5,0.05,3,0.559573,0.333333,0.591,25.9,True,259,0,237,145,694,17139,29000,1000,0.694,0.851585,0.591,500,2026-09-03T19:16:30
tdma_packet_loss,1,30,0.3,3,5,0.05,4,0.624381,0.666667,0.574931,50.0,False,500,0,0,147,676,16673,29000,1000,0.676,0.85049,0.574931,500,2026-09-03T19:16:29
tdma_packet_loss,1,30,0.3,3,5,0.05,5,0.5545,1.0,0.618172,50.0,False,500,0,0,81,727,17927,29000,1000,0.727,0.850306,0.618172,500,2026-09-03T19:16:30
tdma_packet_loss,1,30,0.3,3,5,0.05,6,0.649636,0.666667,0.609724,50.0,False,500,0,0,12,713,17682,29000,1000,0.713,0.855153,0.609724,500,2026-09-03T19:16:29
tdma_packet_loss,1,30,0.3,3,5,0.05,7,0.520543,1.0,0.596897,50.0,False,500,0,0,107,705,17310,29000,1000,0.705,0.846662,0.596897,500,2026-09-03T19:16:31
tdma_packet_loss,1,30,0.3,3,5,0.05,8,0.530552,1.0,0.575586,22.4,True,224,0,273,123,675,16692,29000,1000,0.675,0.85272,0.575586,500,2026-09-03T19:16:29
tdma_packet_loss,1,30,0.3,3,5,0.05,9,0.596925,1.0,0.595517,10.5,True,105,0,387,417,698,17270,29000,1000,0.698,0.853177,0.595517,500,2026-09-03T19:16:30
tdma_packet_loss,1,30,0.3,3,5,0.05,10,0.597011,1.0,0.584621,50.0,False,500,0,0,95,687,16954,29000,1000,0.687,0.850976,0.584621,500,2026-09-03T19:16:29
tdma_packet_loss,1,30,0.3,3,5,0.05,11,0.547877,0.333333,0.601897,30.4,True,304,0,194,75,705,17455,29000,1000,0.705,0.853754,0.601897,500,2026-09-03T19:16:31
tdma_packet_loss,1,30,0.3,3,5,0.05,12,0.633869,1.0,0.610448,46.4,True,464,0,35,46,717,17703,29000,1000,0.717,0.851392,0.610448,500,2026-09-03T19:16:29
tdma_packet_loss,1,30,0.3,3,5,0.05,13,0.588918,1.0,0.609241,50.0,False,500,0,0,95,717,17668,29000,1000,0.717,0.849709,0.609241,500,2026-09-03T19:16:31
tdma_packet_loss,1,30,0.3,3,5,0.05,14,0.571964,1.0,0.593517,50.0,False,500,0,0,160,701,17212,29000,1000,0.701,0.846672,0.593517,500,2026-09-03T19:16:30
tdma_packet_loss,1,30,0.3,3,5,0.1,0,0.406053,1.0,0.593931,50.0,False,500,0,0,224,350,8612,14500,500,0.7,0.848473,0.593931,500,2026-09-03T19:16:31
tdma_packet_loss,1,30,0.3,3,5,0.1,1,0.421965,1.0,0.601724,50.0,False,500,0,0,73,352,8725,14500,500,0.704,0.854722,0.601724,500,2026-09-03T19:16:30
tdma_packet_loss,1,30,0.3,3,5,0.1,2,0.521894,0.666667,0.585448,50.0,False,500,0,0,175,345,8489,14500,500,0.69,0.848476,0.585448,500,2026-09-03T19:16:32
tdma_packet_loss,1,30,0.3,3,5,0.1,3,0.443635,1.0,0.593172,50.0,False,500,0,0,129,348,8601,14500,500,0.696,0.852259,0.593172,500,2026-09-03T19:16:31
tdma_packet_loss,1,30,0.3,3,5,0.1,4,0.552089,1.0,0.576138,50.0,False,500,0,0,187,339,8354,14500,500,0.678,0.849761,0.576138,500,2026-09-03T19:16:32
tdma_packet_loss,1,30,0.3,3,5,0.1,5,0.423916,1.0,0.605862,50.0,False,500,0,0,500,356,8785,14500,500,0.712,0.85093,0.605862,500,2026-09-03T19:16:32
tdma_packet_loss,1,30,0.3,3,5,0.1,6,0.46581,1.0,0.589862,50.0,False,500,0,0,62,345,8553,14500,500,0.69,0.854873,0.589862,500,2026-09-03T19:16:33
tdma_packet_loss,1,30,0.3,3,5,0.1,7,0.53871,1.0,0.592621,50.0,False,500,0,0,500,348,8593,14500,500,0.696,0.851467,0.592621,500,2026-09-03T19:16:32
tdma_packet_loss,1,30,0.3,3,5,0.1,8,0.560043,1.0,0.588897,50.0,False,500,0,0,122,344,8539,14500,500,0.688,0.855954,0.588897,500,2026-09-03T19:16:33
tdma_packet_loss,1,30,0.3,3,5,0.1,9,0.473632,0.666667,0.598276,50.0,False,500,0,0,416,351,8675,14500,500,0.702,0.852245,0.598276,500,2026-09-03T19:16:32
tdma_packet_loss,1,30,0.3,3,5,0.1,10,0.436014,1.0,0.593103,50.0,False,500,0,0,500,349,8600,14500,500,0.698,0.849718,0.593103,500,2026-09-03T19:16:33
tdma_packet_loss,1,30,0.3,3,5,0.1,11,0.53274,0.666667,0.591517,50.0,False,500,0,0,500,347,8577,14500,500,0.694,0.85233,0.591517,500,2026-09-03T19:16:32
tdma_packet_loss,1,30,0.3,3,5,0.1,12,0.447099,1.0,0.605448,50.0,False,500,0,0,148,355,8779,14500,500,0.71,0.852744,0.605448,500,2026-09-03T19:16:33
tdma_packet_loss,1,30,0.3,3,5,0.1,13,0.552069,1.0,0.622552,50.0,False,500,0,0,447,366,9027,14500,500,0.732,0.85048,0.622552,500,2026-09-03T19:16:32
tdma_packet_loss,1,30,0.3,3,5,0.1,14,0.393017,1.0,0.581655,50.0,False,500,0,0,500,343,8434,14500,500,0.686,0.847894,0.581655,500,2026-09-03T19:16:33
tdma_packet_loss,1,30,0.3,5,0,0.025,0,0.658159,0.6,0.597655,34.1,True,341,0,146,64,1407,34664,58000,2000,0.7035,0.849545,0.597655,500,2026-09-03T19:16:33
tdma_packet_loss,1,30,0.3,5,0,0.025,1,0.542846,0.2,0.600121,23.6,True,236,0,237,38,1410,34807,58000,2000,0.705,0.851235,0.600121,500,2026-09-03T19:16:35
tdma_packet_loss,1,30,0.3,5,0,0.025,2,0.618337,0.2,0.58381,21.4,True,214,0,285,94,1370,33861,58000,2000,0.685,0.852278,0.58381,500,2026-09-03T19:16:33
tdma_packet_loss,1,30,0.3,5,0,0.025,3,0.54264,0.4,0.594379,32.3,True,323,0,164,91,1395,34474,58000,2000,0.6975,0.852157,0.594379,500,2026-09-03T19:16:35
tdma_packet_loss,1,30,0.3,5,0,0.025,4,0.673447,0.0,0.58369,18.0,True,180,0,300,37,1376,33854,58000,2000,0.688,0.848386,0.58369,500,2026-09-03T19:16:34
tdma_packet_loss,1,30,0.3,5,0,0.025,5,0.712345,0.2,0.617207,21.4,True,214,0,276,77,1453,35798,58000,2000,0.7265,0.849562,0.617207,500,2026-09-03T19:16:35
tdma_packet_loss,1,30,0.3,5,0,0.025,6,0.623214,0.4,0.594534,22.6,True,226,0,271,87,1394,34483,58000,2000,0.697,0.852991,0.594534,500,2026-09-03T19:16:35
tdma_packet_loss,1,30,0.3,5,0,0.025,7,0.669075,0.2,0.603121,3.2,True,32,0,405,49,1421,34981,58000,2000,0.7105,0.848868,0.603121,500,2026-09-03T19:16:36
tdma_packet_loss,1,30,0.3,5,0,0.025,8,0.636765,0.4,0.586397,4.0,True,40,0,455,65,1375,34011,58000,2000,0.6875,0.85294,0.586397,500,2026-09-03T19:16:35
tdma_packet_loss,1,30,0.3,5,0,0.025,9,0.581248,0.6,0.589776,36.8,True,368,0,131,139,1383,34207,58000,2000,0.6915,0.852894,0.589776,500,2026-09-03T19:16:36
tdma_packet_loss,1,30,0.3,5,0,0.025,10,0.626472,0.4,0.592362,27.2,True,272,0,218,41,1393,34357,58000,2000,0.6965,0.850484,0.592362,500,2026-09-03T19:16:35
tdma_packet_loss,1,30,0.3,5,0,0.025,11,0.498265,1.0,0.604534,12.6,True,126,0,369,78,1422,35063,58000,2000,0.711,0.850259,0.604534,500,2026-09-03T19:16:36
tdma_packet_loss,1,30,0.3,5,0,0.025,12,0.681632,0.2,0.611431,8.6,True,86,0,400,94,1442,35463,58000,2000,0.721,0.848032,0.611431,500,2026-09-03T19:16:35
tdma_packet_loss,1,30,0.3,5,0,0.025,13,0.660565,0.6,0.600897,9.9,True,99,0,396,80,1411,34852,58000,2000,0.7055,0.851731,0.600897,500,2026-09-03T19:16:36
tdma_packet_loss,1,30,0.3,5,0,0.025,14,0.599737,0.4,0.589328,1.5,True,15,0,477,125,1387,34181,58000,2000,0.6935,0.849787,0.589328,500,2026-09-03T19:16:35
tdma_packet_loss,1,30,0.3,5,0,0.05,0,0.321153,1.0,0.58469,50.0,False,500,0,0,500,689,16956,29000,1000,0.689,0.848606,0.58469,500,2026-09-03T19:16:36
tdma_packet_loss,1,30,0.3,5,0,0.05,1,0.504673,0.8,0.593,50.0,False,500,0,0,500,697,17197,29000,1000,0.697,0.850789,0.593,500,2026-09-03T19:16:36
tdma_packet_loss,1,30,0.3,5,0,0.05,2,0.507078,0.6,0.580345,50.0,False,500,0,0,500,682,16830,29000,1000,0.682,0.850945,0.580345,500,2026-09-03T19:16:37
tdma_packet_loss,1,30,0.3,5,0,0.05,3,0.497086,1.0,0.586655,50.0,False,500,0,0,500,689,17013,29000,1000,0.689,0.851459,0.586655,500,2026-09-03T19:16:36
tdma_packet_loss,1,30,0.3,5,0,0.05,4,0.529666,0.6,0.571414,50.0,False,500,0,0,500,672,16571,29000,1000,0.672,0.850318,0.571414,500,2026-09-03T19:16:38
tdma_packet_loss,1,30,0.3,5,0,0.05,5,0.503613,0.6,0.614931,50.0,False,500,0,0,476,723,17833,29000,1000,0.723,0.850527,0.614931,500,2026-09-03T19:16:37
tdma_packet_loss,1,30,0.3,5,0,0.05,6,0.494353,1.0,0.616931,50.0,False,500,0,0,500,722,17891,29000,1000,0.722,0.854475,0.616931,500,2026-09-03T19:16:38
tdma_packet_loss,1,30,0.3,5,0,0.05,7,0.550616,0.6,0.613655,50.0,False,500,0,0,500,725,17796,29000,1000,0.725,0.846421,0.613655,500,2026-09-03T19:16:37
tdma_packet_loss,1,30,0.3,5,0,0.05,8,0.491686,0.6,0.572931,50.0,False,500,0,0,367,672,16615,29000,1000,0.672,0.852576,0.572931,500,2026-09-03T19:16:39
tdma_packet_loss,1,30,0.3,5,0,0.05,9,0.471143,1.0,0.591414,50.0,False,500,0,0,500,693,17151,29000,1000,0.693,0.853411,0.591414,500,2026-09-03T19:16:38
tdma_packet_loss,1,30,0.3,5,0,0.05,10,0.383446,0.8,0.582207,50.0,False,500,0,0,500,684,16884,29000,1000,0.684,0.85118,0.582207,500,2026-09-03T19:16:39
tdma_packet_loss,1,30,0.3,5,0,0.05,11,0.497265,0.8,0.617345,50.0,False,500,0,0,421,724,17903,29000,1000,0.724,0.852686,0.617345,500,2026-09-03T19:16:38
tdma_packet_loss,1,30,0.3,5,0,0.05,12,0.427453,0.8,0.607103,50.0,False,500,0,0,500,713,17606,29000,1000,0.713,0.851477,0.607103,500,2026-09-03T19:16:39
tdma_packet_loss,1,30,0.3,5,0,0.05,13,0.50884,1.0,0.60669,50.0,False,500,0,0,336,714,17594,29000,1000,0.714,0.849705,0.60669,500,2026-09-03T19:16:38
tdma_packet_loss,1,30,0.3,5,0,0.05,14,0.470757,1.0,0.590483,50.0,False,500,0,0,500,697,17124,29000,1000,0.697,0.847178,0.590483,500,2026-09-03T19:16:39
tdma_packet_loss,1,30,0.3,5,0,0.1,0,0.311522,0.8,0.587103,50.0,False,500,0,0,500,346,8513,14500,500,0.692,0.848415,0.587103,500,2026-09-03T19:16:38
tdma_packet_loss,1,30,0.3,5,0,0.1,1,0.352381,0.8,0.594759,50.0,False,500,0,0,500,348,8624,14500,500,0.696,0.854538,0.594759,500,2026-09-03T19:16:39
tdma_packet_loss,1,30,0.3,5,0,0.1,2,0.390547,1.0,0.575862,50.0,False,500,0,0,500,339,8350,14500,500,0.678,0.849354,0.575862,500,2026-09-03T19:16:39
tdma_packet_loss,1,30,0.3,5,0,0.1,3,0.39333,1.0,0.588414,50.0,False,500,0,0,500,345,8532,14500,500,0.69,0.852774,0.588414,500,2026-09-03T19:16:40
tdma_packet_loss,1,30,0.3,5,0,0.1,4,0.433827,0.8,0.567655,50.0,False,500,0,0,500,334,8231,14500,500,0.668,0.849783,0.567655,500,2026-09-03T19:16:39
tdma_packet_loss,1,30,0.3,5,0,0.1,5,0.245862,1.0,0.597241,50.0,False,500,0,0,500,351,8660,14500,500,0.702,0.850771,0.597241,500,2026-09-03T19:16:40
tdma_packet_loss,1,30,0.3,5,0,0.1,6,0.405112,1.0,0.603793,50.0,False,500,0,0,500,354,8755,14500,500,0.708,0.852815,0.603793,500,2026-09-03T19:16:40
tdma_packet_loss,1,30,0.3,5,0,0.1,7,0.374244,1.0,0.619517,50.0,False,500,0,0,500,364,8983,14500,500,0.728,0.850985,0.619517,500,2026-09-03T19:16:41
tdma_packet_loss,1,30,0.3,5,0,0.1,8,0.371291,0.8,0.579793,50.0,False,500,0,0,500,339,8407,14500,500,0.678,0.855152,0.579793,500,2026-09-03T19:16:40
tdma_packet_loss,1,30,0.3,5,0,0.1,9,0.399085,1.0,0.591931,50.0,False,500,0,0,500,347,8583,14500,500,0.694,0.852927,0.591931,500,2026-09-03T19:16:41
tdma_packet_loss,1,30,0.3,5,0,0.1,10,0.355422,0.8,0.587862,50.0,False,500,0,0,500,346,8524,14500,500,0.692,0.849512,0.587862,500,2026-09-03T19:16:40
tdma_packet_loss,1,30,0.3,5,0,0.1,11,0.353776,1.0,0.626138,50.0,False,500,0,0,500,368,9079,14500,500,0.736,0.850731,0.626138,500,2026-09-03T19:16:41
tdma_packet_loss,1,30,0.3,5,0,0.1,12,0.416305,1.0,0.598552,50.0,False,500,0,0,500,351,8679,14500,500,0.702,0.852638,0.598552,500,2026-09-03T19:16:40
tdma_packet_loss,1,30,0.3,5,0,0.1,13,0.426446,1.0,0.61469,50.0,False,500,0,0,500,361,8913,14500,500,0.722,0.851371,0.61469,500,2026-09-03T19:16:42
tdma_packet_loss,1,30,0.3,5,0,0.1,14,0.41195,0.8,0.574138,50.0,False,500,0,0,500,338,8325,14500,500,0.676,0.849316,0.574138,500,2026-09-03T19:16:40
tdma_packet_loss,1,30,0.3,5,2,0.025,0,0.577697,1.0,0.598931,35.6,True,356,0,139,98,1410,34738,58000,2000,0.705,0.849548,0.598931,500,2026-09-03T19:16:42
tdma_packet_loss,1,30,0.3,5,2,0.025,1,0.489987,0.6,0.601293,10.6,True,106,0,379,65,1413,34875,58000,2000,0.7065,0.851087,0.601293,500,2026-09-03T19:16:41
tdma_packet_loss,1,30,0.3,5,2,0.025,2,0.496217,0.2,0.585534,21.4,True,214,0,277,136,1374,33961,58000,2000,0.687,0.852306,0.585534,500,2026-09-03T19:16:42
tdma_packet_loss,1,30,0.3,5,2,0.025,3,0.61266,0.8,0.596017,24.6,True,246,0,253,42,1399,34569,58000,2000,0.6995,0.852062,0.596017,500,2026-09-03T19:16:42
tdma_packet_loss,1,30,0.3,5,2,0.025,4,0.615033,0.6,0.584931,16.5,True,165,0,333,181,1379,33926,58000,2000,0.6895,0.848341,0.584931,500,2026-09-03T19:16:44
tdma_packet_loss,1,30,0.3,5,2,0.025,5,0.540713,0.8,0.618052,9.1,True,91,0,405,37,1455,35847,58000,2000,0.7275,0.849556,0.618052,500,2026-09-03T19:16:42
tdma_packet_loss,1,30,0.3,5,2,0.025,6,0.510466,0.8,0.596,26.9,True,269,0,230,22,1397,34568,58000,2000,0.6985,0.853257,0.596,500,2026-09-03T19:16:43
tdma_packet_loss,1,30,0.3,5,2,0.025,7,0.525518,0.4,0.603948,26.2,True,262,0,234,49,1423,35029,58000,2000,0.7115,0.848838,0.603948,500,2026-09-03T19:16:43
tdma_packet_loss,1,30,0.3,5,2,0.025,8,0.668278,0.2,0.588121,11.8,True,118,0,367,74,1379,34111,58000,2000,0.6895,0.852967,0.588121,500,2026-09-03T19:16:44
tdma_packet_loss,1,30,0.3,5,2,0.025,9,0.645028,0.2,0.591414,6.1,True,61,0,433,80,1387,34302,58000,2000,0.6935,0.852796,0.591414,500,2026-09-03T19:16:43
tdma_packet_loss,1,30,0.3,5,2,0.025,10,0.418661,0.8,0.593724,11.8,True,118,0,366,55,1396,34436,58000,2000,0.698,0.850608,0.593724,500,2026-09-03T19:16:45
tdma_packet_loss,1,30,0.3,5,2,0.025,11,0.54135,0.8,0.5985,7.5,True,75,0,417,153,1407,34713,58000,2000,0.7035,0.850746,0.5985,500,2026-09-03T19:16:43
tdma_packet_loss,1,30,0.3,5,2,0.025,12,0.562547,0.8,0.612224,15.8,True,158,0,329,45,1444,35509,58000,2000,0.722,0.847956,0.612224,500,2026-09-03T19:16:45
tdma_packet_loss,1,30,0.3,5,2,0.025,13,0.676348,0.8,0.602155,28.4,True,284,0,206,21,1414,34925,58000,2000,0.707,0.851705,0.602155,500,2026-09-03T19:16:43
tdma_packet_loss,1,30,0.3,5,2,0.025,14,0.579362,0.6,0.589828,19.9,True,199,0,274,110,1388,34210,58000,2000,0.694,0.849896,0.589828,500,2026-09-03T19:16:45
tdma_packet_loss,1,30,0.3,5,2,0.05,0,0.463767,0.6,0.588103,50.0,False,500,0,0,500,693,17055,29000,1000,0.693,0.848634,0.588103,500,2026-09-03T19:16:44
tdma_packet_loss,1,30,0.3,5,2,0.05,1,0.431897,0.8,0.594586,50.0,False,500,0,0,500,699,17243,29000,1000,0.699,0.850624,0.594586,500,2026-09-03T19:16:45
tdma_packet_loss,1,30,0.3,5,2,0.05,2,0.482464,0.8,0.581724,50.0,False,500,0,0,500,684,16870,29000,1000,0.684,0.850474,0.581724,500,2026-09-03T19:16:44
tdma_packet_loss,1,30,0.3,5,2,0.05,3,0.460848,0.8,0.590172,50.0,False,500,0,0,500,693,17115,29000,1000,0.693,0.85162,0.590172,500,2026-09-03T19:16:46
tdma_packet_loss,1,30,0.3,5,2,0.05,4,0.420158,0.8,0.574034,50.0,False,500,0,0,278,675,16647,29000,1000,0.675,0.850421,0.574034,500,2026-09-03T19:16:45
tdma_packet_loss,1,30,0.3,5,2,0.05,5,0.489779,1.0,0.616655,50.0,False,500,0,0,500,725,17883,29000,1000,0.725,0.850559,0.616655,500,2026-09-03T19:16:47
tdma_packet_loss,1,30,0.3,5,2,0.05,6,0.446419,1.0,0.608,50.0,False,500,0,0,500,711,17632,29000,1000,0.711,0.855134,0.608,500,2026-09-03T19:16:45
tdma_packet_loss,1,30,0.3,5,2,0.05,7,0.410389,1.0,0.615069,50.0,False,500,0,0,68,727,17837,29000,1000,0.727,0.846037,0.615069,500,2026-09-03T19:16:47
tdma_packet_loss,1,30,0.3,5,2,0.05,8,0.491784,0.6,0.574759,50.0,False,500,0,0,500,674,16668,29000,1000,0.674,0.852758,0.574759,500,2026-09-03T19:16:46
tdma_packet_loss,1,30,0.3,5,2,0.05,9,0.486171,0.8,0.594793,50.0,False,500,0,0,500,697,17249,29000,1000,0.697,0.853362,0.594793,500,2026-09-03T19:16:48
tdma_packet_loss,1,30,0.3,5,2,0.05,10,0.412756,1.0,0.583862,50.0,False,500,0,0,500,686,16932,29000,1000,0.686,0.851111,0.583862,500,2026-09-03T19:16:47
tdma_packet_loss,1,30,0.3,5,2,0.05,11,0.448359,0.6,0.601069,50.0,False,500,0,0,500,704,17431,29000,1000,0.704,0.853791,0.601069,500,2026-09-03T19:16:49
tdma_packet_loss,1,30,0.3,5,2,0.05,12,0.556784,0.4,0.60969,48.1,True,481,0,18,290,716,17681,29000,1000,0.716,0.851522,0.60969,500,2026-09-03T19:16:47
tdma_packet_loss,1,30,0.3,5,2,0.05,13,0.531756,0.6,0.608414,50.0,False,500,0,0,500,716,17644,29000,1000,0.716,0.84974,0.608414,500,2026-09-03T19:16:49
tdma_packet_loss,1,30,0.3,5,2,0.05,14,0.448294,1.0,0.593103,50.0,False,500,0,0,365,700,17200,29000,1000,0.7,0.847291,0.593103,500,2026-09-03T19:16:47
tdma_packet_loss,1,30,0.3,5,2,0.1,0,0.422936,0.8,0.592207,50.0,False,500,0,0,500,349,8587,14500,500,0.698,0.848434,0.592207,500,2026-09-03T19:16:49
tdma_packet_loss,1,30,0.3,5,2,0.1,1,0.409517,1.0,0.599862,50.0,False,500,0,0,500,351,8698,14500,500,0.702,0.854504,0.599862,500,2026-09-03T19:16:47
tdma_packet_loss,1,30,0.3,5,2,0.1,2,0.466432,1.0,0.582759,50.0,False,500,0,0,500,343,8450,14500,500,0.686,0.849502,0.582759,500,2026-09-03T19:16:49
tdma_packet_loss,1,30,0.3,5,2,0.1,3,0.312136,1.0,0.591517,50.0,False,500,0,0,500,347,8577,14500,500,0.694,0.85233,0.591517,500,2026-09-03T19:16:48
tdma_packet_loss,1,30,0.3,5,2,0.1,4,0.430304,1.0,0.572759,50.0,False,500,0,0,500,337,8305,14500,500,0.674,0.84979,0.572759,500,2026-09-03T19:16:49
tdma_packet_loss,1,30,0.3,5,2,0.1,5,0.310895,1.0,0.602552,50.0,False,500,0,0,500,354,8737,14500,500,0.708,0.851062,0.602552,500,2026-09-03T19:16:48
tdma_packet_loss,1,30,0.3,5,2,0.1,6,0.38278,1.0,0.587034,50.0,False,500,0,0,500,343,8512,14500,500,0.686,0.855735,0.587034,500,2026-09-03T19:16:50
tdma_packet_loss,1,30,0.3,5,2,0.1,7,0.415273,1.0,0.624,50.0,False,500,0,0,500,367,9048,14500,500,0.734,0.850136,0.624,500,2026-09-03T19:16:49
tdma_packet_loss,1,30,0.3,5,2,0.1,8,0.39746,1.0,0.585241,50.0,False,500,0,0,500,342,8486,14500,500,0.684,0.855616,0.585241,500,2026-09-03T19:16:50
tdma_packet_loss,1,30,0.3,5,2,0.1,9,0.438982,1.0,0.594897,50.0,False,500,0,0,500,349,8626,14500,500,0.698,0.852287,0.594897,500,2026-09-03T19:16:49
tdma_packet_loss,1,30,0.3,5,2,0.1,10,0.263521,1.0,0.591517,50.0,False,500,0,0,500,348,8577,14500,500,0.696,0.849881,0.591517,500,2026-09-03T19:16:51
tdma_packet_loss,1,30,0.3,5,2,0.1,11,0.380726,0.8,0.588483,50.0,False,500,0,0,500,345,8533,14500,500,0.69,0.852874,0.588483,500,2026-09-03T19:16:50
tdma_packet_loss,1,30,0.3,5,2,0.1,12,0.339052,1.0,0.603586,50.0,False,500,0,0,500,354,8752,14500,500,0.708,0.852523,0.603586,500,2026-09-03T19:16:51
tdma_packet_loss,1,30,0.3,5,2,0.1,13,0.464645,1.0,0.621034,50.0,False,500,0,0,500,365,9005,14500,500,0.73,0.850732,0.621034,500,2026-09-03T19:16:50
tdma_packet_loss,1,30,0.3,5,2,0.1,14,0.394522,1.0,0.579103,50.0,False,500,0,0,500,341,8397,14500,500,0.682,0.849125,0.579103,500,2026-09-03T19:16:51
tdma_packet_loss,1,30,0.3,5,5,0.025,0,0.592752,0.8,0.600207,50.0,False,500,0,0,118,1413,34812,58000,2000,0.7065,0.84955,0.600207,500,2026-09-03T19:16:50
tdma_packet_loss,1,30,0.3,5,5,0.025,1,0.626755,0.0,0.603448,46.7,True,467,0,25,132,1418,35000,58000,2000,0.709,0.851126,0.603448,500,2026-09-03T19:16:52
tdma_packet_loss,1,30,0.3,5,5,0.025,2,0.609113,0.4,0.587345,23.9,True,239,0,257,189,1379,34066,58000,2000,0.6895,0.851842,0.587345,500,2026-09-03T19:16:50
tdma_packet_loss,1,30,0.3,5,5,0.025,3,0.620517,0.6,0.598552,24.2,True,242,0,251,68,1405,34716,58000,2000,0.7025,0.852031,0.598552,500,2026-09-03T19:16:52
tdma_packet_loss,1,30,0.3,5,5,0.025,4,0.712274,0.4,0.586638,19.7,True,197,0,291,182,1383,34025,58000,2000,0.6915,0.848356,0.586638,500,2026-09-03T19:16:51
tdma_packet_loss,1,30,0.3,5,5,0.025,5,0.546141,0.8,0.620621,12.2,True,122,0,368,104,1461,35996,58000,2000,0.7305,0.849583,0.620621,500,2026-09-03T19:16:53
tdma_packet_loss,1,30,0.3,5,5,0.025,6,0.54318,0.8,0.598138,8.2,True,82,0,377,39,1402,34692,58000,2000,0.701,0.853264,0.598138,500,2026-09-03T19:16:52
tdma_packet_loss,1,30,0.3,5,5,0.025,7,0.659186,0.4,0.595724,26.8,True,268,0,211,36,1404,34552,58000,2000,0.702,0.84861,0.595724,500,2026-09-03T19:16:54
tdma_packet_loss,1,30,0.3,5,5,0.025,8,0.709331,0.2,0.589759,4.6,True,46,0,448,108,1383,34206,58000,2000,0.6915,0.852869,0.589759,500,2026-09-03T19:16:52
tdma_packet_loss,1,30,0.3,5,5,0.025,9,0.618225,0.4,0.593172,7.6,True,76,0,402,71,1391,34404,58000,2000,0.6955,0.852872,0.593172,500,2026-09-03T19:16:54
tdma_packet_loss,1,30,0.3,5,5,0.025,10,0.538448,0.6,0.595397,38.5,True,385,0,111,201,1400,34533,58000,2000,0.7,0.850567,0.595397,500,2026-09-03T19:16:53
tdma_packet_loss,1,30,0.3,5,5,0.025,11,0.604005,0.4,0.599672,7.4,True,74,0,417,158,1410,34781,58000,2000,0.705,0.850599,0.599672,500,2026-09-03T19:16:55
tdma_packet_loss,1,30,0.3,5,5,0.025,12,0.731299,0.6,0.613983,3.2,True,32,0,431,57,1448,35611,58000,2000,0.724,0.848042,0.613983,500,2026-09-03T19:16:53
tdma_packet_loss,1,30,0.3,5,5,0.025,13,0.628233,1.0,0.594931,6.2,True,62,0,418,110,1397,34506,58000,2000,0.6985,0.851727,0.594931,500,2026-09-03T19:16:56
tdma_packet_loss,1,30,0.3,5,5,0.025,14,0.702742,0.6,0.590897,16.1,True,161,0,328,43,1391,34272,58000,2000,0.6955,0.8496,0.590897,500,2026-09-03T19:16:53
tdma_packet_loss,1,30,0.3,5,5,0.05,0,0.285232,0.8,0.590414,50.0,False,500,0,0,244,696,17122,29000,1000,0.696,0.848296,0.590414,500,2026-09-03T19:16:56
tdma_packet_loss,1,30,0.3,5,5,0.05,1,0.499361,1.0,0.598,50.0,False,500,0,0,60,703,17342,29000,1000,0.703,0.85064,0.598,500,2026-09-03T19:16:54
tdma_packet_loss,1,30,0.3,5,5,0.05,2,0.447761,1.0,0.583862,50.0,False,500,0,0,500,687,16932,29000,1000,0.687,0.849872,0.583862,500,2026-09-03T19:16:56
tdma_packet_loss,1,30,0.3,5,5,0.05,3,0.46173,1.0,0.593517,50.0,False,500,0,0,68,697,17212,29000,1000,0.697,0.851531,0.593517,500,2026-09-03T19:16:54
tdma_packet_loss,1,30,0.3,5,5,0.05,4,0.533442,0.4,0.577448,50.0,False,500,0,0,500,679,16746,29000,1000,0.679,0.850439,0.577448,500,2026-09-03T19:16:56
tdma_packet_loss,1,30,0.3,5,5,0.05,5,0.574227,1.0,0.619862,50.0,False,500,0,0,216,729,17976,29000,1000,0.729,0.850291,0.619862,500,2026-09-03T19:16:55
tdma_packet_loss,1,30,0.3,5,5,0.05,6,0.525035,0.8,0.613172,50.0,False,500,0,0,500,717,17782,29000,1000,0.717,0.855192,0.613172,500,2026-09-03T19:16:57
tdma_packet_loss,1,30,0.3,5,5,0.05,7,0.471055,0.6,0.6,50.0,False,500,0,0,500,709,17400,29000,1000,0.709,0.846262,0.6,500,2026-09-03T19:16:56
tdma_packet_loss,1,30,0.3,5,5,0.05,8,0.439089,1.0,0.578,50.0,False,500,0,0,275,678,16762,29000,1000,0.678,0.852507,0.578,500,2026-09-03T19:16:58
tdma_packet_loss,1,30,0.3,5,5,0.05,9,0.535467,0.6,0.597207,50.0,False,500,0,0,500,700,17319,29000,1000,0.7,0.853153,0.597207,500,2026-09-03T19:16:56
tdma_packet_loss,1,30,0.3,5,5,0.05,10,0.401799,0.8,0.586345,50.0,False,500,0,0,500,689,17004,29000,1000,0.689,0.851008,0.586345,500,2026-09-03T19:16:58
tdma_packet_loss,1,30,0.3,5,5,0.05,11,0.469358,1.0,0.605241,50.0,False,500,0,0,500,709,17552,29000,1000,0.709,0.853655,0.605241,500,2026-09-03T19:16:57
tdma_packet_loss,1,30,0.3,5,5,0.05,12,0.538664,0.8,0.613897,50.0,False,500,0,0,500,721,17803,29000,1000,0.721,0.851452,0.613897,500,2026-09-03T19:17:00
tdma_packet_loss,1,30,0.3,5,5,0.05,13,0.48648,0.6,0.596655,50.0,False,500,0,0,500,702,17303,29000,1000,0.702,0.849936,0.596655,500,2026-09-03T19:16:57
tdma_packet_loss,1,30,0.3,5,5,0.05,14,0.465454,1.0,0.595172,50.0,False,500,0,0,500,703,17260,29000,1000,0.703,0.846618,0.595172,500,2026-09-03T19:17:00
tdma_packet_loss,1,30,0.3,5,5,0.1,0,0.451744,0.8,0.600897,50.0,False,500,0,0,500,354,8713,14500,500,0.708,0.848724,0.600897,500,2026-09-03T19:16:57
tdma_packet_loss,1,30,0.3,5,5,0.1,1,0.446337,1.0,0.606483,50.0,False,500,0,0,500,355,8794,14500,500,0.71,0.854201,0.606483,500,2026-09-03T19:16:59
tdma_packet_loss,1,30,0.3,5,5,0.1,2,0.421532,1.0,0.590138,50.0,False,500,0,0,500,348,8557,14500,500,0.696,0.847899,0.590138,500,2026-09-03T19:16:58
tdma_packet_loss,1,30,0.3,5,5,0.1,3,0.33354,1.0,0.598207,50.0,False,500,0,0,500,351,8674,14500,500,0.702,0.852147,0.598207,500,2026-09-03T19:17:00
tdma_packet_loss,1,30,0.3,5,5,0.1,4,0.465645,0.8,0.579172,50.0,False,500,0,0,500,341,8398,14500,500,0.682,0.849226,0.579172,500,2026-09-03T19:16:58
tdma_packet_loss,1,30,0.3,5,5,0.1,5,0.363749,1.0,0.611172,50.0,False,500,0,0,500,359,8862,14500,500,0.718,0.851215,0.611172,500,2026-09-03T19:17:00
tdma_packet_loss,1,30,0.3,5,5,0.1,6,0.2568,0.8,0.594759,50.0,False,500,0,0,500,348,8624,14500,500,0.696,0.854538,0.594759,500,2026-09-03T19:16:59
tdma_packet_loss,1,30,0.3,5,5,0.1,7,0.368955,1.0,0.597379,50.0,False,500,0,0,500,351,8662,14500,500,0.702,0.850968,0.597379,500,2026-09-03T19:17:01
tdma_packet_loss,1,30,0.3,5,5,0.1,8,0.433739,1.0,0.592207,50.0,False,500,0,0,500,346,8587,14500,500,0.692,0.85579,0.592207,500,2026-09-03T19:17:00
tdma_packet_loss,1,30,0.3,5,5,0.1,9,0.398027,0.8,0.602207,50.0,False,500,0,0,500,353,8732,14500,500,0.706,0.852984,0.602207,500,2026-09-03T19:17:02
tdma_packet_loss,1,30,0.3,5,5,0.1,10,0.381743,1.0,0.596552,50.0,False,500,0,0,500,351,8650,14500,500,0.702,0.849789,0.596552,500,2026-09-03T19:17:00
tdma_packet_loss,1,30,0.3,5,5,0.1,11,0.354936,1.0,0.59469,50.0,False,500,0,0,500,349,8623,14500,500,0.698,0.851991,0.59469,500,2026-09-03T19:17:02
tdma_packet_loss,1,30,0.3,5,5,0.1,12,0.404857,0.8,0.612138,50.0,False,500,0,0,500,359,8876,14500,500,0.718,0.85256,0.612138,500,2026-09-03T19:17:01
tdma_packet_loss,1,30,0.3,5,5,0.1,13,0.383304,0.4,0.588069,50.0,False,500,0,0,500,345,8527,14500,500,0.69,0.852274,0.588069,500,2026-09-03T19:17:03
tdma_packet_loss,1,30,0.3,5,5,0.1,14,0.334707,1.0,0.588483,50.0,False,500,0,0,500,347,8533,14500,500,0.694,0.847958,0.588483,500,2026-09-03T19:17:02
tdma_packet_loss,1,30,0.3,10,0,0.025,0,0.568828,0.6,0.600207,50.0,False,500,0,0,500,1413,34812,58000,2000,0.7065,0.84955,0.600207,500,2026-09-03T19:17:04
tdma_packet_loss,1,30,0.3,10,0,0.025,1,0.476319,0.6,0.603448,50.0,False,500,0,0,134,1418,35000,58000,2000,0.709,0.851126,0.603448,500,2026-09-03T19:17:02
tdma_packet_loss,1,30,0.3,10,0,0.025,2,0.638299,0.1,0.587345,50.0,False,500,0,0,340,1379,34066,58000,2000,0.6895,0.851842,0.587345,500,2026-09-03T19:17:04
tdma_packet_loss,1,30,0.3,10,0,0.025,3,0.498393,0.4,0.598552,50.0,False,500,0,0,217,1405,34716,58000,2000,0.7025,0.852031,0.598552,500,2026-09-03T19:17:03
tdma_packet_loss,1,30,0.3,10,0,0.025,4,0.475695,0.6,0.586638,50.0,False,500,0,0,353,1383,34025,58000,2000,0.6915,0.848356,0.586638,500,2026-09-03T19:17:04
tdma_packet_loss,1,30,0.3,10,0,0.025,5,0.658889,0.2,0.620621,50.0,False,500,0,0,500,1461,35996,58000,2000,0.7305,0.849583,0.620621,500,2026-09-03T19:17:03
tdma_packet_loss,1,30,0.3,10,0,0.025,6,0.47312,0.4,0.598138,26.7,True,267,0,232,262,1402,34692,58000,2000,0.701,0.853264,0.598138,500,2026-09-03T19:17:05
tdma_packet_loss,1,30,0.3,10,0,0.025,7,0.394915,0.3,0.595724,50.0,False,500,0,0,500,1404,34552,58000,2000,0.702,0.84861,0.595724,500,2026-09-03T19:17:03
tdma_packet_loss,1,30,0.3,10,0,0.025,8,0.493486,0.9,0.589759,44.2,True,442,0,57,365,1383,34206,58000,2000,0.6915,0.852869,0.589759,500,2026-09-03T19:17:05
tdma_packet_loss,1,30,0.3,10,0,0.025,9,0.518942,0.7,0.593172,50.0,False,500,0,0,58,1391,34404,58000,2000,0.6955,0.852872,0.593172,500,2026-09-03T19:17:04
tdma_packet_loss,1,30,0.3,10,0,0.025,10,0.52657,0.3,0.595397,50.0,False,500,0,0,500,1400,34533,58000,2000,0.7,0.850567,0.595397,500,2026-09-03T19:17:06
tdma_packet_loss,1,30,0.3,10,0,0.025,11,0.556874,0.6,0.599672,50.0,False,500,0,0,434,1410,34781,58000,2000,0.705,0.850599,0.599672,500,2026-09-03T19:17:04
tdma_packet_loss,1,30,0.3,10,0,0.025,12,0.521822,0.5,0.613983,28.2,True,282,0,216,500,1448,35611,58000,2000,0.724,0.848042,0.613983,500,2026-09-03T19:17:06
tdma_packet_loss,1,30,0.3,10,0,0.025,13,0.582651,0.3,0.594931,49.0,True,490,0,8,500,1397,34506,58000,2000,0.6985,0.851727,0.594931,500,2026-09-03T19:17:05
tdma_packet_loss,1,30,0.3,10,0,0.025,14,0.500625,0.6,0.590897,50.0,False,500,0,0,97,1391,34272,58000,2000,0.6955,0.8496,0.590897,500,2026-09-03T19:17:07
tdma_packet_loss,1,30,0.3,10,0,0.05,0,0.311782,1.0,0.590414,50.0,False,500,0,0,500,696,17122,29000,1000,0.696,0.848296,0.590414,500,2026-09-03T19:17:06
tdma_packet_loss,1,30,0.3,10,0,0.05,1,0.389081,0.7,0.598,50.0,False,500,0,0,500,703,17342,29000,1000,0.703,0.85064,0.598,500,2026-09-03T19:17:08
tdma_packet_loss,1,30,0.3,10,0,0.05,2,0.371861,0.8,0.583862,50.0,False,500,0,0,500,687,16932,29000,1000,0.687,0.849872,0.583862,500,2026-09-03T19:17:06
tdma_packet_loss,1,30,0.3,10,0,0.05,3,0.410237,0.5,0.593517,50.0,False,500,0,0,500,697,17212,29000,1000,0.697,0.851531,0.593517,500,2026-09-03T19:17:08
tdma_packet_loss,1,30,0.3,10,0,0.05,4,0.426719,0.9,0.577448,50.0,False,500,0,0,500,679,16746,29000,1000,0.679,0.850439,0.577448,500,2026-09-03T19:17:07
tdma_packet_loss,1,30,0.3,10,0,0.05,5,0.371785,0.8,0.619862,50.0,False,500,0,0,500,729,17976,29000,1000,0.729,0.850291,0.619862,500,2026-09-03T19:17:09
tdma_packet_loss,1,30,0.3,10,0,0.05,6,0.453949,0.7,0.613172,50.0,False,500,0,0,500,717,17782,29000,1000,0.717,0.855192,0.613172,500,2026-09-03T19:17:07
tdma_packet_loss,1,30,0.3,10,0,0.05,7,0.409551,0.7,0.6,50.0,False,500,0,0,500,709,17400,29000,1000,0.709,0.846262,0.6,500,2026-09-03T19:17:09
tdma_packet_loss,1,30,0.3,10,0,0.05,8,0.475708,0.6,0.578,50.0,False,500,0,0,500,678,16762,29000,1000,0.678,0.852507,0.578,500,2026-09-03T19:17:07
tdma_packet_loss,1,30,0.3,10,0,0.05,9,0.42106,0.9,0.597207,50.0,False,500,0,0,500,700,17319,29000,1000,0.7,0.853153,0.597207,500,2026-09-03T19:17:09
tdma_packet_loss,1,30,0.3,10,0,0.05,10,0.408809,0.8,0.586345,50.0,False,500,0,0,500,689,17004,29000,1000,0.689,0.851008,0.586345,500,2026-09-03T19:17:08
tdma_packet_loss,1,30,0.3,10,0,0.05,11,0.408547,0.5,0.605241,50.0,False,500,0,0,500,709,17552,29000,1000,0.709,0.853655,0.605241,500,2026-09-03T19:17:10
tdma_packet_loss,1,30,0.3,10,0,0.05,12,0.44792,0.9,0.613897,50.0,False,500,0,0,500,721,17803,29000,1000,0.721,0.851452,0.613897,500,2026-09-03T19:17:08
tdma_packet_loss,1,30,0.3,10,0,0.05,13,0.419696,0.8,0.596655,50.0,False,500,0,0,500,702,17303,29000,1000,0.702,0.849936,0.596655,500,2026-09-03T19:17:10
tdma_packet_loss,1,30,0.3,10,0,0.05,14,0.423628,0.7,0.595172,50.0,False,500,0,0,500,703,17260,29000,1000,0.703,0.846618,0.595172,500,2026-09-03T19:17:09
tdma_packet_loss,1,30,0.3,10,0,0.1,0,0.367431,1.0,0.600897,50.0,False,500,0,0,500,354,8713,14500,500,0.708,0.848724,0.600897,500,2026-09-03T19:17:11
tdma_packet_loss,1,30,0.3,10,0,0.1,1,0.333352,0.8,0.606483,50.0,False,500,0,0,500,355,8794,14500,500,0.71,0.854201,0.606483,500,2026-09-03T19:17:10
tdma_packet_loss,1,30,0.3,10,0,0.1,2,0.415704,0.7,0.590138,50.0,False,500,0,0,500,348,8557,14500,500,0.696,0.847899,0.590138,500,2026-09-03T19:17:11
tdma_packet_loss,1,30,0.3,10,0,0.1,3,0.327422,0.5,0.598207,50.0,False,500,0,0,500,351,8674,14500,500,0.702,0.852147,0.598207,500,2026-09-03T19:17:10
tdma_packet_loss,1,30,0.3,10,0,0.1,4,0.307279,0.7,0.579172,50.0,False,500,0,0,500,341,8398,14500,500,0.682,0.849226,0.579172,500,2026-09-03T19:17:12
tdma_packet_loss,1,30,0.3,10,0,0.1,5,0.307968,0.8,0.611172,50.0,False,500,0,0,500,359,8862,14500,500,0.718,0.851215,0.611172,500,2026-09-03T19:17:10
tdma_packet_loss,1,30,0.3,10,0,0.1,6,0.314615,1.0,0.594759,50.0,False,500,0,0,500,348,8624,14500,500,0.696,0.854538,0.594759,500,2026-09-03T19:17:12
tdma_packet_loss,1,30,0.3,10,0,0.1,7,0.286498,0.9,0.597379,50.0,False,500,0,0,500,351,8662,14500,500,0.702,0.850968,0.597379,500,2026-09-03T19:17:10
tdma_packet_loss,1,30,0.3,10,0,0.1,8,0.36042,0.7,0.592207,50.0,False,500,0,0,500,346,8587,14500,500,0.692,0.85579,0.592207,500,2026-09-03T19:17:12
tdma_packet_loss,1,30,0.3,10,0,0.1,9,0.393449,0.7,0.602207,50.0,False,500,0,0,500,353,8732,14500,500,0.706,0.852984,0.602207,500,2026-09-03T19:17:11
tdma_packet_loss,1,30,0.3,10,0,0.1,10,0.352071,0.7,0.596552,50.0,False,500,0,0,500,351,8650,14500,500,0.702,0.849789,0.596552,500,2026-09-03T19:17:13
tdma_packet_loss,1,30,0.3,10,0,0.1,11,0.354958,0.8,0.59469,50.0,False,500,0,0,500,349,8623,14500,500,0.698,0.851991,0.59469,500,2026-09-03T19:17:12
tdma_packet_loss,1,30,0.3,10,0,0.1,12,0.316312,0.8,0.612138,50.0,False,500,0,0,500,359,8876,14500,500,0.718,0.85256,0.612138,500,2026-09-03T19:17:13
tdma_packet_loss,1,30,0.3,10,0,0.1,13,0.373264,0.7,0.588069,50.0,False,500,0,0,500,345,8527,14500,500,0.69,0.852274,0.588069,500,2026-09-03T19:17:12
tdma_packet_loss,1,30,0.3,10,0,0.1,14,0.362673,0.8,0.588483,50.0,False,500,0,0,500,347,8533,14500,500,0.694,0.847958,0.588483,500,2026-09-03T19:17:14
tdma_packet_loss,1,30,0.3,10,2,0.025,0,0.612253,0.9,0.6005,50.0,False,500,0,0,500,1414,34829,58000,2000,0.707,0.849364,0.6005,500,2026-09-03T19:17:14
tdma_packet_loss,1,30,0.3,10,2,0.025,1,0.439494,0.6,0.604655,50.0,False,500,0,0,135,1421,35070,58000,2000,0.7105,0.851028,0.604655,500,2026-09-03T19:17:16
tdma_packet_loss,1,30,0.3,10,2,0.025,2,0.510737,0.7,0.588224,50.0,False,500,0,0,500,1381,34117,58000,2000,0.6905,0.851881,0.588224,500,2026-09-03T19:17:14
tdma_packet_loss,1,30,0.3,10,2,0.025,3,0.55381,0.6,0.599759,50.0,False,500,0,0,271,1408,34786,58000,2000,0.704,0.85193,0.599759,500,2026-09-03T19:17:16
tdma_packet_loss,1,30,0.3,10,2,0.025,4,0.538517,0.3,0.587879,50.0,False,500,0,0,187,1386,34097,58000,2000,0.693,0.848311,0.587879,500,2026-09-03T19:17:14
tdma_packet_loss,1,30,0.3,10,2,0.025,5,0.518606,0.8,0.611397,18.0,True,180,0,318,249,1439,35461,58000,2000,0.7195,0.849752,0.611397,500,2026-09-03T19:17:16
tdma_packet_loss,1,30,0.3,10,2,0.025,6,0.447447,0.6,0.599362,50.0,False,500,0,0,206,1405,34763,58000,2000,0.7025,0.853184,0.599362,500,2026-09-03T19:17:15
tdma_packet_loss,1,30,0.3,10,2,0.025,7,0.493722,0.6,0.596966,50.0,False,500,0,0,74,1407,34624,58000,2000,0.7035,0.848565,0.596966,500,2026-09-03T19:17:17
tdma_packet_loss,1,30,0.3,10,2,0.025,8,0.567252,0.5,0.582379,50.0,False,500,0,0,114,1365,33778,58000,2000,0.6825,0.853303,0.582379,500,2026-09-03T19:17:15
tdma_packet_loss,1,30,0.3,10,2,0.025,9,0.437333,0.6,0.594845,50.0,False,500,0,0,500,1395,34501,58000,2000,0.6975,0.852824,0.594845,500,2026-09-03T19:17:17
tdma_packet_loss,1,30,0.3,10,2,0.025,10,0.52733,0.5,0.597034,50.0,False,500,0,0,204,1404,34628,58000,2000,0.702,0.850476,0.597034,500,2026-09-03T19:17:15
tdma_packet_loss,1,30,0.3,10,2,0.025,11,0.535134,0.4,0.599983,20.5,True,205,0,293,426,1411,34799,58000,2000,0.7055,0.850436,0.599983,500,2026-09-03T19:17:18
tdma_packet_loss,1,30,0.3,10,2,0.025,12,0.520998,0.4,0.615328,15.9,True,159,0,339,500,1451,35689,58000,2000,0.7255,0.848143,0.615328,500,2026-09-03T19:17:16
tdma_packet_loss,1,30,0.3,10,2,0.025,13,0.534672,0.6,0.595241,22.9,True,229,0,266,500,1398,34524,58000,2000,0.699,0.851561,0.595241,500,2026-09-03T19:17:18
tdma_packet_loss,1,30,0.3,10,2,0.025,14,0.58333,0.5,0.592207,50.0,False,500,0,0,227,1394,34348,58000,2000,0.697,0.849651,0.592207,500,2026-09-03T19:17:16
tdma_packet_loss,1,30,0.3,10,2,0.05,0,0.405121,0.8,0.591862,50.0,False,500,0,0,500,698,17164,29000,1000,0.698,0.84794,0.591862,500,2026-09-03T19:17:18
tdma_packet_loss,1,30,0.3,10,2,0.05,1,0.478559,0.7,0.600345,50.0,False,500,0,0,500,706,17410,29000,1000,0.706,0.850347,0.600345,500,2026-09-03T19:17:18
tdma_packet_loss,1,30,0.3,10,2,0.05,2,0.449308,0.6,0.585655,50.0,False,500,0,0,500,689,16984,29000,1000,0.689,0.850008,0.585655,500,2026-09-03T19:17:20
tdma_packet_loss,1,30,0.3,10,2,0.05,3,0.402438,0.8,0.595828,50.0,False,500,0,0,500,700,17279,29000,1000,0.7,0.851182,0.595828,500,2026-09-03T19:17:18
tdma_packet_loss,1,30,0.3,10,2,0.05,4,0.42259,0.7,0.579931,50.0,False,500,0,0,500,682,16818,29000,1000,0.682,0.850339,0.579931,500,2026-09-03T19:17:21
tdma_packet_loss,1,30,0.3,10,2,0.05,5,0.383529,0.6,0.605103,50.0,False,500,0,0,500,711,17548,29000,1000,0.711,0.85106,0.605103,500,2026-09-03T19:17:19
tdma_packet_loss,1,30,0.3,10,2,0.05,6,0.488649,0.7,0.616517,50.0,False,500,0,0,500,721,17879,29000,1000,0.721,0.855086,0.616517,500,2026-09-03T19:17:21
tdma_packet_loss,1,30,0.3,10,2,0.05,7,0.369323,0.6,0.602586,50.0,False,500,0,0,500,712,17475,29000,1000,0.712,0.846329,0.602586,500,2026-09-03T19:17:19
tdma_packet_loss,1,30,0.3,10,2,0.05,8,0.435311,0.8,0.563793,50.0,False,500,0,0,500,661,16350,29000,1000,0.661,0.85294,0.563793,500,2026-09-03T19:17:22
tdma_packet_loss,1,30,0.3,10,2,0.05,9,0.332943,0.8,0.598862,50.0,False,500,0,0,500,702,17367,29000,1000,0.702,0.85308,0.598862,500,2026-09-03T19:17:19
tdma_packet_loss,1,30,0.3,10,2,0.05,10,0.481222,0.9,0.587034,50.0,False,500,0,0,500,690,17024,29000,1000,0.69,0.850775,0.587034,500,2026-09-03T19:17:22
tdma_packet_loss,1,30,0.3,10,2,0.05,11,0.479008,0.5,0.607448,50.0,False,500,0,0,500,712,17616,29000,1000,0.712,0.853158,0.607448,500,2026-09-03T19:17:20
tdma_packet_loss,1,30,0.3,10,2,0.05,12,0.485028,0.8,0.617276,50.0,False,500,0,0,500,725,17901,29000,1000,0.725,0.851415,0.617276,500,2026-09-03T19:17:22
tdma_packet_loss,1,30,0.3,10,2,0.05,13,0.407895,0.9,0.599103,50.0,False,500,0,0,500,705,17374,29000,1000,0.705,0.849792,0.599103,500,2026-09-03T19:17:21
tdma_packet_loss,1,30,0.3,10,2,0.05,14,0.297665,0.7,0.596862,50.0,False,500,0,0,500,705,17309,29000,1000,0.705,0.846613,0.596862,500,2026-09-03T19:17:23
tdma_packet_loss,1,30,0.3,10,2,0.1,0,0.372014,0.7,0.60531,50.0,False,500,0,0,500,357,8777,14500,500,0.714,0.847774,0.60531,500,2026-09-03T19:17:20
tdma_packet_loss,1,30,0.3,10,2,0.1,1,0.369062,1.0,0.611724,50.0,False,500,0,0,500,358,8870,14500,500,0.716,0.854363,0.611724,500,2026-09-03T19:17:23
tdma_packet_loss,1,30,0.3,10,2,0.1,2,0.395366,0.9,0.590138,50.0,False,500,0,0,500,348,8557,14500,500,0.696,0.847899,0.590138,500,2026-09-03T19:17:22
tdma_packet_loss,1,30,0.3,10,2,0.1,3,0.375177,0.8,0.601586,50.0,False,500,0,0,500,353,8723,14500,500,0.706,0.852105,0.601586,500,2026-09-03T19:17:24
tdma_packet_loss,1,30,0.3,10,2,0.1,4,0.395239,0.8,0.581103,50.0,False,500,0,0,500,342,8426,14500,500,0.684,0.849566,0.581103,500,2026-09-03T19:17:23
tdma_packet_loss,1,30,0.3,10,2,0.1,5,0.252364,0.9,0.577517,50.0,False,500,0,0,500,339,8374,14500,500,0.678,0.851795,0.577517,500,2026-09-03T19:17:24
tdma_packet_loss,1,30,0.3,10,2,0.1,6,0.333903,0.9,0.596276,50.0,False,500,0,0,500,349,8646,14500,500,0.698,0.854263,0.596276,500,2026-09-03T19:17:23
tdma_packet_loss,1,30,0.3,10,2,0.1,7,0.378773,0.7,0.602069,50.0,False,500,0,0,500,354,8730,14500,500,0.708,0.85038,0.602069,500,2026-09-03T19:17:25
tdma_packet_loss,1,30,0.3,10,2,0.1,8,0.41179,0.7,0.560621,50.0,False,500,0,0,500,328,8129,14500,500,0.656,0.854605,0.560621,500,2026-09-03T19:17:24
tdma_packet_loss,1,30,0.3,10,2,0.1,9,0.450942,0.7,0.605517,50.0,False,500,0,0,500,355,8780,14500,500,0.71,0.852841,0.605517,500,2026-09-03T19:17:25
tdma_packet_loss,1,30,0.3,10,2,0.1,10,0.376499,0.8,0.601241,50.0,False,500,0,0,500,354,8718,14500,500,0.708,0.849211,0.601241,500,2026-09-03T19:17:24
tdma_packet_loss,1,30,0.3,10,2,0.1,11,0.387741,0.8,0.601517,50.0,False,500,0,0,500,353,8722,14500,500,0.706,0.852007,0.601517,500,2026-09-03T19:17:25
tdma_packet_loss,1,30,0.3,10,2,0.1,12,0.30144,0.5,0.617517,50.0,False,500,0,0,500,362,8954,14500,500,0.724,0.852924,0.617517,500,2026-09-03T19:17:24
tdma_packet_loss,1,30,0.3,10,2,0.1,13,0.332446,0.9,0.594621,50.0,False,500,0,0,500,349,8622,14500,500,0.698,0.851892,0.594621,500,2026-09-03T19:17:26
tdma_packet_loss,1,30,0.3,10,2,0.1,14,0.417722,0.9,0.594966,50.0,False,500,0,0,500,351,8627,14500,500,0.702,0.847529,0.594966,500,2026-09-03T19:17:24
tdma_packet_loss,1,30,0.3,10,5,0.025,0,0.557332,0.5,0.594759,50.0,False,500,0,0,407,1400,34496,58000,2000,0.7,0.849655,0.594759,500,2026-09-03T19:17:27
tdma_packet_loss,1,30,0.3,10,5,0.025,1,0.510831,0.6,0.598103,50.0,False,500,0,0,316,1405,34690,58000,2000,0.7025,0.851393,0.598103,500,2026-09-03T19:17:25
tdma_packet_loss,1,30,0.3,10,5,0.025,2,0.518191,0.3,0.581224,50.0,False,500,0,0,465,1364,33711,58000,2000,0.682,0.852235,0.581224,500,2026-09-03T19:17:27
tdma_packet_loss,1,30,0.3,10,5,0.025,3,0.536766,0.4,0.602276,50.0,False,500,0,0,59,1414,34932,58000,2000,0.707,0.851875,0.602276,500,2026-09-03T19:17:26
tdma_packet_loss,1,30,0.3,10,5,0.025,4,0.519583,0.5,0.589741,50.0,False,500,0,0,500,1390,34205,58000,2000,0.695,0.848549,0.589741,500,2026-09-03T19:17:29
tdma_packet_loss,1,30,0.3,10,5,0.025,5,0.594767,0.4,0.613534,50.0,False,500,0,0,154,1444,35585,58000,2000,0.722,0.849771,0.613534,500,2026-09-03T19:17:27
tdma_packet_loss,1,30,0.3,10,5,0.025,6,0.517004,0.6,0.6,17.9,True,179,0,319,315,1407,34800,58000,2000,0.7035,0.852878,0.6,500,2026-09-03T19:17:29
tdma_packet_loss,1,30,0.3,10,5,0.025,7,0.503597,0.5,0.599655,50.0,False,500,0,0,500,1413,34780,58000,2000,0.7065,0.848769,0.599655,500,2026-09-03T19:17:27
tdma_packet_loss,1,30,0.3,10,5,0.025,8,0.627992,0.8,0.583552,50.0,False,500,0,0,500,1368,33846,58000,2000,0.684,0.853146,0.583552,500,2026-09-03T19:17:29
tdma_packet_loss,1,30,0.3,10,5,0.025,9,0.481211,0.6,0.597276,50.0,False,500,0,0,334,1401,34642,58000,2000,0.7005,0.852642,0.597276,500,2026-09-03T19:17:28
tdma_packet_loss,1,30,0.3,10,5,0.025,10,0.407567,0.7,0.598741,10.9,True,109,0,389,500,1408,34727,58000,2000,0.704,0.850485,0.598741,500,2026-09-03T19:17:30
tdma_packet_loss,1,30,0.3,10,5,0.025,11,0.492645,0.6,0.601672,50.0,False,500,0,0,169,1415,34897,58000,2000,0.7075,0.85042,0.601672,500,2026-09-03T19:17:28
tdma_packet_loss,1,30,0.3,10,5,0.025,12,0.550172,0.4,0.607224,50.0,False,500,0,0,500,1432,35219,58000,2000,0.716,0.848078,0.607224,500,2026-09-03T19:17:30
tdma_packet_loss,1,30,0.3,10,5,0.025,13,0.591053,0.6,0.597517,22.3,True,223,0,273,191,1403,34656,58000,2000,0.7015,0.851771,0.597517,500,2026-09-03T19:17:28
tdma_packet_loss,1,30,0.3,10,5,0.025,14,0.549569,0.5,0.593517,50.0,False,500,0,0,500,1397,34424,58000,2000,0.6985,0.849703,0.593517,500,2026-09-03T19:17:31
tdma_packet_loss,1,30,0.3,10,5,0.05,0,0.338636,0.7,0.578828,50.0,False,500,0,0,500,682,16786,29000,1000,0.682,0.848721,0.578828,500,2026-09-03T19:17:29
tdma_packet_loss,1,30,0.3,10,5,0.05,1,0.432912,0.8,0.588069,50.0,False,500,0,0,500,691,17054,29000,1000,0.691,0.85104,0.588069,500,2026-09-03T19:17:31
tdma_packet_loss,1,30,0.3,10,5,0.05,2,0.378838,0.9,0.574345,50.0,False,500,0,0,500,675,16656,29000,1000,0.675,0.850881,0.574345,500,2026-09-03T19:17:29
tdma_packet_loss,1,30,0.3,10,5,0.05,3,0.379338,1.0,0.599207,50.0,False,500,0,0,500,704,17377,29000,1000,0.704,0.851146,0.599207,500,2026-09-03T19:17:32
tdma_packet_loss,1,30,0.3,10,5,0.05,4,0.461453,0.6,0.583483,50.0,False,500,0,0,500,686,16921,29000,1000,0.686,0.850558,0.583483,500,2026-09-03T19:17:31
tdma_packet_loss,1,30,0.3,10,5,0.05,5,0.350814,0.6,0.609517,50.0,False,500,0,0,500,716,17676,29000,1000,0.716,0.851281,0.609517,500,2026-09-03T19:17:33
tdma_packet_loss,1,30,0.3,10,5,0.05,6,0.439129,0.5,0.618759,50.0,False,500,0,0,500,724,17944,29000,1000,0.724,0.854639,0.618759,500,2026-09-03T19:17:31
tdma_packet_loss,1,30,0.3,10,5,0.05,7,0.424324,0.4,0.607138,50.0,False,500,0,0,500,717,17607,29000,1000,0.717,0.846775,0.607138,500,2026-09-03T19:17:34
tdma_packet_loss,1,30,0.3,10,5,0.05,8,0.435874,0.8,0.567,50.0,False,500,0,0,500,665,16443,29000,1000,0.665,0.852632,0.567,500,2026-09-03T19:17:31
tdma_packet_loss,1,30,0.3,10,5,0.05,9,0.511705,0.5,0.603034,50.0,False,500,0,0,500,707,17488,29000,1000,0.707,0.852948,0.603034,500,2026-09-03T19:17:34
tdma_packet_loss,1,30,0.3,10,5,0.05,10,0.369857,0.8,0.590517,50.0,False,500,0,0,500,694,17125,29000,1000,0.694,0.850889,0.590517,500,2026-09-03T19:17:32
tdma_packet_loss,1,30,0.3,10,5,0.05,11,0.419659,0.8,0.612483,50.0,False,500,0,0,500,718,17762,29000,1000,0.718,0.85304,0.612483,500,2026-09-03T19:17:34
tdma_packet_loss,1,30,0.3,10,5,0.05,12,0.420121,0.7,0.600172,50.0,False,500,0,0,500,705,17405,29000,1000,0.705,0.851308,0.600172,500,2026-09-03T19:17:32
tdma_packet_loss,1,30,0.3,10,5,0.05,13,0.400229,0.7,0.600793,50.0,False,500,0,0,500,707,17423,29000,1000,0.707,0.849778,0.600793,500,2026-09-03T19:17:34
tdma_packet_loss,1,30,0.3,10,5,0.05,14,0.341236,0.8,0.598448,50.0,False,500,0,0,500,707,17355,29000,1000,0.707,0.846461,0.598448,500,2026-09-03T19:17:33
tdma_packet_loss,1,30,0.3,10,5,0.1,0,0.382743,0.8,0.571931,50.0,False,500,0,0,500,337,8293,14500,500,0.674,0.848562,0.571931,500,2026-09-03T19:17:35
tdma_packet_loss,1,30,0.3,10,5,0.1,1,0.361716,0.6,0.580759,50.0,False,500,0,0,500,340,8421,14500,500,0.68,0.854057,0.580759,500,2026-09-03T19:17:33
tdma_packet_loss,1,30,0.3,10,5,0.1,2,0.333206,0.6,0.560069,50.0,False,500,0,0,500,330,8121,14500,500,0.66,0.848589,0.560069,500,2026-09-03T19:17:35
tdma_packet_loss,1,30,0.3,10,5,0.1,3,0.376659,0.9,0.611931,50.0,False,500,0,0,500,359,8873,14500,500,0.718,0.852272,0.611931,500,2026-09-03T19:17:34
tdma_packet_loss,1,30,0.3,10,5,0.1,4,0.453696,0.8,0.588207,50.0,False,500,0,0,500,346,8529,14500,500,0.692,0.85001,0.588207,500,2026-09-03T19:17:36
tdma_packet_loss,1,30,0.3,10,5,0.1,5,0.400087,0.9,0.584483,50.0,False,500,0,0,500,343,8475,14500,500,0.686,0.852016,0.584483,500,2026-09-03T19:17:35
tdma_packet_loss,1,30,0.3,10,5,0.1,6,0.349928,0.6,0.604138,50.0,False,500,0,0,500,354,8760,14500,500,0.708,0.853302,0.604138,500,2026-09-03T19:17:37
tdma_packet_loss,1,30,0.3,10,5,0.1,7,0.343301,0.9,0.609241,50.0,False,500,0,0,500,358,8834,14500,500,0.716,0.850896,0.609241,500,2026-09-03T19:17:36
tdma_packet_loss,1,30,0.3,10,5,0.1,8,0.375959,0.8,0.565586,50.0,False,500,0,0,500,331,8201,14500,500,0.662,0.85436,0.565586,500,2026-09-03T19:17:38
tdma_packet_loss,1,30,0.3,10,5,0.1,9,0.422926,0.8,0.612138,50.0,False,500,0,0,500,359,8876,14500,500,0.718,0.85256,0.612138,500,2026-09-03T19:17:36
tdma_packet_loss,1,30,0.3,10,5,0.1,10,0.34461,0.6,0.606,50.0,False,500,0,0,500,357,8787,14500,500,0.714,0.848739,0.606,500,2026-09-03T19:17:38
tdma_packet_loss,1,30,0.3,10,5,0.1,11,0.339439,0.9,0.609793,50.0,False,500,0,0,500,358,8842,14500,500,0.716,0.851666,0.609793,500,2026-09-03T19:17:37
tdma_packet_loss,1,30,0.3,10,5,0.1,12,0.365932,0.9,0.585862,50.0,False,500,0,0,500,343,8495,14500,500,0.686,0.854026,0.585862,500,2026-09-03T19:17:39
tdma_packet_loss,1,30,0.3,10,5,0.1,13,0.409695,0.7,0.6,50.0,False,500,0,0,500,352,8700,14500,500,0.704,0.852273,0.6,500,2026-09-03T19:17:36
tdma_packet_loss,1,30,0.3,10,5,0.1,14,0.369281,0.9,0.601586,50.0,False,500,0,0,500,355,8723,14500,500,0.71,0.847305,0.601586,500,2026-09-03T19:17:39
tdma_packet_loss,1,50,0.0,3,0,0.025,0,0.603972,1.0,1.0,1.6,True,16,1,0,20,144,7056,7056,144,1.0,1.0,1.0,36,2026-09-03T19:17:35
tdma_packet_loss,1,50,0.0,3,0,0.025,1,0.699705,1.0,1.0,1.1,True,11,1,14,18,208,10192,10192,208,1.0,1.0,1.0,52,2026-09-03T19:17:35
tdma_packet_loss,1,50,0.0,3,0,0.025,2,0.600831,1.0,1.0,2.3,True,23,1,0,27,172,8428,8428,172,1.0,1.0,1.0,43,2026-09-03T19:17:35
tdma_packet_loss,1,50,0.0,3,0,0.025,3,0.713912,1.0,1.0,2.5,True,25,1,21,30,320,15680,15680,320,1.0,1.0,1.0,80,2026-09-03T19:17:36
tdma_packet_loss,1,50,0.0,3,0,0.025,4,0.626925,1.0,1.0,1.1,True,11,1,9,10,164,8036,8036,164,1.0,1.0,1.0,41,2026-09-03T19:17:36
tdma_packet_loss,1,50,0.0,3,0,0.025,5,0.699608,1.0,1.0,3.0,True,30,1,2,22,216,10584,10584,216,1.0,1.0,1.0,54,2026-09-03T19:17:36
tdma_packet_loss,1,50,0.0,3,0,0.025,6,0.568005,0.666667,1.0,0.6,True,6,1,6,20,144,7056,7056,144,1.0,1.0,1.0,36,2026-09-03T19:17:36
tdma_packet_loss,1,50,0.0,3,0,0.025,7,0.671843,1.0,1.0,2.7,True,27,1,0,20,188,9212,9212,188,1.0,1.0,1.0,47,2026-09-03T19:17:36
tdma_packet_loss,1,50,0.0,3,0,0.025,8,0.688504,0.666667,1.0,2.6,True,26,1,0,30,184,9016,9016,184,1.0,1.0,1.0,46,2026-09-03T19:17:36
tdma_packet_loss,1,50,0.0,3,0,0.025,9,0.660965,1.0,1.0,1.2,True,12,1,17,11,200,9800,9800,200,1.0,1.0,1.0,50,2026-09-03T19:17:37
tdma_packet_loss,1,50,0.0,3,0,0.025,10,0.700549,1.0,1.0,0.9,True,9,1,5,18,220,10780,10780,220,1.0,1.0,1.0,55,2026-09-03T19:17:37
tdma_packet_loss,1,50,0.0,3,0,0.025,11,0.668342,1.0,1.0,3.1,True,31,1,0,15,204,9996,9996,204,1.0,1.0,1.0,51,2026-09-03T19:17:37
tdma_packet_loss,1,50,0.0,3,0,0.025,12,0.698757,1.0,1.0,1.7,True,17,1,8,15,228,11172,11172,228,1.0,1.0,1.0,57,2026-09-03T19:17:37
tdma_packet_loss,1,50,0.0,3,0,0.025,13,0.634303,1.0,1.0,1.5,True,15,1,0,19,140,6860,6860,140,1.0,1.0,1.0,35,2026-09-03T19:17:37
tdma_packet_loss,1,50,0.0,3,0,0.025,14,0.634773,1.0,1.0,2.3,True,23,1,0,20,172,8428,8428,172,1.0,1.0,1.0,43,2026-09-03T19:17:37
tdma_packet_loss,1,50,0.0,3,0,0.05,0,0.627329,0.333333,1.0,2.6,True,26,0,265,30,1000,49000,49000,1000,1.0,1.0,1.0,500,2026-09-03T19:17:41
tdma_packet_loss,1,50,0.0,3,0,0.05,1,0.622022,0.333333,1.0,4.3,True,43,0,303,36,1000,49000,49000,1000,1.0,1.0,1.0,500,2026-09-03T19:17:40
tdma_packet_loss,1,50,0.0,3,0,0.05,2,0.705044,0.333333,1.0,5.3,True,53,0,279,16,1000,49000,49000,1000,1.0,1.0,1.0,500,2026-09-03T19:17:44
tdma_packet_loss,1,50,0.0,3,0,0.05,3,0.692391,0.0,1.0,4.1,True,41,0,271,38,1000,49000,49000,1000,1.0,1.0,1.0,500,2026-09-03T19:17:41
tdma_packet_loss,1,50,0.0,3,0,0.05,4,0.648753,0.0,1.0,2.5,True,25,0,314,16,1000,49000,49000,1000,1.0,1.0,1.0,500,2026-09-03T19:17:44
tdma_packet_loss,1,50,0.0,3,0,0.05,5,0.662591,0.333333,1.0,4.2,True,42,0,314,37,1000,49000,49000,1000,1.0,1.0,1.0,500,2026-09-03T19:17:41
tdma_packet_loss,1,50,0.0,3,0,0.05,6,0.625374,0.333333,1.0,5.6,True,56,0,308,35,1000,49000,49000,1000,1.0,1.0,1.0,500,2026-09-03T19:17:44
tdma_packet_loss,1,50,0.0,3,0,0.05,7,0.671322,0.333333,1.0,3.3,True,33,0,250,12,1000,49000,49000,1000,1.0,1.0,1.0,500,2026-09-03T19:17:41
tdma_packet_loss,1,50,0.0,3,0,0.05,8,0.676119,0.333333,1.0,3.6,True,36,0,271,40,1000,49000,49000,1000,1.0,1.0,1.0,500,2026-09-03T19:17:44
tdma_packet_loss,1,50,0.0,3,0,0.05,9,0.64296,0.0,1.0,2.7,True,27,0,255,31,1000,49000,49000,1000,1.0,1.0,1.0,500,2026-09-03T19:17:41
tdma_packet_loss,1,50,0.0,3,0,0.05,10,0.676218,0.333333,1.0,4.4,True,44,0,247,55,1000,49000,49000,1000,1.0,1.0,1.0,500,2026-09-03T19:17:45
tdma_packet_loss,1,50,0.0,3,0,0.05,11,0.637388,0.333333,1.0,3.7,True,37,0,286,28,1000,49000,49000,1000,1.0,1.0,1.0,500,2026-09-03T19:17:42
tdma_packet_loss,1,50,0.0,3,0,0.05,12,0.688559,0.0,1.0,3.9,True,39,0,269,18,1000,49000,49000,1000,1.0,1.0,1.0,500,2026-09-03T19:17:45
tdma_packet_loss,1,50,0.0,3,0,0.05,13,0.6645,0.333333,1.0,3.1,True,31,0,234,15,1000,49000,49000,1000,1.0,1.0,1.0,500,2026-09-03T19:17:42
tdma_packet_loss,1,50,0.0,3,0,0.05,14,0.662869,0.666667,1.0,2.5,True,25,0,242,29,1000,49000,49000,1000,1.0,1.0,1.0,500,2026-09-03T19:17:45
tdma_packet_loss,1,50,0.0,3,0,0.1,0,0.662609,1.0,1.0,21.8,True,218,0,272,43,500,24500,24500,500,1.0,1.0,1.0,500,2026-09-03T19:17:43
tdma_packet_loss,1,50,0.0,3,0,0.1,1,0.620887,0.666667,1.0,10.6,True,106,0,364,60,500,24500,24500,500,1.0,1.0,1.0,500,2026-09-03T19:17:45
tdma_packet_loss,1,50,0.0,3,0,0.1,2,0.655275,1.0,1.0,7.8,True,78,0,346,33,500,24500,24500,500,1.0,1.0,1.0,500,2026-09-03T19:17:46
tdma_packet_loss,1,50,0.0,3,0,0.1,3,0.665854,0.666667,1.0,7.2,True,72,0,426,61,500,24500,24500,500,1.0,1.0,1.0,500,2026-09-03T19:17:48
tdma_packet_loss,1,50,0.0,3,0,0.1,4,0.51166,0.333333,1.0,29.8,True,298,0,165,46,500,24500,24500,500,1.0,1.0,1.0,500,2026-09-03T19:17:46
tdma_packet_loss,1,50,0.0,3,0,0.1,5,0.679967,0.666667,1.0,9.5,True,95,0,386,49,500,24500,24500,500,1.0,1.0,1.0,500,2026-09-03T19:17:48
tdma_packet_loss,1,50,0.0,3,0,0.1,6,0.623488,0.666667,1.0,8.1,True,81,0,396,19,500,24500,24500,500,1.0,1.0,1.0,500,2026-09-03T19:17:46
tdma_packet_loss,1,50,0.0,3,0,0.1,7,0.624003,1.0,1.0,50.0,False,500,0,0,26,500,24500,24500,500,1.0,1.0,1.0,500,2026-09-03T19:17:48
tdma_packet_loss,1,50,0.0,3,0,0.1,8,0.519687,0.0,1.0,13.8,True,138,0,359,52,500,24500,24500,500,1.0,1.0,1.0,500,2026-09-03T19:17:47
tdma_packet_loss,1,50,0.0,3,0,0.1,9,0.697078,0.666667,1.0,43.8,True,438,0,60,84,500,24500,24500,500,1.0,1.0,1.0,500,2026-09-03T19:17:49
tdma_packet_loss,1,50,0.0,3,0,0.1,10,0.637026,0.333333,1.0,50.0,False,500,0,0,44,500,24500,24500,500,1.0,1.0,1.0,500,2026-09-03T19:17:47
tdma_packet_loss,1,50,0.0,3,0,0.1,11,0.662074,0.666667,1.0,23.5,True,235,0,216,36,500,24500,24500,500,1.0,1.0,1.0,500,2026-09-03T19:17:49
tdma_packet_loss,1,50,0.0,3,0,0.1,12,0.636565,0.666667,1.0,2.4,True,24,0,454,30,500,24500,24500,500,1.0,1.0,1.0,500,2026-09-03T19:17:47
tdma_packet_loss,1,50,0.0,3,0,0.1,13,0.662234,0.333333,1.0,3.8,True,38,0,454,17,500,24500,24500,500,1.0,1.0,1.0,500,2026-09-03T19:17:50
tdma_packet_loss,1,50,0.0,3,0,0.1,14,0.596414,1.0,1.0,27.6,True,276,0,221,89,500,24500,24500,500,1.0,1.0,1.0,500,2026-09-03T19:17:47
tdma_packet_loss,1,50,0.0,3,2,0.025,0,0.646707,1.0,1.0,1.3,True,13,1,8,24,184,9016,9016,184,1.0,1.0,1.0,46,2026-09-03T19:17:48
tdma_packet_loss,1,50,0.0,3,2,0.025,1,0.736524,1.0,1.0,1.1,True,11,1,21,18,260,12740,12740,260,1.0,1.0,1.0,65,2026-09-03T19:17:46
tdma_packet_loss,1,50,0.0,3,2,0.025,2,0.712384,1.0,1.0,2.3,True,23,1,11,22,256,12544,12544,256,1.0,1.0,1.0,64,2026-09-03T19:17:46
tdma_packet_loss,1,50,0.0,3,2,0.025,3,0.72976,1.0,1.0,2.5,True,25,1,20,40,280,13720,13720,280,1.0,1.0,1.0,70,2026-09-03T19:17:47
tdma_packet_loss,1,50,0.0,3,2,0.025,4,0.622497,1.0,1.0,1.1,True,11,1,9,10,164,8036,8036,164,1.0,1.0,1.0,41,2026-09-03T19:17:47
tdma_packet_loss,1,50,0.0,3,2,0.025,5,0.717592,1.0,1.0,4.3,True,43,1,0,22,252,12348,12348,252,1.0,1.0,1.0,63,2026-09-03T19:17:48
tdma_packet_loss,1,50,0.0,3,2,0.025,6,0.722876,1.0,1.0,0.6,True,6,1,33,23,352,17248,17248,352,1.0,1.0,1.0,88,2026-09-03T19:17:48
tdma_packet_loss,1,50,0.0,3,2,0.025,7,0.696192,1.0,1.0,1.6,True,16,1,8,20,220,10780,10780,220,1.0,1.0,1.0,55,2026-09-03T19:17:48
tdma_packet_loss,1,50,0.0,3,2,0.025,8,0.67639,0.666667,1.0,2.6,True,26,1,0,30,184,9016,9016,184,1.0,1.0,1.0,46,2026-09-03T19:17:48
tdma_packet_loss,1,50,0.0,3,2,0.025,9,0.736643,0.666667,1.0,1.2,True,12,1,33,11,348,17052,17052,348,1.0,1.0,1.0,87,2026-09-03T19:17:49
tdma_packet_loss,1,50,0.0,3,2,0.025,10,0.62245,0.666667,1.0,0.9,True,9,1,0,13,116,5684,5684,116,1.0,1.0,1.0,29,2026-09-03T19:17:49
tdma_packet_loss,1,50,0.0,3,2,0.025,11,0.654369,1.0,1.0,2.8,True,28,1,0,15,192,9408,9408,192,1.0,1.0,1.0,48,2026-09-03T19:17:49
tdma_packet_loss,1,50,0.0,3,2,0.025,12,0.72128,1.0,1.0,1.1,True,11,1,9,15,228,11172,11172,228,1.0,1.0,1.0,57,2026-09-03T19:17:49
tdma_packet_loss,1,50,0.0,3,2,0.025,13,0.653607,1.0,1.0,1.5,True,15,1,0,19,140,6860,6860,140,1.0,1.0,1.0,35,2026-09-03T19:17:49
tdma_packet_loss,1,50,0.0,3,2,0.025,14,0.62441,1.0,1.0,2.1,True,21,1,0,25,164,8036,8036,164,1.0,1.0,1.0,41,2026-09-03T19:17:49
tdma_packet_loss,1,50,0.0,3,2,0.05,0,0.697616,0.333333,1.0,2.6,True,26,0,268,25,1000,49000,49000,1000,1.0,1.0,1.0,500,2026-09-03T19:17:52
tdma_packet_loss,1,50,0.0,3,2,0.05,1,0.626849,0.333333,1.0,4.0,True,40,0,291,17,1000,49000,49000,1000,1.0,1.0,1.0,500,2026-09-03T19:17:55
tdma_packet_loss,1,50,0.0,3,2,0.05,2,0.660214,0.333333,1.0,3.6,True,36,0,310,40,1000,49000,49000,1000,1.0,1.0,1.0,500,2026-09-03T19:17:52
tdma_packet_loss,1,50,0.0,3,2,0.05,3,0.666136,0.0,1.0,6.0,True,60,0,285,29,1000,49000,49000,1000,1.0,1.0,1.0,500,2026-09-03T19:17:55
tdma_packet_loss,1,50,0.0,3,2,0.05,4,0.680977,0.0,1.0,2.5,True,25,0,290,16,1000,49000,49000,1000,1.0,1.0,1.0,500,2026-09-03T19:17:52
tdma_packet_loss,1,50,0.0,3,2,0.05,5,0.676094,0.333333,1.0,4.2,True,42,0,316,34,1000,49000,49000,1000,1.0,1.0,1.0,500,2026-09-03T19:17:55
tdma_packet_loss,1,50,0.0,3,2,0.05,6,0.651473,0.0,1.0,8.8,True,88,0,257,42,1000,49000,49000,1000,1.0,1.0,1.0,500,2026-09-03T19:17:52
tdma_packet_loss,1,50,0.0,3,2,0.05,7,0.704582,0.0,1.0,3.3,True,33,0,240,12,1000,49000,49000,1000,1.0,1.0,1.0,500,2026-09-03T19:17:56
tdma_packet_loss,1,50,0.0,3,2,0.05,8,0.651364,0.666667,1.0,2.8,True,28,0,245,26,1000,49000,49000,1000,1.0,1.0,1.0,500,2026-09-03T19:17:52
tdma_packet_loss,1,50,0.0,3,2,0.05,9,0.693919,0.0,1.0,2.7,True,27,0,229,31,1000,49000,49000,1000,1.0,1.0,1.0,500,2026-09-03T19:17:56
tdma_packet_loss,1,50,0.0,3,2,0.05,10,0.679878,0.666667,1.0,2.8,True,28,0,200,32,1000,49000,49000,1000,1.0,1.0,1.0,500,2026-09-03T19:17:52
tdma_packet_loss,1,50,0.0,3,2,0.05,11,0.615113,0.0,1.0,4.7,True,47,0,286,26,1000,49000,49000,1000,1.0,1.0,1.0,500,2026-09-03T19:17:56
tdma_packet_loss,1,50,0.0,3,2,0.05,12,0.704557,0.0,1.0,4.7,True,47,0,294,18,1000,49000,49000,1000,1.0,1.0,1.0,500,2026-09-03T19:17:52
tdma_packet_loss,1,50,0.0,3,2,0.05,13,0.670783,0.333333,1.0,3.1,True,31,0,279,15,1000,49000,49000,1000,1.0,1.0,1.0,500,2026-09-03T19:17:56
tdma_packet_loss,1,50,0.0,3,2,0.05,14,0.686953,0.0,1.0,5.0,True,50,0,284,29,1000,49000,49000,1000,1.0,1.0,1.0,500,2026-09-03T19:17:53
tdma_packet_loss,1,50,0.0,3,2,0.1,0,0.554967,0.666667,1.0,9.1,True,91,0,395,46,500,24500,24500,500,1.0,1.0,1.0,500,2026-09-03T19:17:56
tdma_packet_loss,1,50,0.0,3,2,0.1,1,0.669593,1.0,1.0,30.8,True,308,0,180,50,500,24500,24500,500,1.0,1.0,1.0,500,2026-09-03T19:17:58
tdma_packet_loss,1,50,0.0,3,2,0.1,2,0.654628,0.666667,1.0,11.6,True,116,0,367,23,500,24500,24500,500,1.0,1.0,1.0,500,2026-09-03T19:18:00
tdma_packet_loss,1,50,0.0,3,2,0.1,3,0.6917,0.666667,1.0,43.4,True,434,0,64,62,500,24500,24500,500,1.0,1.0,1.0,500,2026-09-03T19:17:58
tdma_packet_loss,1,50,0.0,3,2,0.1,4,0.681466,1.0,1.0,16.4,True,164,0,295,17,500,24500,24500,500,1.0,1.0,1.0,500,2026-09-03T19:18:00
tdma_packet_loss,1,50,0.0,3,2,0.1,5,0.607678,0.333333,1.0,7.0,True,70,0,426,49,500,24500,24500,500,1.0,1.0,1.0,500,2026-09-03T19:17:58
tdma_packet_loss,1,50,0.0,3,2,0.1,6,0.657059,0.333333,1.0,8.3,True,83,0,386,34,500,24500,24500,500,1.0,1.0,1.0,500,2026-09-03T19:18:01
tdma_packet_loss,1,50,0.0,3,2,0.1,7,0.681703,0.333333,1.0,16.1,True,161,0,336,26,500,24500,24500,500,1.0,1.0,1.0,500,2026-09-03T19:17:58
tdma_packet_loss,1,50,0.0,3,2,0.1,8,0.664121,0.0,1.0,14.7,True,147,0,349,82,500,24500,24500,500,1.0,1.0,1.0,500,2026-09-03T19:18:01
tdma_packet_loss,1,50,0.0,3,2,0.1,9,0.670987,0.333333,1.0,8.0,True,80,0,409,65,500,24500,24500,500,1.0,1.0,1.0,500,2026-09-03T19:17:58
tdma_packet_loss,1,50,0.0,3,2,0.1,10,0.631416,0.333333,1.0,9.2,True,92,0,352,37,500,24500,24500,500,1.0,1.0,1.0,500,2026-09-03T19:18:01
tdma_packet_loss,1,50,0.0,3,2,0.1,11,0.522878,0.333333,1.0,19.1,True,191,0,288,33,500,24500,24500,500,1.0,1.0,1.0,500,2026-09-03T19:17:58
tdma_packet_loss,1,50,0.0,3,2,0.1,12,0.680909,0.666667,1.0,44.8,True,448,0,51,38,500,24500,24500,500,1.0,1.0,1.0,500,2026-09-03T19:18:01
tdma_packet_loss,1,50,0.0,3,2,0.1,13,0.679342,0.333333,1.0,3.8,True,38,0,437,17,500,24500,24500,500,1.0,1.0,1.0,500,2026-09-03T19:17:58
tdma_packet_loss,1,50,0.0,3,2,0.1,14,0.67504,0.333333,1.0,50.0,False,500,0,0,86,500,24500,24500,500,1.0,1.0,1.0,500,2026-09-03T19:18:01
tdma_packet_loss,1,50,0.0,3,5,0.025,0,0.711154,1.0,1.0,1.3,True,13,1,21,20,248,12152,12152,248,1.0,1.0,1.0,62,2026-09-03T19:17:57
tdma_packet_loss,1,50,0.0,3,5,0.025,1,0.733642,1.0,1.0,1.1,True,11,1,11,18,228,11172,11172,228,1.0,1.0,1.0,57,2026-09-03T19:17:57
tdma_packet_loss,1,50,0.0,3,5,0.025,2,0.633154,1.0,1.0,2.3,True,23,1,0,22,172,8428,8428,172,1.0,1.0,1.0,43,2026-09-03T19:17:57
tdma_packet_loss,1,50,0.0,3,5,0.025,3,0.714879,0.666667,1.0,2.5,True,25,1,1,29,232,11368,11368,232,1.0,1.0,1.0,58,2026-09-03T19:17:58
tdma_packet_loss,1,50,0.0,3,5,0.025,4,0.702403,1.0,1.0,1.1,True,11,1,19,10,236,11564,11564,236,1.0,1.0,1.0,59,2026-09-03T19:17:58
tdma_packet_loss,1,50,0.0,3,5,0.025,5,0.724133,1.0,1.0,4.3,True,43,1,0,20,252,12348,12348,252,1.0,1.0,1.0,63,2026-09-03T19:17:59
tdma_packet_loss,1,50,0.0,3,5,0.025,6,0.600034,0.666667,1.0,0.6,True,6,1,7,20,144,7056,7056,144,1.0,1.0,1.0,36,2026-09-03T19:17:59
tdma_packet_loss,1,50,0.0,3,5,0.025,7,0.696671,1.0,1.0,1.6,True,16,1,8,20,220,10780,10780,220,1.0,1.0,1.0,55,2026-09-03T19:17:59
tdma_packet_loss,1,50,0.0,3,5,0.025,8,0.743477,0.666667,1.0,3.0,True,30,1,8,34,300,14700,14700,300,1.0,1.0,1.0,75,2026-09-03T19:18:00
tdma_packet_loss,1,50,0.0,3,5,0.025,9,0.672286,1.0,1.0,1.2,True,12,1,17,26,200,9800,9800,200,1.0,1.0,1.0,50,2026-09-03T19:18:00
tdma_packet_loss,1,50,0.0,3,5,0.025,10,0.694879,0.666667,1.0,0.9,True,9,1,8,13,220,10780,10780,220,1.0,1.0,1.0,55,2026-09-03T19:18:01
tdma_packet_loss,1,50,0.0,3,5,0.025,11,0.663141,1.0,1.0,2.8,True,28,1,0,15,192,9408,9408,192,1.0,1.0,1.0,48,2026-09-03T19:18:01
tdma_packet_loss,1,50,0.0,3,5,0.025,12,0.632869,0.666667,1.0,1.1,True,11,1,0,15,124,6076,6076,124,1.0,1.0,1.0,31,2026-09-03T19:18:01
tdma_packet_loss,1,50,0.0,3,5,0.025,13,0.665641,1.0,1.0,1.5,True,15,1,0,19,140,6860,6860,140,1.0,1.0,1.0,35,2026-09-03T19:18:01
tdma_packet_loss,1,50,0.0,3,5,0.025,14,0.613104,1.0,1.0,2.1,True,21,1,0,25,164,8036,8036,164,1.0,1.0,1.0,41,2026-09-03T19:18:01
tdma_packet_loss,1,50,0.0,3,5,0.05,0,0.67527,0.0,1.0,2.1,True,21,0,247,25,1000,49000,49000,1000,1.0,1.0,1.0,500,2026-09-03T19:18:04
tdma_packet_loss,1,50,0.0,3,5,0.05,1,0.606435,0.333333,1.0,5.4,True,54,0,301,17,1000,49000,49000,1000,1.0,1.0,1.0,500,2026-09-03T19:18:04
tdma_packet_loss,1,50,0.0,3,5,0.05,2,0.668126,0.0,1.0,3.7,True,37,0,262,19,1000,49000,49000,1000,1.0,1.0,1.0,500,2026-09-03T19:18:07
tdma_packet_loss,1,50,0.0,3,5,0.05,3,0.686018,0.0,1.0,4.3,True,43,0,276,36,1000,49000,49000,1000,1.0,1.0,1.0,500,2026-09-03T19:18:04
tdma_packet_loss,1,50,0.0,3,5,0.05,4,0.66651,0.333333,1.0,2.5,True,25,0,369,16,1000,49000,49000,1000,1.0,1.0,1.0,500,2026-09-03T19:18:07
tdma_packet_loss,1,50,0.0,3,5,0.05,5,0.718963,0.0,1.0,2.8,True,28,0,302,32,1000,49000,49000,1000,1.0,1.0,1.0,500,2026-09-03T19:18:04
tdma_packet_loss,1,50,0.0,3,5,0.05,6,0.692246,0.333333,1.0,4.3,True,43,0,264,24,1000,49000,49000,1000,1.0,1.0,1.0,500,2026-09-03T19:18:07
tdma_packet_loss,1,50,0.0,3,5,0.05,7,0.685291,0.0,1.0,3.3,True,33,0,240,12,1000,49000,49000,1000,1.0,1.0,1.0,500,2026-09-03T19:18:04
tdma_packet_loss,1,50,0.0,3,5,0.05,8,0.66219,0.333333,1.0,3.1,True,31,0,243,26,1000,49000,49000,1000,1.0,1.0,1.0,500,2026-09-03T19:18:07
tdma_packet_loss,1,50,0.0,3,5,0.05,9,0.669823,0.0,1.0,2.7,True,27,0,263,31,1000,49000,49000,1000,1.0,1.0,1.0,500,2026-09-03T19:18:04
tdma_packet_loss,1,50,0.0,3,5,0.05,10,0.72478,0.666667,1.0,2.8,True,28,0,238,32,1000,49000,49000,1000,1.0,1.0,1.0,500,2026-09-03T19:18:07
tdma_packet_loss,1,50,0.0,3,5,0.05,11,0.660515,0.333333,1.0,4.7,True,47,0,260,25,1000,49000,49000,1000,1.0,1.0,1.0,500,2026-09-03T19:18:04
tdma_packet_loss,1,50,0.0,3,5,0.05,12,0.674396,0.0,1.0,4.7,True,47,0,274,18,1000,49000,49000,1000,1.0,1.0,1.0,500,2026-09-03T19:18:07
tdma_packet_loss,1,50,0.0,3,5,0.05,13,0.677494,0.333333,1.0,3.1,True,31,0,220,10,1000,49000,49000,1000,1.0,1.0,1.0,500,2026-09-03T19:18:04
tdma_packet_loss,1,50,0.0,3,5,0.05,14,0.662296,0.333333,1.0,7.4,True,74,0,231,28,1000,49000,49000,1000,1.0,1.0,1.0,500,2026-09-03T19:18:07
tdma_packet_loss,1,50,0.0,3,5,0.1,0,0.642957,0.666667,1.0,8.8,True,88,0,377,86,500,24500,24500,500,1.0,1.0,1.0,500,2026-09-03T19:18:06
tdma_packet_loss,1,50,0.0,3,5,0.1,1,0.699164,0.333333,1.0,12.7,True,127,0,371,113,500,24500,24500,500,1.0,1.0,1.0,500,2026-09-03T19:18:09
tdma_packet_loss,1,50,0.0,3,5,0.1,2,0.619315,1.0,1.0,1.9,True,19,0,455,16,500,24500,24500,500,1.0,1.0,1.0,500,2026-09-03T19:18:10
tdma_packet_loss,1,50,0.0,3,5,0.1,3,0.67084,0.333333,1.0,50.0,False,500,0,0,27,500,24500,24500,500,1.0,1.0,1.0,500,2026-09-03T19:18:12
tdma_packet_loss,1,50,0.0,3,5,0.1,4,0.622687,1.0,1.0,16.5,True,165,0,308,17,500,24500,24500,500,1.0,1.0,1.0,500,2026-09-03T19:18:10
tdma_packet_loss,1,50,0.0,3,5,0.1,5,0.708692,0.666667,1.0,20.8,True,208,0,262,66,500,24500,24500,500,1.0,1.0,1.0,500,2026-09-03T19:18:13
tdma_packet_loss,1,50,0.0,3,5,0.1,6,0.670274,0.333333,1.0,24.2,True,242,0,250,34,500,24500,24500,500,1.0,1.0,1.0,500,2026-09-03T19:18:10
tdma_packet_loss,1,50,0.0,3,5,0.1,7,0.679811,0.666667,1.0,21.8,True,218,0,278,26,500,24500,24500,500,1.0,1.0,1.0,500,2026-09-03T19:18:13
tdma_packet_loss,1,50,0.0,3,5,0.1,8,0.594563,1.0,1.0,10.5,True,105,0,358,88,500,24500,24500,500,1.0,1.0,1.0,500,2026-09-03T19:18:10
tdma_packet_loss,1,50,0.0,3,5,0.1,9,0.637806,0.666667,1.0,13.4,True,134,0,348,129,500,24500,24500,500,1.0,1.0,1.0,500,2026-09-03T19:18:13
tdma_packet_loss,1,50,0.0,3,5,0.1,10,0.63746,1.0,1.0,4.2,True,42,0,447,46,500,24500,24500,500,1.0,1.0,1.0,500,2026-09-03T19:18:10
tdma_packet_loss,1,50,0.0,3,5,0.1,11,0.526105,0.0,1.0,8.1,True,81,0,368,37,500,24500,24500,500,1.0,1.0,1.0,500,2026-09-03T19:18:13
tdma_packet_loss,1,50,0.0,3,5,0.1,12,0.600883,0.333333,1.0,9.0,True,90,0,378,32,500,24500,24500,500,1.0,1.0,1.0,500,2026-09-03T19:18:10
tdma_packet_loss,1,50,0.0,3,5,0.1,13,0.668621,0.666667,1.0,8.9,True,89,0,404,17,500,24500,24500,500,1.0,1.0,1.0,500,2026-09-03T19:18:13
tdma_packet_loss,1,50,0.0,3,5,0.1,14,0.636134,0.0,1.0,23.9,True,239,0,246,29,500,24500,24500,500,1.0,1.0,1.0,500,2026-09-03T19:18:10
tdma_packet_loss,1,50,0.0,5,0,0.025,0,0.725824,0.8,1.0,1.3,True,13,1,27,21,276,13524,13524,276,1.0,1.0,1.0,69,2026-09-03T19:18:11
tdma_packet_loss,1,50,0.0,5,0,0.025,1,0.697838,0.8,1.0,4.5,True,45,1,3,26,276,13524,13524,276,1.0,1.0,1.0,69,2026-09-03T19:18:10
tdma_packet_loss,1,50,0.0,5,0,0.025,2,0.668256,1.0,1.0,3.8,True,38,1,0,30,232,11368,11368,232,1.0,1.0,1.0,58,2026-09-03T19:18:10
tdma_packet_loss,1,50,0.0,5,0,0.025,3,0.716646,0.6,1.0,2.9,True,29,1,2,33,248,12152,12152,248,1.0,1.0,1.0,62,2026-09-03T19:18:11
tdma_packet_loss,1,50,0.0,5,0,0.025,4,0.730824,0.8,1.0,3.1,True,31,1,16,26,296,14504,14504,296,1.0,1.0,1.0,74,2026-09-03T19:18:11
tdma_packet_loss,1,50,0.0,5,0,0.025,5,0.685355,1.0,1.0,3.6,True,36,1,0,29,224,10976,10976,224,1.0,1.0,1.0,56,2026-09-03T19:18:11
tdma_packet_loss,1,50,0.0,5,0,0.025,6,0.627198,0.8,1.0,3.2,True,32,1,0,26,208,10192,10192,208,1.0,1.0,1.0,52,2026-09-03T19:18:12
tdma_packet_loss,1,50,0.0,5,0,0.025,7,0.660006,0.8,1.0,3.2,True,32,1,0,36,208,10192,10192,208,1.0,1.0,1.0,52,2026-09-03T19:18:12
tdma_packet_loss,1,50,0.0,5,0,0.025,8,0.70147,1.0,1.0,4.5,True,45,1,2,30,280,13720,13720,280,1.0,1.0,1.0,70,2026-09-03T19:18:12
tdma_packet_loss,1,50,0.0,5,0,0.025,9,0.718552,0.8,1.0,3.0,True,30,1,19,22,348,17052,17052,348,1.0,1.0,1.0,87,2026-09-03T19:18:12
tdma_packet_loss,1,50,0.0,5,0,0.025,10,0.719588,0.8,1.0,2.2,True,22,1,19,48,256,12544,12544,256,1.0,1.0,1.0,64,2026-09-03T19:18:13
tdma_packet_loss,1,50,0.0,5,0,0.025,11,0.708851,1.0,1.0,2.2,True,22,1,24,17,328,16072,16072,328,1.0,1.0,1.0,82,2026-09-03T19:18:13
tdma_packet_loss,1,50,0.0,5,0,0.025,12,0.66942,1.0,1.0,1.8,True,18,1,12,22,228,11172,11172,228,1.0,1.0,1.0,57,2026-09-03T19:18:13
tdma_packet_loss,1,50,0.0,5,0,0.025,13,0.678681,0.8,1.0,2.0,True,20,1,11,27,216,10584,10584,216,1.0,1.0,1.0,54,2026-09-03T19:18:13
tdma_packet_loss,1,50,0.0,5,0,0.025,14,0.629359,0.8,1.0,2.5,True,25,1,0,29,180,8820,8820,180,1.0,1.0,1.0,45,2026-09-03T19:18:13
tdma_packet_loss,1,50,0.0,5,0,0.05,0,0.551536,0.6,1.0,5.6,True,56,0,361,35,1000,49000,49000,1000,1.0,1.0,1.0,500,2026-09-03T19:18:16
tdma_packet_loss,1,50,0.0,5,0,0.05,1,0.565129,0.2,1.0,23.6,True,236,0,200,71,1000,49000,49000,1000,1.0,1.0,1.0,500,2026-09-03T19:18:19
tdma_packet_loss,1,50,0.0,5,0,0.05,2,0.586627,0.2,1.0,4.0,True,40,0,379,69,1000,49000,49000,1000,1.0,1.0,1.0,500,2026-09-03T19:18:16
tdma_packet_loss,1,50,0.0,5,0,0.05,3,0.607759,0.2,1.0,5.1,True,51,0,363,66,1000,49000,49000,1000,1.0,1.0,1.0,500,2026-09-03T19:18:19
tdma_packet_loss,1,50,0.0,5,0,0.05,4,0.604673,0.2,1.0,5.6,True,56,0,335,50,1000,49000,49000,1000,1.0,1.0,1.0,500,2026-09-03T19:18:16
tdma_packet_loss,1,50,0.0,5,0,0.05,5,0.583965,0.2,1.0,4.9,True,49,0,368,39,1000,49000,49000,1000,1.0,1.0,1.0,500,2026-09-03T19:18:19
tdma_packet_loss,1,50,0.0,5,0,0.05,6,0.570935,0.2,1.0,5.5,True,55,0,360,35,1000,49000,49000,1000,1.0,1.0,1.0,500,2026-09-03T19:18:16
tdma_packet_loss,1,50,0.0,5,0,0.05,7,0.643091,0.4,1.0,10.2,True,102,0,329,75,1000,49000,49000,1000,1.0,1.0,1.0,500,2026-09-03T19:18:19
tdma_packet_loss,1,50,0.0,5,0,0.05,8,0.574868,0.2,1.0,4.4,True,44,0,357,55,1000,49000,49000,1000,1.0,1.0,1.0,500,2026-09-03T19:18:16
tdma_packet_loss,1,50,0.0,5,0,0.05,9,0.553177,0.2,1.0,2.7,True,27,0,388,31,1000,49000,49000,1000,1.0,1.0,1.0,500,2026-09-03T19:18:20
tdma_packet_loss,1,50,0.0,5,0,0.05,10,0.551138,0.6,1.0,4.4,True,44,0,364,35,1000,49000,49000,1000,1.0,1.0,1.0,500,2026-09-03T19:18:16
tdma_packet_loss,1,50,0.0,5,0,0.05,11,0.599636,0.2,1.0,4.1,True,41,0,394,70,1000,49000,49000,1000,1.0,1.0,1.0,500,2026-09-03T19:18:19
tdma_packet_loss,1,50,0.0,5,0,0.05,12,0.549786,0.2,1.0,5.0,True,50,0,388,104,1000,49000,49000,1000,1.0,1.0,1.0,500,2026-09-03T19:18:16
tdma_packet_loss,1,50,0.0,5,0,0.05,13,0.58209,0.2,1.0,6.4,True,64,0,369,32,1000,49000,49000,1000,1.0,1.0,1.0,500,2026-09-03T19:18:20
tdma_packet_loss,1,50,0.0,5,0,0.05,14,0.55833,0.4,1.0,7.6,True,76,0,356,30,1000,49000,49000,1000,1.0,1.0,1.0,500,2026-09-03T19:18:16
tdma_packet_loss,1,50,0.0,5,0,0.1,0,0.511794,1.0,1.0,37.7,True,377,0,122,174,500,24500,24500,500,1.0,1.0,1.0,500,2026-09-03T19:18:19
tdma_packet_loss,1,50,0.0,5,0,0.1,1,0.537153,0.4,1.0,22.9,True,229,0,259,223,500,24500,24500,500,1.0,1.0,1.0,500,2026-09-03T19:18:22
tdma_packet_loss,1,50,0.0,5,0,0.1,2,0.447982,0.4,1.0,50.0,False,500,0,0,78,500,24500,24500,500,1.0,1.0,1.0,500,2026-09-03T19:18:24
tdma_packet_loss,1,50,0.0,5,0,0.1,3,0.498468,0.4,1.0,50.0,False,500,0,0,500,500,24500,24500,500,1.0,1.0,1.0,500,2026-09-03T19:18:22
tdma_packet_loss,1,50,0.0,5,0,0.1,4,0.539393,0.8,1.0,50.0,False,500,0,0,125,500,24500,24500,500,1.0,1.0,1.0,500,2026-09-03T19:18:24
tdma_packet_loss,1,50,0.0,5,0,0.1,5,0.57001,0.4,1.0,50.0,False,500,0,0,306,500,24500,24500,500,1.0,1.0,1.0,500,2026-09-03T19:18:22
tdma_packet_loss,1,50,0.0,5,0,0.1,6,0.508437,1.0,1.0,50.0,False,500,0,0,63,500,24500,24500,500,1.0,1.0,1.0,500,2026-09-03T19:18:24
tdma_packet_loss,1,50,0.0,5,0,0.1,7,0.55951,0.6,1.0,16.2,True,162,0,337,408,500,24500,24500,500,1.0,1.0,1.0,500,2026-09-03T19:18:22
tdma_packet_loss,1,50,0.0,5,0,0.1,8,0.46647,0.4,1.0,15.1,True,151,0,339,92,500,24500,24500,500,1.0,1.0,1.0,500,2026-09-03T19:18:24
tdma_packet_loss,1,50,0.0,5,0,0.1,9,0.517422,0.6,1.0,27.8,True,278,0,196,282,500,24500,24500,500,1.0,1.0,1.0,500,2026-09-03T19:18:22
tdma_packet_loss,1,50,0.0,5,0,0.1,10,0.485583,0.8,1.0,50.0,False,500,0,0,462,500,24500,24500,500,1.0,1.0,1.0,500,2026-09-03T19:18:24
tdma_packet_loss,1,50,0.0,5,0,0.1,11,0.597281,0.2,1.0,23.8,True,238,0,242,50,500,24500,24500,500,1.0,1.0,1.0,500,2026-09-03T19:18:22
tdma_packet_loss,1,50,0.0,5,0,0.1,12,0.545232,0.6,1.0,50.0,False,500,0,0,98,500,24500,24500,500,1.0,1.0,1.0,500,2026-09-03T19:18:24
tdma_packet_loss,1,50,0.0,5,0,0.1,13,0.589988,0.6,1.0,50.0,False,500,0,0,61,500,24500,24500,500,1.0,1.0,1.0,500,2026-09-03T19:18:22
tdma_packet_loss,1,50,0.0,5,0,0.1,14,0.525465,0.6,1.0,14.0,True,140,0,351,35,500,24500,24500,500,1.0,1.0,1.0,500,2026-09-03T19:18:24
tdma_packet_loss,1,50,0.0,5,2,0.025,0,0.713581,1.0,1.0,2.7,True,27,1,7,31,276,13524,13524,276,1.0,1.0,1.0,69,2026-09-03T19:18:20
tdma_packet_loss,1,50,0.0,5,2,0.025,1,0.732719,1.0,1.0,3.2,True,32,1,23,31,320,15680,15680,320,1.0,1.0,1.0,80,2026-09-03T19:18:21
tdma_packet_loss,1,50,0.0,5,2,0.025,2,0.721105,1.0,1.0,3.2,True,32,1,5,27,356,17444,17444,356,1.0,1.0,1.0,89,2026-09-03T19:18:22
tdma_packet_loss,1,50,0.0,5,2,0.025,3,0.731528,0.8,1.0,2.9,True,29,1,7,33,272,13328,13328,272,1.0,1.0,1.0,68,2026-09-03T19:18:22
tdma_packet_loss,1,50,0.0,5,2,0.025,4,0.65783,1.0,1.0,3.1,True,31,1,0,26,204,9996,9996,204,1.0,1.0,1.0,51,2026-09-03T19:18:23
tdma_packet_loss,1,50,0.0,5,2,0.025,5,0.667544,1.0,1.0,2.5,True,25,1,4,29,216,10584,10584,216,1.0,1.0,1.0,54,2026-09-03T19:18:23
tdma_packet_loss,1,50,0.0,5,2,0.025,6,0.637679,0.8,1.0,3.2,True,32,1,0,26,208,10192,10192,208,1.0,1.0,1.0,52,2026-09-03T19:18:23
tdma_packet_loss,1,50,0.0,5,2,0.025,7,0.657854,0.8,1.0,3.2,True,32,1,0,36,208,10192,10192,208,1.0,1.0,1.0,52,2026-09-03T19:18:24
tdma_packet_loss,1,50,0.0,5,2,0.025,8,0.718055,1.0,1.0,4.2,True,42,1,0,39,248,12152,12152,248,1.0,1.0,1.0,62,2026-09-03T19:18:24
tdma_packet_loss,1,50,0.0,5,2,0.025,9,0.630961,1.0,1.0,3.0,True,30,1,0,21,200,9800,9800,200,1.0,1.0,1.0,50,2026-09-03T19:18:24
tdma_packet_loss,1,50,0.0,5,2,0.025,10,0.741725,0.6,1.0,2.2,True,22,1,21,40,316,15484,15484,316,1.0,1.0,1.0,79,2026-09-03T19:18:25
tdma_packet_loss,1,50,0.0,5,2,0.025,11,0.638922,1.0,1.0,2.2,True,22,1,0,17,168,8232,8232,168,1.0,1.0,1.0,42,2026-09-03T19:18:25
tdma_packet_loss,1,50,0.0,5,2,0.025,12,0.729519,0.8,1.0,1.8,True,18,1,33,22,368,18032,18032,368,1.0,1.0,1.0,92,2026-09-03T19:18:25
tdma_packet_loss,1,50,0.0,5,2,0.025,13,0.730763,1.0,1.0,2.0,True,20,1,22,24,360,17640,17640,360,1.0,1.0,1.0,90,2026-09-03T19:18:25
tdma_packet_loss,1,50,0.0,5,2,0.025,14,0.629168,0.8,1.0,2.5,True,25,1,0,29,180,8820,8820,180,1.0,1.0,1.0,45,2026-09-03T19:18:25
tdma_packet_loss,1,50,0.0,5,2,0.05,0,0.53742,0.2,1.0,3.3,True,33,0,426,37,1000,49000,49000,1000,1.0,1.0,1.0,500,2026-09-03T19:18:27
tdma_packet_loss,1,50,0.0,5,2,0.05,1,0.550601,0.4,1.0,8.5,True,85,0,351,39,1000,49000,49000,1000,1.0,1.0,1.0,500,2026-09-03T19:18:27
tdma_packet_loss,1,50,0.0,5,2,0.05,2,0.636033,0.2,1.0,6.5,True,65,0,378,38,1000,49000,49000,1000,1.0,1.0,1.0,500,2026-09-03T19:18:30
tdma_packet_loss,1,50,0.0,5,2,0.05,3,0.610322,0.2,1.0,4.4,True,44,0,420,135,1000,49000,49000,1000,1.0,1.0,1.0,500,2026-09-03T19:18:27
tdma_packet_loss,1,50,0.0,5,2,0.05,4,0.63459,0.0,1.0,5.6,True,56,0,381,35,1000,49000,49000,1000,1.0,1.0,1.0,500,2026-09-03T19:18:30
tdma_packet_loss,1,50,0.0,5,2,0.05,5,0.610663,0.0,1.0,4.9,True,49,0,350,42,1000,49000,49000,1000,1.0,1.0,1.0,500,2026-09-03T19:18:27
tdma_packet_loss,1,50,0.0,5,2,0.05,6,0.60391,0.4,1.0,6.9,True,69,0,356,34,1000,49000,49000,1000,1.0,1.0,1.0,500,2026-09-03T19:18:30
tdma_packet_loss,1,50,0.0,5,2,0.05,7,0.570524,0.4,1.0,4.5,True,45,0,397,500,1000,49000,49000,1000,1.0,1.0,1.0,500,2026-09-03T19:18:27
tdma_packet_loss,1,50,0.0,5,2,0.05,8,0.566971,0.2,1.0,3.7,True,37,0,415,84,1000,49000,49000,1000,1.0,1.0,1.0,500,2026-09-03T19:18:30
tdma_packet_loss,1,50,0.0,5,2,0.05,9,0.530302,0.2,1.0,5.4,True,54,0,392,33,1000,49000,49000,1000,1.0,1.0,1.0,500,2026-09-03T19:18:27
tdma_packet_loss,1,50,0.0,5,2,0.05,10,0.574637,0.2,1.0,6.3,True,63,0,341,35,1000,49000,49000,1000,1.0,1.0,1.0,500,2026-09-03T19:18:30
tdma_packet_loss,1,50,0.0,5,2,0.05,11,0.58428,0.4,1.0,5.6,True,56,0,372,30,1000,49000,49000,1000,1.0,1.0,1.0,500,2026-09-03T19:18:28
tdma_packet_loss,1,50,0.0,5,2,0.05,12,0.574573,0.2,1.0,4.7,True,47,0,376,53,1000,49000,49000,1000,1.0,1.0,1.0,500,2026-09-03T19:18:31
tdma_packet_loss,1,50,0.0,5,2,0.05,13,0.636161,0.2,1.0,5.4,True,54,0,376,58,1000,49000,49000,1000,1.0,1.0,1.0,500,2026-09-03T19:18:28
tdma_packet_loss,1,50,0.0,5,2,0.05,14,0.608051,0.2,1.0,5.1,True,51,0,315,30,1000,49000,49000,1000,1.0,1.0,1.0,500,2026-09-03T19:18:31
tdma_packet_loss,1,50,0.0,5,2,0.1,0,0.603649,0.4,1.0,50.0,False,500,0,0,111,500,24500,24500,500,1.0,1.0,1.0,500,2026-09-03T19:18:30
tdma_packet_loss,1,50,0.0,5,2,0.1,1,0.576613,0.6,1.0,50.0,False,500,0,0,140,500,24500,24500,500,1.0,1.0,1.0,500,2026-09-03T19:18:32
tdma_packet_loss,1,50,0.0,5,2,0.1,2,0.627021,0.4,1.0,32.6,True,326,0,171,84,500,24500,24500,500,1.0,1.0,1.0,500,2026-09-03T19:18:32
tdma_packet_loss,1,50,0.0,5,2,0.1,3,0.598475,0.4,1.0,50.0,False,500,0,0,118,500,24500,24500,500,1.0,1.0,1.0,500,2026-09-03T19:18:35
tdma_packet_loss,1,50,0.0,5,2,0.1,4,0.585857,0.6,1.0,50.0,False,500,0,0,400,500,24500,24500,500,1.0,1.0,1.0,500,2026-09-03T19:18:33
tdma_packet_loss,1,50,0.0,5,2,0.1,5,0.498495,0.4,1.0,50.0,False,500,0,0,197,500,24500,24500,500,1.0,1.0,1.0,500,2026-09-03T19:18:35
tdma_packet_loss,1,50,0.0,5,2,0.1,6,0.567688,0.6,1.0,50.0,False,500,0,0,154,500,24500,24500,500,1.0,1.0,1.0,500,2026-09-03T19:18:33
tdma_packet_loss,1,50,0.0,5,2,0.1,7,0.532742,0.2,1.0,50.0,False,500,0,0,399,500,24500,24500,500,1.0,1.0,1.0,500,2026-09-03T19:18:35
tdma_packet_loss,1,50,0.0,5,2,0.1,8,0.532099,0.6,1.0,8.8,True,88,0,411,79,500,24500,24500,500,1.0,1.0,1.0,500,2026-09-03T19:18:33
tdma_packet_loss,1,50,0.0,5,2,0.1,9,0.582482,0.6,1.0,50.0,False,500,0,0,78,500,24500,24500,500,1.0,1.0,1.0,500,2026-09-03T19:18:35
tdma_packet_loss,1,50,0.0,5,2,0.1,10,0.528028,0.8,1.0,36.3,True,363,0,136,163,500,24500,24500,500,1.0,1.0,1.0,500,2026-09-03T19:18:33
tdma_packet_loss,1,50,0.0,5,2,0.1,11,0.622822,0.6,1.0,50.0,False,500,0,0,100,500,24500,24500,500,1.0,1.0,1.0,500,2026-09-03T19:18:35
tdma_packet_loss,1,50,0.0,5,2,0.1,12,0.595313,0.4,1.0,10.3,True,103,0,396,298,500,24500,24500,500,1.0,1.0,1.0,500,2026-09-03T19:18:33
tdma_packet_loss,1,50,0.0,5,2,0.1,13,0.610227,0.6,1.0,26.3,True,263,0,234,105,500,24500,24500,500,1.0,1.0,1.0,500,2026-09-03T19:18:36
tdma_packet_loss,1,50,0.0,5,2,0.1,14,0.546591,0.4,1.0,50.0,False,500,0,0,38,500,24500,24500,500,1.0,1.0,1.0,500,2026-09-03T19:18:34
tdma_packet_loss,1,50,0.0,5,5,0.025,0,0.711937,1.0,1.0,2.7,True,27,1,19,33,272,13328,13328,272,1.0,1.0,1.0,68,2026-09-03T19:18:34
tdma_packet_loss,1,50,0.0,5,5,0.025,1,0.659514,0.8,1.0,3.2,True,32,1,0,31,208,10192,10192,208,1.0,1.0,1.0,52,2026-09-03T19:18:33
tdma_packet_loss,1,50,0.0,5,5,0.025,2,0.711122,0.8,1.0,3.9,True,39,1,12,27,356,17444,17444,356,1.0,1.0,1.0,89,2026-09-03T19:18:33
tdma_packet_loss,1,50,0.0,5,5,0.025,3,0.717723,0.8,1.0,1.6,True,16,1,30,33,276,13524,13524,276,1.0,1.0,1.0,69,2026-09-03T19:18:34
tdma_packet_loss,1,50,0.0,5,5,0.025,4,0.661045,0.8,1.0,3.1,True,31,1,0,26,204,9996,9996,204,1.0,1.0,1.0,51,2026-09-03T19:18:34
tdma_packet_loss,1,50,0.0,5,5,0.025,5,0.68579,0.8,1.0,4.0,True,40,1,0,38,240,11760,11760,240,1.0,1.0,1.0,60,2026-09-03T19:18:35
tdma_packet_loss,1,50,0.0,5,5,0.025,6,0.659155,1.0,1.0,2.9,True,29,1,0,26,196,9604,9604,196,1.0,1.0,1.0,49,2026-09-03T19:18:35
tdma_packet_loss,1,50,0.0,5,5,0.025,7,0.676622,1.0,1.0,3.5,True,35,1,0,33,220,10780,10780,220,1.0,1.0,1.0,55,2026-09-03T19:18:35
tdma_packet_loss,1,50,0.0,5,5,0.025,8,0.728355,1.0,1.0,4.2,True,42,1,8,39,324,15876,15876,324,1.0,1.0,1.0,81,2026-09-03T19:18:35
tdma_packet_loss,1,50,0.0,5,5,0.025,9,0.680908,1.0,1.0,3.0,True,30,1,11,38,260,12740,12740,260,1.0,1.0,1.0,65,2026-09-03T19:18:35
tdma_packet_loss,1,50,0.0,5,5,0.025,10,0.743099,0.6,1.0,2.2,True,22,1,19,40,316,15484,15484,316,1.0,1.0,1.0,79,2026-09-03T19:18:36
tdma_packet_loss,1,50,0.0,5,5,0.025,11,0.696289,0.8,1.0,3.1,True,31,1,0,17,204,9996,9996,204,1.0,1.0,1.0,51,2026-09-03T19:18:35
tdma_packet_loss,1,50,0.0,5,5,0.025,12,0.640033,0.8,1.0,2.3,True,23,1,0,22,172,8428,8428,172,1.0,1.0,1.0,43,2026-09-03T19:18:36
tdma_packet_loss,1,50,0.0,5,5,0.025,13,0.741467,1.0,1.0,2.0,True,20,1,30,27,324,15876,15876,324,1.0,1.0,1.0,81,2026-09-03T19:18:36
tdma_packet_loss,1,50,0.0,5,5,0.025,14,0.71371,0.8,1.0,6.0,True,60,1,0,28,320,15680,15680,320,1.0,1.0,1.0,80,2026-09-03T19:18:36
tdma_packet_loss,1,50,0.0,5,5,0.05,0,0.587336,0.2,1.0,3.5,True,35,0,374,39,1000,49000,49000,1000,1.0,1.0,1.0,500,2026-09-03T19:18:38
tdma_packet_loss,1,50,0.0,5,5,0.05,1,0.603723,0.2,1.0,4.2,True,42,0,326,36,1000,49000,49000,1000,1.0,1.0,1.0,500,2026-09-03T19:18:42
tdma_packet_loss,1,50,0.0,5,5,0.05,2,0.606743,0.2,1.0,5.5,True,55,0,340,46,1000,49000,49000,1000,1.0,1.0,1.0,500,2026-09-03T19:18:39
tdma_packet_loss,1,50,0.0,5,5,0.05,3,0.583084,0.2,1.0,4.7,True,47,0,316,62,1000,49000,49000,1000,1.0,1.0,1.0,500,2026-09-03T19:18:42
tdma_packet_loss,1,50,0.0,5,5,0.05,4,0.592186,0.0,1.0,7.1,True,71,0,329,60,1000,49000,49000,1000,1.0,1.0,1.0,500,2026-09-03T19:18:39
tdma_packet_loss,1,50,0.0,5,5,0.05,5,0.597138,0.2,1.0,4.8,True,48,0,384,65,1000,49000,49000,1000,1.0,1.0,1.0,500,2026-09-03T19:18:42
tdma_packet_loss,1,50,0.0,5,5,0.05,6,0.649776,0.0,1.0,3.4,True,34,0,360,38,1000,49000,49000,1000,1.0,1.0,1.0,500,2026-09-03T19:18:39
tdma_packet_loss,1,50,0.0,5,5,0.05,7,0.586791,0.2,1.0,4.5,True,45,0,402,74,1000,49000,49000,1000,1.0,1.0,1.0,500,2026-09-03T19:18:42
tdma_packet_loss,1,50,0.0,5,5,0.05,8,0.581553,0.2,1.0,3.7,True,37,0,397,367,1000,49000,49000,1000,1.0,1.0,1.0,500,2026-09-03T19:18:39
tdma_packet_loss,1,50,0.0,5,5,0.05,9,0.603387,0.4,1.0,5.2,True,52,0,351,31,1000,49000,49000,1000,1.0,1.0,1.0,500,2026-09-03T19:18:42
tdma_packet_loss,1,50,0.0,5,5,0.05,10,0.618084,0.6,1.0,4.4,True,44,0,364,35,1000,49000,49000,1000,1.0,1.0,1.0,500,2026-09-03T19:18:39
tdma_packet_loss,1,50,0.0,5,5,0.05,11,0.649689,0.2,1.0,6.2,True,62,0,347,113,1000,49000,49000,1000,1.0,1.0,1.0,500,2026-09-03T19:18:42
tdma_packet_loss,1,50,0.0,5,5,0.05,12,0.606393,0.2,1.0,3.6,True,36,0,377,29,1000,49000,49000,1000,1.0,1.0,1.0,500,2026-09-03T19:18:39
tdma_packet_loss,1,50,0.0,5,5,0.05,13,0.552179,0.4,1.0,5.4,True,54,0,344,83,1000,49000,49000,1000,1.0,1.0,1.0,500,2026-09-03T19:18:43
tdma_packet_loss,1,50,0.0,5,5,0.05,14,0.613021,0.2,1.0,4.7,True,47,0,400,32,1000,49000,49000,1000,1.0,1.0,1.0,500,2026-09-03T19:18:39
tdma_packet_loss,1,50,0.0,5,5,0.1,0,0.591783,0.6,1.0,34.2,True,342,0,151,71,500,24500,24500,500,1.0,1.0,1.0,500,2026-09-03T19:18:42
tdma_packet_loss,1,50,0.0,5,5,0.1,1,0.501896,1.0,1.0,50.0,False,500,0,0,64,500,24500,24500,500,1.0,1.0,1.0,500,2026-09-03T19:18:45
tdma_packet_loss,1,50,0.0,5,5,0.1,2,0.540028,0.4,1.0,12.7,True,127,0,370,68,500,24500,24500,500,1.0,1.0,1.0,500,2026-09-03T19:18:48
tdma_packet_loss,1,50,0.0,5,5,0.1,3,0.528458,0.4,1.0,50.0,False,500,0,0,499,500,24500,24500,500,1.0,1.0,1.0,500,2026-09-03T19:18:45
tdma_packet_loss,1,50,0.0,5,5,0.1,4,0.55507,1.0,1.0,47.4,True,474,0,23,424,500,24500,24500,500,1.0,1.0,1.0,500,2026-09-03T19:18:48
tdma_packet_loss,1,50,0.0,5,5,0.1,5,0.5177,0.4,1.0,6.2,True,62,0,431,66,500,24500,24500,500,1.0,1.0,1.0,500,2026-09-03T19:18:45
tdma_packet_loss,1,50,0.0,5,5,0.1,6,0.499906,0.6,1.0,30.6,True,306,0,182,55,500,24500,24500,500,1.0,1.0,1.0,500,2026-09-03T19:18:48
tdma_packet_loss,1,50,0.0,5,5,0.1,7,0.528445,0.6,1.0,31.7,True,317,0,182,213,500,24500,24500,500,1.0,1.0,1.0,500,2026-09-03T19:18:45
tdma_packet_loss,1,50,0.0,5,5,0.1,8,0.510239,0.2,1.0,50.0,False,500,0,0,51,500,24500,24500,500,1.0,1.0,1.0,500,2026-09-03T19:18:48
tdma_packet_loss,1,50,0.0,5,5,0.1,9,0.638924,0.4,1.0,37.8,True,378,0,113,182,500,24500,24500,500,1.0,1.0,1.0,500,2026-09-03T19:18:45
tdma_packet_loss,1,50,0.0,5,5,0.1,10,0.506096,0.6,1.0,19.7,True,197,0,300,111,500,24500,24500,500,1.0,1.0,1.0,500,2026-09-03T19:18:48
tdma_packet_loss,1,50,0.0,5,5,0.1,11,0.535505,0.2,1.0,45.6,True,456,0,41,51,500,24500,24500,500,1.0,1.0,1.0,500,2026-09-03T19:18:45
tdma_packet_loss,1,50,0.0,5,5,0.1,12,0.594516,0.4,1.0,15.1,True,151,0,344,43,500,24500,24500,500,1.0,1.0,1.0,500,2026-09-03T19:18:48
tdma_packet_loss,1,50,0.0,5,5,0.1,13,0.497862,0.6,1.0,19.8,True,198,0,296,111,500,24500,24500,500,1.0,1.0,1.0,500,2026-09-03T19:18:46
tdma_packet_loss,1,50,0.0,5,5,0.1,14,0.61382,0.2,1.0,50.0,False,500,0,0,34,500,24500,24500,500,1.0,1.0,1.0,500,2026-09-03T19:18:48
tdma_packet_loss,1,50,0.0,10,0,0.025,0,0.66585,0.9,1.0,3.2,True,32,1,3,29,248,12152,12152,248,1.0,1.0,1.0,62,2026-09-03T19:18:43
tdma_packet_loss,1,50,0.0,10,0,0.025,1,0.702599,0.8,1.0,4.1,True,41,1,6,36,344,16856,16856,344,1.0,1.0,1.0,86,2026-09-03T19:18:44
tdma_packet_loss,1,50,0.0,10,0,0.025,2,0.674685,1.0,1.0,2.7,True,27,1,27,38,360,17640,17640,360,1.0,1.0,1.0,90,2026-09-03T19:18:45
tdma_packet_loss,1,50,0.0,10,0,0.025,3,0.708973,0.7,1.0,5.8,True,58,1,30,46,500,24500,24500,500,1.0,1.0,1.0,125,2026-09-03T19:18:46
tdma_packet_loss,1,50,0.0,10,0,0.025,4,0.738923,0.8,1.0,3.2,True,32,1,54,26,532,26068,26068,532,1.0,1.0,1.0,133,2026-09-03T19:18:47
tdma_packet_loss,1,50,0.0,10,0,0.025,5,0.72474,0.6,1.0,3.6,True,36,1,51,44,552,27048,27048,552,1.0,1.0,1.0,138,2026-09-03T19:18:49
tdma_packet_loss,1,50,0.0,10,0,0.025,6,0.70028,0.9,1.0,3.3,True,33,1,24,41,368,18032,18032,368,1.0,1.0,1.0,92,2026-09-03T19:18:48
tdma_packet_loss,1,50,0.0,10,0,0.025,7,0.719445,0.7,1.0,3.7,True,37,1,13,37,328,16072,16072,328,1.0,1.0,1.0,82,2026-09-03T19:18:49
tdma_packet_loss,1,50,0.0,10,0,0.025,8,0.717349,0.6,1.0,3.5,True,35,1,29,31,400,19600,19600,400,1.0,1.0,1.0,100,2026-09-03T19:18:49
tdma_packet_loss,1,50,0.0,10,0,0.025,9,0.708998,0.8,1.0,4.9,True,49,1,14,43,448,21952,21952,448,1.0,1.0,1.0,112,2026-09-03T19:18:49
tdma_packet_loss,1,50,0.0,10,0,0.025,10,0.681235,1.0,1.0,4.7,True,47,1,11,28,316,15484,15484,316,1.0,1.0,1.0,79,2026-09-03T19:18:49
tdma_packet_loss,1,50,0.0,10,0,0.025,11,0.711217,0.9,1.0,2.9,True,29,1,24,32,376,18424,18424,376,1.0,1.0,1.0,94,2026-09-03T19:18:49
tdma_packet_loss,1,50,0.0,10,0,0.025,12,0.724374,0.6,1.0,4.1,True,41,1,22,34,428,20972,20972,428,1.0,1.0,1.0,107,2026-09-03T19:18:49
tdma_packet_loss,1,50,0.0,10,0,0.025,13,0.699678,0.7,1.0,4.0,True,40,1,3,50,264,12936,12936,264,1.0,1.0,1.0,66,2026-09-03T19:18:50
tdma_packet_loss,1,50,0.0,10,0,0.025,14,0.661464,0.9,1.0,2.6,True,26,1,21,30,292,14308,14308,292,1.0,1.0,1.0,73,2026-09-03T19:18:49
tdma_packet_loss,1,50,0.0,10,0,0.05,0,0.459306,0.1,1.0,17.4,True,174,0,323,500,1000,49000,49000,1000,1.0,1.0,1.0,500,2026-09-03T19:18:53
tdma_packet_loss,1,50,0.0,10,0,0.05,1,0.45218,0.3,1.0,40.1,True,401,0,98,500,1000,49000,49000,1000,1.0,1.0,1.0,500,2026-09-03T19:18:52
tdma_packet_loss,1,50,0.0,10,0,0.05,2,0.474852,0.2,1.0,10.0,True,100,0,386,500,1000,49000,49000,1000,1.0,1.0,1.0,500,2026-09-03T19:18:56
tdma_packet_loss,1,50,0.0,10,0,0.05,3,0.420077,0.3,1.0,30.5,True,305,0,190,500,1000,49000,49000,1000,1.0,1.0,1.0,500,2026-09-03T19:18:52
tdma_packet_loss,1,50,0.0,10,0,0.05,4,0.527212,0.4,1.0,19.1,True,191,0,295,500,1000,49000,49000,1000,1.0,1.0,1.0,500,2026-09-03T19:18:56
tdma_packet_loss,1,50,0.0,10,0,0.05,5,0.444604,0.2,1.0,7.6,True,76,0,413,500,1000,49000,49000,1000,1.0,1.0,1.0,500,2026-09-03T19:18:53
tdma_packet_loss,1,50,0.0,10,0,0.05,6,0.503634,0.2,1.0,40.6,True,406,0,90,500,1000,49000,49000,1000,1.0,1.0,1.0,500,2026-09-03T19:18:57
tdma_packet_loss,1,50,0.0,10,0,0.05,7,0.428621,0.1,1.0,21.0,True,210,0,287,500,1000,49000,49000,1000,1.0,1.0,1.0,500,2026-09-03T19:18:53
tdma_packet_loss,1,50,0.0,10,0,0.05,8,0.466155,0.1,1.0,47.1,True,471,0,27,500,1000,49000,49000,1000,1.0,1.0,1.0,500,2026-09-03T19:18:57
tdma_packet_loss,1,50,0.0,10,0,0.05,9,0.449169,0.2,1.0,16.1,True,161,0,331,110,1000,49000,49000,1000,1.0,1.0,1.0,500,2026-09-03T19:18:54
tdma_packet_loss,1,50,0.0,10,0,0.05,10,0.462315,0.1,1.0,5.8,True,58,0,427,500,1000,49000,49000,1000,1.0,1.0,1.0,500,2026-09-03T19:18:57
tdma_packet_loss,1,50,0.0,10,0,0.05,11,0.464835,0.2,1.0,14.8,True,148,0,342,500,1000,49000,49000,1000,1.0,1.0,1.0,500,2026-09-03T19:18:54
tdma_packet_loss,1,50,0.0,10,0,0.05,12,0.475135,0.1,1.0,22.0,True,220,0,275,500,1000,49000,49000,1000,1.0,1.0,1.0,500,2026-09-03T19:18:58
tdma_packet_loss,1,50,0.0,10,0,0.05,13,0.449686,0.0,1.0,25.7,True,257,0,219,500,1000,49000,49000,1000,1.0,1.0,1.0,500,2026-09-03T19:18:54
tdma_packet_loss,1,50,0.0,10,0,0.05,14,0.458387,0.1,1.0,36.6,True,366,0,126,500,1000,49000,49000,1000,1.0,1.0,1.0,500,2026-09-03T19:18:58
tdma_packet_loss,1,50,0.0,10,0,0.1,0,0.436067,0.2,1.0,50.0,False,500,0,0,500,500,24500,24500,500,1.0,1.0,1.0,500,2026-09-03T19:18:56
tdma_packet_loss,1,50,0.0,10,0,0.1,1,0.379171,0.5,1.0,50.0,False,500,0,0,500,500,24500,24500,500,1.0,1.0,1.0,500,2026-09-03T19:18:59
tdma_packet_loss,1,50,0.0,10,0,0.1,2,0.413317,0.6,1.0,50.0,False,500,0,0,500,500,24500,24500,500,1.0,1.0,1.0,500,2026-09-03T19:18:59
tdma_packet_loss,1,50,0.0,10,0,0.1,3,0.306702,0.5,1.0,50.0,False,500,0,0,369,500,24500,24500,500,1.0,1.0,1.0,500,2026-09-03T19:19:02
tdma_packet_loss,1,50,0.0,10,0,0.1,4,0.382221,0.4,1.0,50.0,False,500,0,0,500,500,24500,24500,500,1.0,1.0,1.0,500,2026-09-03T19:18:59
tdma_packet_loss,1,50,0.0,10,0,0.1,5,0.375063,0.5,1.0,50.0,False,500,0,0,500,500,24500,24500,500,1.0,1.0,1.0,500,2026-09-03T19:19:02
tdma_packet_loss,1,50,0.0,10,0,0.1,6,0.455525,0.3,1.0,50.0,False,500,0,0,500,500,24500,24500,500,1.0,1.0,1.0,500,2026-09-03T19:18:59
tdma_packet_loss,1,50,0.0,10,0,0.1,7,0.399219,0.4,1.0,50.0,False,500,0,0,500,500,24500,24500,500,1.0,1.0,1.0,500,2026-09-03T19:19:02
tdma_packet_loss,1,50,0.0,10,0,0.1,8,0.395228,0.8,1.0,50.0,False,500,0,0,500,500,24500,24500,500,1.0,1.0,1.0,500,2026-09-03T19:19:00
tdma_packet_loss,1,50,0.0,10,0,0.1,9,0.508451,0.4,1.0,50.0,False,500,0,0,500,500,24500,24500,500,1.0,1.0,1.0,500,2026-09-03T19:19:03
tdma_packet_loss,1,50,0.0,10,0,0.1,10,0.404679,0.3,1.0,50.0,False,500,0,0,500,500,24500,24500,500,1.0,1.0,1.0,500,2026-09-03T19:19:00
tdma_packet_loss,1,50,0.0,10,0,0.1,11,0.333272,0.8,1.0,50.0,False,500,0,0,500,500,24500,24500,500,1.0,1.0,1.0,500,2026-09-03T19:19:03
tdma_packet_loss,1,50,0.0,10,0,0.1,12,0.470537,0.3,1.0,50.0,False,500,0,0,500,500,24500,24500,500,1.0,1.0,1.0,500,2026-09-03T19:19:01
tdma_packet_loss,1,50,0.0,10,0,0.1,13,0.489896,0.4,1.0,50.0,False,500,0,0,500,500,24500,24500,500,1.0,1.0,1.0,500,2026-09-03T19:19:04
tdma_packet_loss,1,50,0.0,10,0,0.1,14,0.473473,0.8,1.0,50.0,False,500,0,0,500,500,24500,24500,500,1.0,1.0,1.0,500,2026-09-03T19:19:01
tdma_packet_loss,1,50,0.0,10,2,0.025,0,0.685536,0.9,1.0,3.1,True,31,1,14,39,292,14308,14308,292,1.0,1.0,1.0,73,2026-09-03T19:19:02
tdma_packet_loss,1,50,0.0,10,2,0.025,1,0.70245,0.8,1.0,4.0,True,40,1,12,33,316,15484,15484,316,1.0,1.0,1.0,79,2026-09-03T19:18:59
tdma_packet_loss,1,50,0.0,10,2,0.025,2,0.656741,1.0,1.0,3.8,True,38,1,1,37,240,11760,11760,240,1.0,1.0,1.0,60,2026-09-03T19:19:00
tdma_packet_loss,1,50,0.0,10,2,0.025,3,0.737178,0.6,1.0,4.5,True,45,1,44,44,460,22540,22540,460,1.0,1.0,1.0,115,2026-09-03T19:19:01
tdma_packet_loss,1,50,0.0,10,2,0.025,4,0.711378,0.7,1.0,3.2,True,32,1,41,27,452,22148,22148,452,1.0,1.0,1.0,113,2026-09-03T19:19:02
tdma_packet_loss,1,50,0.0,10,2,0.025,5,0.686549,0.8,1.0,4.2,True,42,1,4,46,288,14112,14112,288,1.0,1.0,1.0,72,2026-09-03T19:19:02
tdma_packet_loss,1,50,0.0,10,2,0.025,6,0.71272,0.9,1.0,4.1,True,41,1,3,32,328,16072,16072,328,1.0,1.0,1.0,82,2026-09-03T19:19:03
tdma_packet_loss,1,50,0.0,10,2,0.025,7,0.706964,0.7,1.0,4.2,True,42,1,10,38,328,16072,16072,328,1.0,1.0,1.0,82,2026-09-03T19:19:03
tdma_packet_loss,1,50,0.0,10,2,0.025,8,0.693981,0.7,1.0,3.2,True,32,1,22,31,356,17444,17444,356,1.0,1.0,1.0,89,2026-09-03T19:19:03
tdma_packet_loss,1,50,0.0,10,2,0.025,9,0.696555,0.8,1.0,3.6,True,36,1,13,32,280,13720,13720,280,1.0,1.0,1.0,70,2026-09-03T19:19:03
tdma_packet_loss,1,50,0.0,10,2,0.025,10,0.715481,0.8,1.0,4.7,True,47,1,11,35,332,16268,16268,332,1.0,1.0,1.0,83,2026-09-03T19:19:03
tdma_packet_loss,1,50,0.0,10,2,0.025,11,0.702304,0.7,1.0,3.7,True,37,1,11,33,344,16856,16856,344,1.0,1.0,1.0,86,2026-09-03T19:19:03
tdma_packet_loss,1,50,0.0,10,2,0.025,12,0.728179,0.7,1.0,5.3,True,53,1,16,41,428,20972,20972,428,1.0,1.0,1.0,107,2026-09-03T19:19:04
tdma_packet_loss,1,50,0.0,10,2,0.025,13,0.713049,0.6,1.0,3.9,True,39,1,12,34,388,19012,19012,388,1.0,1.0,1.0,97,2026-09-03T19:19:03
tdma_packet_loss,1,50,0.0,10,2,0.025,14,0.701005,0.7,1.0,3.1,True,31,1,28,30,420,20580,20580,420,1.0,1.0,1.0,105,2026-09-03T19:19:04
tdma_packet_loss,1,50,0.0,10,2,0.05,0,0.47578,0.4,1.0,18.7,True,187,0,309,500,1000,49000,49000,1000,1.0,1.0,1.0,500,2026-09-03T19:19:07
tdma_packet_loss,1,50,0.0,10,2,0.05,1,0.497714,0.3,1.0,28.5,True,285,0,210,500,1000,49000,49000,1000,1.0,1.0,1.0,500,2026-09-03T19:19:10
tdma_packet_loss,1,50,0.0,10,2,0.05,2,0.471222,0.2,1.0,6.3,True,63,0,433,500,1000,49000,49000,1000,1.0,1.0,1.0,500,2026-09-03T19:19:07
tdma_packet_loss,1,50,0.0,10,2,0.05,3,0.465397,0.1,1.0,50.0,False,500,0,0,500,1000,49000,49000,1000,1.0,1.0,1.0,500,2026-09-03T19:19:10
tdma_packet_loss,1,50,0.0,10,2,0.05,4,0.547362,0.1,1.0,19.6,True,196,0,288,500,1000,49000,49000,1000,1.0,1.0,1.0,500,2026-09-03T19:19:07
tdma_packet_loss,1,50,0.0,10,2,0.05,5,0.427453,0.1,1.0,27.6,True,276,0,221,500,1000,49000,49000,1000,1.0,1.0,1.0,500,2026-09-03T19:19:11
tdma_packet_loss,1,50,0.0,10,2,0.05,6,0.515973,0.1,1.0,28.9,True,289,0,204,500,1000,49000,49000,1000,1.0,1.0,1.0,500,2026-09-03T19:19:07
tdma_packet_loss,1,50,0.0,10,2,0.05,7,0.444654,0.1,1.0,37.5,True,375,0,122,500,1000,49000,49000,1000,1.0,1.0,1.0,500,2026-09-03T19:19:11
tdma_packet_loss,1,50,0.0,10,2,0.05,8,0.46529,0.1,1.0,30.0,True,300,0,199,500,1000,49000,49000,1000,1.0,1.0,1.0,500,2026-09-03T19:19:07
tdma_packet_loss,1,50,0.0,10,2,0.05,9,0.520697,0.2,1.0,26.5,True,265,0,230,500,1000,49000,49000,1000,1.0,1.0,1.0,500,2026-09-03T19:19:11
tdma_packet_loss,1,50,0.0,10,2,0.05,10,0.465135,0.1,1.0,13.4,True,134,0,362,500,1000,49000,49000,1000,1.0,1.0,1.0,500,2026-09-03T19:19:07
tdma_packet_loss,1,50,0.0,10,2,0.05,11,0.476458,0.3,1.0,33.0,True,330,0,166,500,1000,49000,49000,1000,1.0,1.0,1.0,500,2026-09-03T19:19:11
tdma_packet_loss,1,50,0.0,10,2,0.05,12,0.47534,0.3,1.0,46.9,True,469,0,29,500,1000,49000,49000,1000,1.0,1.0,1.0,500,2026-09-03T19:19:08
tdma_packet_loss,1,50,0.0,10,2,0.05,13,0.46508,0.2,1.0,14.2,True,142,0,346,500,1000,49000,49000,1000,1.0,1.0,1.0,500,2026-09-03T19:19:12
tdma_packet_loss,1,50,0.0,10,2,0.05,14,0.48496,0.1,1.0,5.8,True,58,0,437,500,1000,49000,49000,1000,1.0,1.0,1.0,500,2026-09-03T19:19:08
tdma_packet_loss,1,50,0.0,10,2,0.1,0,0.434152,0.6,1.0,50.0,False,500,0,0,500,500,24500,24500,500,1.0,1.0,1.0,500,2026-09-03T19:19:11
tdma_packet_loss,1,50,0.0,10,2,0.1,1,0.436171,0.5,1.0,50.0,False,500,0,0,500,500,24500,24500,500,1.0,1.0,1.0,500,2026-09-03T19:19:14
tdma_packet_loss,1,50,0.0,10,2,0.1,2,0.350141,0.8,1.0,50.0,False,500,0,0,500,500,24500,24500,500,1.0,1.0,1.0,500,2026-09-03T19:19:17
tdma_packet_loss,1,50,0.0,10,2,0.1,3,0.471752,0.4,1.0,50.0,False,500,0,0,500,500,24500,24500,500,1.0,1.0,1.0,500,2026-09-03T19:19:14
tdma_packet_loss,1,50,0.0,10,2,0.1,4,0.434752,0.5,1.0,50.0,False,500,0,0,500,500,24500,24500,500,1.0,1.0,1.0,500,2026-09-03T19:19:17
tdma_packet_loss,1,50,0.0,10,2,0.1,5,0.471694,0.2,1.0,50.0,False,500,0,0,500,500,24500,24500,500,1.0,1.0,1.0,500,2026-09-03T19:19:14
tdma_packet_loss,1,50,0.0,10,2,0.1,6,0.437429,0.5,1.0,50.0,False,500,0,0,500,500,24500,24500,500,1.0,1.0,1.0,500,2026-09-03T19:19:18
tdma_packet_loss,1,50,0.0,10,2,0.1,7,0.459083,0.6,1.0,50.0,False,500,0,0,500,500,24500,24500,500,1.0,1.0,1.0,500,2026-09-03T19:19:14
tdma_packet_loss,1,50,0.0,10,2,0.1,8,0.411455,0.4,1.0,50.0,False,500,0,0,397,500,24500,24500,500,1.0,1.0,1.0,500,2026-09-03T19:19:18
tdma_packet_loss,1,50,0.0,10,2,0.1,9,0.453526,0.7,1.0,50.0,False,500,0,0,500,500,24500,24500,500,1.0,1.0,1.0,500,2026-09-03T19:19:14
tdma_packet_loss,1,50,0.0,10,2,0.1,10,0.504877,0.5,1.0,50.0,False,500,0,0,500,500,24500,24500,500,1.0,1.0,1.0,500,2026-09-03T19:19:18
tdma_packet_loss,1,50,0.0,10,2,0.1,11,0.473286,0.2,1.0,50.0,False,500,0,0,500,500,24500,24500,500,1.0,1.0,1.0,500,2026-09-03T19:19:15
tdma_packet_loss,1,50,0.0,10,2,0.1,12,0.415044,0.4,1.0,50.0,False,500,0,0,500,500,24500,24500,500,1.0,1.0,1.0,500,2026-09-03T19:19:18
tdma_packet_loss,1,50,0.0,10,2,0.1,13,0.436654,0.5,1.0,50.0,False,500,0,0,500,500,24500,24500,500,1.0,1.0,1.0,500,2026-09-03T19:19:15
tdma_packet_loss,1,50,0.0,10,2,0.1,14,0.385144,0.2,1.0,50.0,False,500,0,0,500,500,24500,24500,500,1.0,1.0,1.0,500,2026-09-03T19:19:18
tdma_packet_loss,1,50,0.0,10,5,0.025,0,0.676229,1.0,1.0,3.6,True,36,1,10,40,308,15092,15092,308,1.0,1.0,1.0,77,2026-09-03T19:19:12
tdma_packet_loss,1,50,0.0,10,5,0.025,1,0.696509,0.8,1.0,5.0,True,50,1,0,54,280,13720,13720,280,1.0,1.0,1.0,70,2026-09-03T19:19:13
tdma_packet_loss,1,50,0.0,10,5,0.025,2,0.710007,1.0,1.0,3.8,True,38,1,5,43,308,15092,15092,308,1.0,1.0,1.0,77,2026-09-03T19:19:14
tdma_packet_loss,1,50,0.0,10,5,0.025,3,0.715826,0.7,1.0,3.8,True,38,1,36,33,540,26460,26460,540,1.0,1.0,1.0,135,2026-09-03T19:19:15
tdma_packet_loss,1,50,0.0,10,5,0.025,4,0.652987,0.9,1.0,4.3,True,43,1,0,27,252,12348,12348,252,1.0,1.0,1.0,63,2026-09-03T19:19:16
tdma_packet_loss,1,50,0.0,10,5,0.025,5,0.709095,0.7,1.0,5.5,True,55,1,22,53,476,23324,23324,476,1.0,1.0,1.0,119,2026-09-03T19:19:17
tdma_packet_loss,1,50,0.0,10,5,0.025,6,0.679933,0.9,1.0,3.3,True,33,1,22,27,384,18816,18816,384,1.0,1.0,1.0,96,2026-09-03T19:19:18
tdma_packet_loss,1,50,0.0,10,5,0.025,7,0.703349,0.7,1.0,4.2,True,42,1,0,46,248,12152,12152,248,1.0,1.0,1.0,62,2026-09-03T19:19:18
tdma_packet_loss,1,50,0.0,10,5,0.025,8,0.706002,0.7,1.0,3.9,True,39,1,2,42,308,15092,15092,308,1.0,1.0,1.0,77,2026-09-03T19:19:18
tdma_packet_loss,1,50,0.0,10,5,0.025,9,0.674306,0.7,1.0,3.2,True,32,1,14,36,380,18620,18620,380,1.0,1.0,1.0,95,2026-09-03T19:19:19
tdma_packet_loss,1,50,0.0,10,5,0.025,10,0.699685,0.8,1.0,4.7,True,47,1,10,35,312,15288,15288,312,1.0,1.0,1.0,78,2026-09-03T19:19:18
tdma_packet_loss,1,50,0.0,10,5,0.025,11,0.692597,0.9,1.0,3.7,True,37,1,7,37,268,13132,13132,268,1.0,1.0,1.0,67,2026-09-03T19:19:18
tdma_packet_loss,1,50,0.0,10,5,0.025,12,0.721908,0.9,1.0,3.1,True,31,1,15,47,276,13524,13524,276,1.0,1.0,1.0,69,2026-09-03T19:19:18
tdma_packet_loss,1,50,0.0,10,5,0.025,13,0.691674,0.8,1.0,4.0,True,40,1,11,34,296,14504,14504,296,1.0,1.0,1.0,74,2026-09-03T19:19:19
tdma_packet_loss,1,50,0.0,10,5,0.025,14,0.697289,0.8,1.0,2.6,True,26,1,26,30,396,19404,19404,396,1.0,1.0,1.0,99,2026-09-03T19:19:19
tdma_packet_loss,1,50,0.0,10,5,0.05,0,0.470465,0.2,1.0,15.1,True,151,0,345,500,1000,49000,49000,1000,1.0,1.0,1.0,500,2026-09-03T19:19:22
tdma_packet_loss,1,50,0.0,10,5,0.05,1,0.456636,0.1,1.0,12.6,True,126,0,372,500,1000,49000,49000,1000,1.0,1.0,1.0,500,2026-09-03T19:19:22
tdma_packet_loss,1,50,0.0,10,5,0.05,2,0.493939,0.4,1.0,20.7,True,207,0,281,369,1000,49000,49000,1000,1.0,1.0,1.0,500,2026-09-03T19:19:26
tdma_packet_loss,1,50,0.0,10,5,0.05,3,0.414976,0.2,1.0,13.0,True,130,0,362,500,1000,49000,49000,1000,1.0,1.0,1.0,500,2026-09-03T19:19:22
tdma_packet_loss,1,50,0.0,10,5,0.05,4,0.508033,0.2,1.0,16.7,True,167,0,323,308,1000,49000,49000,1000,1.0,1.0,1.0,500,2026-09-03T19:19:27
tdma_packet_loss,1,50,0.0,10,5,0.05,5,0.512664,0.3,1.0,5.1,True,51,0,442,379,1000,49000,49000,1000,1.0,1.0,1.0,500,2026-09-03T19:19:22
tdma_packet_loss,1,50,0.0,10,5,0.05,6,0.463501,0.4,1.0,28.6,True,286,0,211,500,1000,49000,49000,1000,1.0,1.0,1.0,500,2026-09-03T19:19:27
tdma_packet_loss,1,50,0.0,10,5,0.05,7,0.482227,0.2,1.0,27.8,True,278,0,207,500,1000,49000,49000,1000,1.0,1.0,1.0,500,2026-09-03T19:19:22
tdma_packet_loss,1,50,0.0,10,5,0.05,8,0.473689,0.1,1.0,50.0,False,500,0,0,53,1000,49000,49000,1000,1.0,1.0,1.0,500,2026-09-03T19:19:27
tdma_packet_loss,1,50,0.0,10,5,0.05,9,0.539647,0.2,1.0,12.0,True,120,0,369,500,1000,49000,49000,1000,1.0,1.0,1.0,500,2026-09-03T19:19:22
tdma_packet_loss,1,50,0.0,10,5,0.05,10,0.479721,0.2,1.0,13.4,True,134,0,347,500,1000,49000,49000,1000,1.0,1.0,1.0,500,2026-09-03T19:19:27
tdma_packet_loss,1,50,0.0,10,5,0.05,11,0.476569,0.2,1.0,12.6,True,126,0,370,500,1000,49000,49000,1000,1.0,1.0,1.0,500,2026-09-03T19:19:22
tdma_packet_loss,1,50,0.0,10,5,0.05,12,0.464431,0.3,1.0,13.8,True,138,0,347,474,1000,49000,49000,1000,1.0,1.0,1.0,500,2026-09-03T19:19:27
tdma_packet_loss,1,50,0.0,10,5,0.05,13,0.504514,0.2,1.0,41.9,True,419,0,79,500,1000,49000,49000,1000,1.0,1.0,1.0,500,2026-09-03T19:19:23
tdma_packet_loss,1,50,0.0,10,5,0.05,14,0.513778,0.2,1.0,19.4,True,194,0,281,147,1000,49000,49000,1000,1.0,1.0,1.0,500,2026-09-03T19:19:28
tdma_packet_loss,1,50,0.0,10,5,0.1,0,0.444533,0.2,1.0,50.0,False,500,0,0,500,500,24500,24500,500,1.0,1.0,1.0,500,2026-09-03T19:19:26
tdma_packet_loss,1,50,0.0,10,5,0.1,1,0.438776,0.3,1.0,50.0,False,500,0,0,500,500,24500,24500,500,1.0,1.0,1.0,500,2026-09-03T19:19:29
tdma_packet_loss,1,50,0.0,10,5,0.1,2,0.449342,0.4,1.0,50.0,False,500,0,0,500,500,24500,24500,500,1.0,1.0,1.0,500,2026-09-03T19:19:29
tdma_packet_loss,1,50,0.0,10,5,0.1,3,0.433361,0.3,1.0,50.0,False,500,0,0,500,500,24500,24500,500,1.0,1.0,1.0,500,2026-09-03T19:19:32
tdma_packet_loss,1,50,0.0,10,5,0.1,4,0.518489,0.2,1.0,50.0,False,500,0,0,500,500,24500,24500,500,1.0,1.0,1.0,500,2026-09-03T19:19:30
tdma_packet_loss,1,50,0.0,10,5,0.1,5,0.413436,0.6,1.0,50.0,False,500,0,0,500,500,24500,24500,500,1.0,1.0,1.0,500,2026-09-03T19:19:33
tdma_packet_loss,1,50,0.0,10,5,0.1,6,0.434307,0.5,1.0,50.0,False,500,0,0,500,500,24500,24500,500,1.0,1.0,1.0,500,2026-09-03T19:19:30
tdma_packet_loss,1,50,0.0,10,5,0.1,7,0.461089,0.5,1.0,50.0,False,500,0,0,500,500,24500,24500,500,1.0,1.0,1.0,500,2026-09-03T19:19:33
tdma_packet_loss,1,50,0.0,10,5,0.1,8,0.461821,0.4,1.0,50.0,False,500,0,0,500,500,24500,24500,500,1.0,1.0,1.0,500,2026-09-03T19:19:30
tdma_packet_loss,1,50,0.0,10,5,0.1,9,0.402988,0.2,1.0,50.0,False,500,0,0,426,500,24500,24500,500,1.0,1.0,1.0,500,2026-09-03T19:19:33
tdma_packet_loss,1,50,0.0,10,5,0.1,10,0.417168,0.5,1.0,50.0,False,500,0,0,500,500,24500,24500,500,1.0,1.0,1.0,500,2026-09-03T19:19:30
tdma_packet_loss,1,50,0.0,10,5,0.1,11,0.389008,0.9,1.0,50.0,False,500,0,0,500,500,24500,24500,500,1.0,1.0,1.0,500,2026-09-03T19:19:33
tdma_packet_loss,1,50,0.0,10,5,0.1,12,0.408466,0.2,1.0,50.0,False,500,0,0,500,500,24500,24500,500,1.0,1.0,1.0,500,2026-09-03T19:19:30
tdma_packet_loss,1,50,0.0,10,5,0.1,13,0.489423,0.2,1.0,39.5,True,395,0,104,500,500,24500,24500,500,1.0,1.0,1.0,500,2026-09-03T19:19:33
tdma_packet_loss,1,50,0.0,10,5,0.1,14,0.49345,0.6,1.0,50.0,False,500,0,0,500,500,24500,24500,500,1.0,1.0,1.0,500,2026-09-03T19:19:31
tdma_packet_loss,1,50,0.05,3,0,0.025,0,0.748976,0.666667,0.925133,2.1,True,21,0,400,20,1897,90663,98000,2000,0.9485,0.975364,0.925133,500,2026-09-03T19:19:34
tdma_packet_loss,1,50,0.05,3,0,0.025,1,0.760992,0.333333,0.929214,3.4,True,34,0,350,18,1906,91063,98000,2000,0.953,0.975041,0.929214,500,2026-09-03T19:19:32
tdma_packet_loss,1,50,0.05,3,0,0.025,2,0.742467,0.666667,0.922378,3.7,True,37,0,390,36,1892,90393,98000,2000,0.946,0.975029,0.922378,500,2026-09-03T19:19:36
tdma_packet_loss,1,50,0.05,3,0,0.025,3,0.723221,0.333333,0.927684,2.8,True,28,0,322,16,1902,90913,98000,2000,0.951,0.975482,0.927684,500,2026-09-03T19:19:35
tdma_packet_loss,1,50,0.05,3,0,0.025,4,0.69725,0.0,0.925225,3.4,True,34,1,254,10,1532,73263,79184,1616,0.94802,0.975955,0.925225,404,2026-09-03T19:19:38
tdma_packet_loss,1,50,0.05,3,0,0.025,5,0.713278,0.333333,0.925082,5.4,True,54,0,326,31,1897,90658,98000,2000,0.9485,0.97531,0.925082,500,2026-09-03T19:19:36
tdma_packet_loss,1,50,0.05,3,0,0.025,6,0.702917,0.0,0.934194,1.6,True,16,0,380,20,1916,91551,98000,2000,0.958,0.97515,0.934194,500,2026-09-03T19:19:39
tdma_packet_loss,1,50,0.05,3,0,0.025,7,0.724507,0.333333,0.918898,4.1,True,41,0,327,24,1886,90052,98000,2000,0.943,0.974441,0.918898,500,2026-09-03T19:19:36
tdma_packet_loss,1,50,0.05,3,0,0.025,8,0.745145,0.666667,0.919976,2.8,True,28,1,78,43,694,33178,36064,736,0.942935,0.975651,0.919976,184,2026-09-03T19:19:37
tdma_packet_loss,1,50,0.05,3,0,0.025,9,0.71859,0.333333,0.92648,5.6,True,56,0,325,24,1900,90795,98000,2000,0.95,0.975242,0.92648,500,2026-09-03T19:19:36
tdma_packet_loss,1,50,0.05,3,0,0.025,10,0.741081,0.333333,0.92699,3.4,True,34,0,337,19,1901,90845,98000,2000,0.9505,0.975265,0.92699,500,2026-09-03T19:19:39
tdma_packet_loss,1,50,0.05,3,0,0.025,11,0.758313,0.333333,0.933745,3.3,True,33,0,315,16,1915,91507,98000,2000,0.9575,0.97519,0.933745,500,2026-09-03T19:19:36
tdma_packet_loss,1,50,0.05,3,0,0.025,12,0.737161,0.333333,0.923061,1.9,True,19,0,367,15,1892,90460,98000,2000,0.946,0.975752,0.923061,500,2026-09-03T19:19:39
tdma_packet_loss,1,50,0.05,3,0,0.025,13,0.720509,0.333333,0.93165,2.3,True,23,1,109,19,886,42364,45472,928,0.954741,0.975814,0.93165,232,2026-09-03T19:19:35
tdma_packet_loss,1,50,0.05,3,0,0.025,14,0.754749,0.333333,0.924755,2.3,True,23,0,386,20,1896,90626,98000,2000,0.948,0.97548,0.924755,500,2026-09-03T19:19:38
tdma_packet_loss,1,50,0.05,3,0,0.05,0,0.616579,1.0,0.926673,50.0,False,500,0,0,32,950,45407,49000,1000,0.95,0.975446,0.926673,500,2026-09-03T19:19:36
tdma_packet_loss,1,50,0.05,3,0,0.05,1,0.6614,1.0,0.929959,50.0,False,500,0,0,33,953,45568,49000,1000,0.953,0.975823,0.929959,500,2026-09-03T19:19:39
tdma_packet_loss,1,50,0.05,3,0,0.05,2,0.623488,0.666667,0.919816,28.2,True,282,0,199,16,944,45071,49000,1000,0.944,0.974382,0.919816,500,2026-09-03T19:19:38
tdma_packet_loss,1,50,0.05,3,0,0.05,3,0.578121,1.0,0.937327,24.4,True,244,0,252,139,960,45929,49000,1000,0.96,0.976382,0.937327,500,2026-09-03T19:19:41
tdma_packet_loss,1,50,0.05,3,0,0.05,4,0.626638,0.666667,0.92898,50.0,False,500,0,0,16,951,45520,49000,1000,0.951,0.976845,0.92898,500,2026-09-03T19:19:40
tdma_packet_loss,1,50,0.05,3,0,0.05,5,0.599555,1.0,0.923898,50.0,False,500,0,0,39,947,45271,49000,1000,0.947,0.975605,0.923898,500,2026-09-03T19:19:43
tdma_packet_loss,1,50,0.05,3,0,0.05,6,0.647793,1.0,0.943816,50.0,False,500,0,0,42,968,46247,49000,1000,0.968,0.975017,0.943816,500,2026-09-03T19:19:41
tdma_packet_loss,1,50,0.05,3,0,0.05,7,0.633643,0.333333,0.915673,15.5,True,155,0,335,12,940,44868,49000,1000,0.94,0.974121,0.915673,500,2026-09-03T19:19:44
tdma_packet_loss,1,50,0.05,3,0,0.05,8,0.601502,0.666667,0.921939,29.9,True,299,0,200,40,945,45175,49000,1000,0.945,0.975597,0.921939,500,2026-09-03T19:19:41
tdma_packet_loss,1,50,0.05,3,0,0.05,9,0.578793,0.666667,0.927449,50.0,False,500,0,0,24,951,45445,49000,1000,0.951,0.975236,0.927449,500,2026-09-03T19:19:44
tdma_packet_loss,1,50,0.05,3,0,0.05,10,0.626996,1.0,0.924796,50.0,False,500,0,0,36,948,45315,49000,1000,0.948,0.975523,0.924796,500,2026-09-03T19:19:42
tdma_packet_loss,1,50,0.05,3,0,0.05,11,0.577551,0.666667,0.934204,21.9,True,219,0,278,29,958,45776,49000,1000,0.958,0.975161,0.934204,500,2026-09-03T19:19:45
tdma_packet_loss,1,50,0.05,3,0,0.05,12,0.615898,0.666667,0.919163,43.5,True,435,0,60,19,943,45039,49000,1000,0.943,0.974722,0.919163,500,2026-09-03T19:19:42
tdma_packet_loss,1,50,0.05,3,0,0.05,13,0.611033,1.0,0.928653,25.0,True,250,0,245,15,952,45504,49000,1000,0.952,0.975476,0.928653,500,2026-09-03T19:19:45
tdma_packet_loss,1,50,0.05,3,0,0.05,14,0.615949,0.666667,0.918,7.6,True,76,0,408,33,941,44982,49000,1000,0.941,0.975558,0.918,500,2026-09-03T19:19:42
tdma_packet_loss,1,50,0.05,3,0,0.1,0,0.663826,1.0,0.930449,50.0,False,500,0,0,44,477,22796,24500,500,0.954,0.975313,0.930449,500,2026-09-03T19:19:44
tdma_packet_loss,1,50,0.05,3,0,0.1,1,0.556279,0.666667,0.940857,50.0,False,500,0,0,60,482,23051,24500,500,0.964,0.975993,0.940857,500,2026-09-03T19:19:42
tdma_packet_loss,1,50,0.05,3,0,0.1,2,0.653536,0.666667,0.925918,50.0,False,500,0,0,22,475,22685,24500,500,0.95,0.974651,0.925918,500,2026-09-03T19:19:44
tdma_packet_loss,1,50,0.05,3,0,0.1,3,0.653097,0.333333,0.931796,44.2,True,442,0,44,202,477,22829,24500,500,0.954,0.976725,0.931796,500,2026-09-03T19:19:43
tdma_packet_loss,1,50,0.05,3,0,0.1,4,0.566691,0.666667,0.943633,50.0,False,500,0,0,69,483,23119,24500,500,0.966,0.976845,0.943633,500,2026-09-03T19:19:45
tdma_packet_loss,1,50,0.05,3,0,0.1,5,0.586793,0.666667,0.930367,50.0,False,500,0,0,68,477,22794,24500,500,0.954,0.975228,0.930367,500,2026-09-03T19:19:45
tdma_packet_loss,1,50,0.05,3,0,0.1,6,0.660033,1.0,0.944735,50.0,False,500,0,0,30,484,23146,24500,500,0.968,0.975966,0.944735,500,2026-09-03T19:19:48
tdma_packet_loss,1,50,0.05,3,0,0.1,7,0.50326,1.0,0.911388,50.0,False,500,0,0,25,468,22329,24500,500,0.936,0.973705,0.911388,500,2026-09-03T19:19:46
tdma_packet_loss,1,50,0.05,3,0,0.1,8,0.648944,0.666667,0.921306,50.0,False,500,0,0,37,472,22572,24500,500,0.944,0.97596,0.921306,500,2026-09-03T19:19:48
tdma_packet_loss,1,50,0.05,3,0,0.1,9,0.596997,1.0,0.926408,50.0,False,500,0,0,36,475,22697,24500,500,0.95,0.975166,0.926408,500,2026-09-03T19:19:46
tdma_packet_loss,1,50,0.05,3,0,0.1,10,0.552357,1.0,0.917388,50.0,False,500,0,0,110,470,22476,24500,500,0.94,0.975944,0.917388,500,2026-09-03T19:19:48
tdma_packet_loss,1,50,0.05,3,0,0.1,11,0.59901,1.0,0.932939,50.0,False,500,0,0,36,478,22857,24500,500,0.956,0.975877,0.932939,500,2026-09-03T19:19:46
tdma_packet_loss,1,50,0.05,3,0,0.1,12,0.594531,0.666667,0.935673,50.0,False,500,0,0,25,480,22924,24500,500,0.96,0.97466,0.935673,500,2026-09-03T19:19:49
tdma_packet_loss,1,50,0.05,3,0,0.1,13,0.642282,1.0,0.928204,50.0,False,500,0,0,17,476,22741,24500,500,0.952,0.975004,0.928204,500,2026-09-03T19:19:47
tdma_packet_loss,1,50,0.05,3,0,0.1,14,0.584817,1.0,0.918898,50.0,False,500,0,0,92,471,22513,24500,500,0.942,0.975476,0.918898,500,2026-09-03T19:19:49
tdma_packet_loss,1,50,0.05,3,2,0.025,0,0.677244,0.666667,0.927071,1.6,True,16,0,397,20,1901,90853,98000,2000,0.9505,0.975351,0.927071,500,2026-09-03T19:19:49
tdma_packet_loss,1,50,0.05,3,2,0.025,1,0.757281,0.666667,0.931092,4.2,True,42,0,312,7,1910,91247,98000,2000,0.955,0.974965,0.931092,500,2026-09-03T19:19:53
tdma_packet_loss,1,50,0.05,3,2,0.025,2,0.7228,0.0,0.922469,2.5,True,25,0,359,43,1892,90402,98000,2000,0.946,0.975126,0.922469,500,2026-09-03T19:19:49
tdma_packet_loss,1,50,0.05,3,2,0.025,3,0.749942,0.333333,0.922763,2.8,True,28,1,268,44,1475,70536,76440,1560,0.945513,0.975939,0.922763,390,2026-09-03T19:19:53
tdma_packet_loss,1,50,0.05,3,2,0.025,4,0.751954,0.333333,0.930373,2.8,True,28,1,212,10,1350,64553,69384,1416,0.95339,0.975858,0.930373,354,2026-09-03T19:19:48
tdma_packet_loss,1,50,0.05,3,2,0.025,5,0.758435,0.0,0.923027,4.3,True,43,1,186,26,1658,79240,85848,1752,0.946347,0.975358,0.923027,438,2026-09-03T19:19:52
tdma_packet_loss,1,50,0.05,3,2,0.025,6,0.728987,0.0,0.927906,4.0,True,40,1,128,32,875,41830,45080,920,0.951087,0.975627,0.927906,230,2026-09-03T19:19:50
tdma_packet_loss,1,50,0.05,3,2,0.025,7,0.766029,0.0,0.920648,8.8,True,88,1,124,18,1175,56119,60956,1244,0.944534,0.974711,0.920648,311,2026-09-03T19:19:53
tdma_packet_loss,1,50,0.05,3,2,0.025,8,0.724635,0.333333,0.922806,2.2,True,22,0,423,33,1892,90435,98000,2000,0.946,0.975482,0.922806,500,2026-09-03T19:19:53
tdma_packet_loss,1,50,0.05,3,2,0.025,9,0.730397,0.0,0.922704,3.0,True,30,0,349,29,1892,90425,98000,2000,0.946,0.975374,0.922704,500,2026-09-03T19:19:56
tdma_packet_loss,1,50,0.05,3,2,0.025,10,0.76207,0.666667,0.928418,4.7,True,47,0,360,17,1904,90985,98000,2000,0.952,0.975229,0.928418,500,2026-09-03T19:19:53
tdma_packet_loss,1,50,0.05,3,2,0.025,11,0.715051,0.333333,0.934265,2.3,True,23,0,346,16,1916,91558,98000,2000,0.958,0.975225,0.934265,500,2026-09-03T19:19:56
tdma_packet_loss,1,50,0.05,3,2,0.025,12,0.697724,0.333333,0.92502,2.3,True,23,0,350,15,1896,90652,98000,2000,0.948,0.97576,0.92502,500,2026-09-03T19:19:53
tdma_packet_loss,1,50,0.05,3,2,0.025,13,0.737419,0.333333,0.933286,2.5,True,25,0,314,19,1914,91462,98000,2000,0.957,0.97522,0.933286,500,2026-09-03T19:19:56
tdma_packet_loss,1,50,0.05,3,2,0.025,14,0.726315,0.666667,0.926684,3.3,True,33,0,329,25,1900,90815,98000,2000,0.95,0.975456,0.926684,500,2026-09-03T19:19:53
tdma_packet_loss,1,50,0.05,3,2,0.05,0,0.631735,1.0,0.93051,2.6,True,26,0,460,25,954,45595,49000,1000,0.954,0.975378,0.93051,500,2026-09-03T19:19:56
tdma_packet_loss,1,50,0.05,3,2,0.05,1,0.633939,0.666667,0.932776,50.0,False,500,0,0,16,956,45706,49000,1000,0.956,0.975707,0.932776,500,2026-09-03T19:19:55
tdma_packet_loss,1,50,0.05,3,2,0.05,2,0.626116,1.0,0.91698,36.1,True,361,0,132,18,941,44932,49000,1000,0.941,0.974474,0.91698,500,2026-09-03T19:19:58
tdma_packet_loss,1,50,0.05,3,2,0.05,3,0.564354,0.666667,0.915286,50.0,False,500,0,0,38,937,44849,49000,1000,0.937,0.976826,0.915286,500,2026-09-03T19:19:55
tdma_packet_loss,1,50,0.05,3,2,0.05,4,0.553074,0.666667,0.932837,7.5,True,75,0,382,16,955,45709,49000,1000,0.955,0.976792,0.932837,500,2026-09-03T19:19:58
tdma_packet_loss,1,50,0.05,3,2,0.05,5,0.631334,1.0,0.917939,47.0,True,470,0,22,39,941,44979,49000,1000,0.941,0.975493,0.917939,500,2026-09-03T19:19:56
tdma_packet_loss,1,50,0.05,3,2,0.05,6,0.593364,1.0,0.928347,24.4,True,244,0,250,35,952,45489,49000,1000,0.952,0.975154,0.928347,500,2026-09-03T19:19:59
tdma_packet_loss,1,50,0.05,3,2,0.05,7,0.557512,0.666667,0.919551,50.0,False,500,0,0,12,944,45058,49000,1000,0.944,0.974101,0.919551,500,2026-09-03T19:19:56
tdma_packet_loss,1,50,0.05,3,2,0.05,8,0.612722,0.666667,0.924776,50.0,False,500,0,0,40,948,45314,49000,1000,0.948,0.975502,0.924776,500,2026-09-03T19:19:59
tdma_packet_loss,1,50,0.05,3,2,0.05,9,0.562348,0.333333,0.919878,50.0,False,500,0,0,32,943,45074,49000,1000,0.943,0.97548,0.919878,500,2026-09-03T19:19:59
tdma_packet_loss,1,50,0.05,3,2,0.05,10,0.623832,1.0,0.928673,19.4,True,194,0,302,32,952,45505,49000,1000,0.952,0.975497,0.928673,500,2026-09-03T19:20:02
tdma_packet_loss,1,50,0.05,3,2,0.05,11,0.604183,1.0,0.927551,50.0,False,500,0,0,46,951,45450,49000,1000,0.951,0.975343,0.927551,500,2026-09-03T19:19:59
tdma_packet_loss,1,50,0.05,3,2,0.05,12,0.629044,0.666667,0.923041,50.0,False,500,0,0,19,947,45229,49000,1000,0.947,0.9747,0.923041,500,2026-09-03T19:20:02
tdma_packet_loss,1,50,0.05,3,2,0.05,13,0.645297,0.666667,0.932531,50.0,False,500,0,0,15,956,45694,49000,1000,0.956,0.97545,0.932531,500,2026-09-03T19:19:59
tdma_packet_loss,1,50,0.05,3,2,0.05,14,0.664382,1.0,0.921796,5.4,True,54,0,433,33,945,45168,49000,1000,0.945,0.975445,0.921796,500,2026-09-03T19:20:02
tdma_packet_loss,1,50,0.05,3,2,0.1,0,0.701694,1.0,0.936082,50.0,False,500,0,0,161,480,22934,24500,500,0.96,0.975085,0.936082,500,2026-09-03T19:19:58
tdma_packet_loss,1,50,0.05,3,2,0.1,1,0.594829,1.0,0.929224,50.0,False,500,0,0,79,476,22766,24500,500,0.952,0.976076,0.929224,500,2026-09-03T19:20:01
tdma_packet_loss,1,50,0.05,3,2,0.1,2,0.583967,0.666667,0.920122,50.0,False,500,0,0,77,472,22543,24500,500,0.944,0.974706,0.920122,500,2026-09-03T19:20:00
tdma_packet_loss,1,50,0.05,3,2,0.1,3,0.632371,1.0,0.906653,50.0,False,500,0,0,59,464,22213,24500,500,0.928,0.976997,0.906653,500,2026-09-03T19:20:02
tdma_packet_loss,1,50,0.05,3,2,0.1,4,0.500986,1.0,0.932245,50.0,False,500,0,0,17,477,22840,24500,500,0.954,0.977196,0.932245,500,2026-09-03T19:20:00
tdma_packet_loss,1,50,0.05,3,2,0.1,5,0.605169,0.666667,0.908939,50.0,False,500,0,0,64,466,22269,24500,500,0.932,0.975256,0.908939,500,2026-09-03T19:20:03
tdma_packet_loss,1,50,0.05,3,2,0.1,6,0.574806,0.666667,0.925347,50.0,False,500,0,0,45,474,22671,24500,500,0.948,0.976104,0.925347,500,2026-09-03T19:20:01
tdma_packet_loss,1,50,0.05,3,2,0.1,7,0.636219,1.0,0.917102,50.0,False,500,0,0,26,471,22469,24500,500,0.942,0.973569,0.917102,500,2026-09-03T19:20:03
tdma_packet_loss,1,50,0.05,3,2,0.1,8,0.577003,0.666667,0.92898,50.0,False,500,0,0,46,476,22760,24500,500,0.952,0.975819,0.92898,500,2026-09-03T19:20:01
tdma_packet_loss,1,50,0.05,3,2,0.1,9,0.620111,0.333333,0.92249,49.9,True,499,0,0,142,473,22601,24500,500,0.946,0.975148,0.92249,500,2026-09-03T19:20:03
tdma_packet_loss,1,50,0.05,3,2,0.1,10,0.604503,1.0,0.924939,50.0,False,500,0,0,49,474,22661,24500,500,0.948,0.975674,0.924939,500,2026-09-03T19:20:03
tdma_packet_loss,1,50,0.05,3,2,0.1,11,0.627793,0.666667,0.919551,50.0,False,500,0,0,36,471,22529,24500,500,0.942,0.976169,0.919551,500,2026-09-03T19:20:05
tdma_packet_loss,1,50,0.05,3,2,0.1,12,0.651098,1.0,0.943429,50.0,False,500,0,0,38,484,23114,24500,500,0.968,0.974616,0.943429,500,2026-09-03T19:20:04
tdma_packet_loss,1,50,0.05,3,2,0.1,13,0.576245,1.0,0.935918,50.0,False,500,0,0,18,480,22930,24500,500,0.96,0.974915,0.935918,500,2026-09-03T19:20:06
tdma_packet_loss,1,50,0.05,3,2,0.1,14,0.57185,0.666667,0.924612,50.0,False,500,0,0,33,474,22653,24500,500,0.948,0.975329,0.924612,500,2026-09-03T19:20:04
tdma_packet_loss,1,50,0.05,3,5,0.025,0,0.761268,0.333333,0.922755,2.9,True,29,0,386,22,1892,90430,98000,2000,0.946,0.975428,0.922755,500,2026-09-03T19:20:08
tdma_packet_loss,1,50,0.05,3,5,0.025,1,0.744406,0.666667,0.934,4.6,True,46,0,312,20,1916,91532,98000,2000,0.958,0.974948,0.934,500,2026-09-03T19:20:06
tdma_packet_loss,1,50,0.05,3,5,0.025,2,0.755526,0.333333,0.925429,5.7,True,57,0,349,56,1898,90692,98000,2000,0.949,0.975162,0.925429,500,2026-09-03T19:20:10
tdma_packet_loss,1,50,0.05,3,5,0.025,3,0.71952,0.666667,0.925816,2.5,True,25,0,329,29,1898,90730,98000,2000,0.949,0.97557,0.925816,500,2026-09-03T19:20:06
tdma_packet_loss,1,50,0.05,3,5,0.025,4,0.718574,1.0,0.931653,4.2,True,42,0,301,10,1910,91302,98000,2000,0.955,0.975553,0.931653,500,2026-09-03T19:20:09
tdma_packet_loss,1,50,0.05,3,5,0.025,5,0.699968,0.333333,0.928943,7.6,True,76,1,0,20,366,17479,18816,384,0.953125,0.974629,0.928943,96,2026-09-03T19:20:03
tdma_packet_loss,1,50,0.05,3,5,0.025,6,0.725207,0.666667,0.930847,1.6,True,16,0,256,20,1909,91223,98000,2000,0.9545,0.975219,0.930847,500,2026-09-03T19:20:07
tdma_packet_loss,1,50,0.05,3,5,0.025,7,0.732353,0.333333,0.916031,1.6,True,16,0,373,33,1880,89771,98000,2000,0.94,0.974501,0.916031,500,2026-09-03T19:20:07
tdma_packet_loss,1,50,0.05,3,5,0.025,8,0.764007,0.666667,0.929867,3.2,True,32,1,108,38,961,45928,49392,1008,0.953373,0.975345,0.929867,252,2026-09-03T19:20:09
tdma_packet_loss,1,50,0.05,3,5,0.025,9,0.731015,0.333333,0.925612,3.5,True,35,0,352,39,1898,90710,98000,2000,0.949,0.975355,0.925612,500,2026-09-03T19:20:07
tdma_packet_loss,1,50,0.05,3,5,0.025,10,0.716144,1.0,0.931306,2.6,True,26,0,298,30,1910,91268,98000,2000,0.955,0.97519,0.931306,500,2026-09-03T19:20:11
tdma_packet_loss,1,50,0.05,3,5,0.025,11,0.718219,0.0,0.922684,2.3,True,23,0,355,15,1892,90423,98000,2000,0.946,0.975353,0.922684,500,2026-09-03T19:20:09
tdma_packet_loss,1,50,0.05,3,5,0.025,12,0.71103,0.0,0.927388,6.5,True,65,0,329,15,1901,90884,98000,2000,0.9505,0.975684,0.927388,500,2026-09-03T19:20:13
tdma_packet_loss,1,50,0.05,3,5,0.025,13,0.751642,0.0,0.920653,2.5,True,25,0,270,19,1888,90224,98000,2000,0.944,0.975268,0.920653,500,2026-09-03T19:20:10
tdma_packet_loss,1,50,0.05,3,5,0.025,14,0.74019,0.333333,0.928714,2.1,True,21,0,307,20,1904,91014,98000,2000,0.952,0.97554,0.928714,500,2026-09-03T19:20:14
tdma_packet_loss,1,50,0.05,3,5,0.05,0,0.578423,1.0,0.925673,22.0,True,220,0,273,26,949,45358,49000,1000,0.949,0.97542,0.925673,500,2026-09-03T19:20:10
tdma_packet_loss,1,50,0.05,3,5,0.05,1,0.633547,0.666667,0.938571,50.0,False,500,0,0,33,962,45990,49000,1000,0.962,0.975646,0.938571,500,2026-09-03T19:20:13
tdma_packet_loss,1,50,0.05,3,5,0.05,2,0.658796,0.666667,0.922735,44.6,True,446,0,45,19,947,45214,49000,1000,0.947,0.974377,0.922735,500,2026-09-03T19:20:11
tdma_packet_loss,1,50,0.05,3,5,0.05,3,0.621939,1.0,0.92098,50.0,False,500,0,0,54,943,45128,49000,1000,0.943,0.976649,0.92098,500,2026-09-03T19:20:14
tdma_packet_loss,1,50,0.05,3,5,0.05,4,0.660945,0.666667,0.938408,6.3,True,63,0,435,16,961,45982,49000,1000,0.961,0.976491,0.938408,500,2026-09-03T19:20:12
tdma_packet_loss,1,50,0.05,3,5,0.05,5,0.620814,0.666667,0.923816,50.0,False,500,0,0,37,947,45267,49000,1000,0.947,0.975519,0.923816,500,2026-09-03T19:20:15
tdma_packet_loss,1,50,0.05,3,5,0.05,6,0.608968,0.333333,0.934122,50.0,False,500,0,0,24,958,45772,49000,1000,0.958,0.975076,0.934122,500,2026-09-03T19:20:13
tdma_packet_loss,1,50,0.05,3,5,0.05,7,0.618443,0.333333,0.915673,50.0,False,500,0,0,62,940,44868,49000,1000,0.94,0.974121,0.915673,500,2026-09-03T19:20:16
tdma_packet_loss,1,50,0.05,3,5,0.05,8,0.651257,1.0,0.93051,5.3,True,53,0,428,35,954,45595,49000,1000,0.954,0.975378,0.93051,500,2026-09-03T19:20:13
tdma_packet_loss,1,50,0.05,3,5,0.05,9,0.694362,0.666667,0.924633,50.0,False,500,0,0,32,948,45307,49000,1000,0.948,0.975351,0.924633,500,2026-09-03T19:20:16
tdma_packet_loss,1,50,0.05,3,5,0.05,10,0.632152,0.333333,0.934408,12.8,True,128,0,351,32,958,45786,49000,1000,0.958,0.975374,0.934408,500,2026-09-03T19:20:14
tdma_packet_loss,1,50,0.05,3,5,0.05,11,0.638026,0.333333,0.914898,50.0,False,500,0,0,28,938,44830,49000,1000,0.938,0.975371,0.914898,500,2026-09-03T19:20:17
tdma_packet_loss,1,50,0.05,3,5,0.05,12,0.631407,1.0,0.923898,50.0,False,500,0,0,30,948,45271,49000,1000,0.948,0.974576,0.923898,500,2026-09-03T19:20:16
tdma_packet_loss,1,50,0.05,3,5,0.05,13,0.617093,0.666667,0.922694,40.0,True,400,0,62,15,946,45212,49000,1000,0.946,0.975364,0.922694,500,2026-09-03T19:20:19
tdma_packet_loss,1,50,0.05,3,5,0.05,14,0.629787,0.333333,0.921816,50.0,False,500,0,0,29,945,45169,49000,1000,0.945,0.975467,0.921816,500,2026-09-03T19:20:16
tdma_packet_loss,1,50,0.05,3,5,0.1,0,0.52697,1.0,0.926531,50.0,False,500,0,0,44,475,22700,24500,500,0.95,0.975295,0.926531,500,2026-09-03T19:20:19
tdma_packet_loss,1,50,0.05,3,5,0.1,1,0.660553,0.333333,0.940857,43.2,True,432,0,61,88,482,23051,24500,500,0.964,0.975993,0.940857,500,2026-09-03T19:20:16
tdma_packet_loss,1,50,0.05,3,5,0.1,2,0.655274,1.0,0.931918,50.0,False,500,0,0,16,478,22832,24500,500,0.956,0.97481,0.931918,500,2026-09-03T19:20:19
tdma_packet_loss,1,50,0.05,3,5,0.1,3,0.601944,1.0,0.918327,50.0,False,500,0,0,29,470,22499,24500,500,0.94,0.976943,0.918327,500,2026-09-03T19:20:17
tdma_packet_loss,1,50,0.05,3,5,0.1,4,0.538983,0.666667,0.928245,50.0,False,500,0,0,17,475,22742,24500,500,0.95,0.9771,0.928245,500,2026-09-03T19:20:19
tdma_packet_loss,1,50,0.05,3,5,0.1,5,0.601732,1.0,0.920694,50.0,False,500,0,0,236,472,22557,24500,500,0.944,0.975311,0.920694,500,2026-09-03T19:20:18
tdma_packet_loss,1,50,0.05,3,5,0.1,6,0.631793,1.0,0.934857,50.0,False,500,0,0,34,479,22904,24500,500,0.958,0.975843,0.934857,500,2026-09-03T19:20:20
tdma_packet_loss,1,50,0.05,3,5,0.1,7,0.588133,0.666667,0.909429,50.0,False,500,0,0,47,467,22281,24500,500,0.934,0.973692,0.909429,500,2026-09-03T19:20:18
tdma_packet_loss,1,50,0.05,3,5,0.1,8,0.581566,1.0,0.928857,50.0,False,500,0,0,39,476,22757,24500,500,0.952,0.97569,0.928857,500,2026-09-03T19:20:20
tdma_packet_loss,1,50,0.05,3,5,0.1,9,0.638089,0.666667,0.931837,50.0,False,500,0,0,64,478,22830,24500,500,0.956,0.974725,0.931837,500,2026-09-03T19:20:19
tdma_packet_loss,1,50,0.05,3,5,0.1,10,0.621814,1.0,0.93649,35.3,True,353,0,146,61,480,22944,24500,500,0.96,0.97551,0.93649,500,2026-09-03T19:20:21
tdma_packet_loss,1,50,0.05,3,5,0.1,11,0.623307,1.0,0.91351,50.0,False,500,0,0,37,468,22381,24500,500,0.936,0.975972,0.91351,500,2026-09-03T19:20:20
tdma_packet_loss,1,50,0.05,3,5,0.1,12,0.638667,1.0,0.916694,50.0,False,500,0,0,32,470,22459,24500,500,0.94,0.975206,0.916694,500,2026-09-03T19:20:22
tdma_packet_loss,1,50,0.05,3,5,0.1,13,0.637636,1.0,0.927918,50.0,False,500,0,0,18,476,22734,24500,500,0.952,0.974704,0.927918,500,2026-09-03T19:20:21
tdma_packet_loss,1,50,0.05,3,5,0.1,14,0.625942,1.0,0.911143,50.0,False,500,0,0,112,467,22323,24500,500,0.934,0.975528,0.911143,500,2026-09-03T19:20:23
tdma_packet_loss,1,50,0.05,5,0,0.025,0,0.721866,0.2,0.927071,3.4,True,34,0,424,22,1901,90853,98000,2000,0.9505,0.975351,0.927071,500,2026-09-03T19:20:22
tdma_packet_loss,1,50,0.05,5,0,0.025,1,0.72987,0.8,0.931092,6.4,True,64,0,378,89,1910,91247,98000,2000,0.955,0.974965,0.931092,500,2026-09-03T19:20:25
tdma_packet_loss,1,50,0.05,5,0,0.025,2,0.713227,0.6,0.922469,4.5,True,45,0,381,49,1892,90402,98000,2000,0.946,0.975126,0.922469,500,2026-09-03T19:20:22
tdma_packet_loss,1,50,0.05,5,0,0.025,3,0.731019,0.4,0.922878,2.6,True,26,0,404,64,1892,90442,98000,2000,0.946,0.975558,0.922878,500,2026-09-03T19:20:25
tdma_packet_loss,1,50,0.05,5,0,0.025,4,0.721876,0.4,0.928898,4.2,True,42,0,402,76,1904,91032,98000,2000,0.952,0.975733,0.928898,500,2026-09-03T19:20:23
tdma_packet_loss,1,50,0.05,5,0,0.025,5,0.711418,0.0,0.923041,5.8,True,58,0,359,30,1893,90458,98000,2000,0.9465,0.975215,0.923041,500,2026-09-03T19:20:26
tdma_packet_loss,1,50,0.05,5,0,0.025,6,0.68859,0.2,0.928418,3.1,True,31,0,396,63,1904,90985,98000,2000,0.952,0.975229,0.928418,500,2026-09-03T19:20:23
tdma_packet_loss,1,50,0.05,5,0,0.025,7,0.742808,0.2,0.920827,7.0,True,70,0,340,76,1890,90241,98000,2000,0.945,0.97442,0.920827,500,2026-09-03T19:20:26
tdma_packet_loss,1,50,0.05,5,0,0.025,8,0.713584,0.6,0.922806,5.1,True,51,0,358,30,1892,90435,98000,2000,0.946,0.975482,0.922806,500,2026-09-03T19:20:24
tdma_packet_loss,1,50,0.05,5,0,0.025,9,0.716206,0.2,0.922704,6.4,True,64,0,394,21,1892,90425,98000,2000,0.946,0.975374,0.922704,500,2026-09-03T19:20:27
tdma_packet_loss,1,50,0.05,5,0,0.025,10,0.722535,0.0,0.928418,6.2,True,62,0,333,36,1904,90985,98000,2000,0.952,0.975229,0.928418,500,2026-09-03T19:20:24
tdma_packet_loss,1,50,0.05,5,0,0.025,11,0.725114,0.4,0.934265,2.5,True,25,0,415,17,1916,91558,98000,2000,0.958,0.975225,0.934265,500,2026-09-03T19:20:27
tdma_packet_loss,1,50,0.05,5,0,0.025,12,0.726394,0.4,0.92502,3.7,True,37,0,415,42,1896,90652,98000,2000,0.948,0.97576,0.92502,500,2026-09-03T19:20:25
tdma_packet_loss,1,50,0.05,5,0,0.025,13,0.762583,0.0,0.933286,3.8,True,38,0,351,68,1914,91462,98000,2000,0.957,0.97522,0.933286,500,2026-09-03T19:20:28
tdma_packet_loss,1,50,0.05,5,0,0.025,14,0.718373,0.4,0.926684,2.7,True,27,0,434,34,1900,90815,98000,2000,0.95,0.975456,0.926684,500,2026-09-03T19:20:26
tdma_packet_loss,1,50,0.05,5,0,0.05,0,0.594083,0.4,0.93051,50.0,False,500,0,0,143,954,45595,49000,1000,0.954,0.975378,0.93051,500,2026-09-03T19:20:29
tdma_packet_loss,1,50,0.05,5,0,0.05,1,0.546801,1.0,0.932776,3.7,True,37,0,462,34,956,45706,49000,1000,0.956,0.975707,0.932776,500,2026-09-03T19:20:28
tdma_packet_loss,1,50,0.05,5,0,0.05,2,0.550615,0.6,0.91698,12.1,True,121,0,377,500,941,44932,49000,1000,0.941,0.974474,0.91698,500,2026-09-03T19:20:31
tdma_packet_loss,1,50,0.05,5,0,0.05,3,0.545817,0.6,0.915286,50.0,False,500,0,0,38,937,44849,49000,1000,0.937,0.976826,0.915286,500,2026-09-03T19:20:28
tdma_packet_loss,1,50,0.05,5,0,0.05,4,0.583734,0.6,0.932837,50.0,False,500,0,0,35,955,45709,49000,1000,0.955,0.976792,0.932837,500,2026-09-03T19:20:31
tdma_packet_loss,1,50,0.05,5,0,0.05,5,0.514241,0.6,0.917939,50.0,False,500,0,0,388,941,44979,49000,1000,0.941,0.975493,0.917939,500,2026-09-03T19:20:28
tdma_packet_loss,1,50,0.05,5,0,0.05,6,0.562203,1.0,0.928347,50.0,False,500,0,0,34,952,45489,49000,1000,0.952,0.975154,0.928347,500,2026-09-03T19:20:31
tdma_packet_loss,1,50,0.05,5,0,0.05,7,0.516187,0.6,0.919551,50.0,False,500,0,0,61,944,45058,49000,1000,0.944,0.974101,0.919551,500,2026-09-03T19:20:29
tdma_packet_loss,1,50,0.05,5,0,0.05,8,0.606396,1.0,0.924776,50.0,False,500,0,0,50,948,45314,49000,1000,0.948,0.975502,0.924776,500,2026-09-03T19:20:32
tdma_packet_loss,1,50,0.05,5,0,0.05,9,0.563267,0.6,0.919878,38.6,True,386,0,111,60,943,45074,49000,1000,0.943,0.97548,0.919878,500,2026-09-03T19:20:30
tdma_packet_loss,1,50,0.05,5,0,0.05,10,0.435451,0.8,0.928673,50.0,False,500,0,0,37,952,45505,49000,1000,0.952,0.975497,0.928673,500,2026-09-03T19:20:33
tdma_packet_loss,1,50,0.05,5,0,0.05,11,0.53761,0.8,0.927551,50.0,False,500,0,0,158,951,45450,49000,1000,0.951,0.975343,0.927551,500,2026-09-03T19:20:30
tdma_packet_loss,1,50,0.05,5,0,0.05,12,0.587694,0.4,0.923041,50.0,False,500,0,0,391,947,45229,49000,1000,0.947,0.9747,0.923041,500,2026-09-03T19:20:34
tdma_packet_loss,1,50,0.05,5,0,0.05,13,0.506852,0.8,0.932531,50.0,False,500,0,0,33,956,45694,49000,1000,0.956,0.97545,0.932531,500,2026-09-03T19:20:31
tdma_packet_loss,1,50,0.05,5,0,0.05,14,0.580056,0.6,0.921796,50.0,False,500,0,0,113,945,45168,49000,1000,0.945,0.975445,0.921796,500,2026-09-03T19:20:35
tdma_packet_loss,1,50,0.05,5,0,0.1,0,0.480992,0.6,0.936082,50.0,False,500,0,0,144,480,22934,24500,500,0.96,0.975085,0.936082,500,2026-09-03T19:20:31
tdma_packet_loss,1,50,0.05,5,0,0.1,1,0.48799,0.6,0.929224,29.8,True,298,0,198,500,476,22766,24500,500,0.952,0.976076,0.929224,500,2026-09-03T19:20:34
tdma_packet_loss,1,50,0.05,5,0,0.1,2,0.539451,1.0,0.920122,50.0,False,500,0,0,68,472,22543,24500,500,0.944,0.974706,0.920122,500,2026-09-03T19:20:34
tdma_packet_loss,1,50,0.05,5,0,0.1,3,0.452443,0.4,0.906653,50.0,False,500,0,0,478,464,22213,24500,500,0.928,0.976997,0.906653,500,2026-09-03T19:20:36
tdma_packet_loss,1,50,0.05,5,0,0.1,4,0.598327,0.8,0.932245,50.0,False,500,0,0,137,477,22840,24500,500,0.954,0.977196,0.932245,500,2026-09-03T19:20:34
tdma_packet_loss,1,50,0.05,5,0,0.1,5,0.314874,0.8,0.908939,50.0,False,500,0,0,106,466,22269,24500,500,0.932,0.975256,0.908939,500,2026-09-03T19:20:36
tdma_packet_loss,1,50,0.05,5,0,0.1,6,0.587808,0.6,0.925347,50.0,False,500,0,0,500,474,22671,24500,500,0.948,0.976104,0.925347,500,2026-09-03T19:20:34
tdma_packet_loss,1,50,0.05,5,0,0.1,7,0.489905,1.0,0.917102,50.0,False,500,0,0,102,471,22469,24500,500,0.942,0.973569,0.917102,500,2026-09-03T19:20:36
tdma_packet_loss,1,50,0.05,5,0,0.1,8,0.533033,0.8,0.92898,50.0,False,500,0,0,152,476,22760,24500,500,0.952,0.975819,0.92898,500,2026-09-03T19:20:35
tdma_packet_loss,1,50,0.05,5,0,0.1,9,0.476596,0.8,0.92249,50.0,False,500,0,0,322,473,22601,24500,500,0.946,0.975148,0.92249,500,2026-09-03T19:20:37
tdma_packet_loss,1,50,0.05,5,0,0.1,10,0.514833,0.8,0.924939,50.0,False,500,0,0,500,474,22661,24500,500,0.948,0.975674,0.924939,500,2026-09-03T19:20:35
tdma_packet_loss,1,50,0.05,5,0,0.1,11,0.51226,0.6,0.919551,50.0,False,500,0,0,50,471,22529,24500,500,0.942,0.976169,0.919551,500,2026-09-03T19:20:38
tdma_packet_loss,1,50,0.05,5,0,0.1,12,0.513254,0.6,0.943429,50.0,False,500,0,0,89,484,23114,24500,500,0.968,0.974616,0.943429,500,2026-09-03T19:20:36
tdma_packet_loss,1,50,0.05,5,0,0.1,13,0.480177,0.8,0.935918,50.0,False,500,0,0,170,480,22930,24500,500,0.96,0.974915,0.935918,500,2026-09-03T19:20:39
tdma_packet_loss,1,50,0.05,5,0,0.1,14,0.473748,0.4,0.924612,50.0,False,500,0,0,66,474,22653,24500,500,0.948,0.975329,0.924612,500,2026-09-03T19:20:36
tdma_packet_loss,1,50,0.05,5,2,0.025,0,0.703212,0.0,0.922286,3.0,True,30,0,425,223,1891,90384,98000,2000,0.9455,0.975448,0.922286,500,2026-09-03T19:20:40
tdma_packet_loss,1,50,0.05,5,2,0.025,1,0.711063,0.4,0.933031,11.1,True,111,0,363,38,1914,91437,98000,2000,0.957,0.974954,0.933031,500,2026-09-03T19:20:38
tdma_packet_loss,1,50,0.05,5,2,0.025,2,0.709121,0.2,0.924418,3.5,True,35,0,420,34,1896,90593,98000,2000,0.948,0.975125,0.924418,500,2026-09-03T19:20:43
tdma_packet_loss,1,50,0.05,5,2,0.025,3,0.756675,0.2,0.924827,2.8,True,28,0,405,31,1896,90633,98000,2000,0.948,0.975555,0.924827,500,2026-09-03T19:20:40
tdma_packet_loss,1,50,0.05,5,2,0.025,4,0.741707,0.2,0.930765,4.8,True,48,0,394,22,1908,91215,98000,2000,0.954,0.975645,0.930765,500,2026-09-03T19:20:44
tdma_packet_loss,1,50,0.05,5,2,0.025,5,0.727394,0.2,0.92451,2.4,True,24,0,416,191,1896,90602,98000,2000,0.948,0.975222,0.92451,500,2026-09-03T19:20:40
tdma_packet_loss,1,50,0.05,5,2,0.025,6,0.694151,0.4,0.930327,3.2,True,32,0,325,50,1908,91172,98000,2000,0.954,0.975185,0.930327,500,2026-09-03T19:20:44
tdma_packet_loss,1,50,0.05,5,2,0.025,7,0.700877,0.2,0.915041,2.4,True,24,0,380,34,1878,89674,98000,2000,0.939,0.974484,0.915041,500,2026-09-03T19:20:40
tdma_packet_loss,1,50,0.05,5,2,0.025,8,0.729688,0.4,0.924704,6.9,True,69,0,379,73,1896,90621,98000,2000,0.948,0.975426,0.924704,500,2026-09-03T19:20:44
tdma_packet_loss,1,50,0.05,5,2,0.025,9,0.738548,0.2,0.924643,3.0,True,30,0,414,26,1896,90615,98000,2000,0.948,0.975362,0.924643,500,2026-09-03T19:20:41
tdma_packet_loss,1,50,0.05,5,2,0.025,10,0.76209,0.0,0.930327,2.2,True,22,0,325,38,1908,91172,98000,2000,0.954,0.975185,0.930327,500,2026-09-03T19:20:46
tdma_packet_loss,1,50,0.05,5,2,0.025,11,0.725255,0.2,0.921755,11.2,True,112,0,288,111,1890,90332,98000,2000,0.945,0.975402,0.921755,500,2026-09-03T19:20:41
tdma_packet_loss,1,50,0.05,5,2,0.025,12,0.718064,0.2,0.926898,5.6,True,56,0,384,15,1900,90836,98000,2000,0.95,0.975682,0.926898,500,2026-09-03T19:20:46
tdma_packet_loss,1,50,0.05,5,2,0.025,13,0.737853,0.0,0.919714,6.4,True,64,0,349,76,1886,90132,98000,2000,0.943,0.975307,0.919714,500,2026-09-03T19:20:43
tdma_packet_loss,1,50,0.05,5,2,0.025,14,0.7276,0.4,0.928724,7.4,True,74,0,381,128,1904,91015,98000,2000,0.952,0.975551,0.928724,500,2026-09-03T19:20:47
tdma_packet_loss,1,50,0.05,5,2,0.05,0,0.558814,0.8,0.923796,50.0,False,500,0,0,50,947,45266,49000,1000,0.947,0.975497,0.923796,500,2026-09-03T19:20:44
tdma_packet_loss,1,50,0.05,5,2,0.05,1,0.496271,0.6,0.936673,50.0,False,500,0,0,38,960,45897,49000,1000,0.96,0.975702,0.936673,500,2026-09-03T19:20:48
tdma_packet_loss,1,50,0.05,5,2,0.05,2,0.568225,0.4,0.920796,50.0,False,500,0,0,44,945,45119,49000,1000,0.945,0.974387,0.920796,500,2026-09-03T19:20:47
tdma_packet_loss,1,50,0.05,5,2,0.05,3,0.550672,0.4,0.919082,50.0,False,500,0,0,48,941,45035,49000,1000,0.941,0.976707,0.919082,500,2026-09-03T19:20:50
tdma_packet_loss,1,50,0.05,5,2,0.05,4,0.626418,0.6,0.936612,35.6,True,356,0,135,38,959,45894,49000,1000,0.959,0.976655,0.936612,500,2026-09-03T19:20:48
tdma_packet_loss,1,50,0.05,5,2,0.05,5,0.599082,0.6,0.921898,21.1,True,211,0,287,39,945,45173,49000,1000,0.945,0.975553,0.921898,500,2026-09-03T19:20:51
tdma_packet_loss,1,50,0.05,5,2,0.05,6,0.57212,0.8,0.932184,50.0,False,500,0,0,209,956,45677,49000,1000,0.956,0.975088,0.932184,500,2026-09-03T19:20:48
tdma_packet_loss,1,50,0.05,5,2,0.05,7,0.472721,0.2,0.913653,50.0,False,500,0,0,72,938,44769,49000,1000,0.938,0.974044,0.913653,500,2026-09-03T19:20:52
tdma_packet_loss,1,50,0.05,5,2,0.05,8,0.558354,0.8,0.928612,50.0,False,500,0,0,102,952,45502,49000,1000,0.952,0.975433,0.928612,500,2026-09-03T19:20:48
tdma_packet_loss,1,50,0.05,5,2,0.05,9,0.55058,0.6,0.923694,50.0,False,500,0,0,143,947,45261,49000,1000,0.947,0.97539,0.923694,500,2026-09-03T19:20:52
tdma_packet_loss,1,50,0.05,5,2,0.05,10,0.466398,0.4,0.932429,50.0,False,500,0,0,128,956,45689,49000,1000,0.956,0.975344,0.932429,500,2026-09-03T19:20:49
tdma_packet_loss,1,50,0.05,5,2,0.05,11,0.572937,0.8,0.913,50.0,False,500,0,0,60,936,44737,49000,1000,0.936,0.975427,0.913,500,2026-09-03T19:20:53
tdma_packet_loss,1,50,0.05,5,2,0.05,12,0.564359,0.4,0.921918,50.0,False,500,0,0,90,946,45174,49000,1000,0.946,0.974544,0.921918,500,2026-09-03T19:20:50
tdma_packet_loss,1,50,0.05,5,2,0.05,13,0.544583,1.0,0.920755,50.0,False,500,0,0,153,944,45117,49000,1000,0.944,0.975376,0.920755,500,2026-09-03T19:20:53
tdma_packet_loss,1,50,0.05,5,2,0.05,14,0.487362,0.6,0.919918,50.0,False,500,0,0,103,943,45076,49000,1000,0.943,0.975523,0.919918,500,2026-09-03T19:20:51
tdma_packet_loss,1,50,0.05,5,2,0.1,0,0.526097,0.8,0.922694,50.0,False,500,0,0,326,473,22606,24500,500,0.946,0.975364,0.922694,500,2026-09-03T19:20:54
tdma_packet_loss,1,50,0.05,5,2,0.1,1,0.498996,1.0,0.936898,50.0,False,500,0,0,373,480,22954,24500,500,0.96,0.975935,0.936898,500,2026-09-03T19:20:51
tdma_packet_loss,1,50,0.05,5,2,0.1,2,0.521242,0.8,0.927918,50.0,False,500,0,0,500,476,22734,24500,500,0.952,0.974704,0.927918,500,2026-09-03T19:20:53
tdma_packet_loss,1,50,0.05,5,2,0.1,3,0.440728,1.0,0.914327,50.0,False,500,0,0,74,468,22401,24500,500,0.936,0.976845,0.914327,500,2026-09-03T19:20:53
tdma_packet_loss,1,50,0.05,5,2,0.1,4,0.432861,0.8,0.924571,50.0,False,500,0,0,244,473,22652,24500,500,0.946,0.977348,0.924571,500,2026-09-03T19:20:55
tdma_packet_loss,1,50,0.05,5,2,0.1,5,0.522327,0.8,0.916776,50.0,False,500,0,0,68,470,22461,24500,500,0.94,0.975293,0.916776,500,2026-09-03T19:20:54
tdma_packet_loss,1,50,0.05,5,2,0.1,6,0.515207,1.0,0.932776,50.0,False,500,0,0,127,478,22853,24500,500,0.956,0.975707,0.932776,500,2026-09-03T19:20:57
tdma_packet_loss,1,50,0.05,5,2,0.1,7,0.502748,0.8,0.909388,50.0,False,500,0,0,113,467,22280,24500,500,0.934,0.973649,0.909388,500,2026-09-03T19:20:54
tdma_packet_loss,1,50,0.05,5,2,0.1,8,0.513015,0.8,0.925061,50.0,False,500,0,0,84,474,22664,24500,500,0.948,0.975803,0.925061,500,2026-09-03T19:20:57
tdma_packet_loss,1,50,0.05,5,2,0.1,9,0.4686,0.4,0.928041,50.0,False,500,0,0,61,476,22737,24500,500,0.952,0.974833,0.928041,500,2026-09-03T19:20:55
tdma_packet_loss,1,50,0.05,5,2,0.1,10,0.450749,0.4,0.932571,50.0,False,500,0,0,175,478,22848,24500,500,0.956,0.975493,0.932571,500,2026-09-03T19:20:57
tdma_packet_loss,1,50,0.05,5,2,0.1,11,0.495135,1.0,0.909755,50.0,False,500,0,0,500,466,22289,24500,500,0.932,0.976132,0.909755,500,2026-09-03T19:20:56
tdma_packet_loss,1,50,0.05,5,2,0.1,12,0.47472,1.0,0.922327,50.0,False,500,0,0,38,473,22597,24500,500,0.946,0.974975,0.922327,500,2026-09-03T19:20:58
tdma_packet_loss,1,50,0.05,5,2,0.1,13,0.536672,1.0,0.924122,50.0,False,500,0,0,264,474,22641,24500,500,0.948,0.974813,0.924122,500,2026-09-03T19:20:56
tdma_packet_loss,1,50,0.05,5,2,0.1,14,0.490736,1.0,0.907306,50.0,False,500,0,0,500,465,22229,24500,500,0.93,0.975598,0.907306,500,2026-09-03T19:20:59
tdma_packet_loss,1,50,0.05,5,5,0.025,0,0.730761,0.2,0.924704,6.1,True,61,0,384,41,1896,90621,98000,2000,0.948,0.975426,0.924704,500,2026-09-03T19:20:57
tdma_packet_loss,1,50,0.05,5,5,0.025,1,0.731912,0.4,0.935939,3.6,True,36,0,377,57,1920,91722,98000,2000,0.96,0.974936,0.935939,500,2026-09-03T19:21:01
tdma_packet_loss,1,50,0.05,5,5,0.025,2,0.732298,0.0,0.921459,3.5,True,35,0,416,75,1890,90303,98000,2000,0.945,0.975089,0.921459,500,2026-09-03T19:20:58
tdma_packet_loss,1,50,0.05,5,5,0.025,3,0.69493,0.8,0.927714,7.8,True,78,0,366,57,1902,90916,98000,2000,0.951,0.975514,0.927714,500,2026-09-03T19:21:02
tdma_packet_loss,1,50,0.05,5,5,0.025,4,0.699721,0.6,0.923551,7.2,True,72,0,390,71,1893,90508,98000,2000,0.9465,0.975754,0.923551,500,2026-09-03T19:21:00
tdma_packet_loss,1,50,0.05,5,5,0.025,5,0.709693,0.0,0.92748,10.0,True,100,0,335,90,1902,90893,98000,2000,0.951,0.975268,0.92748,500,2026-09-03T19:21:03
tdma_packet_loss,1,50,0.05,5,5,0.025,6,0.732622,0.4,0.931786,3.3,True,33,0,380,39,1911,91315,98000,2000,0.9555,0.975181,0.931786,500,2026-09-03T19:21:01
tdma_packet_loss,1,50,0.05,5,5,0.025,7,0.724051,0.6,0.91799,3.9,True,39,0,406,59,1884,89963,98000,2000,0.942,0.974511,0.91799,500,2026-09-03T19:21:05
tdma_packet_loss,1,50,0.05,5,5,0.025,8,0.714899,0.4,0.927102,7.6,True,76,0,392,46,1901,90856,98000,2000,0.9505,0.975384,0.927102,500,2026-09-03T19:21:01
tdma_packet_loss,1,50,0.05,5,5,0.025,9,0.722468,0.2,0.927459,15.6,True,156,0,305,37,1902,90891,98000,2000,0.951,0.975246,0.927459,500,2026-09-03T19:21:04
tdma_packet_loss,1,50,0.05,5,5,0.025,10,0.71865,0.0,0.932745,2.2,True,22,0,365,26,1913,91409,98000,2000,0.9565,0.975165,0.932745,500,2026-09-03T19:21:01
tdma_packet_loss,1,50,0.05,5,5,0.025,11,0.681741,0.6,0.924622,6.5,True,65,0,399,39,1896,90613,98000,2000,0.948,0.97534,0.924622,500,2026-09-03T19:21:05
tdma_packet_loss,1,50,0.05,5,5,0.025,12,0.763597,0.4,0.928837,2.9,True,29,0,438,22,1904,91026,98000,2000,0.952,0.975669,0.928837,500,2026-09-03T19:21:02
tdma_packet_loss,1,50,0.05,5,5,0.025,13,0.748563,0.2,0.920286,4.3,True,43,0,386,51,1887,90188,98000,2000,0.9435,0.975396,0.920286,500,2026-09-03T19:21:06
tdma_packet_loss,1,50,0.05,5,5,0.025,14,0.725581,0.4,0.930643,24.2,True,242,0,210,206,1908,91203,98000,2000,0.954,0.975517,0.930643,500,2026-09-03T19:21:02
tdma_packet_loss,1,50,0.05,5,5,0.05,0,0.506588,0.6,0.929592,50.0,False,500,0,0,55,953,45550,49000,1000,0.953,0.975437,0.929592,500,2026-09-03T19:21:06
tdma_packet_loss,1,50,0.05,5,5,0.05,1,0.558666,1.0,0.941469,50.0,False,500,0,0,32,965,46132,49000,1000,0.965,0.975616,0.941469,500,2026-09-03T19:21:05
tdma_packet_loss,1,50,0.05,5,5,0.05,2,0.544633,0.8,0.915918,50.0,False,500,0,0,164,940,44880,49000,1000,0.94,0.974381,0.915918,500,2026-09-03T19:21:08
tdma_packet_loss,1,50,0.05,5,5,0.05,3,0.573577,0.6,0.923837,50.0,False,500,0,0,104,946,45268,49000,1000,0.946,0.976572,0.923837,500,2026-09-03T19:21:05
tdma_packet_loss,1,50,0.05,5,5,0.05,4,0.626768,0.6,0.92602,50.0,False,500,0,0,30,948,45375,49000,1000,0.948,0.976815,0.92602,500,2026-09-03T19:21:09
tdma_packet_loss,1,50,0.05,5,5,0.05,5,0.503477,0.2,0.927776,50.0,False,500,0,0,168,951,45461,49000,1000,0.951,0.975579,0.927776,500,2026-09-03T19:21:07
tdma_packet_loss,1,50,0.05,5,5,0.05,6,0.582808,0.6,0.937,50.0,False,500,0,0,33,961,45913,49000,1000,0.961,0.975026,0.937,500,2026-09-03T19:21:10
tdma_packet_loss,1,50,0.05,5,5,0.05,7,0.561382,0.4,0.917612,50.0,False,500,0,0,77,942,44963,49000,1000,0.942,0.974111,0.917612,500,2026-09-03T19:21:08
tdma_packet_loss,1,50,0.05,5,5,0.05,8,0.548666,1.0,0.934347,50.0,False,500,0,0,108,958,45783,49000,1000,0.958,0.97531,0.934347,500,2026-09-03T19:21:11
tdma_packet_loss,1,50,0.05,5,5,0.05,9,0.56955,0.8,0.922571,50.0,False,500,0,0,29,946,45206,49000,1000,0.946,0.975234,0.922571,500,2026-09-03T19:21:08
tdma_packet_loss,1,50,0.05,5,5,0.05,10,0.535694,0.4,0.938327,50.0,False,500,0,0,112,962,45978,49000,1000,0.962,0.975391,0.938327,500,2026-09-03T19:21:11
tdma_packet_loss,1,50,0.05,5,5,0.05,11,0.541002,1.0,0.918796,50.0,False,500,0,0,55,942,45021,49000,1000,0.942,0.975367,0.918796,500,2026-09-03T19:21:09
tdma_packet_loss,1,50,0.05,5,5,0.05,12,0.572163,0.6,0.927796,50.0,False,500,0,0,500,952,45462,49000,1000,0.952,0.974576,0.927796,500,2026-09-03T19:21:12
tdma_packet_loss,1,50,0.05,5,5,0.05,13,0.566366,0.6,0.914551,50.0,False,500,0,0,34,937,44813,49000,1000,0.937,0.976042,0.914551,500,2026-09-03T19:21:09
tdma_packet_loss,1,50,0.05,5,5,0.05,14,0.608345,0.2,0.925612,50.0,False,500,0,0,31,949,45355,49000,1000,0.949,0.975355,0.925612,500,2026-09-03T19:21:13
tdma_packet_loss,1,50,0.05,5,5,0.1,0,0.474047,1.0,0.932449,50.0,False,500,0,0,500,478,22845,24500,500,0.956,0.975365,0.932449,500,2026-09-03T19:21:09
tdma_packet_loss,1,50,0.05,5,5,0.1,1,0.503381,0.8,0.948571,50.0,False,500,0,0,73,486,23240,24500,500,0.972,0.975897,0.948571,500,2026-09-03T19:21:12
tdma_packet_loss,1,50,0.05,5,5,0.1,2,0.537368,0.8,0.918041,50.0,False,500,0,0,281,471,22492,24500,500,0.942,0.974566,0.918041,500,2026-09-03T19:21:11
tdma_packet_loss,1,50,0.05,5,5,0.1,3,0.459579,0.8,0.926041,50.0,False,500,0,0,163,474,22688,24500,500,0.948,0.976836,0.926041,500,2026-09-03T19:21:13
tdma_packet_loss,1,50,0.05,5,5,0.1,4,0.540235,1.0,0.934122,50.0,False,500,0,0,187,478,22886,24500,500,0.956,0.977116,0.934122,500,2026-09-03T19:21:11
tdma_packet_loss,1,50,0.05,5,5,0.1,5,0.586626,1.0,0.920816,50.0,False,500,0,0,500,472,22560,24500,500,0.944,0.975441,0.920816,500,2026-09-03T19:21:14
tdma_packet_loss,1,50,0.05,5,5,0.1,6,0.480911,0.8,0.942694,50.0,False,500,0,0,112,483,23096,24500,500,0.966,0.975874,0.942694,500,2026-09-03T19:21:13
tdma_packet_loss,1,50,0.05,5,5,0.1,7,0.480242,0.6,0.915102,50.0,False,500,0,0,250,470,22420,24500,500,0.94,0.973513,0.915102,500,2026-09-03T19:21:15
tdma_packet_loss,1,50,0.05,5,5,0.1,8,0.552188,0.8,0.93649,50.0,False,500,0,0,300,480,22944,24500,500,0.96,0.97551,0.93649,500,2026-09-03T19:21:14
tdma_packet_loss,1,50,0.05,5,5,0.1,9,0.502839,0.6,0.916816,50.0,False,500,0,0,500,470,22462,24500,500,0.94,0.975337,0.916816,500,2026-09-03T19:21:16
tdma_packet_loss,1,50,0.05,5,5,0.1,10,0.425372,0.8,0.944286,50.0,False,500,0,0,500,484,23135,24500,500,0.968,0.975502,0.944286,500,2026-09-03T19:21:14
tdma_packet_loss,1,50,0.05,5,5,0.1,11,0.473148,0.4,0.921306,50.0,False,500,0,0,500,472,22572,24500,500,0.944,0.97596,0.921306,500,2026-09-03T19:21:16
tdma_packet_loss,1,50,0.05,5,5,0.1,12,0.579518,1.0,0.924245,50.0,False,500,0,0,99,474,22644,24500,500,0.948,0.974942,0.924245,500,2026-09-03T19:21:14
tdma_packet_loss,1,50,0.05,5,5,0.1,13,0.565222,0.8,0.910898,50.0,False,500,0,0,500,467,22317,24500,500,0.934,0.975265,0.910898,500,2026-09-03T19:21:17
tdma_packet_loss,1,50,0.05,5,5,0.1,14,0.568489,1.0,0.918857,50.0,False,500,0,0,34,471,22512,24500,500,0.942,0.975432,0.918857,500,2026-09-03T19:21:14
tdma_packet_loss,1,50,0.05,10,0,0.025,0,0.646693,0.5,0.924704,8.4,True,84,0,402,172,1896,90621,98000,2000,0.948,0.975426,0.924704,500,2026-09-03T19:21:18
tdma_packet_loss,1,50,0.05,10,0,0.025,1,0.710617,0.4,0.935939,21.3,True,213,0,284,243,1920,91722,98000,2000,0.96,0.974936,0.935939,500,2026-09-03T19:21:17
tdma_packet_loss,1,50,0.05,10,0,0.025,2,0.734057,0.2,0.921459,13.6,True,136,0,354,267,1890,90303,98000,2000,0.945,0.975089,0.921459,500,2026-09-03T19:21:20
tdma_packet_loss,1,50,0.05,10,0,0.025,3,0.691171,0.6,0.927714,30.6,True,306,0,185,120,1902,90916,98000,2000,0.951,0.975514,0.927714,500,2026-09-03T19:21:17
tdma_packet_loss,1,50,0.05,10,0,0.025,4,0.685874,0.3,0.923551,3.0,True,30,0,455,80,1893,90508,98000,2000,0.9465,0.975754,0.923551,500,2026-09-03T19:21:22
tdma_packet_loss,1,50,0.05,10,0,0.025,5,0.729811,0.1,0.92748,15.5,True,155,0,329,223,1902,90893,98000,2000,0.951,0.975268,0.92748,500,2026-09-03T19:21:18
tdma_packet_loss,1,50,0.05,10,0,0.025,6,0.709126,0.4,0.931786,5.2,True,52,0,424,229,1911,91315,98000,2000,0.9555,0.975181,0.931786,500,2026-09-03T19:21:22
tdma_packet_loss,1,50,0.05,10,0,0.025,7,0.685768,0.2,0.91799,24.9,True,249,0,234,76,1884,89963,98000,2000,0.942,0.974511,0.91799,500,2026-09-03T19:21:19
tdma_packet_loss,1,50,0.05,10,0,0.025,8,0.644695,0.4,0.927102,13.4,True,134,0,363,500,1901,90856,98000,2000,0.9505,0.975384,0.927102,500,2026-09-03T19:21:24
tdma_packet_loss,1,50,0.05,10,0,0.025,9,0.706144,0.5,0.927459,28.3,True,283,0,212,123,1902,90891,98000,2000,0.951,0.975246,0.927459,500,2026-09-03T19:21:20
tdma_packet_loss,1,50,0.05,10,0,0.025,10,0.695813,0.4,0.932745,35.3,True,353,0,145,234,1913,91409,98000,2000,0.9565,0.975165,0.932745,500,2026-09-03T19:21:25
tdma_packet_loss,1,50,0.05,10,0,0.025,11,0.716965,0.1,0.924622,5.5,True,55,0,441,500,1896,90613,98000,2000,0.948,0.97534,0.924622,500,2026-09-03T19:21:20
tdma_packet_loss,1,50,0.05,10,0,0.025,12,0.671257,0.2,0.928837,4.4,True,44,0,424,93,1904,91026,98000,2000,0.952,0.975669,0.928837,500,2026-09-03T19:21:25
tdma_packet_loss,1,50,0.05,10,0,0.025,13,0.694569,0.3,0.920286,22.4,True,224,0,268,142,1887,90188,98000,2000,0.9435,0.975396,0.920286,500,2026-09-03T19:21:21
tdma_packet_loss,1,50,0.05,10,0,0.025,14,0.655692,0.7,0.930643,34.0,True,340,0,156,269,1908,91203,98000,2000,0.954,0.975517,0.930643,500,2026-09-03T19:21:25
tdma_packet_loss,1,50,0.05,10,0,0.05,0,0.436103,0.4,0.929592,50.0,False,500,0,0,112,953,45550,49000,1000,0.953,0.975437,0.929592,500,2026-09-03T19:21:22
tdma_packet_loss,1,50,0.05,10,0,0.05,1,0.437459,0.4,0.941469,50.0,False,500,0,0,500,965,46132,49000,1000,0.965,0.975616,0.941469,500,2026-09-03T19:21:26
tdma_packet_loss,1,50,0.05,10,0,0.05,2,0.413537,0.6,0.915918,50.0,False,500,0,0,500,940,44880,49000,1000,0.94,0.974381,0.915918,500,2026-09-03T19:21:24
tdma_packet_loss,1,50,0.05,10,0,0.05,3,0.413194,0.8,0.923837,50.0,False,500,0,0,500,946,45268,49000,1000,0.946,0.976572,0.923837,500,2026-09-03T19:21:28
tdma_packet_loss,1,50,0.05,10,0,0.05,4,0.467215,0.5,0.92602,50.0,False,500,0,0,500,948,45375,49000,1000,0.948,0.976815,0.92602,500,2026-09-03T19:21:25
tdma_packet_loss,1,50,0.05,10,0,0.05,5,0.393089,0.4,0.927776,50.0,False,500,0,0,500,951,45461,49000,1000,0.951,0.975579,0.927776,500,2026-09-03T19:21:29
tdma_packet_loss,1,50,0.05,10,0,0.05,6,0.452396,0.7,0.937,50.0,False,500,0,0,500,961,45913,49000,1000,0.961,0.975026,0.937,500,2026-09-03T19:21:26
tdma_packet_loss,1,50,0.05,10,0,0.05,7,0.466479,0.3,0.917612,50.0,False,500,0,0,500,942,44963,49000,1000,0.942,0.974111,0.917612,500,2026-09-03T19:21:30
tdma_packet_loss,1,50,0.05,10,0,0.05,8,0.492423,0.6,0.934347,50.0,False,500,0,0,500,958,45783,49000,1000,0.958,0.97531,0.934347,500,2026-09-03T19:21:28
tdma_packet_loss,1,50,0.05,10,0,0.05,9,0.424242,0.7,0.922571,50.0,False,500,0,0,500,946,45206,49000,1000,0.946,0.975234,0.922571,500,2026-09-03T19:21:32
tdma_packet_loss,1,50,0.05,10,0,0.05,10,0.504567,0.5,0.938327,50.0,False,500,0,0,500,962,45978,49000,1000,0.962,0.975391,0.938327,500,2026-09-03T19:21:28
tdma_packet_loss,1,50,0.05,10,0,0.05,11,0.452641,0.7,0.918796,50.0,False,500,0,0,500,942,45021,49000,1000,0.942,0.975367,0.918796,500,2026-09-03T19:21:33
tdma_packet_loss,1,50,0.05,10,0,0.05,12,0.396617,0.8,0.927796,50.0,False,500,0,0,500,952,45462,49000,1000,0.952,0.974576,0.927796,500,2026-09-03T19:21:29
tdma_packet_loss,1,50,0.05,10,0,0.05,13,0.468517,0.7,0.914551,50.0,False,500,0,0,500,937,44813,49000,1000,0.937,0.976042,0.914551,500,2026-09-03T19:21:33
tdma_packet_loss,1,50,0.05,10,0,0.05,14,0.377188,0.3,0.925612,50.0,False,500,0,0,500,949,45355,49000,1000,0.949,0.975355,0.925612,500,2026-09-03T19:21:29
tdma_packet_loss,1,50,0.05,10,0,0.1,0,0.330313,0.6,0.932449,50.0,False,500,0,0,500,478,22845,24500,500,0.956,0.975365,0.932449,500,2026-09-03T19:21:33
tdma_packet_loss,1,50,0.05,10,0,0.1,1,0.401881,0.7,0.948571,50.0,False,500,0,0,500,486,23240,24500,500,0.972,0.975897,0.948571,500,2026-09-03T19:21:29
tdma_packet_loss,1,50,0.05,10,0,0.1,2,0.380749,0.6,0.918041,50.0,False,500,0,0,500,471,22492,24500,500,0.942,0.974566,0.918041,500,2026-09-03T19:21:33
tdma_packet_loss,1,50,0.05,10,0,0.1,3,0.437172,0.5,0.926041,50.0,False,500,0,0,500,474,22688,24500,500,0.948,0.976836,0.926041,500,2026-09-03T19:21:32
tdma_packet_loss,1,50,0.05,10,0,0.1,4,0.498903,0.7,0.934122,50.0,False,500,0,0,500,478,22886,24500,500,0.956,0.977116,0.934122,500,2026-09-03T19:21:35
tdma_packet_loss,1,50,0.05,10,0,0.1,5,0.397762,0.2,0.920816,50.0,False,500,0,0,500,472,22560,24500,500,0.944,0.975441,0.920816,500,2026-09-03T19:21:33
tdma_packet_loss,1,50,0.05,10,0,0.1,6,0.399279,0.9,0.942694,50.0,False,500,0,0,500,483,23096,24500,500,0.966,0.975874,0.942694,500,2026-09-03T19:21:36
tdma_packet_loss,1,50,0.05,10,0,0.1,7,0.364191,0.4,0.915102,50.0,False,500,0,0,500,470,22420,24500,500,0.94,0.973513,0.915102,500,2026-09-03T19:21:34
tdma_packet_loss,1,50,0.05,10,0,0.1,8,0.378529,0.8,0.93649,50.0,False,500,0,0,500,480,22944,24500,500,0.96,0.97551,0.93649,500,2026-09-03T19:21:37
tdma_packet_loss,1,50,0.05,10,0,0.1,9,0.422445,0.4,0.916816,50.0,False,500,0,0,500,470,22462,24500,500,0.94,0.975337,0.916816,500,2026-09-03T19:21:35
tdma_packet_loss,1,50,0.05,10,0,0.1,10,0.343067,0.7,0.944286,50.0,False,500,0,0,500,484,23135,24500,500,0.968,0.975502,0.944286,500,2026-09-03T19:21:39
tdma_packet_loss,1,50,0.05,10,0,0.1,11,0.374042,0.9,0.921306,50.0,False,500,0,0,500,472,22572,24500,500,0.944,0.97596,0.921306,500,2026-09-03T19:21:36
tdma_packet_loss,1,50,0.05,10,0,0.1,12,0.418511,0.9,0.924245,50.0,False,500,0,0,500,474,22644,24500,500,0.948,0.974942,0.924245,500,2026-09-03T19:21:39
tdma_packet_loss,1,50,0.05,10,0,0.1,13,0.283571,0.8,0.910898,50.0,False,500,0,0,500,467,22317,24500,500,0.934,0.975265,0.910898,500,2026-09-03T19:21:36
tdma_packet_loss,1,50,0.05,10,0,0.1,14,0.352837,0.5,0.918857,50.0,False,500,0,0,500,471,22512,24500,500,0.942,0.975432,0.918857,500,2026-09-03T19:21:39
tdma_packet_loss,1,50,0.05,10,2,0.025,0,0.671323,0.2,0.920327,3.4,True,34,0,459,500,1887,90192,98000,2000,0.9435,0.975439,0.920327,500,2026-09-03T19:21:38
tdma_packet_loss,1,50,0.05,10,2,0.025,1,0.710975,0.5,0.917133,10.8,True,108,0,370,113,1881,89879,98000,2000,0.9405,0.975154,0.917133,500,2026-09-03T19:21:42
tdma_packet_loss,1,50,0.05,10,2,0.025,2,0.724825,0.4,0.922439,13.1,True,131,0,360,474,1892,90399,98000,2000,0.946,0.975094,0.922439,500,2026-09-03T19:21:38
tdma_packet_loss,1,50,0.05,10,2,0.025,3,0.72238,0.3,0.929622,12.1,True,121,0,370,158,1906,91103,98000,2000,0.953,0.97547,0.929622,500,2026-09-03T19:21:42
tdma_packet_loss,1,50,0.05,10,2,0.025,4,0.678089,0.3,0.92551,6.9,True,69,0,423,111,1897,90700,98000,2000,0.9485,0.975762,0.92551,500,2026-09-03T19:21:40
tdma_packet_loss,1,50,0.05,10,2,0.025,5,0.647842,0.3,0.929388,16.1,True,161,0,335,129,1906,91080,98000,2000,0.953,0.975223,0.929388,500,2026-09-03T19:21:44
tdma_packet_loss,1,50,0.05,10,2,0.025,6,0.712749,0.2,0.929327,9.9,True,99,0,395,500,1906,91074,98000,2000,0.953,0.975159,0.929327,500,2026-09-03T19:21:41
tdma_packet_loss,1,50,0.05,10,2,0.025,7,0.661664,0.4,0.919918,7.1,True,71,0,424,287,1888,90152,98000,2000,0.944,0.97449,0.919918,500,2026-09-03T19:21:45
tdma_packet_loss,1,50,0.05,10,2,0.025,8,0.694372,0.3,0.929082,20.8,True,208,0,290,336,1905,91050,98000,2000,0.9525,0.975414,0.929082,500,2026-09-03T19:21:42
tdma_packet_loss,1,50,0.05,10,2,0.025,9,0.690029,0.5,0.929418,5.3,True,53,0,430,180,1906,91083,98000,2000,0.953,0.975255,0.929418,500,2026-09-03T19:21:46
tdma_packet_loss,1,50,0.05,10,2,0.025,10,0.688487,0.4,0.925469,13.8,True,138,0,358,275,1898,90696,98000,2000,0.949,0.975205,0.925469,500,2026-09-03T19:21:43
tdma_packet_loss,1,50,0.05,10,2,0.025,11,0.706521,0.3,0.926531,9.6,True,96,0,387,137,1900,90800,98000,2000,0.95,0.975295,0.926531,500,2026-09-03T19:21:48
tdma_packet_loss,1,50,0.05,10,2,0.025,12,0.667139,0.2,0.930816,15.6,True,156,0,331,44,1908,91220,98000,2000,0.954,0.975698,0.930816,500,2026-09-03T19:21:43
tdma_packet_loss,1,50,0.05,10,2,0.025,13,0.656429,0.2,0.922173,16.1,True,161,0,337,70,1891,90373,98000,2000,0.9455,0.975329,0.922173,500,2026-09-03T19:21:48
tdma_packet_loss,1,50,0.05,10,2,0.025,14,0.720946,0.4,0.932561,8.9,True,89,0,393,94,1912,91391,98000,2000,0.956,0.975482,0.932561,500,2026-09-03T19:21:44
tdma_packet_loss,1,50,0.05,10,2,0.05,0,0.450733,0.7,0.915102,50.0,False,500,0,0,500,938,44840,49000,1000,0.938,0.975589,0.915102,500,2026-09-03T19:21:48
tdma_packet_loss,1,50,0.05,10,2,0.05,1,0.440177,0.6,0.921224,50.0,False,500,0,0,500,944,45140,49000,1000,0.944,0.975873,0.921224,500,2026-09-03T19:21:46
tdma_packet_loss,1,50,0.05,10,2,0.05,2,0.436332,0.6,0.919898,50.0,False,500,0,0,500,944,45075,49000,1000,0.944,0.974468,0.919898,500,2026-09-03T19:21:50
tdma_packet_loss,1,50,0.05,10,2,0.05,3,0.419145,0.6,0.927694,50.0,False,500,0,0,500,950,45457,49000,1000,0.95,0.97652,0.927694,500,2026-09-03T19:21:46
tdma_packet_loss,1,50,0.05,10,2,0.05,4,0.528993,0.6,0.929959,50.0,False,500,0,0,398,952,45568,49000,1000,0.952,0.976848,0.929959,500,2026-09-03T19:21:50
tdma_packet_loss,1,50,0.05,10,2,0.05,5,0.393077,0.5,0.931612,50.0,False,500,0,0,500,955,45649,49000,1000,0.955,0.97551,0.931612,500,2026-09-03T19:21:48
tdma_packet_loss,1,50,0.05,10,2,0.05,6,0.44881,0.7,0.928286,50.0,False,500,0,0,500,952,45486,49000,1000,0.952,0.97509,0.928286,500,2026-09-03T19:21:52
tdma_packet_loss,1,50,0.05,10,2,0.05,7,0.402619,0.6,0.920531,50.0,False,500,0,0,500,945,45106,49000,1000,0.945,0.974106,0.920531,500,2026-09-03T19:21:49
tdma_packet_loss,1,50,0.05,10,2,0.05,8,0.47375,0.7,0.937224,50.0,False,500,0,0,500,961,45924,49000,1000,0.961,0.97526,0.937224,500,2026-09-03T19:21:53
tdma_packet_loss,1,50,0.05,10,2,0.05,9,0.465219,0.7,0.926449,50.0,False,500,0,0,500,950,45396,49000,1000,0.95,0.975209,0.926449,500,2026-09-03T19:21:50
tdma_packet_loss,1,50,0.05,10,2,0.05,10,0.452756,0.6,0.925633,50.0,False,500,0,0,500,949,45356,49000,1000,0.949,0.975377,0.925633,500,2026-09-03T19:21:54
tdma_packet_loss,1,50,0.05,10,2,0.05,11,0.39802,0.4,0.922592,50.0,False,500,0,0,197,946,45207,49000,1000,0.946,0.975256,0.922592,500,2026-09-03T19:21:52
tdma_packet_loss,1,50,0.05,10,2,0.05,12,0.462879,0.6,0.931735,50.0,False,500,0,0,500,956,45655,49000,1000,0.956,0.974618,0.931735,500,2026-09-03T19:21:54
tdma_packet_loss,1,50,0.05,10,2,0.05,13,0.409921,0.8,0.918122,50.0,False,500,0,0,500,941,44988,49000,1000,0.941,0.975688,0.918122,500,2026-09-03T19:21:52
tdma_packet_loss,1,50,0.05,10,2,0.05,14,0.47882,0.5,0.929531,50.0,False,500,0,0,500,953,45547,49000,1000,0.953,0.975373,0.929531,500,2026-09-03T19:21:54
tdma_packet_loss,1,50,0.05,10,2,0.1,0,0.445541,0.9,0.91898,50.0,False,500,0,0,500,471,22515,24500,500,0.942,0.975562,0.91898,500,2026-09-03T19:21:51
tdma_packet_loss,1,50,0.05,10,2,0.1,1,0.386242,1.0,0.918082,50.0,False,500,0,0,500,470,22493,24500,500,0.94,0.976683,0.918082,500,2026-09-03T19:21:54
tdma_packet_loss,1,50,0.05,10,2,0.1,2,0.313201,0.7,0.920163,50.0,False,500,0,0,500,472,22544,24500,500,0.944,0.974749,0.920163,500,2026-09-03T19:21:53
tdma_packet_loss,1,50,0.05,10,2,0.1,3,0.480859,0.6,0.931796,50.0,False,500,0,0,500,477,22829,24500,500,0.954,0.976725,0.931796,500,2026-09-03T19:21:55
tdma_packet_loss,1,50,0.05,10,2,0.1,4,0.399893,0.8,0.941918,50.0,False,500,0,0,500,482,23077,24500,500,0.964,0.977094,0.941918,500,2026-09-03T19:21:53
tdma_packet_loss,1,50,0.05,10,2,0.1,5,0.387353,0.6,0.92849,50.0,False,500,0,0,500,476,22748,24500,500,0.952,0.975304,0.92849,500,2026-09-03T19:21:56
tdma_packet_loss,1,50,0.05,10,2,0.1,6,0.413701,0.7,0.934898,50.0,False,500,0,0,500,479,22905,24500,500,0.958,0.975885,0.934898,500,2026-09-03T19:21:54
tdma_packet_loss,1,50,0.05,10,2,0.1,7,0.395366,0.6,0.922857,50.0,False,500,0,0,500,474,22610,24500,500,0.948,0.973478,0.922857,500,2026-09-03T19:21:57
tdma_packet_loss,1,50,0.05,10,2,0.1,8,0.367899,0.8,0.942367,50.0,False,500,0,0,500,483,23088,24500,500,0.966,0.975536,0.942367,500,2026-09-03T19:21:55
tdma_packet_loss,1,50,0.05,10,2,0.1,9,0.351026,0.5,0.924531,50.0,False,500,0,0,500,474,22651,24500,500,0.948,0.975243,0.924531,500,2026-09-03T19:21:58
tdma_packet_loss,1,50,0.05,10,2,0.1,10,0.383977,0.7,0.911429,50.0,False,500,0,0,500,467,22330,24500,500,0.934,0.975834,0.911429,500,2026-09-03T19:21:56
tdma_packet_loss,1,50,0.05,10,2,0.1,11,0.417226,0.8,0.92898,50.0,False,500,0,0,500,476,22760,24500,500,0.952,0.975819,0.92898,500,2026-09-03T19:21:59
tdma_packet_loss,1,50,0.05,10,2,0.1,12,0.376577,0.6,0.931959,50.0,False,500,0,0,500,478,22833,24500,500,0.956,0.974853,0.931959,500,2026-09-03T19:21:56
tdma_packet_loss,1,50,0.05,10,2,0.1,13,0.380551,0.5,0.918653,50.0,False,500,0,0,500,471,22507,24500,500,0.942,0.975216,0.918653,500,2026-09-03T19:21:59
tdma_packet_loss,1,50,0.05,10,2,0.1,14,0.407299,0.8,0.926653,50.0,False,500,0,0,500,475,22703,24500,500,0.95,0.975424,0.926653,500,2026-09-03T19:21:57
tdma_packet_loss,1,50,0.05,10,5,0.025,0,0.718671,0.2,0.923214,28.8,True,288,0,210,112,1893,90475,98000,2000,0.9465,0.975398,0.923214,500,2026-09-03T19:22:02
tdma_packet_loss,1,50,0.05,10,5,0.025,1,0.70296,0.5,0.92002,19.8,True,198,0,298,117,1887,90162,98000,2000,0.9435,0.975114,0.92002,500,2026-09-03T19:21:59
tdma_packet_loss,1,50,0.05,10,5,0.025,2,0.683199,0.4,0.925367,23.6,True,236,0,258,66,1898,90686,98000,2000,0.949,0.975097,0.925367,500,2026-09-03T19:22:04
tdma_packet_loss,1,50,0.05,10,5,0.025,3,0.671224,0.1,0.922255,25.5,True,255,0,242,225,1891,90381,98000,2000,0.9455,0.975415,0.922255,500,2026-09-03T19:22:00
tdma_packet_loss,1,50,0.05,10,5,0.025,4,0.677037,0.4,0.928398,8.9,True,89,0,407,500,1903,90983,98000,2000,0.9515,0.97572,0.928398,500,2026-09-03T19:22:05
tdma_packet_loss,1,50,0.05,10,5,0.025,5,0.668108,0.2,0.926908,50.0,False,500,0,0,86,1901,90837,98000,2000,0.9505,0.97518,0.926908,500,2026-09-03T19:22:00
tdma_packet_loss,1,50,0.05,10,5,0.025,6,0.709825,0.3,0.922184,16.6,True,166,0,307,170,1891,90374,98000,2000,0.9455,0.97534,0.922184,500,2026-09-03T19:22:05
tdma_packet_loss,1,50,0.05,10,5,0.025,7,0.713449,0.2,0.922827,15.6,True,156,0,337,500,1894,90437,98000,2000,0.947,0.974474,0.922827,500,2026-09-03T19:22:02
tdma_packet_loss,1,50,0.05,10,5,0.025,8,0.698404,0.5,0.923235,6.0,True,60,0,431,345,1893,90477,98000,2000,0.9465,0.97542,0.923235,500,2026-09-03T19:22:07
tdma_packet_loss,1,50,0.05,10,5,0.025,9,0.697441,0.4,0.926541,18.4,True,184,0,314,500,1900,90801,98000,2000,0.95,0.975306,0.926541,500,2026-09-03T19:22:03
tdma_packet_loss,1,50,0.05,10,5,0.025,10,0.636064,0.4,0.928398,15.0,True,150,0,337,106,1904,90983,98000,2000,0.952,0.975208,0.928398,500,2026-09-03T19:22:08
tdma_packet_loss,1,50,0.05,10,5,0.025,11,0.623331,0.4,0.929469,9.7,True,97,0,391,500,1906,91088,98000,2000,0.953,0.975309,0.929469,500,2026-09-03T19:22:04
tdma_packet_loss,1,50,0.05,10,5,0.025,12,0.689275,0.2,0.917286,19.2,True,192,0,303,136,1880,89894,98000,2000,0.94,0.975836,0.917286,500,2026-09-03T19:22:09
tdma_packet_loss,1,50,0.05,10,5,0.025,13,0.701889,0.4,0.92451,28.5,True,285,0,214,500,1896,90602,98000,2000,0.948,0.975222,0.92451,500,2026-09-03T19:22:05
tdma_packet_loss,1,50,0.05,10,5,0.025,14,0.702012,0.3,0.930592,12.5,True,125,0,349,154,1908,91198,98000,2000,0.954,0.975463,0.930592,500,2026-09-03T19:22:09
tdma_packet_loss,1,50,0.05,10,5,0.05,0,0.472269,0.6,0.920898,50.0,False,500,0,0,500,944,45124,49000,1000,0.944,0.975527,0.920898,500,2026-09-03T19:22:06
tdma_packet_loss,1,50,0.05,10,5,0.05,1,0.450702,0.8,0.927,50.0,False,500,0,0,376,950,45423,49000,1000,0.95,0.975789,0.927,500,2026-09-03T19:22:10
tdma_packet_loss,1,50,0.05,10,5,0.05,2,0.478552,0.9,0.924551,50.0,False,500,0,0,345,949,45303,49000,1000,0.949,0.974237,0.924551,500,2026-09-03T19:22:08
tdma_packet_loss,1,50,0.05,10,5,0.05,3,0.431253,0.8,0.919959,50.0,False,500,0,0,500,942,45078,49000,1000,0.942,0.976602,0.919959,500,2026-09-03T19:22:12
tdma_packet_loss,1,50,0.05,10,5,0.05,4,0.434504,0.4,0.935653,50.0,False,500,0,0,500,958,45847,49000,1000,0.958,0.976673,0.935653,500,2026-09-03T19:22:09
tdma_packet_loss,1,50,0.05,10,5,0.05,5,0.457921,0.5,0.931551,50.0,False,500,0,0,500,955,45646,49000,1000,0.955,0.975446,0.931551,500,2026-09-03T19:22:13
tdma_packet_loss,1,50,0.05,10,5,0.05,6,0.455295,0.4,0.921653,50.0,False,500,0,0,311,945,45161,49000,1000,0.945,0.975294,0.921653,500,2026-09-03T19:22:09
tdma_packet_loss,1,50,0.05,10,5,0.05,7,0.448551,0.4,0.926327,50.0,False,500,0,0,500,951,45390,49000,1000,0.951,0.974055,0.926327,500,2026-09-03T19:22:14
tdma_packet_loss,1,50,0.05,10,5,0.05,8,0.419587,0.5,0.925735,50.0,False,500,0,0,353,949,45361,49000,1000,0.949,0.975484,0.925735,500,2026-09-03T19:22:11
tdma_packet_loss,1,50,0.05,10,5,0.05,9,0.435013,0.7,0.918857,50.0,False,500,0,0,500,942,45024,49000,1000,0.942,0.975432,0.918857,500,2026-09-03T19:22:15
tdma_packet_loss,1,50,0.05,10,5,0.05,10,0.43447,0.7,0.931531,50.0,False,500,0,0,500,955,45645,49000,1000,0.955,0.975425,0.931531,500,2026-09-03T19:22:12
tdma_packet_loss,1,50,0.05,10,5,0.05,11,0.513224,0.6,0.927592,50.0,False,500,0,0,500,951,45452,49000,1000,0.951,0.975386,0.927592,500,2026-09-03T19:22:16
tdma_packet_loss,1,50,0.05,10,5,0.05,12,0.449855,0.7,0.929918,50.0,False,500,0,0,500,954,45566,49000,1000,0.954,0.974757,0.929918,500,2026-09-03T19:22:13
tdma_packet_loss,1,50,0.05,10,5,0.05,13,0.478206,0.7,0.923755,50.0,False,500,0,0,500,947,45264,49000,1000,0.947,0.975454,0.923755,500,2026-09-03T19:22:18
tdma_packet_loss,1,50,0.05,10,5,0.05,14,0.388072,0.5,0.929612,50.0,False,500,0,0,500,953,45551,49000,1000,0.953,0.975459,0.929612,500,2026-09-03T19:22:14
tdma_packet_loss,1,50,0.05,10,5,0.1,0,0.404742,1.0,0.930367,50.0,False,500,0,0,500,477,22794,24500,500,0.954,0.975228,0.930367,500,2026-09-03T19:22:18
tdma_packet_loss,1,50,0.05,10,5,0.1,1,0.411186,0.6,0.929306,50.0,False,500,0,0,500,476,22768,24500,500,0.952,0.976162,0.929306,500,2026-09-03T19:22:14
tdma_packet_loss,1,50,0.05,10,5,0.1,2,0.457755,0.5,0.920122,50.0,False,500,0,0,500,472,22543,24500,500,0.944,0.974706,0.920122,500,2026-09-03T19:22:18
tdma_packet_loss,1,50,0.05,10,5,0.1,3,0.422372,0.8,0.920082,50.0,False,500,0,0,500,471,22542,24500,500,0.942,0.976732,0.920082,500,2026-09-03T19:22:16
tdma_packet_loss,1,50,0.05,10,5,0.1,4,0.4419,0.9,0.95351,50.0,False,500,0,0,500,488,23361,24500,500,0.976,0.976957,0.95351,500,2026-09-03T19:22:20
tdma_packet_loss,1,50,0.05,10,5,0.1,5,0.427217,0.7,0.928571,50.0,False,500,0,0,500,476,22750,24500,500,0.952,0.97539,0.928571,500,2026-09-03T19:22:17
tdma_packet_loss,1,50,0.05,10,5,0.1,6,0.402557,0.7,0.927224,50.0,False,500,0,0,500,475,22717,24500,500,0.95,0.976026,0.927224,500,2026-09-03T19:22:20
tdma_packet_loss,1,50,0.05,10,5,0.1,7,0.433696,0.6,0.915224,50.0,False,500,0,0,500,470,22423,24500,500,0.94,0.973643,0.915224,500,2026-09-03T19:22:18
tdma_packet_loss,1,50,0.05,10,5,0.1,8,0.448193,0.6,0.92698,50.0,False,500,0,0,500,475,22711,24500,500,0.95,0.975768,0.92698,500,2026-09-03T19:22:21
tdma_packet_loss,1,50,0.05,10,5,0.1,9,0.371688,0.9,0.918735,50.0,False,500,0,0,500,471,22509,24500,500,0.942,0.975302,0.918735,500,2026-09-03T19:22:19
tdma_packet_loss,1,50,0.05,10,5,0.1,10,0.472343,0.7,0.923102,50.0,False,500,0,0,500,473,22616,24500,500,0.946,0.975795,0.923102,500,2026-09-03T19:22:22
tdma_packet_loss,1,50,0.05,10,5,0.1,11,0.415764,0.6,0.938939,50.0,False,500,0,0,500,481,23004,24500,500,0.962,0.976028,0.938939,500,2026-09-03T19:22:20
tdma_packet_loss,1,50,0.05,10,5,0.1,12,0.347437,0.6,0.926163,50.0,False,500,0,0,500,475,22691,24500,500,0.95,0.974909,0.926163,500,2026-09-03T19:22:23
tdma_packet_loss,1,50,0.05,10,5,0.1,13,0.42131,0.8,0.924204,50.0,False,500,0,0,500,474,22643,24500,500,0.948,0.974899,0.924204,500,2026-09-03T19:22:21
tdma_packet_loss,1,50,0.05,10,5,0.1,14,0.383541,0.7,0.916939,50.0,False,500,0,0,500,470,22465,24500,500,0.94,0.975467,0.916939,500,2026-09-03T19:22:24
tdma_packet_loss,1,50,0.15,3,0,0.025,0,0.693579,0.666667,0.793969,9.3,True,93,0,395,18,1717,77809,98000,2000,0.8585,0.924833,0.793969,500,2026-09-03T19:22:21
tdma_packet_loss,1,50,0.15,3,0,0.025,1,0.679327,0.0,0.791847,3.2,True,32,0,431,56,1709,77601,98000,2000,0.8545,0.926679,0.791847,500,2026-09-03T19:22:24
tdma_packet_loss,1,50,0.15,3,0,0.025,2,0.679906,0.666667,0.783541,10.3,True,103,0,375,22,1693,76787,98000,2000,0.8465,0.925624,0.783541,500,2026-09-03T19:22:21
tdma_packet_loss,1,50,0.15,3,0,0.025,3,0.615893,0.666667,0.787153,5.2,True,52,0,437,114,1702,77141,98000,2000,0.851,0.924974,0.787153,500,2026-09-03T19:22:24
tdma_packet_loss,1,50,0.15,3,0,0.025,4,0.746043,0.333333,0.774378,19.8,True,198,0,277,54,1675,75889,98000,2000,0.8375,0.92463,0.774378,500,2026-09-03T19:22:23
tdma_packet_loss,1,50,0.15,3,0,0.025,5,0.711355,0.666667,0.779122,37.8,True,378,0,113,40,1687,76354,98000,2000,0.8435,0.923678,0.779122,500,2026-09-03T19:22:26
tdma_packet_loss,1,50,0.15,3,0,0.025,6,0.639306,0.333333,0.777398,11.2,True,112,0,367,44,1678,76185,98000,2000,0.839,0.926577,0.777398,500,2026-09-03T19:22:23
tdma_packet_loss,1,50,0.15,3,0,0.025,7,0.696174,0.333333,0.789398,9.6,True,96,0,382,17,1708,77361,98000,2000,0.854,0.924354,0.789398,500,2026-09-03T19:22:27
tdma_packet_loss,1,50,0.15,3,0,0.025,8,0.652759,1.0,0.785796,13.8,True,138,0,355,17,1697,77008,98000,2000,0.8485,0.9261,0.785796,500,2026-09-03T19:22:24
tdma_packet_loss,1,50,0.15,3,0,0.025,9,0.728803,0.333333,0.781724,14.4,True,144,0,304,74,1688,76609,98000,2000,0.844,0.926214,0.781724,500,2026-09-03T19:22:27
tdma_packet_loss,1,50,0.15,3,0,0.025,10,0.703142,0.666667,0.787612,3.5,True,35,0,447,26,1703,77186,98000,2000,0.8515,0.92497,0.787612,500,2026-09-03T19:22:25
tdma_packet_loss,1,50,0.15,3,0,0.025,11,0.627538,0.666667,0.794592,9.5,True,95,0,398,17,1717,77870,98000,2000,0.8585,0.925558,0.794592,500,2026-09-03T19:22:29
tdma_packet_loss,1,50,0.15,3,0,0.025,12,0.670115,0.333333,0.778949,26.0,True,260,0,222,17,1684,76337,98000,2000,0.842,0.925118,0.778949,500,2026-09-03T19:22:26
tdma_packet_loss,1,50,0.15,3,0,0.025,13,0.682643,1.0,0.785531,6.2,True,62,0,420,17,1698,76982,98000,2000,0.849,0.925242,0.785531,500,2026-09-03T19:22:29
tdma_packet_loss,1,50,0.15,3,0,0.025,14,0.707745,0.333333,0.79952,15.8,True,158,0,270,26,1729,78353,98000,2000,0.8645,0.924836,0.79952,500,2026-09-03T19:22:27
tdma_packet_loss,1,50,0.15,3,0,0.05,0,0.542111,1.0,0.796102,50.0,False,500,0,0,32,860,39009,49000,1000,0.86,0.9257,0.796102,500,2026-09-03T19:22:30
tdma_packet_loss,1,50,0.15,3,0,0.05,1,0.576334,1.0,0.791224,50.0,False,500,0,0,25,853,38770,49000,1000,0.853,0.927579,0.791224,500,2026-09-03T19:22:27
tdma_packet_loss,1,50,0.15,3,0,0.05,2,0.600792,1.0,0.796776,50.0,False,500,0,0,41,861,39042,49000,1000,0.861,0.925407,0.796776,500,2026-09-03T19:22:30
tdma_packet_loss,1,50,0.15,3,0,0.05,3,0.550603,1.0,0.788857,50.0,False,500,0,0,44,852,38654,49000,1000,0.852,0.925889,0.788857,500,2026-09-03T19:22:27
tdma_packet_loss,1,50,0.15,3,0,0.05,4,0.538447,1.0,0.772408,50.0,False,500,0,0,34,835,37848,49000,1000,0.835,0.92504,0.772408,500,2026-09-03T19:22:30
tdma_packet_loss,1,50,0.15,3,0,0.05,5,0.564526,1.0,0.773,50.0,False,500,0,0,41,836,37877,49000,1000,0.836,0.924641,0.773,500,2026-09-03T19:22:29
tdma_packet_loss,1,50,0.15,3,0,0.05,6,0.528771,1.0,0.782755,50.0,False,500,0,0,50,845,38355,49000,1000,0.845,0.926337,0.782755,500,2026-09-03T19:22:32
tdma_packet_loss,1,50,0.15,3,0,0.05,7,0.646389,1.0,0.795571,50.0,False,500,0,0,108,861,38983,49000,1000,0.861,0.924009,0.795571,500,2026-09-03T19:22:29
tdma_packet_loss,1,50,0.15,3,0,0.05,8,0.586255,0.666667,0.783551,50.0,False,500,0,0,113,846,38394,49000,1000,0.846,0.926183,0.783551,500,2026-09-03T19:22:32
tdma_packet_loss,1,50,0.15,3,0,0.05,9,0.529763,1.0,0.776306,50.0,False,500,0,0,59,839,38039,49000,1000,0.839,0.925275,0.776306,500,2026-09-03T19:22:30
tdma_packet_loss,1,50,0.15,3,0,0.05,10,0.529086,1.0,0.793388,50.0,False,500,0,0,127,857,38876,49000,1000,0.857,0.925773,0.793388,500,2026-09-03T19:22:33
tdma_packet_loss,1,50,0.15,3,0,0.05,11,0.589025,1.0,0.802694,50.0,False,500,0,0,76,867,39332,49000,1000,0.867,0.925829,0.802694,500,2026-09-03T19:22:31
tdma_packet_loss,1,50,0.15,3,0,0.05,12,0.54237,1.0,0.765592,50.0,False,500,0,0,41,828,37514,49000,1000,0.828,0.924628,0.765592,500,2026-09-03T19:22:34
tdma_packet_loss,1,50,0.15,3,0,0.05,13,0.590469,0.666667,0.789735,50.0,False,500,0,0,34,853,38697,49000,1000,0.853,0.925832,0.789735,500,2026-09-03T19:22:32
tdma_packet_loss,1,50,0.15,3,0,0.05,14,0.564177,1.0,0.786041,50.0,False,500,0,0,31,850,38516,49000,1000,0.85,0.924754,0.786041,500,2026-09-03T19:22:35
tdma_packet_loss,1,50,0.15,3,0,0.1,0,0.568551,1.0,0.785755,50.0,False,500,0,0,62,424,19251,24500,500,0.848,0.926598,0.785755,500,2026-09-03T19:22:32
tdma_packet_loss,1,50,0.15,3,0,0.1,1,0.54619,1.0,0.782857,50.0,False,500,0,0,264,422,19180,24500,500,0.844,0.927556,0.782857,500,2026-09-03T19:22:34
tdma_packet_loss,1,50,0.15,3,0,0.1,2,0.479276,1.0,0.787918,50.0,False,500,0,0,61,426,19304,24500,500,0.852,0.924787,0.787918,500,2026-09-03T19:22:32
tdma_packet_loss,1,50,0.15,3,0,0.1,3,0.471254,1.0,0.778816,50.0,False,500,0,0,318,421,19081,24500,500,0.842,0.92496,0.778816,500,2026-09-03T19:22:34
tdma_packet_loss,1,50,0.15,3,0,0.1,4,0.623311,1.0,0.773469,50.0,False,500,0,0,54,418,18950,24500,500,0.836,0.925203,0.773469,500,2026-09-03T19:22:32
tdma_packet_loss,1,50,0.15,3,0,0.1,5,0.507455,1.0,0.779469,50.0,False,500,0,0,252,422,19097,24500,500,0.844,0.923542,0.779469,500,2026-09-03T19:22:34
tdma_packet_loss,1,50,0.15,3,0,0.1,6,0.584076,1.0,0.773796,50.0,False,500,0,0,393,417,18958,24500,500,0.834,0.927813,0.773796,500,2026-09-03T19:22:33
tdma_packet_loss,1,50,0.15,3,0,0.1,7,0.56574,1.0,0.778531,50.0,False,500,0,0,371,421,19074,24500,500,0.842,0.924621,0.778531,500,2026-09-03T19:22:35
tdma_packet_loss,1,50,0.15,3,0,0.1,8,0.537015,1.0,0.783306,50.0,False,500,0,0,319,422,19191,24500,500,0.844,0.928088,0.783306,500,2026-09-03T19:22:34
tdma_packet_loss,1,50,0.15,3,0,0.1,9,0.560429,1.0,0.767306,50.0,False,500,0,0,250,415,18799,24500,500,0.83,0.924465,0.767306,500,2026-09-03T19:22:36
tdma_packet_loss,1,50,0.15,3,0,0.1,10,0.458352,1.0,0.801224,50.0,False,500,0,0,57,433,19630,24500,500,0.866,0.925201,0.801224,500,2026-09-03T19:22:35
tdma_packet_loss,1,50,0.15,3,0,0.1,11,0.502634,1.0,0.805102,50.0,False,500,0,0,101,435,19725,24500,500,0.87,0.925405,0.805102,500,2026-09-03T19:22:36
tdma_packet_loss,1,50,0.15,3,0,0.1,12,0.580699,1.0,0.770571,50.0,False,500,0,0,309,416,18879,24500,500,0.832,0.926168,0.770571,500,2026-09-03T19:22:36
tdma_packet_loss,1,50,0.15,3,0,0.1,13,0.535856,1.0,0.785755,50.0,False,500,0,0,367,425,19251,24500,500,0.85,0.924418,0.785755,500,2026-09-03T19:22:37
tdma_packet_loss,1,50,0.15,3,0,0.1,14,0.536234,1.0,0.763061,50.0,False,500,0,0,66,413,18695,24500,500,0.826,0.923803,0.763061,500,2026-09-03T19:22:36
tdma_packet_loss,1,50,0.15,3,2,0.025,0,0.675708,0.666667,0.795847,16.2,True,162,0,321,20,1721,77993,98000,2000,0.8605,0.924866,0.795847,500,2026-09-03T19:22:38
tdma_packet_loss,1,50,0.15,3,2,0.025,1,0.682035,0.666667,0.793653,6.2,True,62,0,424,27,1713,77778,98000,2000,0.8565,0.926624,0.793653,500,2026-09-03T19:22:37
tdma_packet_loss,1,50,0.15,3,2,0.025,2,0.670157,0.333333,0.784429,16.1,True,161,0,321,29,1695,76874,98000,2000,0.8475,0.925579,0.784429,500,2026-09-03T19:22:40
tdma_packet_loss,1,50,0.15,3,2,0.025,3,0.675873,0.333333,0.788459,6.1,True,61,0,425,60,1705,77269,98000,2000,0.8525,0.924879,0.788459,500,2026-09-03T19:22:37
tdma_packet_loss,1,50,0.15,3,2,0.025,4,0.688845,0.333333,0.775806,4.4,True,44,0,446,10,1678,76029,98000,2000,0.839,0.92468,0.775806,500,2026-09-03T19:22:40
tdma_packet_loss,1,50,0.15,3,2,0.025,5,0.692682,0.333333,0.78098,5.2,True,52,0,440,50,1691,76536,98000,2000,0.8455,0.92369,0.78098,500,2026-09-03T19:22:38
tdma_packet_loss,1,50,0.15,3,2,0.025,6,0.639515,0.666667,0.778694,3.3,True,33,0,459,75,1681,76312,98000,2000,0.8405,0.926465,0.778694,500,2026-09-03T19:22:41
tdma_packet_loss,1,50,0.15,3,2,0.025,7,0.671916,1.0,0.790765,2.9,True,29,0,464,20,1711,77495,98000,2000,0.8555,0.924331,0.790765,500,2026-09-03T19:22:38
tdma_packet_loss,1,50,0.15,3,2,0.025,8,0.65203,0.333333,0.787663,18.1,True,181,0,306,80,1701,77191,98000,2000,0.8505,0.926118,0.787663,500,2026-09-03T19:22:41
tdma_packet_loss,1,50,0.15,3,2,0.025,9,0.601064,0.666667,0.783071,4.4,True,44,0,453,31,1691,76741,98000,2000,0.8455,0.926164,0.783071,500,2026-09-03T19:22:39
tdma_packet_loss,1,50,0.15,3,2,0.025,10,0.635958,1.0,0.7885,10.0,True,100,0,381,26,1705,77273,98000,2000,0.8525,0.924927,0.7885,500,2026-09-03T19:22:42
tdma_packet_loss,1,50,0.15,3,2,0.025,11,0.685139,0.333333,0.775867,46.1,True,461,0,38,78,1676,76035,98000,2000,0.838,0.925856,0.775867,500,2026-09-03T19:22:39
tdma_packet_loss,1,50,0.15,3,2,0.025,12,0.699349,0.333333,0.780786,8.4,True,84,0,398,19,1688,76517,98000,2000,0.844,0.925102,0.780786,500,2026-09-03T19:22:43
tdma_packet_loss,1,50,0.15,3,2,0.025,13,0.632208,1.0,0.78648,5.3,True,53,0,423,19,1700,77075,98000,2000,0.85,0.92527,0.78648,500,2026-09-03T19:22:40
tdma_packet_loss,1,50,0.15,3,2,0.025,14,0.67534,1.0,0.800898,15.6,True,156,0,312,34,1732,78488,98000,2000,0.866,0.924824,0.800898,500,2026-09-03T19:22:44
tdma_packet_loss,1,50,0.15,3,2,0.05,0,0.606988,1.0,0.799653,50.0,False,500,0,0,30,864,39183,49000,1000,0.864,0.925524,0.799653,500,2026-09-03T19:22:41
tdma_packet_loss,1,50,0.15,3,2,0.05,1,0.552573,1.0,0.794898,50.0,False,500,0,0,16,857,38950,49000,1000,0.857,0.927536,0.794898,500,2026-09-03T19:22:44
tdma_packet_loss,1,50,0.15,3,2,0.05,2,0.627369,1.0,0.800551,50.0,False,500,0,0,26,865,39227,49000,1000,0.865,0.925493,0.800551,500,2026-09-03T19:22:43
tdma_packet_loss,1,50,0.15,3,2,0.05,3,0.484021,0.666667,0.79049,50.0,False,500,0,0,38,854,38734,49000,1000,0.854,0.925632,0.79049,500,2026-09-03T19:22:46
tdma_packet_loss,1,50,0.15,3,2,0.05,4,0.472351,1.0,0.776122,50.0,False,500,0,0,34,839,38030,49000,1000,0.839,0.925057,0.776122,500,2026-09-03T19:22:43
tdma_packet_loss,1,50,0.15,3,2,0.05,5,0.486001,0.666667,0.776796,50.0,False,500,0,0,48,840,38063,49000,1000,0.84,0.924757,0.776796,500,2026-09-03T19:22:46
tdma_packet_loss,1,50,0.15,3,2,0.05,6,0.526106,1.0,0.786245,50.0,False,500,0,0,38,849,38526,49000,1000,0.849,0.926084,0.786245,500,2026-09-03T19:22:43
tdma_packet_loss,1,50,0.15,3,2,0.05,7,0.585036,1.0,0.798306,50.0,False,500,0,0,13,864,39117,49000,1000,0.864,0.923965,0.798306,500,2026-09-03T19:22:46
tdma_packet_loss,1,50,0.15,3,2,0.05,8,0.585129,1.0,0.786224,50.0,False,500,0,0,82,849,38525,49000,1000,0.849,0.926059,0.786224,500,2026-09-03T19:22:44
tdma_packet_loss,1,50,0.15,3,2,0.05,9,0.631228,1.0,0.779939,50.0,False,500,0,0,79,843,38217,49000,1000,0.843,0.925194,0.779939,500,2026-09-03T19:22:47
tdma_packet_loss,1,50,0.15,3,2,0.05,10,0.516996,0.666667,0.796959,50.0,False,500,0,0,188,861,39051,49000,1000,0.861,0.92562,0.796959,500,2026-09-03T19:22:45
tdma_packet_loss,1,50,0.15,3,2,0.05,11,0.566447,0.666667,0.777571,50.0,False,500,0,0,46,839,38101,49000,1000,0.839,0.926784,0.777571,500,2026-09-03T19:22:48
tdma_packet_loss,1,50,0.15,3,2,0.05,12,0.535241,1.0,0.768429,50.0,False,500,0,0,51,831,37653,49000,1000,0.831,0.924703,0.768429,500,2026-09-03T19:22:46
tdma_packet_loss,1,50,0.15,3,2,0.05,13,0.596785,0.666667,0.792551,50.0,False,500,0,0,15,856,38835,49000,1000,0.856,0.925877,0.792551,500,2026-09-03T19:22:49
tdma_packet_loss,1,50,0.15,3,2,0.05,14,0.599098,1.0,0.789735,50.0,False,500,0,0,58,854,38697,49000,1000,0.854,0.924748,0.789735,500,2026-09-03T19:22:47
tdma_packet_loss,1,50,0.15,3,2,0.1,0,0.571524,1.0,0.789469,50.0,False,500,0,0,42,426,19342,24500,500,0.852,0.926607,0.789469,500,2026-09-03T19:22:49
tdma_packet_loss,1,50,0.15,3,2,0.1,1,0.583922,1.0,0.788408,50.0,False,500,0,0,157,425,19316,24500,500,0.85,0.927539,0.788408,500,2026-09-03T19:22:46
tdma_packet_loss,1,50,0.15,3,2,0.1,2,0.534722,1.0,0.793388,50.0,False,500,0,0,485,429,19438,24500,500,0.858,0.924694,0.793388,500,2026-09-03T19:22:49
tdma_packet_loss,1,50,0.15,3,2,0.1,3,0.443225,1.0,0.784163,50.0,False,500,0,0,116,424,19212,24500,500,0.848,0.924721,0.784163,500,2026-09-03T19:22:48
tdma_packet_loss,1,50,0.15,3,2,0.1,4,0.592933,1.0,0.780694,50.0,False,500,0,0,267,422,19127,24500,500,0.844,0.924993,0.780694,500,2026-09-03T19:22:51
tdma_packet_loss,1,50,0.15,3,2,0.1,5,0.495398,1.0,0.787143,50.0,False,500,0,0,309,426,19285,24500,500,0.852,0.923877,0.787143,500,2026-09-03T19:22:48
tdma_packet_loss,1,50,0.15,3,2,0.1,6,0.593673,1.0,0.778857,50.0,False,500,0,0,447,420,19082,24500,500,0.84,0.927211,0.778857,500,2026-09-03T19:22:51
tdma_packet_loss,1,50,0.15,3,2,0.1,7,0.605671,1.0,0.785796,50.0,False,500,0,0,104,425,19252,24500,500,0.85,0.924466,0.785796,500,2026-09-03T19:22:49
tdma_packet_loss,1,50,0.15,3,2,0.1,8,0.553634,0.666667,0.790694,50.0,False,500,0,0,104,426,19372,24500,500,0.852,0.928044,0.790694,500,2026-09-03T19:22:51
tdma_packet_loss,1,50,0.15,3,2,0.1,9,0.51088,1.0,0.774816,50.0,False,500,0,0,500,419,18983,24500,500,0.838,0.924602,0.774816,500,2026-09-03T19:22:50
tdma_packet_loss,1,50,0.15,3,2,0.1,10,0.444691,1.0,0.804939,50.0,False,500,0,0,74,435,19721,24500,500,0.87,0.925217,0.804939,500,2026-09-03T19:22:53
tdma_packet_loss,1,50,0.15,3,2,0.1,11,0.500935,1.0,0.774531,50.0,False,500,0,0,146,418,18976,24500,500,0.836,0.926472,0.774531,500,2026-09-03T19:22:51
tdma_packet_loss,1,50,0.15,3,2,0.1,12,0.561574,1.0,0.776327,50.0,False,500,0,0,377,419,19020,24500,500,0.838,0.926404,0.776327,500,2026-09-03T19:22:53
tdma_packet_loss,1,50,0.15,3,2,0.1,13,0.57703,1.0,0.791469,50.0,False,500,0,0,18,428,19391,24500,500,0.856,0.924614,0.791469,500,2026-09-03T19:22:51
tdma_packet_loss,1,50,0.15,3,2,0.1,14,0.582195,1.0,0.768449,50.0,False,500,0,0,85,416,18827,24500,500,0.832,0.923617,0.768449,500,2026-09-03T19:22:54
tdma_packet_loss,1,50,0.15,3,5,0.025,0,0.689743,0.666667,0.798163,6.9,True,69,0,398,61,1726,78220,98000,2000,0.863,0.924871,0.798163,500,2026-09-03T19:22:53
tdma_packet_loss,1,50,0.15,3,5,0.025,1,0.665805,0.666667,0.788867,5.3,True,53,0,439,7,1703,77309,98000,2000,0.8515,0.926444,0.788867,500,2026-09-03T19:22:56
tdma_packet_loss,1,50,0.15,3,5,0.025,2,0.686684,1.0,0.787061,11.8,True,118,0,369,34,1701,77132,98000,2000,0.8505,0.92541,0.787061,500,2026-09-03T19:22:53
tdma_packet_loss,1,50,0.15,3,5,0.025,3,0.631073,0.666667,0.790357,24.0,True,240,0,251,39,1709,77455,98000,2000,0.8545,0.924935,0.790357,500,2026-09-03T19:22:57
tdma_packet_loss,1,50,0.15,3,5,0.025,4,0.625734,1.0,0.778245,2.8,True,28,0,463,33,1683,76268,98000,2000,0.8415,0.924831,0.778245,500,2026-09-03T19:22:54
tdma_packet_loss,1,50,0.15,3,5,0.025,5,0.732068,0.333333,0.782895,4.9,True,49,1,334,60,1614,73041,93296,1904,0.847689,0.923564,0.782895,476,2026-09-03T19:22:58
tdma_packet_loss,1,50,0.15,3,5,0.025,6,0.678158,1.0,0.781,1.6,True,16,0,474,10,1686,76538,98000,2000,0.843,0.926453,0.781,500,2026-09-03T19:22:55
tdma_packet_loss,1,50,0.15,3,5,0.025,7,0.649377,1.0,0.793469,1.6,True,16,0,472,32,1717,77760,98000,2000,0.8585,0.924251,0.793469,500,2026-09-03T19:22:58
tdma_packet_loss,1,50,0.15,3,5,0.025,8,0.699523,0.333333,0.789449,4.3,True,43,0,443,37,1705,77366,98000,2000,0.8525,0.92604,0.789449,500,2026-09-03T19:22:55
tdma_packet_loss,1,50,0.15,3,5,0.025,9,0.719754,0.666667,0.785765,3.5,True,35,0,421,31,1697,77005,98000,2000,0.8485,0.926064,0.785765,500,2026-09-03T19:22:58
tdma_packet_loss,1,50,0.15,3,5,0.025,10,0.638416,1.0,0.790388,2.6,True,26,0,440,18,1709,77458,98000,2000,0.8545,0.924971,0.790388,500,2026-09-03T19:22:56
tdma_packet_loss,1,50,0.15,3,5,0.025,11,0.632993,0.333333,0.778214,2.3,True,23,0,431,17,1681,76265,98000,2000,0.8405,0.925894,0.778214,500,2026-09-03T19:23:00
tdma_packet_loss,1,50,0.15,3,5,0.025,12,0.678309,0.333333,0.783459,7.8,True,78,0,414,15,1694,76779,98000,2000,0.847,0.924981,0.783459,500,2026-09-03T19:22:57
tdma_packet_loss,1,50,0.15,3,5,0.025,13,0.644854,1.0,0.789153,21.4,True,214,0,277,29,1706,77337,98000,2000,0.853,0.92515,0.789153,500,2026-09-03T19:23:00
tdma_packet_loss,1,50,0.15,3,5,0.025,14,0.602829,0.666667,0.803684,2.1,True,21,0,448,70,1738,78761,98000,2000,0.869,0.924837,0.803684,500,2026-09-03T19:22:57
tdma_packet_loss,1,50,0.15,3,5,0.05,0,0.638539,1.0,0.803327,50.0,False,500,0,0,26,868,39363,49000,1000,0.868,0.925491,0.803327,500,2026-09-03T19:23:00
tdma_packet_loss,1,50,0.15,3,5,0.05,1,0.5441,0.666667,0.774857,50.0,False,500,0,0,28,835,37968,49000,1000,0.835,0.927973,0.774857,500,2026-09-03T19:22:59
tdma_packet_loss,1,50,0.15,3,5,0.05,2,0.593728,1.0,0.784163,50.0,False,500,0,0,176,847,38424,49000,1000,0.847,0.925813,0.784163,500,2026-09-03T19:23:03
tdma_packet_loss,1,50,0.15,3,5,0.05,3,0.512583,1.0,0.795082,50.0,False,500,0,0,40,859,38959,49000,1000,0.859,0.92559,0.795082,500,2026-09-03T19:23:00
tdma_packet_loss,1,50,0.15,3,5,0.05,4,0.566278,1.0,0.780918,50.0,False,500,0,0,100,844,38265,49000,1000,0.844,0.925259,0.780918,500,2026-09-03T19:23:04
tdma_packet_loss,1,50,0.15,3,5,0.05,5,0.526733,1.0,0.782306,50.0,False,500,0,0,41,846,38333,49000,1000,0.846,0.924712,0.782306,500,2026-09-03T19:23:01
tdma_packet_loss,1,50,0.15,3,5,0.05,6,0.611785,1.0,0.789898,50.0,False,500,0,0,21,853,38705,49000,1000,0.853,0.926023,0.789898,500,2026-09-03T19:23:05
tdma_packet_loss,1,50,0.15,3,5,0.05,7,0.586942,1.0,0.803857,50.0,False,500,0,0,37,870,39389,49000,1000,0.87,0.923974,0.803857,500,2026-09-03T19:23:02
tdma_packet_loss,1,50,0.15,3,5,0.05,8,0.559698,1.0,0.790571,50.0,False,500,0,0,90,854,38738,49000,1000,0.854,0.925728,0.790571,500,2026-09-03T19:23:05
tdma_packet_loss,1,50,0.15,3,5,0.05,9,0.583418,1.0,0.785347,50.0,False,500,0,0,31,849,38482,49000,1000,0.849,0.925026,0.785347,500,2026-09-03T19:23:02
tdma_packet_loss,1,50,0.15,3,5,0.05,10,0.562253,1.0,0.801633,50.0,False,500,0,0,24,866,39280,49000,1000,0.866,0.925673,0.801633,500,2026-09-03T19:23:05
tdma_packet_loss,1,50,0.15,3,5,0.05,11,0.615345,1.0,0.782204,50.0,False,500,0,0,96,844,38328,49000,1000,0.844,0.926782,0.782204,500,2026-09-03T19:23:03
tdma_packet_loss,1,50,0.15,3,5,0.05,12,0.553288,1.0,0.772857,50.0,False,500,0,0,19,836,37870,49000,1000,0.836,0.92447,0.772857,500,2026-09-03T19:23:07
tdma_packet_loss,1,50,0.15,3,5,0.05,13,0.584814,1.0,0.798041,50.0,False,500,0,0,38,862,39104,49000,1000,0.862,0.925801,0.798041,500,2026-09-03T19:23:04
tdma_packet_loss,1,50,0.15,3,5,0.05,14,0.592355,0.666667,0.795184,50.0,False,500,0,0,30,860,38964,49000,1000,0.86,0.924632,0.795184,500,2026-09-03T19:23:07
tdma_packet_loss,1,50,0.15,3,5,0.1,0,0.550273,1.0,0.798939,50.0,False,500,0,0,292,431,19574,24500,500,0.862,0.926843,0.798939,500,2026-09-03T19:23:03
tdma_packet_loss,1,50,0.15,3,5,0.1,1,0.613235,1.0,0.771878,50.0,False,500,0,0,139,416,18911,24500,500,0.832,0.927737,0.771878,500,2026-09-03T19:23:06
tdma_packet_loss,1,50,0.15,3,5,0.1,2,0.560424,1.0,0.769143,50.0,False,500,0,0,126,416,18844,24500,500,0.832,0.924451,0.769143,500,2026-09-03T19:23:06
tdma_packet_loss,1,50,0.15,3,5,0.1,3,0.512949,1.0,0.793347,50.0,False,500,0,0,103,429,19437,24500,500,0.858,0.924647,0.793347,500,2026-09-03T19:23:09
tdma_packet_loss,1,50,0.15,3,5,0.1,4,0.494185,1.0,0.764735,50.0,False,500,0,0,172,413,18736,24500,500,0.826,0.925829,0.764735,500,2026-09-03T19:23:06
tdma_packet_loss,1,50,0.15,3,5,0.1,5,0.424306,1.0,0.794612,50.0,False,500,0,0,110,430,19468,24500,500,0.86,0.923968,0.794612,500,2026-09-03T19:23:09
tdma_packet_loss,1,50,0.15,3,5,0.1,6,0.504558,1.0,0.787918,50.0,False,500,0,0,93,425,19304,24500,500,0.85,0.926963,0.787918,500,2026-09-03T19:23:07
tdma_packet_loss,1,50,0.15,3,5,0.1,7,0.488035,0.666667,0.794776,50.0,False,500,0,0,64,430,19472,24500,500,0.86,0.924158,0.794776,500,2026-09-03T19:23:10
tdma_packet_loss,1,50,0.15,3,5,0.1,8,0.57496,1.0,0.801469,50.0,False,500,0,0,103,432,19636,24500,500,0.864,0.927627,0.801469,500,2026-09-03T19:23:08
tdma_packet_loss,1,50,0.15,3,5,0.1,9,0.47043,1.0,0.779918,50.0,False,500,0,0,182,422,19108,24500,500,0.844,0.924074,0.779918,500,2026-09-03T19:23:11
tdma_packet_loss,1,50,0.15,3,5,0.1,10,0.495683,1.0,0.814082,50.0,False,500,0,0,57,440,19945,24500,500,0.88,0.925093,0.814082,500,2026-09-03T19:23:08
tdma_packet_loss,1,50,0.15,3,5,0.1,11,0.472793,0.666667,0.782041,50.0,False,500,0,0,251,422,19160,24500,500,0.844,0.926589,0.782041,500,2026-09-03T19:23:11
tdma_packet_loss,1,50,0.15,3,5,0.1,12,0.557176,1.0,0.770653,50.0,False,500,0,0,104,416,18881,24500,500,0.832,0.926266,0.770653,500,2026-09-03T19:23:09
tdma_packet_loss,1,50,0.15,3,5,0.1,13,0.517406,1.0,0.800531,50.0,False,500,0,0,61,433,19613,24500,500,0.866,0.9244,0.800531,500,2026-09-03T19:23:11
tdma_packet_loss,1,50,0.15,3,5,0.1,14,0.490265,1.0,0.777633,50.0,False,500,0,0,111,421,19052,24500,500,0.842,0.923554,0.777633,500,2026-09-03T19:23:10
tdma_packet_loss,1,50,0.15,5,0,0.025,0,0.611493,1.0,0.795847,46.5,True,465,0,33,250,1721,77993,98000,2000,0.8605,0.924866,0.795847,500,2026-09-03T19:23:14
tdma_packet_loss,1,50,0.15,5,0,0.025,1,0.624884,0.6,0.793653,6.4,True,64,0,434,38,1713,77778,98000,2000,0.8565,0.926624,0.793653,500,2026-09-03T19:23:11
tdma_packet_loss,1,50,0.15,5,0,0.025,2,0.627076,0.6,0.784429,50.0,False,500,0,0,92,1695,76874,98000,2000,0.8475,0.925579,0.784429,500,2026-09-03T19:23:15
tdma_packet_loss,1,50,0.15,5,0,0.025,3,0.615639,0.8,0.788459,25.6,True,256,0,240,99,1705,77269,98000,2000,0.8525,0.924879,0.788459,500,2026-09-03T19:23:12
tdma_packet_loss,1,50,0.15,5,0,0.025,4,0.639937,0.6,0.775806,50.0,False,500,0,0,393,1678,76029,98000,2000,0.839,0.92468,0.775806,500,2026-09-03T19:23:16
tdma_packet_loss,1,50,0.15,5,0,0.025,5,0.56348,0.2,0.78098,34.3,True,343,0,156,78,1691,76536,98000,2000,0.8455,0.92369,0.78098,500,2026-09-03T19:23:13
tdma_packet_loss,1,50,0.15,5,0,0.025,6,0.635924,0.6,0.778694,50.0,False,500,0,0,388,1681,76312,98000,2000,0.8405,0.926465,0.778694,500,2026-09-03T19:23:16
tdma_packet_loss,1,50,0.15,5,0,0.025,7,0.571748,0.8,0.790765,50.0,False,500,0,0,81,1711,77495,98000,2000,0.8555,0.924331,0.790765,500,2026-09-03T19:23:14
tdma_packet_loss,1,50,0.15,5,0,0.025,8,0.602685,0.8,0.787663,50.0,False,500,0,0,142,1701,77191,98000,2000,0.8505,0.926118,0.787663,500,2026-09-03T19:23:17
tdma_packet_loss,1,50,0.15,5,0,0.025,9,0.676767,0.6,0.783071,44.4,True,444,0,55,43,1691,76741,98000,2000,0.8455,0.926164,0.783071,500,2026-09-03T19:23:15
tdma_packet_loss,1,50,0.15,5,0,0.025,10,0.656133,0.6,0.7885,9.9,True,99,0,397,46,1705,77273,98000,2000,0.8525,0.924927,0.7885,500,2026-09-03T19:23:18
tdma_packet_loss,1,50,0.15,5,0,0.025,11,0.544759,1.0,0.775867,50.0,False,500,0,0,80,1676,76035,98000,2000,0.838,0.925856,0.775867,500,2026-09-03T19:23:15
tdma_packet_loss,1,50,0.15,5,0,0.025,12,0.605026,0.4,0.780786,50.0,False,500,0,0,225,1688,76517,98000,2000,0.844,0.925102,0.780786,500,2026-09-03T19:23:18
tdma_packet_loss,1,50,0.15,5,0,0.025,13,0.567182,0.8,0.78648,50.0,False,500,0,0,500,1700,77075,98000,2000,0.85,0.92527,0.78648,500,2026-09-03T19:23:15
tdma_packet_loss,1,50,0.15,5,0,0.025,14,0.617688,0.6,0.800898,42.0,True,420,0,79,170,1732,78488,98000,2000,0.866,0.924824,0.800898,500,2026-09-03T19:23:18
tdma_packet_loss,1,50,0.15,5,0,0.05,0,0.451211,1.0,0.799653,50.0,False,500,0,0,38,864,39183,49000,1000,0.864,0.925524,0.799653,500,2026-09-03T19:23:17
tdma_packet_loss,1,50,0.15,5,0,0.05,1,0.498352,1.0,0.794898,50.0,False,500,0,0,312,857,38950,49000,1000,0.857,0.927536,0.794898,500,2026-09-03T19:23:19
tdma_packet_loss,1,50,0.15,5,0,0.05,2,0.466005,1.0,0.800551,50.0,False,500,0,0,482,865,39227,49000,1000,0.865,0.925493,0.800551,500,2026-09-03T19:23:18
tdma_packet_loss,1,50,0.15,5,0,0.05,3,0.486428,0.6,0.79049,50.0,False,500,0,0,337,854,38734,49000,1000,0.854,0.925632,0.79049,500,2026-09-03T19:23:21
tdma_packet_loss,1,50,0.15,5,0,0.05,4,0.495191,0.8,0.776122,50.0,False,500,0,0,213,839,38030,49000,1000,0.839,0.925057,0.776122,500,2026-09-03T19:23:19
tdma_packet_loss,1,50,0.15,5,0,0.05,5,0.4893,1.0,0.776796,50.0,False,500,0,0,361,840,38063,49000,1000,0.84,0.924757,0.776796,500,2026-09-03T19:23:22
tdma_packet_loss,1,50,0.15,5,0,0.05,6,0.3782,1.0,0.786245,50.0,False,500,0,0,411,849,38526,49000,1000,0.849,0.926084,0.786245,500,2026-09-03T19:23:19
tdma_packet_loss,1,50,0.15,5,0,0.05,7,0.484598,1.0,0.798306,50.0,False,500,0,0,500,864,39117,49000,1000,0.864,0.923965,0.798306,500,2026-09-03T19:23:22
tdma_packet_loss,1,50,0.15,5,0,0.05,8,0.39927,0.8,0.786224,50.0,False,500,0,0,500,849,38525,49000,1000,0.849,0.926059,0.786224,500,2026-09-03T19:23:20
tdma_packet_loss,1,50,0.15,5,0,0.05,9,0.422012,1.0,0.779939,50.0,False,500,0,0,182,843,38217,49000,1000,0.843,0.925194,0.779939,500,2026-09-03T19:23:23
tdma_packet_loss,1,50,0.15,5,0,0.05,10,0.41535,1.0,0.796959,50.0,False,500,0,0,231,861,39051,49000,1000,0.861,0.92562,0.796959,500,2026-09-03T19:23:21
tdma_packet_loss,1,50,0.15,5,0,0.05,11,0.511582,1.0,0.777571,50.0,False,500,0,0,473,839,38101,49000,1000,0.839,0.926784,0.777571,500,2026-09-03T19:23:24
tdma_packet_loss,1,50,0.15,5,0,0.05,12,0.477726,1.0,0.768429,50.0,False,500,0,0,295,831,37653,49000,1000,0.831,0.924703,0.768429,500,2026-09-03T19:23:21
tdma_packet_loss,1,50,0.15,5,0,0.05,13,0.47955,1.0,0.792551,50.0,False,500,0,0,306,856,38835,49000,1000,0.856,0.925877,0.792551,500,2026-09-03T19:23:24
tdma_packet_loss,1,50,0.15,5,0,0.05,14,0.520189,1.0,0.789735,50.0,False,500,0,0,41,854,38697,49000,1000,0.854,0.924748,0.789735,500,2026-09-03T19:23:21
tdma_packet_loss,1,50,0.15,5,0,0.1,0,0.405012,1.0,0.789469,50.0,False,500,0,0,500,426,19342,24500,500,0.852,0.926607,0.789469,500,2026-09-03T19:23:24
tdma_packet_loss,1,50,0.15,5,0,0.1,1,0.378492,0.8,0.788408,50.0,False,500,0,0,500,425,19316,24500,500,0.85,0.927539,0.788408,500,2026-09-03T19:23:22
tdma_packet_loss,1,50,0.15,5,0,0.1,2,0.429174,1.0,0.793388,50.0,False,500,0,0,122,429,19438,24500,500,0.858,0.924694,0.793388,500,2026-09-03T19:23:24
tdma_packet_loss,1,50,0.15,5,0,0.1,3,0.371095,1.0,0.784163,50.0,False,500,0,0,500,424,19212,24500,500,0.848,0.924721,0.784163,500,2026-09-03T19:23:23
tdma_packet_loss,1,50,0.15,5,0,0.1,4,0.51696,1.0,0.780694,50.0,False,500,0,0,500,422,19127,24500,500,0.844,0.924993,0.780694,500,2026-09-03T19:23:25
tdma_packet_loss,1,50,0.15,5,0,0.1,5,0.395234,1.0,0.787143,50.0,False,500,0,0,500,426,19285,24500,500,0.852,0.923877,0.787143,500,2026-09-03T19:23:24
tdma_packet_loss,1,50,0.15,5,0,0.1,6,0.347394,0.8,0.778857,50.0,False,500,0,0,500,420,19082,24500,500,0.84,0.927211,0.778857,500,2026-09-03T19:23:26
tdma_packet_loss,1,50,0.15,5,0,0.1,7,0.349184,1.0,0.785796,50.0,False,500,0,0,500,425,19252,24500,500,0.85,0.924466,0.785796,500,2026-09-03T19:23:25
tdma_packet_loss,1,50,0.15,5,0,0.1,8,0.413728,1.0,0.790694,50.0,False,500,0,0,500,426,19372,24500,500,0.852,0.928044,0.790694,500,2026-09-03T19:23:27
tdma_packet_loss,1,50,0.15,5,0,0.1,9,0.312997,1.0,0.774816,50.0,False,500,0,0,500,419,18983,24500,500,0.838,0.924602,0.774816,500,2026-09-03T19:23:25
tdma_packet_loss,1,50,0.15,5,0,0.1,10,0.377399,1.0,0.804939,50.0,False,500,0,0,500,435,19721,24500,500,0.87,0.925217,0.804939,500,2026-09-03T19:23:28
tdma_packet_loss,1,50,0.15,5,0,0.1,11,0.455187,1.0,0.774531,50.0,False,500,0,0,500,418,18976,24500,500,0.836,0.926472,0.774531,500,2026-09-03T19:23:26
tdma_packet_loss,1,50,0.15,5,0,0.1,12,0.395814,1.0,0.776327,50.0,False,500,0,0,500,419,19020,24500,500,0.838,0.926404,0.776327,500,2026-09-03T19:23:28
tdma_packet_loss,1,50,0.15,5,0,0.1,13,0.488683,1.0,0.791469,50.0,False,500,0,0,500,428,19391,24500,500,0.856,0.924614,0.791469,500,2026-09-03T19:23:26
tdma_packet_loss,1,50,0.15,5,0,0.1,14,0.443754,1.0,0.768449,50.0,False,500,0,0,500,416,18827,24500,500,0.832,0.923617,0.768449,500,2026-09-03T19:23:29
tdma_packet_loss,1,50,0.15,5,2,0.025,0,0.58253,0.4,0.797194,9.9,True,99,0,399,319,1724,78125,98000,2000,0.862,0.924819,0.797194,500,2026-09-03T19:23:28
tdma_packet_loss,1,50,0.15,5,2,0.025,1,0.612378,0.6,0.787918,15.6,True,156,0,341,73,1701,77216,98000,2000,0.8505,0.926418,0.787918,500,2026-09-03T19:23:32
tdma_packet_loss,1,50,0.15,5,2,0.025,2,0.64217,0.8,0.786194,50.0,False,500,0,0,75,1699,77047,98000,2000,0.8495,0.925478,0.786194,500,2026-09-03T19:23:28
tdma_packet_loss,1,50,0.15,5,2,0.025,3,0.601774,0.6,0.789439,4.0,True,40,0,455,396,1707,77365,98000,2000,0.8535,0.924943,0.789439,500,2026-09-03T19:23:32
tdma_packet_loss,1,50,0.15,5,2,0.025,4,0.620894,0.8,0.777214,9.3,True,93,0,391,78,1681,76167,98000,2000,0.8405,0.924705,0.777214,500,2026-09-03T19:23:30
tdma_packet_loss,1,50,0.15,5,2,0.025,5,0.547953,0.6,0.782418,50.0,False,500,0,0,176,1694,76677,98000,2000,0.847,0.923752,0.782418,500,2026-09-03T19:23:33
tdma_packet_loss,1,50,0.15,5,2,0.025,6,0.623118,0.4,0.780551,50.0,False,500,0,0,39,1685,76494,98000,2000,0.8425,0.92647,0.780551,500,2026-09-03T19:23:30
tdma_packet_loss,1,50,0.15,5,2,0.025,7,0.621916,1.0,0.792551,50.0,False,500,0,0,33,1715,77670,98000,2000,0.8575,0.924258,0.792551,500,2026-09-03T19:23:34
tdma_packet_loss,1,50,0.15,5,2,0.025,8,0.658628,0.6,0.78901,50.0,False,500,0,0,36,1704,77323,98000,2000,0.852,0.926068,0.78901,500,2026-09-03T19:23:31
tdma_packet_loss,1,50,0.15,5,2,0.025,9,0.644602,0.6,0.784806,44.9,True,449,0,47,166,1695,76911,98000,2000,0.8475,0.926025,0.784806,500,2026-09-03T19:23:35
tdma_packet_loss,1,50,0.15,5,2,0.025,10,0.564359,0.8,0.789898,20.8,True,208,0,290,114,1708,77410,98000,2000,0.854,0.924939,0.789898,500,2026-09-03T19:23:32
tdma_packet_loss,1,50,0.15,5,2,0.025,11,0.66892,1.0,0.777245,42.8,True,428,0,67,43,1679,76170,98000,2000,0.8395,0.925843,0.777245,500,2026-09-03T19:23:36
tdma_packet_loss,1,50,0.15,5,2,0.025,12,0.606194,0.4,0.782561,50.0,False,500,0,0,71,1692,76691,98000,2000,0.846,0.925013,0.782561,500,2026-09-03T19:23:32
tdma_packet_loss,1,50,0.15,5,2,0.025,13,0.625015,0.6,0.788276,17.3,True,173,0,321,152,1704,77251,98000,2000,0.852,0.925206,0.788276,500,2026-09-03T19:23:36
tdma_packet_loss,1,50,0.15,5,2,0.025,14,0.669339,0.8,0.802776,50.0,False,500,0,0,28,1736,78672,98000,2000,0.868,0.924857,0.802776,500,2026-09-03T19:23:33
tdma_packet_loss,1,50,0.15,5,2,0.05,0,0.49209,1.0,0.802265,50.0,False,500,0,0,148,867,39311,49000,1000,0.867,0.925335,0.802265,500,2026-09-03T19:23:36
tdma_packet_loss,1,50,0.15,5,2,0.05,1,0.487923,1.0,0.773939,50.0,False,500,0,0,145,834,37923,49000,1000,0.834,0.927984,0.773939,500,2026-09-03T19:23:35
tdma_packet_loss,1,50,0.15,5,2,0.05,2,0.538856,1.0,0.804082,50.0,False,500,0,0,500,869,39400,49000,1000,0.869,0.925295,0.804082,500,2026-09-03T19:23:38
tdma_packet_loss,1,50,0.15,5,2,0.05,3,0.449165,1.0,0.793265,50.0,False,500,0,0,411,857,38870,49000,1000,0.857,0.92563,0.793265,500,2026-09-03T19:23:35
tdma_packet_loss,1,50,0.15,5,2,0.05,4,0.53917,1.0,0.778918,50.0,False,500,0,0,49,842,38167,49000,1000,0.842,0.925081,0.778918,500,2026-09-03T19:23:38
tdma_packet_loss,1,50,0.15,5,2,0.05,5,0.487009,0.8,0.780592,50.0,False,500,0,0,78,844,38249,49000,1000,0.844,0.924872,0.780592,500,2026-09-03T19:23:36
tdma_packet_loss,1,50,0.15,5,2,0.05,6,0.448833,1.0,0.78898,50.0,False,500,0,0,406,852,38660,49000,1000,0.852,0.926032,0.78898,500,2026-09-03T19:23:39
tdma_packet_loss,1,50,0.15,5,2,0.05,7,0.440211,1.0,0.801939,50.0,False,500,0,0,62,868,39295,49000,1000,0.868,0.923893,0.801939,500,2026-09-03T19:23:37
tdma_packet_loss,1,50,0.15,5,2,0.05,8,0.420318,1.0,0.789755,50.0,False,500,0,0,500,853,38698,49000,1000,0.853,0.925856,0.789755,500,2026-09-03T19:23:40
tdma_packet_loss,1,50,0.15,5,2,0.05,9,0.507426,1.0,0.783449,50.0,False,500,0,0,500,847,38389,49000,1000,0.847,0.924969,0.783449,500,2026-09-03T19:23:38
tdma_packet_loss,1,50,0.15,5,2,0.05,10,0.400569,1.0,0.799714,50.0,False,500,0,0,397,864,39186,49000,1000,0.864,0.925595,0.799714,500,2026-09-03T19:23:40
tdma_packet_loss,1,50,0.15,5,2,0.05,11,0.477544,1.0,0.781204,50.0,False,500,0,0,113,843,38279,49000,1000,0.843,0.926695,0.781204,500,2026-09-03T19:23:38
tdma_packet_loss,1,50,0.15,5,2,0.05,12,0.443077,1.0,0.771082,50.0,False,500,0,0,48,834,37783,49000,1000,0.834,0.924558,0.771082,500,2026-09-03T19:23:41
tdma_packet_loss,1,50,0.15,5,2,0.05,13,0.512792,1.0,0.796184,50.0,False,500,0,0,313,860,39013,49000,1000,0.86,0.925795,0.796184,500,2026-09-03T19:23:39
tdma_packet_loss,1,50,0.15,5,2,0.05,14,0.468076,1.0,0.793347,50.0,False,500,0,0,113,858,38874,49000,1000,0.858,0.924647,0.793347,500,2026-09-03T19:23:41
tdma_packet_loss,1,50,0.15,5,2,0.1,0,0.405286,1.0,0.794816,50.0,False,500,0,0,500,429,19473,24500,500,0.858,0.926359,0.794816,500,2026-09-03T19:23:38
tdma_packet_loss,1,50,0.15,5,2,0.1,1,0.387352,0.8,0.768082,50.0,False,500,0,0,500,414,18818,24500,500,0.828,0.927635,0.768082,500,2026-09-03T19:23:40
tdma_packet_loss,1,50,0.15,5,2,0.1,2,0.390479,0.8,0.797061,50.0,False,500,0,0,500,431,19528,24500,500,0.862,0.924665,0.797061,500,2026-09-03T19:23:40
tdma_packet_loss,1,50,0.15,5,2,0.1,3,0.407935,0.8,0.79151,50.0,False,500,0,0,500,428,19392,24500,500,0.856,0.924661,0.79151,500,2026-09-03T19:23:43
tdma_packet_loss,1,50,0.15,5,2,0.1,4,0.416625,1.0,0.786286,50.0,False,500,0,0,500,425,19264,24500,500,0.85,0.925042,0.786286,500,2026-09-03T19:23:40
tdma_packet_loss,1,50,0.15,5,2,0.1,5,0.373277,0.8,0.790898,50.0,False,500,0,0,500,428,19377,24500,500,0.856,0.923946,0.790898,500,2026-09-03T19:23:43
tdma_packet_loss,1,50,0.15,5,2,0.1,6,0.349467,1.0,0.784286,50.0,False,500,0,0,500,423,19215,24500,500,0.846,0.927052,0.784286,500,2026-09-03T19:23:41
tdma_packet_loss,1,50,0.15,5,2,0.1,7,0.479453,0.8,0.792939,50.0,False,500,0,0,500,429,19427,24500,500,0.858,0.924171,0.792939,500,2026-09-03T19:23:44
tdma_packet_loss,1,50,0.15,5,2,0.1,8,0.434117,1.0,0.798122,50.0,False,500,0,0,500,430,19554,24500,500,0.86,0.928049,0.798122,500,2026-09-03T19:23:42
tdma_packet_loss,1,50,0.15,5,2,0.1,9,0.432945,0.8,0.777959,50.0,False,500,0,0,500,421,19060,24500,500,0.842,0.923942,0.777959,500,2026-09-03T19:23:49
tdma_packet_loss,1,50,0.15,5,2,0.1,10,0.38477,1.0,0.812163,50.0,False,500,0,0,500,439,19898,24500,500,0.878,0.925015,0.812163,500,2026-09-03T19:23:43
tdma_packet_loss,1,50,0.15,5,2,0.1,11,0.45358,0.8,0.778163,50.0,False,500,0,0,500,420,19065,24500,500,0.84,0.926385,0.778163,500,2026-09-03T19:23:58
tdma_packet_loss,1,50,0.15,5,2,0.1,12,0.509118,1.0,0.783347,50.0,False,500,0,0,500,423,19192,24500,500,0.846,0.925942,0.783347,500,2026-09-03T19:23:43
tdma_packet_loss,1,50,0.15,5,2,0.1,13,0.422262,0.8,0.797061,50.0,False,500,0,0,500,431,19528,24500,500,0.862,0.924665,0.797061,500,2026-09-03T19:23:58
tdma_packet_loss,1,50,0.15,5,2,0.1,14,0.424127,1.0,0.774,50.0,False,500,0,0,500,419,18963,24500,500,0.838,0.923628,0.774,500,2026-09-03T19:23:44
tdma_packet_loss,1,50,0.15,5,5,0.025,0,0.602639,0.2,0.800061,32.2,True,322,0,176,313,1730,78406,98000,2000,0.865,0.924926,0.800061,500,2026-09-03T19:24:26
tdma_packet_loss,1,50,0.15,5,5,0.025,1,0.602482,1.0,0.790245,50.0,False,500,0,0,56,1706,77444,98000,2000,0.853,0.92643,0.790245,500,2026-09-03T19:23:54
tdma_packet_loss,1,50,0.15,5,5,0.025,2,0.595774,0.8,0.788847,50.0,False,500,0,0,414,1705,77307,98000,2000,0.8525,0.925334,0.788847,500,2026-09-03T19:24:46
tdma_packet_loss,1,50,0.15,5,5,0.025,3,0.534914,0.8,0.792245,50.0,False,500,0,0,395,1713,77640,98000,2000,0.8565,0.924979,0.792245,500,2026-09-03T19:24:19
tdma_packet_loss,1,50,0.15,5,5,0.025,4,0.652158,0.4,0.780082,39.8,True,398,0,96,46,1687,76448,98000,2000,0.8435,0.924815,0.780082,500,2026-09-03T19:24:47
tdma_packet_loss,1,50,0.15,5,5,0.025,5,0.549629,0.6,0.784204,8.4,True,84,0,413,58,1698,76852,98000,2000,0.849,0.92368,0.784204,500,2026-09-03T19:24:20
tdma_packet_loss,1,50,0.15,5,5,0.025,6,0.543228,0.4,0.782898,50.0,False,500,0,0,123,1690,76724,98000,2000,0.845,0.926506,0.782898,500,2026-09-03T19:24:48
tdma_packet_loss,1,50,0.15,5,5,0.025,7,0.582518,0.8,0.777837,50.0,False,500,0,0,34,1683,76228,98000,2000,0.8415,0.924345,0.777837,500,2026-09-03T19:24:32
tdma_packet_loss,1,50,0.15,5,5,0.025,8,0.63459,0.8,0.791347,3.1,True,31,0,467,246,1709,77552,98000,2000,0.8545,0.926094,0.791347,500,2026-09-03T19:24:48
tdma_packet_loss,1,50,0.15,5,5,0.025,9,0.653644,1.0,0.786673,50.0,False,500,0,0,50,1699,77094,98000,2000,0.8495,0.926043,0.786673,500,2026-09-03T19:24:45
tdma_packet_loss,1,50,0.15,5,5,0.025,10,0.632407,0.8,0.776286,46.5,True,465,0,33,118,1678,76076,98000,2000,0.839,0.925251,0.776286,500,2026-09-03T19:24:49
tdma_packet_loss,1,50,0.15,5,5,0.025,11,0.551188,0.8,0.77998,50.0,False,500,0,0,137,1685,76438,98000,2000,0.8425,0.925792,0.77998,500,2026-09-03T19:24:46
tdma_packet_loss,1,50,0.15,5,5,0.025,12,0.576876,0.2,0.771,50.0,False,500,0,0,30,1667,75558,98000,2000,0.8335,0.925015,0.771,500,2026-09-03T19:24:50
tdma_packet_loss,1,50,0.15,5,5,0.025,13,0.663598,0.4,0.791,36.5,True,365,0,134,57,1710,77518,98000,2000,0.855,0.925146,0.791,500,2026-09-03T19:24:46
tdma_packet_loss,1,50,0.15,5,5,0.025,14,0.637481,0.8,0.805571,21.2,True,212,0,276,75,1742,78946,98000,2000,0.871,0.924881,0.805571,500,2026-09-03T19:24:50
tdma_packet_loss,1,50,0.15,5,5,0.05,0,0.485766,1.0,0.806918,50.0,False,500,0,0,319,872,39539,49000,1000,0.872,0.925365,0.806918,500,2026-09-03T19:24:48
tdma_packet_loss,1,50,0.15,5,5,0.05,1,0.445791,1.0,0.77851,50.0,False,500,0,0,286,839,38147,49000,1000,0.839,0.927903,0.77851,500,2026-09-03T19:24:51
tdma_packet_loss,1,50,0.15,5,5,0.05,2,0.475406,1.0,0.786918,50.0,False,500,0,0,299,850,38559,49000,1000,0.85,0.925786,0.786918,500,2026-09-03T19:24:49
tdma_packet_loss,1,50,0.15,5,5,0.05,3,0.51223,0.8,0.798673,50.0,False,500,0,0,500,863,39135,49000,1000,0.863,0.925462,0.798673,500,2026-09-03T19:24:52
tdma_packet_loss,1,50,0.15,5,5,0.05,4,0.501581,0.8,0.783531,50.0,False,500,0,0,36,847,38393,49000,1000,0.847,0.925066,0.783531,500,2026-09-03T19:24:51
tdma_packet_loss,1,50,0.15,5,5,0.05,5,0.433372,0.8,0.785878,50.0,False,500,0,0,497,850,38508,49000,1000,0.85,0.924562,0.785878,500,2026-09-03T19:24:54
tdma_packet_loss,1,50,0.15,5,5,0.05,6,0.4568,1.0,0.793796,50.0,False,500,0,0,268,857,38896,49000,1000,0.857,0.92625,0.793796,500,2026-09-03T19:24:51
tdma_packet_loss,1,50,0.15,5,5,0.05,7,0.50383,0.8,0.773469,50.0,False,500,0,0,263,837,37900,49000,1000,0.837,0.924097,0.773469,500,2026-09-03T19:24:54
tdma_packet_loss,1,50,0.15,5,5,0.05,8,0.532416,1.0,0.79451,50.0,False,500,0,0,174,858,38931,49000,1000,0.858,0.926003,0.79451,500,2026-09-03T19:24:52
tdma_packet_loss,1,50,0.15,5,5,0.05,9,0.504177,1.0,0.78902,50.0,False,500,0,0,166,853,38662,49000,1000,0.853,0.924995,0.78902,500,2026-09-03T19:24:55
tdma_packet_loss,1,50,0.15,5,5,0.05,10,0.492385,1.0,0.786122,50.0,False,500,0,0,219,849,38520,49000,1000,0.849,0.925939,0.786122,500,2026-09-03T19:24:53
tdma_packet_loss,1,50,0.15,5,5,0.05,11,0.510778,1.0,0.784857,50.0,False,500,0,0,463,847,38458,49000,1000,0.847,0.926632,0.784857,500,2026-09-03T19:24:56
tdma_packet_loss,1,50,0.15,5,5,0.05,12,0.467623,0.8,0.759163,50.0,False,500,0,0,215,821,37199,49000,1000,0.821,0.924681,0.759163,500,2026-09-03T19:24:53
tdma_packet_loss,1,50,0.15,5,5,0.05,13,0.486351,1.0,0.801714,50.0,False,500,0,0,240,866,39284,49000,1000,0.866,0.925767,0.801714,500,2026-09-03T19:24:57
tdma_packet_loss,1,50,0.15,5,5,0.05,14,0.558911,0.8,0.799102,50.0,False,500,0,0,77,864,39156,49000,1000,0.864,0.924887,0.799102,500,2026-09-03T19:24:53
tdma_packet_loss,1,50,0.15,5,5,0.1,0,0.432486,1.0,0.806122,50.0,False,500,0,0,444,435,19750,24500,500,0.87,0.926578,0.806122,500,2026-09-03T19:24:56
tdma_packet_loss,1,50,0.15,5,5,0.1,1,0.504517,1.0,0.779388,50.0,False,500,0,0,225,420,19095,24500,500,0.84,0.927843,0.779388,500,2026-09-03T19:24:54
tdma_packet_loss,1,50,0.15,5,5,0.1,2,0.42046,0.6,0.776408,50.0,False,500,0,0,500,420,19022,24500,500,0.84,0.924295,0.776408,500,2026-09-03T19:24:57
tdma_packet_loss,1,50,0.15,5,5,0.1,3,0.450536,1.0,0.800735,50.0,False,500,0,0,500,433,19618,24500,500,0.866,0.924636,0.800735,500,2026-09-03T19:24:55
tdma_packet_loss,1,50,0.15,5,5,0.1,4,0.427451,0.8,0.770163,50.0,False,500,0,0,500,416,18869,24500,500,0.832,0.925677,0.770163,500,2026-09-03T19:24:58
tdma_packet_loss,1,50,0.15,5,5,0.1,5,0.316027,0.8,0.802,50.0,False,500,0,0,500,434,19649,24500,500,0.868,0.923963,0.802,500,2026-09-03T19:24:57
tdma_packet_loss,1,50,0.15,5,5,0.1,6,0.497322,1.0,0.79351,50.0,False,500,0,0,500,428,19441,24500,500,0.856,0.926998,0.79351,500,2026-09-03T19:25:00
tdma_packet_loss,1,50,0.15,5,5,0.1,7,0.409055,1.0,0.745714,50.0,False,500,0,0,500,403,18270,24500,500,0.806,0.925204,0.745714,500,2026-09-03T19:24:58
tdma_packet_loss,1,50,0.15,5,5,0.1,8,0.49077,1.0,0.786857,50.0,False,500,0,0,500,424,19278,24500,500,0.848,0.927898,0.786857,500,2026-09-03T19:25:00
tdma_packet_loss,1,50,0.15,5,5,0.1,9,0.492359,1.0,0.783347,50.0,False,500,0,0,500,424,19192,24500,500,0.848,0.923758,0.783347,500,2026-09-03T19:24:58
tdma_packet_loss,1,50,0.15,5,5,0.1,10,0.321542,1.0,0.790286,50.0,False,500,0,0,500,427,19362,24500,500,0.854,0.925393,0.790286,500,2026-09-03T19:25:00
tdma_packet_loss,1,50,0.15,5,5,0.1,11,0.471945,0.8,0.783388,50.0,False,500,0,0,192,423,19193,24500,500,0.846,0.92599,0.783388,500,2026-09-03T19:24:59
tdma_packet_loss,1,50,0.15,5,5,0.1,12,0.499333,1.0,0.768653,50.0,False,500,0,0,336,415,18832,24500,500,0.83,0.926088,0.768653,500,2026-09-03T19:25:01
tdma_packet_loss,1,50,0.15,5,5,0.1,13,0.555446,0.8,0.807837,50.0,False,500,0,0,500,437,19792,24500,500,0.874,0.924298,0.807837,500,2026-09-03T19:24:59
tdma_packet_loss,1,50,0.15,5,5,0.1,14,0.453109,1.0,0.781224,50.0,False,500,0,0,500,423,19140,24500,500,0.846,0.923433,0.781224,500,2026-09-03T19:25:01
tdma_packet_loss,1,50,0.15,10,0,0.025,0,0.481665,0.8,0.800061,50.0,False,500,0,0,500,1730,78406,98000,2000,0.865,0.924926,0.800061,500,2026-09-03T19:25:00
tdma_packet_loss,1,50,0.15,10,0,0.025,1,0.576128,0.6,0.790245,50.0,False,500,0,0,500,1706,77444,98000,2000,0.853,0.92643,0.790245,500,2026-09-03T19:25:04
tdma_packet_loss,1,50,0.15,10,0,0.025,2,0.564167,0.7,0.788847,50.0,False,500,0,0,500,1705,77307,98000,2000,0.8525,0.925334,0.788847,500,2026-09-03T19:25:00
tdma_packet_loss,1,50,0.15,10,0,0.025,3,0.531969,0.5,0.792245,50.0,False,500,0,0,500,1713,77640,98000,2000,0.8565,0.924979,0.792245,500,2026-09-03T19:25:04
tdma_packet_loss,1,50,0.15,10,0,0.025,4,0.444772,0.4,0.780082,50.0,False,500,0,0,500,1687,76448,98000,2000,0.8435,0.924815,0.780082,500,2026-09-03T19:25:02
tdma_packet_loss,1,50,0.15,10,0,0.025,5,0.499987,0.7,0.784204,50.0,False,500,0,0,500,1698,76852,98000,2000,0.849,0.92368,0.784204,500,2026-09-03T19:25:05
tdma_packet_loss,1,50,0.15,10,0,0.025,6,0.585483,0.7,0.782898,50.0,False,500,0,0,500,1690,76724,98000,2000,0.845,0.926506,0.782898,500,2026-09-03T19:25:03
tdma_packet_loss,1,50,0.15,10,0,0.025,7,0.554317,0.8,0.777837,50.0,False,500,0,0,500,1683,76228,98000,2000,0.8415,0.924345,0.777837,500,2026-09-03T19:25:07
tdma_packet_loss,1,50,0.15,10,0,0.025,8,0.588878,0.4,0.791347,50.0,False,500,0,0,500,1709,77552,98000,2000,0.8545,0.926094,0.791347,500,2026-09-03T19:25:03
tdma_packet_loss,1,50,0.15,10,0,0.025,9,0.547597,0.5,0.786673,50.0,False,500,0,0,490,1699,77094,98000,2000,0.8495,0.926043,0.786673,500,2026-09-03T19:25:07
tdma_packet_loss,1,50,0.15,10,0,0.025,10,0.492286,0.7,0.776286,50.0,False,500,0,0,500,1678,76076,98000,2000,0.839,0.925251,0.776286,500,2026-09-03T19:25:04
tdma_packet_loss,1,50,0.15,10,0,0.025,11,0.576346,0.8,0.77998,50.0,False,500,0,0,500,1685,76438,98000,2000,0.8425,0.925792,0.77998,500,2026-09-03T19:25:07
tdma_packet_loss,1,50,0.15,10,0,0.025,12,0.494088,0.9,0.771,50.0,False,500,0,0,258,1667,75558,98000,2000,0.8335,0.925015,0.771,500,2026-09-03T19:25:04
tdma_packet_loss,1,50,0.15,10,0,0.025,13,0.507391,0.5,0.791,50.0,False,500,0,0,240,1710,77518,98000,2000,0.855,0.925146,0.791,500,2026-09-03T19:25:08
tdma_packet_loss,1,50,0.15,10,0,0.025,14,0.606192,0.4,0.805571,50.0,False,500,0,0,500,1742,78946,98000,2000,0.871,0.924881,0.805571,500,2026-09-03T19:25:05
tdma_packet_loss,1,50,0.15,10,0,0.05,0,0.368624,0.8,0.806918,50.0,False,500,0,0,500,872,39539,49000,1000,0.872,0.925365,0.806918,500,2026-09-03T19:25:08
tdma_packet_loss,1,50,0.15,10,0,0.05,1,0.336104,1.0,0.77851,50.0,False,500,0,0,500,839,38147,49000,1000,0.839,0.927903,0.77851,500,2026-09-03T19:25:07
tdma_packet_loss,1,50,0.15,10,0,0.05,2,0.366719,0.6,0.786918,50.0,False,500,0,0,500,850,38559,49000,1000,0.85,0.925786,0.786918,500,2026-09-03T19:25:10
tdma_packet_loss,1,50,0.15,10,0,0.05,3,0.327551,0.8,0.798673,50.0,False,500,0,0,500,863,39135,49000,1000,0.863,0.925462,0.798673,500,2026-09-03T19:25:07
tdma_packet_loss,1,50,0.15,10,0,0.05,4,0.428946,0.8,0.783531,50.0,False,500,0,0,500,847,38393,49000,1000,0.847,0.925066,0.783531,500,2026-09-03T19:25:10
tdma_packet_loss,1,50,0.15,10,0,0.05,5,0.349434,0.9,0.785878,50.0,False,500,0,0,500,850,38508,49000,1000,0.85,0.924562,0.785878,500,2026-09-03T19:25:09
tdma_packet_loss,1,50,0.15,10,0,0.05,6,0.422161,0.9,0.793796,50.0,False,500,0,0,500,857,38896,49000,1000,0.857,0.92625,0.793796,500,2026-09-03T19:25:12
tdma_packet_loss,1,50,0.15,10,0,0.05,7,0.342885,0.9,0.773469,50.0,False,500,0,0,500,837,37900,49000,1000,0.837,0.924097,0.773469,500,2026-09-03T19:25:10
tdma_packet_loss,1,50,0.15,10,0,0.05,8,0.349099,0.7,0.79451,50.0,False,500,0,0,500,858,38931,49000,1000,0.858,0.926003,0.79451,500,2026-09-03T19:25:14
tdma_packet_loss,1,50,0.15,10,0,0.05,9,0.379289,1.0,0.78902,50.0,False,500,0,0,500,853,38662,49000,1000,0.853,0.924995,0.78902,500,2026-09-03T19:25:10
tdma_packet_loss,1,50,0.15,10,0,0.05,10,0.364347,0.5,0.786122,50.0,False,500,0,0,500,849,38520,49000,1000,0.849,0.925939,0.786122,500,2026-09-03T19:25:14
tdma_packet_loss,1,50,0.15,10,0,0.05,11,0.430949,1.0,0.784857,50.0,False,500,0,0,500,847,38458,49000,1000,0.847,0.926632,0.784857,500,2026-09-03T19:25:11
tdma_packet_loss,1,50,0.15,10,0,0.05,12,0.430224,1.0,0.759163,50.0,False,500,0,0,500,821,37199,49000,1000,0.821,0.924681,0.759163,500,2026-09-03T19:25:14
tdma_packet_loss,1,50,0.15,10,0,0.05,13,0.414511,0.8,0.801714,50.0,False,500,0,0,500,866,39284,49000,1000,0.866,0.925767,0.801714,500,2026-09-03T19:25:11
tdma_packet_loss,1,50,0.15,10,0,0.05,14,0.395182,1.0,0.799102,50.0,False,500,0,0,500,864,39156,49000,1000,0.864,0.924887,0.799102,500,2026-09-03T19:25:15
tdma_packet_loss,1,50,0.15,10,0,0.1,0,0.317732,1.0,0.806122,50.0,False,500,0,0,500,435,19750,24500,500,0.87,0.926578,0.806122,500,2026-09-03T19:25:11
tdma_packet_loss,1,50,0.15,10,0,0.1,1,0.337721,0.7,0.779388,50.0,False,500,0,0,500,420,19095,24500,500,0.84,0.927843,0.779388,500,2026-09-03T19:25:14
tdma_packet_loss,1,50,0.15,10,0,0.1,2,0.416311,0.9,0.776408,50.0,False,500,0,0,500,420,19022,24500,500,0.84,0.924295,0.776408,500,2026-09-03T19:25:13
tdma_packet_loss,1,50,0.15,10,0,0.1,3,0.375018,0.9,0.800735,50.0,False,500,0,0,500,433,19618,24500,500,0.866,0.924636,0.800735,500,2026-09-03T19:25:16
tdma_packet_loss,1,50,0.15,10,0,0.1,4,0.399979,0.6,0.770163,50.0,False,500,0,0,500,416,18869,24500,500,0.832,0.925677,0.770163,500,2026-09-03T19:25:13
tdma_packet_loss,1,50,0.15,10,0,0.1,5,0.354872,1.0,0.802,50.0,False,500,0,0,500,434,19649,24500,500,0.868,0.923963,0.802,500,2026-09-03T19:25:16
tdma_packet_loss,1,50,0.15,10,0,0.1,6,0.387258,0.7,0.79351,50.0,False,500,0,0,500,428,19441,24500,500,0.856,0.926998,0.79351,500,2026-09-03T19:25:15
tdma_packet_loss,1,50,0.15,10,0,0.1,7,0.354416,0.9,0.745714,50.0,False,500,0,0,500,403,18270,24500,500,0.806,0.925204,0.745714,500,2026-09-03T19:25:18
tdma_packet_loss,1,50,0.15,10,0,0.1,8,0.431207,0.6,0.786857,50.0,False,500,0,0,500,424,19278,24500,500,0.848,0.927898,0.786857,500,2026-09-03T19:25:17
tdma_packet_loss,1,50,0.15,10,0,0.1,9,0.375479,0.5,0.783347,50.0,False,500,0,0,500,424,19192,24500,500,0.848,0.923758,0.783347,500,2026-09-03T19:25:20
tdma_packet_loss,1,50,0.15,10,0,0.1,10,0.337512,0.8,0.790286,50.0,False,500,0,0,500,427,19362,24500,500,0.854,0.925393,0.790286,500,2026-09-03T19:25:17
tdma_packet_loss,1,50,0.15,10,0,0.1,11,0.327387,0.8,0.783388,50.0,False,500,0,0,500,423,19193,24500,500,0.846,0.92599,0.783388,500,2026-09-03T19:25:20
tdma_packet_loss,1,50,0.15,10,0,0.1,12,0.303634,1.0,0.768653,50.0,False,500,0,0,500,415,18832,24500,500,0.83,0.926088,0.768653,500,2026-09-03T19:25:17
tdma_packet_loss,1,50,0.15,10,0,0.1,13,0.293292,0.9,0.807837,50.0,False,500,0,0,500,437,19792,24500,500,0.874,0.924298,0.807837,500,2026-09-03T19:25:20
tdma_packet_loss,1,50,0.15,10,0,0.1,14,0.410254,0.8,0.781224,50.0,False,500,0,0,500,423,19140,24500,500,0.846,0.923433,0.781224,500,2026-09-03T19:25:17
tdma_packet_loss,1,50,0.15,10,2,0.025,0,0.520632,0.6,0.78252,50.0,False,500,0,0,500,1692,76687,98000,2000,0.846,0.924965,0.78252,500,2026-09-03T19:25:21
tdma_packet_loss,1,50,0.15,10,2,0.025,1,0.58419,0.6,0.792163,50.0,False,500,0,0,500,1710,77632,98000,2000,0.855,0.926507,0.792163,500,2026-09-03T19:25:19
tdma_packet_loss,1,50,0.15,10,2,0.025,2,0.553166,0.6,0.790714,50.0,False,500,0,0,500,1709,77490,98000,2000,0.8545,0.925353,0.790714,500,2026-09-03T19:25:24
tdma_packet_loss,1,50,0.15,10,2,0.025,3,0.47065,0.5,0.794051,50.0,False,500,0,0,500,1717,77817,98000,2000,0.8585,0.924928,0.794051,500,2026-09-03T19:25:20
tdma_packet_loss,1,50,0.15,10,2,0.025,4,0.593202,0.5,0.781898,50.0,False,500,0,0,395,1691,76626,98000,2000,0.8455,0.924776,0.781898,500,2026-09-03T19:25:24
tdma_packet_loss,1,50,0.15,10,2,0.025,5,0.441235,0.5,0.786143,50.0,False,500,0,0,500,1702,77042,98000,2000,0.851,0.923787,0.786143,500,2026-09-03T19:25:20
tdma_packet_loss,1,50,0.15,10,2,0.025,6,0.544614,0.9,0.784296,50.0,False,500,0,0,500,1693,76861,98000,2000,0.8465,0.926516,0.784296,500,2026-09-03T19:25:25
tdma_packet_loss,1,50,0.15,10,2,0.025,7,0.47082,0.6,0.779602,50.0,False,500,0,0,500,1687,76401,98000,2000,0.8435,0.924247,0.779602,500,2026-09-03T19:25:22
tdma_packet_loss,1,50,0.15,10,2,0.025,8,0.550609,0.7,0.792796,50.0,False,500,0,0,500,1712,77694,98000,2000,0.856,0.926163,0.792796,500,2026-09-03T19:25:27
tdma_packet_loss,1,50,0.15,10,2,0.025,9,0.5323,0.6,0.788449,50.0,False,500,0,0,500,1703,77268,98000,2000,0.8515,0.925953,0.788449,500,2026-09-03T19:25:24
tdma_packet_loss,1,50,0.15,10,2,0.025,10,0.462661,0.6,0.777694,50.0,False,500,0,0,500,1681,76214,98000,2000,0.8405,0.925275,0.777694,500,2026-09-03T19:25:29
tdma_packet_loss,1,50,0.15,10,2,0.025,11,0.533968,0.8,0.781367,50.0,False,500,0,0,500,1688,76574,98000,2000,0.844,0.925791,0.781367,500,2026-09-03T19:25:24
tdma_packet_loss,1,50,0.15,10,2,0.025,12,0.545713,0.6,0.772816,50.0,False,500,0,0,104,1671,75736,98000,2000,0.8355,0.924975,0.772816,500,2026-09-03T19:25:29
tdma_packet_loss,1,50,0.15,10,2,0.025,13,0.494711,0.7,0.786908,50.0,False,500,0,0,500,1701,77117,98000,2000,0.8505,0.92523,0.786908,500,2026-09-03T19:25:24
tdma_packet_loss,1,50,0.15,10,2,0.025,14,0.541169,0.6,0.807398,50.0,False,500,0,0,500,1746,79125,98000,2000,0.873,0.924854,0.807398,500,2026-09-03T19:25:29
tdma_packet_loss,1,50,0.15,10,2,0.05,0,0.377209,0.8,0.769612,50.0,False,500,0,0,500,831,37711,49000,1000,0.831,0.926128,0.769612,500,2026-09-03T19:25:25
tdma_packet_loss,1,50,0.15,10,2,0.05,1,0.401685,0.9,0.782122,50.0,False,500,0,0,500,843,38324,49000,1000,0.843,0.927785,0.782122,500,2026-09-03T19:25:30
tdma_packet_loss,1,50,0.15,10,2,0.05,2,0.341463,0.9,0.789612,50.0,False,500,0,0,500,853,38691,49000,1000,0.853,0.925688,0.789612,500,2026-09-03T19:25:28
tdma_packet_loss,1,50,0.15,10,2,0.05,3,0.358091,0.9,0.802184,50.0,False,500,0,0,500,867,39307,49000,1000,0.867,0.925241,0.802184,500,2026-09-03T19:25:32
tdma_packet_loss,1,50,0.15,10,2,0.05,4,0.382673,0.8,0.786265,50.0,False,500,0,0,500,850,38527,49000,1000,0.85,0.925018,0.786265,500,2026-09-03T19:25:29
tdma_packet_loss,1,50,0.15,10,2,0.05,5,0.394781,0.8,0.781551,50.0,False,500,0,0,500,845,38296,49000,1000,0.845,0.924912,0.781551,500,2026-09-03T19:25:33
tdma_packet_loss,1,50,0.15,10,2,0.05,6,0.397999,0.9,0.796714,50.0,False,500,0,0,500,860,39039,49000,1000,0.86,0.926412,0.796714,500,2026-09-03T19:25:29
tdma_packet_loss,1,50,0.15,10,2,0.05,7,0.378377,0.9,0.776082,50.0,False,500,0,0,500,840,38028,49000,1000,0.84,0.923907,0.776082,500,2026-09-03T19:25:33
tdma_packet_loss,1,50,0.15,10,2,0.05,8,0.400828,0.6,0.796429,50.0,False,500,0,0,500,860,39025,49000,1000,0.86,0.92608,0.796429,500,2026-09-03T19:25:31
tdma_packet_loss,1,50,0.15,10,2,0.05,9,0.438239,0.7,0.791673,50.0,False,500,0,0,500,856,38792,49000,1000,0.856,0.924852,0.791673,500,2026-09-03T19:25:35
tdma_packet_loss,1,50,0.15,10,2,0.05,10,0.334932,0.6,0.789857,50.0,False,500,0,0,500,853,38703,49000,1000,0.853,0.925976,0.789857,500,2026-09-03T19:25:33
tdma_packet_loss,1,50,0.15,10,2,0.05,11,0.393108,0.9,0.787551,50.0,False,500,0,0,500,850,38590,49000,1000,0.85,0.926531,0.787551,500,2026-09-03T19:25:36
tdma_packet_loss,1,50,0.15,10,2,0.05,12,0.469302,0.8,0.761918,50.0,False,500,0,0,500,824,37334,49000,1000,0.824,0.924658,0.761918,500,2026-09-03T19:25:33
tdma_packet_loss,1,50,0.15,10,2,0.05,13,0.355345,0.8,0.785959,50.0,False,500,0,0,500,849,38512,49000,1000,0.849,0.925747,0.785959,500,2026-09-03T19:25:37
tdma_packet_loss,1,50,0.15,10,2,0.05,14,0.437383,0.8,0.802776,50.0,False,500,0,0,500,868,39336,49000,1000,0.868,0.924857,0.802776,500,2026-09-03T19:25:33
tdma_packet_loss,1,50,0.15,10,2,0.1,0,0.352645,0.9,0.760735,50.0,False,500,0,0,500,410,18638,24500,500,0.82,0.927725,0.760735,500,2026-09-03T19:25:36
tdma_packet_loss,1,50,0.15,10,2,0.1,1,0.331984,0.8,0.785061,50.0,False,500,0,0,500,423,19234,24500,500,0.846,0.927968,0.785061,500,2026-09-03T19:25:33
tdma_packet_loss,1,50,0.15,10,2,0.1,2,0.368946,1.0,0.781878,50.0,False,500,0,0,500,423,19156,24500,500,0.846,0.924205,0.781878,500,2026-09-03T19:25:36
tdma_packet_loss,1,50,0.15,10,2,0.1,3,0.366366,0.9,0.808,50.0,False,500,0,0,500,437,19796,24500,500,0.874,0.924485,0.808,500,2026-09-03T19:25:35
tdma_packet_loss,1,50,0.15,10,2,0.1,4,0.406785,0.9,0.777347,50.0,False,500,0,0,500,420,19045,24500,500,0.84,0.925413,0.777347,500,2026-09-03T19:25:38
tdma_packet_loss,1,50,0.15,10,2,0.1,5,0.35934,0.7,0.772571,50.0,False,500,0,0,500,418,18928,24500,500,0.836,0.924129,0.772571,500,2026-09-03T19:25:36
tdma_packet_loss,1,50,0.15,10,2,0.1,6,0.373675,1.0,0.782898,50.0,False,500,0,0,500,422,19181,24500,500,0.844,0.927604,0.782898,500,2026-09-03T19:25:38
tdma_packet_loss,1,50,0.15,10,2,0.1,7,0.290923,0.8,0.751102,50.0,False,500,0,0,500,406,18402,24500,500,0.812,0.925003,0.751102,500,2026-09-03T19:25:36
tdma_packet_loss,1,50,0.15,10,2,0.1,8,0.322672,0.8,0.794327,50.0,False,500,0,0,500,428,19461,24500,500,0.856,0.927952,0.794327,500,2026-09-03T19:25:39
tdma_packet_loss,1,50,0.15,10,2,0.1,9,0.349229,0.9,0.786776,50.0,False,500,0,0,500,426,19276,24500,500,0.852,0.923445,0.786776,500,2026-09-03T19:25:37
tdma_packet_loss,1,50,0.15,10,2,0.1,10,0.336851,0.9,0.797714,50.0,False,500,0,0,500,431,19544,24500,500,0.862,0.925423,0.797714,500,2026-09-03T19:25:40
tdma_packet_loss,1,50,0.15,10,2,0.1,11,0.35123,0.7,0.790857,50.0,False,500,0,0,500,427,19376,24500,500,0.854,0.926062,0.790857,500,2026-09-03T19:25:38
tdma_packet_loss,1,50,0.15,10,2,0.1,12,0.329148,0.6,0.776041,50.0,False,500,0,0,500,419,19013,24500,500,0.838,0.926063,0.776041,500,2026-09-03T19:25:41
tdma_packet_loss,1,50,0.15,10,2,0.1,13,0.344206,0.8,0.787633,50.0,False,500,0,0,500,426,19297,24500,500,0.852,0.924451,0.787633,500,2026-09-03T19:25:39
tdma_packet_loss,1,50,0.15,10,2,0.1,14,0.456758,0.9,0.788367,50.0,False,500,0,0,500,427,19315,24500,500,0.854,0.923147,0.788367,500,2026-09-03T19:25:42
tdma_packet_loss,1,50,0.15,10,5,0.025,0,0.553836,0.6,0.784867,50.0,False,500,0,0,500,1697,76917,98000,2000,0.8485,0.925006,0.784867,500,2026-09-03T19:25:40
tdma_packet_loss,1,50,0.15,10,5,0.025,1,0.613257,0.6,0.794939,50.0,False,500,0,0,500,1716,77904,98000,2000,0.858,0.926502,0.794939,500,2026-09-03T19:25:45
tdma_packet_loss,1,50,0.15,10,5,0.025,2,0.583629,0.6,0.793112,50.0,False,500,0,0,500,1714,77725,98000,2000,0.857,0.925452,0.793112,500,2026-09-03T19:25:40
tdma_packet_loss,1,50,0.15,10,5,0.025,3,0.578462,0.5,0.796837,50.0,False,500,0,0,500,1723,78090,98000,2000,0.8615,0.924941,0.796837,500,2026-09-03T19:25:45
tdma_packet_loss,1,50,0.15,10,5,0.025,4,0.567724,0.6,0.784622,50.0,False,500,0,0,500,1697,76893,98000,2000,0.8485,0.924717,0.784622,500,2026-09-03T19:25:41
tdma_packet_loss,1,50,0.15,10,5,0.025,5,0.529063,0.7,0.78851,50.0,False,500,0,0,500,1707,77274,98000,2000,0.8535,0.923855,0.78851,500,2026-09-03T19:25:46
tdma_packet_loss,1,50,0.15,10,5,0.025,6,0.530923,0.6,0.787051,50.0,False,500,0,0,500,1699,77131,98000,2000,0.8495,0.926487,0.787051,500,2026-09-03T19:25:42
tdma_packet_loss,1,50,0.15,10,5,0.025,7,0.482599,0.7,0.782316,50.0,False,500,0,0,264,1693,76667,98000,2000,0.8465,0.924178,0.782316,500,2026-09-03T19:25:47
tdma_packet_loss,1,50,0.15,10,5,0.025,8,0.537436,0.8,0.795153,50.0,False,500,0,0,500,1717,77925,98000,2000,0.8585,0.926212,0.795153,500,2026-09-03T19:25:43
tdma_packet_loss,1,50,0.15,10,5,0.025,9,0.549369,0.6,0.791224,50.0,False,500,0,0,500,1709,77540,98000,2000,0.8545,0.92595,0.791224,500,2026-09-03T19:25:47
tdma_packet_loss,1,50,0.15,10,5,0.025,10,0.608183,0.5,0.779602,50.0,False,500,0,0,500,1685,76401,98000,2000,0.8425,0.925344,0.779602,500,2026-09-03T19:25:44
tdma_packet_loss,1,50,0.15,10,5,0.025,11,0.485824,0.9,0.784184,50.0,False,500,0,0,500,1694,76850,98000,2000,0.847,0.925837,0.784184,500,2026-09-03T19:25:49
tdma_packet_loss,1,50,0.15,10,5,0.025,12,0.473028,0.6,0.775173,50.0,False,500,0,0,500,1676,75967,98000,2000,0.838,0.925028,0.775173,500,2026-09-03T19:25:46
tdma_packet_loss,1,50,0.15,10,5,0.025,13,0.571137,0.7,0.789224,50.0,False,500,0,0,500,1706,77344,98000,2000,0.853,0.925234,0.789224,500,2026-09-03T19:25:50
tdma_packet_loss,1,50,0.15,10,5,0.025,14,0.587987,0.4,0.78901,50.0,False,500,0,0,500,1706,77323,98000,2000,0.853,0.924983,0.78901,500,2026-09-03T19:25:46
tdma_packet_loss,1,50,0.15,10,5,0.05,0,0.426995,0.8,0.775143,50.0,False,500,0,0,500,837,37982,49000,1000,0.837,0.926097,0.775143,500,2026-09-03T19:25:50
tdma_packet_loss,1,50,0.15,10,5,0.05,1,0.398692,1.0,0.785878,50.0,False,500,0,0,500,847,38508,49000,1000,0.847,0.927837,0.785878,500,2026-09-03T19:25:49
tdma_packet_loss,1,50,0.15,10,5,0.05,2,0.440991,0.9,0.794163,50.0,False,500,0,0,500,858,38914,49000,1000,0.858,0.925598,0.794163,500,2026-09-03T19:25:52
tdma_packet_loss,1,50,0.15,10,5,0.05,3,0.33711,0.8,0.806878,50.0,False,500,0,0,500,872,39537,49000,1000,0.872,0.925318,0.806878,500,2026-09-03T19:25:49
tdma_packet_loss,1,50,0.15,10,5,0.05,4,0.43933,0.8,0.791612,50.0,False,500,0,0,500,856,38789,49000,1000,0.856,0.924781,0.791612,500,2026-09-03T19:25:53
tdma_packet_loss,1,50,0.15,10,5,0.05,5,0.396592,0.8,0.78598,50.0,False,500,0,0,500,850,38513,49000,1000,0.85,0.924682,0.78598,500,2026-09-03T19:25:50
tdma_packet_loss,1,50,0.15,10,5,0.05,6,0.453237,0.9,0.801286,50.0,False,500,0,0,500,865,39263,49000,1000,0.865,0.926342,0.801286,500,2026-09-03T19:25:54
tdma_packet_loss,1,50,0.15,10,5,0.05,7,0.430476,0.9,0.780755,50.0,False,500,0,0,500,845,38257,49000,1000,0.845,0.923971,0.780755,500,2026-09-03T19:25:51
tdma_packet_loss,1,50,0.15,10,5,0.05,8,0.464206,0.9,0.80198,50.0,False,500,0,0,500,866,39297,49000,1000,0.866,0.926073,0.80198,500,2026-09-03T19:25:55
tdma_packet_loss,1,50,0.15,10,5,0.05,9,0.426899,0.9,0.785429,50.0,False,500,0,0,500,849,38486,49000,1000,0.849,0.925122,0.785429,500,2026-09-03T19:25:51
tdma_packet_loss,1,50,0.15,10,5,0.05,10,0.387274,0.9,0.776857,50.0,False,500,0,0,500,839,38066,49000,1000,0.839,0.925932,0.776857,500,2026-09-03T19:25:55
tdma_packet_loss,1,50,0.15,10,5,0.05,11,0.419722,1.0,0.792959,50.0,False,500,0,0,500,856,38855,49000,1000,0.856,0.926354,0.792959,500,2026-09-03T19:25:53
tdma_packet_loss,1,50,0.15,10,5,0.05,12,0.400553,0.9,0.767429,50.0,False,500,0,0,500,830,37604,49000,1000,0.83,0.924613,0.767429,500,2026-09-03T19:25:57
tdma_packet_loss,1,50,0.15,10,5,0.05,13,0.416746,0.8,0.784347,50.0,False,500,0,0,500,847,38433,49000,1000,0.847,0.926029,0.784347,500,2026-09-03T19:25:54
tdma_packet_loss,1,50,0.15,10,5,0.05,14,0.428787,1.0,0.77598,50.0,False,500,0,0,500,839,38023,49000,1000,0.839,0.924886,0.77598,500,2026-09-03T19:25:58
tdma_packet_loss,1,50,0.15,10,5,0.1,0,0.423757,0.9,0.771633,50.0,False,500,0,0,500,416,18905,24500,500,0.832,0.927443,0.771633,500,2026-09-03T19:25:53
tdma_packet_loss,1,50,0.15,10,5,0.1,1,0.437759,0.9,0.792449,50.0,False,500,0,0,500,427,19415,24500,500,0.854,0.927926,0.792449,500,2026-09-03T19:25:57
tdma_packet_loss,1,50,0.15,10,5,0.1,2,0.345069,0.8,0.789551,50.0,False,500,0,0,500,427,19344,24500,500,0.854,0.924533,0.789551,500,2026-09-03T19:25:56
tdma_packet_loss,1,50,0.15,10,5,0.1,3,0.353127,0.5,0.819347,50.0,False,500,0,0,500,443,20074,24500,500,0.886,0.924771,0.819347,500,2026-09-03T19:25:59
tdma_packet_loss,1,50,0.15,10,5,0.1,4,0.426967,0.7,0.786163,50.0,False,500,0,0,500,425,19261,24500,500,0.85,0.924898,0.786163,500,2026-09-03T19:25:56
tdma_packet_loss,1,50,0.15,10,5,0.1,5,0.353017,0.9,0.783796,50.0,False,500,0,0,500,424,19203,24500,500,0.848,0.924288,0.783796,500,2026-09-03T19:25:59
tdma_packet_loss,1,50,0.15,10,5,0.1,6,0.411025,0.8,0.793551,50.0,False,500,0,0,500,428,19442,24500,500,0.856,0.927046,0.793551,500,2026-09-03T19:25:57
tdma_packet_loss,1,50,0.15,10,5,0.1,7,0.353706,0.7,0.760408,50.0,False,500,0,0,500,411,18630,24500,500,0.822,0.925071,0.760408,500,2026-09-03T19:26:00
tdma_packet_loss,1,50,0.15,10,5,0.1,8,0.438423,0.9,0.803388,50.0,False,500,0,0,500,433,19683,24500,500,0.866,0.927699,0.803388,500,2026-09-03T19:25:58
tdma_packet_loss,1,50,0.15,10,5,0.1,9,0.468518,0.4,0.787061,50.0,False,500,0,0,500,426,19283,24500,500,0.852,0.923781,0.787061,500,2026-09-03T19:26:01
tdma_packet_loss,1,50,0.15,10,5,0.1,10,0.368304,1.0,0.785184,50.0,False,500,0,0,500,424,19237,24500,500,0.848,0.925924,0.785184,500,2026-09-03T19:25:58
tdma_packet_loss,1,50,0.15,10,5,0.1,11,0.416066,0.9,0.800122,50.0,False,500,0,0,500,432,19603,24500,500,0.864,0.926068,0.800122,500,2026-09-03T19:26:01
tdma_packet_loss,1,50,0.15,10,5,0.1,12,0.36939,0.9,0.784939,50.0,False,500,0,0,500,424,19231,24500,500,0.848,0.925635,0.784939,500,2026-09-03T19:26:00
tdma_packet_loss,1,50,0.15,10,5,0.1,13,0.325534,0.6,0.783878,50.0,False,500,0,0,500,424,19205,24500,500,0.848,0.924384,0.783878,500,2026-09-03T19:26:02
tdma_packet_loss,1,50,0.15,10,5,0.1,14,0.366872,0.7,0.774,50.0,False,500,0,0,500,419,18963,24500,500,0.838,0.923628,0.774,500,2026-09-03T19:26:00
tdma_packet_loss,1,50,0.3,3,0,0.025,0,0.651732,1.0,0.603224,47.0,True,470,0,29,40,1423,59116,98000,2000,0.7115,0.847821,0.603224,500,2026-09-03T19:26:02
tdma_packet_loss,1,50,0.3,3,0,0.025,1,0.621427,1.0,0.599071,50.0,False,500,0,0,35,1409,58709,98000,2000,0.7045,0.85035,0.599071,500,2026-09-03T19:26:01
tdma_packet_loss,1,50,0.3,3,0,0.025,2,0.589335,1.0,0.600929,10.3,True,103,0,396,69,1412,58891,98000,2000,0.706,0.851174,0.600929,500,2026-09-03T19:26:04
tdma_packet_loss,1,50,0.3,3,0,0.025,3,0.625972,1.0,0.593714,50.0,False,500,0,0,33,1397,58184,98000,2000,0.6985,0.849985,0.593714,500,2026-09-03T19:26:02
tdma_packet_loss,1,50,0.3,3,0,0.025,4,0.61355,1.0,0.595592,50.0,False,500,0,0,41,1403,58368,98000,2000,0.7015,0.849026,0.595592,500,2026-09-03T19:26:05
tdma_packet_loss,1,50,0.3,3,0,0.025,5,0.622065,1.0,0.592306,39.9,True,399,0,100,109,1395,58046,98000,2000,0.6975,0.849184,0.592306,500,2026-09-03T19:26:02
tdma_packet_loss,1,50,0.3,3,0,0.025,6,0.583173,1.0,0.600276,50.0,False,500,0,0,70,1408,58827,98000,2000,0.704,0.852664,0.600276,500,2026-09-03T19:26:05
tdma_packet_loss,1,50,0.3,3,0,0.025,7,0.616777,1.0,0.589459,50.0,False,500,0,0,18,1386,57767,98000,2000,0.693,0.85059,0.589459,500,2026-09-03T19:26:03
tdma_packet_loss,1,50,0.3,3,0,0.025,8,0.627688,1.0,0.593867,50.0,False,500,0,0,57,1394,58199,98000,2000,0.697,0.852033,0.593867,500,2026-09-03T19:26:06
tdma_packet_loss,1,50,0.3,3,0,0.025,9,0.624004,1.0,0.595561,50.0,False,500,0,0,156,1398,58365,98000,2000,0.699,0.852019,0.595561,500,2026-09-03T19:26:04
tdma_packet_loss,1,50,0.3,3,0,0.025,10,0.604971,1.0,0.60749,50.0,False,500,0,0,19,1429,59534,98000,2000,0.7145,0.850231,0.60749,500,2026-09-03T19:26:06
tdma_packet_loss,1,50,0.3,3,0,0.025,11,0.531364,1.0,0.598643,50.0,False,500,0,0,24,1407,58667,98000,2000,0.7035,0.850949,0.598643,500,2026-09-03T19:26:04
tdma_packet_loss,1,50,0.3,3,0,0.025,12,0.54889,1.0,0.597,50.0,False,500,0,0,17,1408,58506,98000,2000,0.704,0.848011,0.597,500,2026-09-03T19:26:07
tdma_packet_loss,1,50,0.3,3,0,0.025,13,0.61516,1.0,0.609102,50.0,False,500,0,0,17,1434,59692,98000,2000,0.717,0.849515,0.609102,500,2026-09-03T19:26:05
tdma_packet_loss,1,50,0.3,3,0,0.025,14,0.554149,1.0,0.567582,50.0,False,500,0,0,34,1335,55623,98000,2000,0.6675,0.85031,0.567582,500,2026-09-03T19:26:08
tdma_packet_loss,1,50,0.3,3,0,0.05,0,0.534778,1.0,0.601449,50.0,False,500,0,0,208,708,29471,49000,1000,0.708,0.849504,0.601449,500,2026-09-03T19:26:05
tdma_packet_loss,1,50,0.3,3,0,0.05,1,0.525597,1.0,0.603857,50.0,False,500,0,0,43,709,29589,49000,1000,0.709,0.851703,0.603857,500,2026-09-03T19:26:07
tdma_packet_loss,1,50,0.3,3,0,0.05,2,0.49881,1.0,0.593449,50.0,False,500,0,0,70,697,29079,49000,1000,0.697,0.851433,0.593449,500,2026-09-03T19:26:06
tdma_packet_loss,1,50,0.3,3,0,0.05,3,0.504461,1.0,0.603102,50.0,False,500,0,0,237,708,29552,49000,1000,0.708,0.851839,0.603102,500,2026-09-03T19:26:08
tdma_packet_loss,1,50,0.3,3,0,0.05,4,0.463117,1.0,0.583408,50.0,False,500,0,0,500,688,28587,49000,1000,0.688,0.847977,0.583408,500,2026-09-03T19:26:07
tdma_packet_loss,1,50,0.3,3,0,0.05,5,0.470125,1.0,0.592694,50.0,False,500,0,0,180,697,29042,49000,1000,0.697,0.85035,0.592694,500,2026-09-03T19:26:09
tdma_packet_loss,1,50,0.3,3,0,0.05,6,0.531456,1.0,0.60949,50.0,False,500,0,0,128,714,29865,49000,1000,0.714,0.853627,0.60949,500,2026-09-03T19:26:07
tdma_packet_loss,1,50,0.3,3,0,0.05,7,0.381352,1.0,0.578816,50.0,False,500,0,0,500,682,28362,49000,1000,0.682,0.848704,0.578816,500,2026-09-03T19:26:10
tdma_packet_loss,1,50,0.3,3,0,0.05,8,0.564898,1.0,0.579592,50.0,False,500,0,0,500,679,28400,49000,1000,0.679,0.853596,0.579592,500,2026-09-03T19:26:08
tdma_packet_loss,1,50,0.3,3,0,0.05,9,0.406079,1.0,0.586204,50.0,False,500,0,0,111,688,28724,49000,1000,0.688,0.852041,0.586204,500,2026-09-03T19:26:11
tdma_packet_loss,1,50,0.3,3,0,0.05,10,0.514738,1.0,0.589837,50.0,False,500,0,0,62,694,28902,49000,1000,0.694,0.849909,0.589837,500,2026-09-03T19:26:09
tdma_packet_loss,1,50,0.3,3,0,0.05,11,0.484992,0.666667,0.593429,50.0,False,500,0,0,119,697,29078,49000,1000,0.697,0.851404,0.593429,500,2026-09-03T19:26:11
tdma_packet_loss,1,50,0.3,3,0,0.05,12,0.422578,1.0,0.603714,50.0,False,500,0,0,153,711,29582,49000,1000,0.711,0.849106,0.603714,500,2026-09-03T19:26:09
tdma_packet_loss,1,50,0.3,3,0,0.05,13,0.46192,1.0,0.624714,50.0,False,500,0,0,278,734,30611,49000,1000,0.734,0.851109,0.624714,500,2026-09-03T19:26:12
tdma_packet_loss,1,50,0.3,3,0,0.05,14,0.520063,1.0,0.577878,50.0,False,500,0,0,500,681,28316,49000,1000,0.681,0.848572,0.577878,500,2026-09-03T19:26:09
tdma_packet_loss,1,50,0.3,3,0,0.1,0,0.503689,1.0,0.59249,50.0,False,500,0,0,500,349,14516,24500,500,0.698,0.848839,0.59249,500,2026-09-03T19:26:12
tdma_packet_loss,1,50,0.3,3,0,0.1,1,0.448522,1.0,0.618735,50.0,False,500,0,0,500,365,15159,24500,500,0.73,0.847582,0.618735,500,2026-09-03T19:26:10
tdma_packet_loss,1,50,0.3,3,0,0.1,2,0.440992,1.0,0.604204,50.0,False,500,0,0,500,355,14803,24500,500,0.71,0.850992,0.604204,500,2026-09-03T19:26:12
tdma_packet_loss,1,50,0.3,3,0,0.1,3,0.362932,1.0,0.62102,50.0,False,500,0,0,500,365,15215,24500,500,0.73,0.850713,0.62102,500,2026-09-03T19:26:10
tdma_packet_loss,1,50,0.3,3,0,0.1,4,0.439434,0.666667,0.591102,50.0,False,500,0,0,500,348,14482,24500,500,0.696,0.849285,0.591102,500,2026-09-03T19:26:12
tdma_packet_loss,1,50,0.3,3,0,0.1,5,0.494657,1.0,0.598531,50.0,False,500,0,0,500,351,14664,24500,500,0.702,0.852608,0.598531,500,2026-09-03T19:26:11
tdma_packet_loss,1,50,0.3,3,0,0.1,6,0.43063,1.0,0.596653,50.0,False,500,0,0,500,349,14618,24500,500,0.698,0.854804,0.596653,500,2026-09-03T19:26:13
tdma_packet_loss,1,50,0.3,3,0,0.1,7,0.420277,1.0,0.578571,50.0,False,500,0,0,500,341,14175,24500,500,0.682,0.848345,0.578571,500,2026-09-03T19:26:12
tdma_packet_loss,1,50,0.3,3,0,0.1,8,0.447594,1.0,0.576367,50.0,False,500,0,0,500,337,14121,24500,500,0.674,0.855144,0.576367,500,2026-09-03T19:26:14
tdma_packet_loss,1,50,0.3,3,0,0.1,9,0.427107,1.0,0.572612,50.0,False,500,0,0,500,336,14029,24500,500,0.672,0.852102,0.572612,500,2026-09-03T19:26:13
tdma_packet_loss,1,50,0.3,3,0,0.1,10,0.429197,1.0,0.584816,50.0,False,500,0,0,500,344,14328,24500,500,0.688,0.850024,0.584816,500,2026-09-03T19:26:15
tdma_packet_loss,1,50,0.3,3,0,0.1,11,0.483235,1.0,0.608286,50.0,False,500,0,0,500,357,14903,24500,500,0.714,0.851941,0.608286,500,2026-09-03T19:26:13
tdma_packet_loss,1,50,0.3,3,0,0.1,12,0.455611,1.0,0.61698,50.0,False,500,0,0,500,362,15116,24500,500,0.724,0.852182,0.61698,500,2026-09-03T19:26:15
tdma_packet_loss,1,50,0.3,3,0,0.1,13,0.536353,0.666667,0.613633,50.0,False,500,0,0,500,361,15034,24500,500,0.722,0.849907,0.613633,500,2026-09-03T19:26:14
tdma_packet_loss,1,50,0.3,3,0,0.1,14,0.511166,1.0,0.582408,50.0,False,500,0,0,500,343,14269,24500,500,0.686,0.848991,0.582408,500,2026-09-03T19:26:16
tdma_packet_loss,1,50,0.3,3,2,0.025,0,0.637859,1.0,0.60501,35.3,True,353,0,146,51,1427,59291,98000,2000,0.7135,0.847947,0.60501,500,2026-09-03T19:26:15
tdma_packet_loss,1,50,0.3,3,2,0.025,1,0.692623,1.0,0.5995,45.3,True,453,0,34,20,1410,58751,98000,2000,0.705,0.850355,0.5995,500,2026-09-03T19:26:18
tdma_packet_loss,1,50,0.3,3,2,0.025,2,0.563619,0.666667,0.602194,50.0,False,500,0,0,29,1415,59015,98000,2000,0.7075,0.851157,0.602194,500,2026-09-03T19:26:15
tdma_packet_loss,1,50,0.3,3,2,0.025,3,0.689774,0.333333,0.580878,50.0,False,500,0,0,76,1366,56926,98000,2000,0.683,0.85048,0.580878,500,2026-09-03T19:26:18
tdma_packet_loss,1,50,0.3,3,2,0.025,4,0.567483,1.0,0.596031,50.0,False,500,0,0,34,1404,58411,98000,2000,0.702,0.849046,0.596031,500,2026-09-03T19:26:15
tdma_packet_loss,1,50,0.3,3,2,0.025,5,0.579098,1.0,0.593571,50.0,False,500,0,0,78,1398,58170,98000,2000,0.699,0.849172,0.593571,500,2026-09-03T19:26:18
tdma_packet_loss,1,50,0.3,3,2,0.025,6,0.507494,0.666667,0.601551,50.0,False,500,0,0,89,1411,58952,98000,2000,0.7055,0.852659,0.601551,500,2026-09-03T19:26:17
tdma_packet_loss,1,50,0.3,3,2,0.025,7,0.602333,1.0,0.590653,50.0,False,500,0,0,30,1389,57884,98000,2000,0.6945,0.850472,0.590653,500,2026-09-03T19:26:20
tdma_packet_loss,1,50,0.3,3,2,0.025,8,0.629319,0.333333,0.594755,9.0,True,90,0,406,59,1396,58286,98000,2000,0.698,0.852085,0.594755,500,2026-09-03T19:26:17
tdma_packet_loss,1,50,0.3,3,2,0.025,9,0.51939,1.0,0.596888,50.0,False,500,0,0,53,1401,58495,98000,2000,0.7005,0.852088,0.596888,500,2026-09-03T19:26:21
tdma_packet_loss,1,50,0.3,3,2,0.025,10,0.585883,0.666667,0.608643,50.0,False,500,0,0,53,1432,59647,98000,2000,0.716,0.85006,0.608643,500,2026-09-03T19:26:18
tdma_packet_loss,1,50,0.3,3,2,0.025,11,0.578422,1.0,0.586153,50.0,False,500,0,0,23,1378,57443,98000,2000,0.689,0.85073,0.586153,500,2026-09-03T19:26:21
tdma_packet_loss,1,50,0.3,3,2,0.025,12,0.561943,1.0,0.597755,50.0,False,500,0,0,17,1410,58580,98000,2000,0.705,0.84788,0.597755,500,2026-09-03T19:26:18
tdma_packet_loss,1,50,0.3,3,2,0.025,13,0.628964,0.666667,0.610724,50.0,False,500,0,0,116,1438,59851,98000,2000,0.719,0.849408,0.610724,500,2026-09-03T19:26:22
tdma_packet_loss,1,50,0.3,3,2,0.025,14,0.601786,1.0,0.568755,50.0,False,500,0,0,183,1338,55738,98000,2000,0.669,0.850157,0.568755,500,2026-09-03T19:26:19
tdma_packet_loss,1,50,0.3,3,2,0.05,0,0.568512,1.0,0.605102,50.0,False,500,0,0,182,712,29650,49000,1000,0.712,0.849862,0.605102,500,2026-09-03T19:26:22
tdma_packet_loss,1,50,0.3,3,2,0.05,1,0.549848,1.0,0.607286,50.0,False,500,0,0,462,713,29757,49000,1000,0.713,0.851733,0.607286,500,2026-09-03T19:26:21
tdma_packet_loss,1,50,0.3,3,2,0.05,2,0.463552,1.0,0.596816,50.0,False,500,0,0,410,701,29244,49000,1000,0.701,0.851378,0.596816,500,2026-09-03T19:26:24
tdma_packet_loss,1,50,0.3,3,2,0.05,3,0.529244,1.0,0.574347,50.0,False,500,0,0,500,673,28143,49000,1000,0.673,0.853413,0.574347,500,2026-09-03T19:26:22
tdma_packet_loss,1,50,0.3,3,2,0.05,4,0.497206,1.0,0.584265,50.0,False,500,0,0,92,689,28629,49000,1000,0.689,0.84799,0.584265,500,2026-09-03T19:26:25
tdma_packet_loss,1,50,0.3,3,2,0.05,5,0.479169,1.0,0.595286,50.0,False,500,0,0,227,700,29169,49000,1000,0.7,0.850408,0.595286,500,2026-09-03T19:26:22
tdma_packet_loss,1,50,0.3,3,2,0.05,6,0.51882,1.0,0.611122,50.0,False,500,0,0,492,716,29945,49000,1000,0.716,0.853523,0.611122,500,2026-09-03T19:26:25
tdma_packet_loss,1,50,0.3,3,2,0.05,7,0.487501,1.0,0.581122,50.0,False,500,0,0,500,685,28475,49000,1000,0.685,0.848354,0.581122,500,2026-09-03T19:26:23
tdma_packet_loss,1,50,0.3,3,2,0.05,8,0.480119,1.0,0.582224,50.0,False,500,0,0,149,682,28529,49000,1000,0.682,0.853702,0.582224,500,2026-09-03T19:26:26
tdma_packet_loss,1,50,0.3,3,2,0.05,9,0.510847,1.0,0.588776,50.0,False,500,0,0,500,691,28850,49000,1000,0.691,0.852063,0.588776,500,2026-09-03T19:26:24
tdma_packet_loss,1,50,0.3,3,2,0.05,10,0.451076,1.0,0.592204,50.0,False,500,0,0,181,697,29018,49000,1000,0.697,0.849647,0.592204,500,2026-09-03T19:26:27
tdma_packet_loss,1,50,0.3,3,2,0.05,11,0.482949,1.0,0.58402,50.0,False,500,0,0,500,686,28617,49000,1000,0.686,0.851342,0.58402,500,2026-09-03T19:26:25
tdma_packet_loss,1,50,0.3,3,2,0.05,12,0.529139,1.0,0.606,50.0,False,500,0,0,235,714,29694,49000,1000,0.714,0.848739,0.606,500,2026-09-03T19:26:27
tdma_packet_loss,1,50,0.3,3,2,0.05,13,0.441239,1.0,0.628143,50.0,False,500,0,0,190,738,30779,49000,1000,0.738,0.851142,0.628143,500,2026-09-03T19:26:25
tdma_packet_loss,1,50,0.3,3,2,0.05,14,0.499206,1.0,0.580102,50.0,False,500,0,0,424,684,28425,49000,1000,0.684,0.848102,0.580102,500,2026-09-03T19:26:28
tdma_packet_loss,1,50,0.3,3,2,0.1,0,0.466633,1.0,0.597837,50.0,False,500,0,0,500,352,14647,24500,500,0.704,0.8492,0.597837,500,2026-09-03T19:26:25
tdma_packet_loss,1,50,0.3,3,2,0.1,1,0.467227,1.0,0.623878,50.0,False,500,0,0,500,368,15285,24500,500,0.736,0.84766,0.623878,500,2026-09-03T19:26:27
tdma_packet_loss,1,50,0.3,3,2,0.1,2,0.459575,1.0,0.606,50.0,False,500,0,0,500,356,14847,24500,500,0.712,0.851124,0.606,500,2026-09-03T19:26:27
tdma_packet_loss,1,50,0.3,3,2,0.1,3,0.421123,1.0,0.584286,50.0,False,500,0,0,500,343,14315,24500,500,0.686,0.851728,0.584286,500,2026-09-03T19:26:29
tdma_packet_loss,1,50,0.3,3,2,0.1,4,0.467867,1.0,0.594327,50.0,False,500,0,0,500,350,14561,24500,500,0.7,0.849038,0.594327,500,2026-09-03T19:26:27
tdma_packet_loss,1,50,0.3,3,2,0.1,5,0.429261,1.0,0.605184,50.0,False,500,0,0,500,355,14827,24500,500,0.71,0.852371,0.605184,500,2026-09-03T19:26:29
tdma_packet_loss,1,50,0.3,3,2,0.1,6,0.461266,1.0,0.603306,50.0,False,500,0,0,500,353,14781,24500,500,0.706,0.854541,0.603306,500,2026-09-03T19:26:27
tdma_packet_loss,1,50,0.3,3,2,0.1,7,0.487522,1.0,0.581633,50.0,False,500,0,0,500,343,14250,24500,500,0.686,0.847861,0.581633,500,2026-09-03T19:26:29
tdma_packet_loss,1,50,0.3,3,2,0.1,8,0.45597,0.666667,0.579837,50.0,False,500,0,0,500,339,14206,24500,500,0.678,0.855216,0.579837,500,2026-09-03T19:26:28
tdma_packet_loss,1,50,0.3,3,2,0.1,9,0.528849,1.0,0.575755,50.0,False,500,0,0,500,338,14106,24500,500,0.676,0.851709,0.575755,500,2026-09-03T19:26:31
tdma_packet_loss,1,50,0.3,3,2,0.1,10,0.428845,1.0,0.591061,50.0,False,500,0,0,500,348,14481,24500,500,0.696,0.849226,0.591061,500,2026-09-03T19:26:29
tdma_packet_loss,1,50,0.3,3,2,0.1,11,0.393574,1.0,0.585102,50.0,False,500,0,0,500,343,14335,24500,500,0.686,0.852918,0.585102,500,2026-09-03T19:26:31
tdma_packet_loss,1,50,0.3,3,2,0.1,12,0.39267,1.0,0.605184,50.0,False,500,0,0,500,355,14827,24500,500,0.71,0.852371,0.605184,500,2026-09-03T19:26:29
tdma_packet_loss,1,50,0.3,3,2,0.1,13,0.489531,1.0,0.61849,50.0,False,500,0,0,500,364,15153,24500,500,0.728,0.849574,0.61849,500,2026-09-03T19:26:32
tdma_packet_loss,1,50,0.3,3,2,0.1,14,0.384475,1.0,0.588898,50.0,False,500,0,0,500,347,14428,24500,500,0.694,0.848556,0.588898,500,2026-09-03T19:26:30
tdma_packet_loss,1,50,0.3,3,5,0.025,0,0.630553,1.0,0.606663,50.0,False,500,0,0,154,1431,59453,98000,2000,0.7155,0.847887,0.606663,500,2026-09-03T19:26:33
tdma_packet_loss,1,50,0.3,3,5,0.025,1,0.57255,1.0,0.588469,20.2,True,202,0,293,20,1383,57670,98000,2000,0.6915,0.851004,0.588469,500,2026-09-03T19:26:32
tdma_packet_loss,1,50,0.3,3,5,0.025,2,0.577212,1.0,0.592367,50.0,False,500,0,0,34,1392,58052,98000,2000,0.696,0.851103,0.592367,500,2026-09-03T19:26:36
tdma_packet_loss,1,50,0.3,3,5,0.025,3,0.489879,0.666667,0.582092,50.0,False,500,0,0,52,1369,57045,98000,2000,0.6845,0.85039,0.582092,500,2026-09-03T19:26:33
tdma_packet_loss,1,50,0.3,3,5,0.025,4,0.550196,1.0,0.585245,50.0,False,500,0,0,62,1378,57354,98000,2000,0.689,0.849412,0.585245,500,2026-09-03T19:26:36
tdma_packet_loss,1,50,0.3,3,5,0.025,5,0.471919,0.666667,0.595204,50.0,False,500,0,0,101,1402,58330,98000,2000,0.701,0.849079,0.595204,500,2026-09-03T19:26:33
tdma_packet_loss,1,50,0.3,3,5,0.025,6,0.626366,1.0,0.603306,50.0,False,500,0,0,52,1415,59124,98000,2000,0.7075,0.85273,0.603306,500,2026-09-03T19:26:37
tdma_packet_loss,1,50,0.3,3,5,0.025,7,0.614892,1.0,0.576878,50.0,False,500,0,0,77,1356,56534,98000,2000,0.678,0.850852,0.576878,500,2026-09-03T19:26:33
tdma_packet_loss,1,50,0.3,3,5,0.025,8,0.567364,1.0,0.596888,50.0,False,500,0,0,109,1401,58495,98000,2000,0.7005,0.852088,0.596888,500,2026-09-03T19:26:37
tdma_packet_loss,1,50,0.3,3,5,0.025,9,0.530021,1.0,0.599551,50.0,False,500,0,0,49,1407,58756,98000,2000,0.7035,0.85224,0.599551,500,2026-09-03T19:26:35
tdma_packet_loss,1,50,0.3,3,5,0.025,10,0.564997,1.0,0.594837,18.4,True,184,0,314,63,1399,58294,98000,2000,0.6995,0.850374,0.594837,500,2026-09-03T19:26:38
tdma_packet_loss,1,50,0.3,3,5,0.025,11,0.590741,1.0,0.587888,50.0,False,500,0,0,11,1382,57613,98000,2000,0.691,0.850778,0.587888,500,2026-09-03T19:26:35
tdma_packet_loss,1,50,0.3,3,5,0.025,12,0.514616,1.0,0.599408,50.0,False,500,0,0,17,1414,58742,98000,2000,0.707,0.847819,0.599408,500,2026-09-03T19:26:39
tdma_packet_loss,1,50,0.3,3,5,0.025,13,0.496648,0.666667,0.597286,50.0,False,500,0,0,29,1406,58534,98000,2000,0.703,0.849624,0.597286,500,2026-09-03T19:26:36
tdma_packet_loss,1,50,0.3,3,5,0.025,14,0.551008,0.666667,0.570071,50.0,False,500,0,0,139,1341,55867,98000,2000,0.6705,0.850218,0.570071,500,2026-09-03T19:26:39
tdma_packet_loss,1,50,0.3,3,5,0.05,0,0.562092,1.0,0.608429,50.0,False,500,0,0,131,716,29813,49000,1000,0.716,0.849761,0.608429,500,2026-09-03T19:26:37
tdma_packet_loss,1,50,0.3,3,5,0.05,1,0.47724,1.0,0.580224,50.0,False,500,0,0,295,681,28431,49000,1000,0.681,0.852018,0.580224,500,2026-09-03T19:26:39
tdma_packet_loss,1,50,0.3,3,5,0.05,2,0.477478,1.0,0.585327,50.0,False,500,0,0,500,687,28681,49000,1000,0.687,0.852004,0.585327,500,2026-09-03T19:26:38
tdma_packet_loss,1,50,0.3,3,5,0.05,3,0.468101,1.0,0.57749,50.0,False,500,0,0,167,677,28297,49000,1000,0.677,0.853013,0.57749,500,2026-09-03T19:26:42
tdma_packet_loss,1,50,0.3,3,5,0.05,4,0.472793,1.0,0.562449,50.0,False,500,0,0,500,663,27560,49000,1000,0.663,0.848339,0.562449,500,2026-09-03T19:26:39
tdma_packet_loss,1,50,0.3,3,5,0.05,5,0.441583,1.0,0.599592,50.0,False,500,0,0,219,705,29380,49000,1000,0.705,0.850485,0.599592,500,2026-09-03T19:26:42
tdma_packet_loss,1,50,0.3,3,5,0.05,6,0.450164,1.0,0.613796,50.0,False,500,0,0,114,719,30076,49000,1000,0.719,0.85368,0.613796,500,2026-09-03T19:26:39
tdma_packet_loss,1,50,0.3,3,5,0.05,7,0.515051,1.0,0.553429,50.0,False,500,0,0,255,652,27118,49000,1000,0.652,0.848817,0.553429,500,2026-09-03T19:26:43
tdma_packet_loss,1,50,0.3,3,5,0.05,8,0.511627,1.0,0.586449,50.0,False,500,0,0,234,687,28736,49000,1000,0.687,0.853638,0.586449,500,2026-09-03T19:26:39
tdma_packet_loss,1,50,0.3,3,5,0.05,9,0.519506,1.0,0.591367,50.0,False,500,0,0,317,694,28977,49000,1000,0.694,0.852114,0.591367,500,2026-09-03T19:26:43
tdma_packet_loss,1,50,0.3,3,5,0.05,10,0.517319,1.0,0.569367,50.0,False,500,0,0,467,669,27899,49000,1000,0.669,0.851072,0.569367,500,2026-09-03T19:26:42
tdma_packet_loss,1,50,0.3,3,5,0.05,11,0.506248,1.0,0.589224,50.0,False,500,0,0,270,692,28872,49000,1000,0.692,0.85148,0.589224,500,2026-09-03T19:26:44
tdma_packet_loss,1,50,0.3,3,5,0.05,12,0.485675,1.0,0.611143,50.0,False,500,0,0,500,720,29946,49000,1000,0.72,0.84881,0.611143,500,2026-09-03T19:26:42
tdma_packet_loss,1,50,0.3,3,5,0.05,13,0.487289,1.0,0.600408,50.0,False,500,0,0,292,705,29420,49000,1000,0.705,0.851643,0.600408,500,2026-09-03T19:26:45
tdma_packet_loss,1,50,0.3,3,5,0.05,14,0.475596,1.0,0.585265,50.0,False,500,0,0,117,690,28678,49000,1000,0.69,0.848211,0.585265,500,2026-09-03T19:26:42
tdma_packet_loss,1,50,0.3,3,5,0.1,0,0.497206,1.0,0.608082,50.0,False,500,0,0,500,358,14898,24500,500,0.716,0.849276,0.608082,500,2026-09-03T19:26:45
tdma_packet_loss,1,50,0.3,3,5,0.1,1,0.465497,1.0,0.575592,50.0,False,500,0,0,500,339,14102,24500,500,0.678,0.848956,0.575592,500,2026-09-03T19:26:42
tdma_packet_loss,1,50,0.3,3,5,0.1,2,0.472747,1.0,0.579143,50.0,False,500,0,0,500,340,14189,24500,500,0.68,0.851681,0.579143,500,2026-09-03T19:26:44
tdma_packet_loss,1,50,0.3,3,5,0.1,3,0.440439,1.0,0.590653,50.0,False,500,0,0,500,347,14471,24500,500,0.694,0.851085,0.590653,500,2026-09-03T19:26:44
tdma_packet_loss,1,50,0.3,3,5,0.1,4,0.477179,1.0,0.566735,50.0,False,500,0,0,500,333,13885,24500,500,0.666,0.850953,0.566735,500,2026-09-03T19:26:46
tdma_packet_loss,1,50,0.3,3,5,0.1,5,0.496619,1.0,0.613714,50.0,False,500,0,0,44,360,15036,24500,500,0.72,0.852381,0.613714,500,2026-09-03T19:26:44
tdma_packet_loss,1,50,0.3,3,5,0.1,6,0.471209,1.0,0.609755,50.0,False,500,0,0,500,357,14939,24500,500,0.714,0.853999,0.609755,500,2026-09-03T19:26:47
tdma_packet_loss,1,50,0.3,3,5,0.1,7,0.531304,0.666667,0.558327,50.0,False,500,0,0,500,329,13679,24500,500,0.658,0.848521,0.558327,500,2026-09-03T19:26:45
tdma_packet_loss,1,50,0.3,3,5,0.1,8,0.488847,1.0,0.583143,50.0,False,500,0,0,500,341,14287,24500,500,0.682,0.855048,0.583143,500,2026-09-03T19:26:48
tdma_packet_loss,1,50,0.3,3,5,0.1,9,0.505199,1.0,0.582898,50.0,False,500,0,0,500,342,14281,24500,500,0.684,0.85219,0.582898,500,2026-09-03T19:26:45
tdma_packet_loss,1,50,0.3,3,5,0.1,10,0.482249,1.0,0.556816,50.0,False,500,0,0,500,327,13642,24500,500,0.654,0.851401,0.556816,500,2026-09-03T19:26:48
tdma_packet_loss,1,50,0.3,3,5,0.1,11,0.482512,1.0,0.593306,50.0,False,500,0,0,500,348,14536,24500,500,0.696,0.852451,0.593306,500,2026-09-03T19:26:47
tdma_packet_loss,1,50,0.3,3,5,0.1,12,0.399148,1.0,0.606816,50.0,False,500,0,0,500,356,14867,24500,500,0.712,0.85227,0.606816,500,2026-09-03T19:26:49
tdma_packet_loss,1,50,0.3,3,5,0.1,13,0.409766,1.0,0.568449,50.0,False,500,0,0,500,334,13927,24500,500,0.668,0.850972,0.568449,500,2026-09-03T19:26:47
tdma_packet_loss,1,50,0.3,3,5,0.1,14,0.494277,0.666667,0.595673,50.0,False,500,0,0,500,351,14594,24500,500,0.702,0.848538,0.595673,500,2026-09-03T19:26:49
tdma_packet_loss,1,50,0.3,5,0,0.025,0,0.446578,1.0,0.60501,50.0,False,500,0,0,43,1427,59291,98000,2000,0.7135,0.847947,0.60501,500,2026-09-03T19:26:49
tdma_packet_loss,1,50,0.3,5,0,0.025,1,0.49329,1.0,0.5995,50.0,False,500,0,0,251,1410,58751,98000,2000,0.705,0.850355,0.5995,500,2026-09-03T19:26:52
tdma_packet_loss,1,50,0.3,5,0,0.025,2,0.486746,0.8,0.602194,50.0,False,500,0,0,41,1415,59015,98000,2000,0.7075,0.851157,0.602194,500,2026-09-03T19:26:49
tdma_packet_loss,1,50,0.3,5,0,0.025,3,0.457247,0.8,0.580878,50.0,False,500,0,0,238,1366,56926,98000,2000,0.683,0.85048,0.580878,500,2026-09-03T19:26:52
tdma_packet_loss,1,50,0.3,5,0,0.025,4,0.570671,1.0,0.596031,50.0,False,500,0,0,191,1404,58411,98000,2000,0.702,0.849046,0.596031,500,2026-09-03T19:26:50
tdma_packet_loss,1,50,0.3,5,0,0.025,5,0.429706,0.8,0.593571,50.0,False,500,0,0,63,1398,58170,98000,2000,0.699,0.849172,0.593571,500,2026-09-03T19:26:53
tdma_packet_loss,1,50,0.3,5,0,0.025,6,0.502946,1.0,0.601551,50.0,False,500,0,0,101,1411,58952,98000,2000,0.7055,0.852659,0.601551,500,2026-09-03T19:26:50
tdma_packet_loss,1,50,0.3,5,0,0.025,7,0.506419,0.8,0.590653,50.0,False,500,0,0,500,1389,57884,98000,2000,0.6945,0.850472,0.590653,500,2026-09-03T19:26:53
tdma_packet_loss,1,50,0.3,5,0,0.025,8,0.507034,0.8,0.594755,50.0,False,500,0,0,500,1396,58286,98000,2000,0.698,0.852085,0.594755,500,2026-09-03T19:26:51
tdma_packet_loss,1,50,0.3,5,0,0.025,9,0.520615,0.8,0.596888,50.0,False,500,0,0,466,1401,58495,98000,2000,0.7005,0.852088,0.596888,500,2026-09-03T19:26:54
tdma_packet_loss,1,50,0.3,5,0,0.025,10,0.455457,0.8,0.608643,50.0,False,500,0,0,44,1432,59647,98000,2000,0.716,0.85006,0.608643,500,2026-09-03T19:26:51
tdma_packet_loss,1,50,0.3,5,0,0.025,11,0.473531,1.0,0.586153,50.0,False,500,0,0,500,1378,57443,98000,2000,0.689,0.85073,0.586153,500,2026-09-03T19:26:54
tdma_packet_loss,1,50,0.3,5,0,0.025,12,0.462569,1.0,0.597755,50.0,False,500,0,0,47,1410,58580,98000,2000,0.705,0.84788,0.597755,500,2026-09-03T19:26:52
tdma_packet_loss,1,50,0.3,5,0,0.025,13,0.4499,0.8,0.610724,50.0,False,500,0,0,187,1438,59851,98000,2000,0.719,0.849408,0.610724,500,2026-09-03T19:26:56
tdma_packet_loss,1,50,0.3,5,0,0.025,14,0.460149,0.6,0.568755,50.0,False,500,0,0,156,1338,55738,98000,2000,0.669,0.850157,0.568755,500,2026-09-03T19:26:52
tdma_packet_loss,1,50,0.3,5,0,0.05,0,0.351462,1.0,0.605102,50.0,False,500,0,0,500,712,29650,49000,1000,0.712,0.849862,0.605102,500,2026-09-03T19:26:55
tdma_packet_loss,1,50,0.3,5,0,0.05,1,0.365651,1.0,0.607286,50.0,False,500,0,0,500,713,29757,49000,1000,0.713,0.851733,0.607286,500,2026-09-03T19:26:55
tdma_packet_loss,1,50,0.3,5,0,0.05,2,0.351857,1.0,0.596816,50.0,False,500,0,0,500,701,29244,49000,1000,0.701,0.851378,0.596816,500,2026-09-03T19:26:58
tdma_packet_loss,1,50,0.3,5,0,0.05,3,0.39159,1.0,0.574347,50.0,False,500,0,0,500,673,28143,49000,1000,0.673,0.853413,0.574347,500,2026-09-03T19:26:55
tdma_packet_loss,1,50,0.3,5,0,0.05,4,0.41001,1.0,0.584265,50.0,False,500,0,0,500,689,28629,49000,1000,0.689,0.84799,0.584265,500,2026-09-03T19:26:58
tdma_packet_loss,1,50,0.3,5,0,0.05,5,0.337417,0.8,0.595286,50.0,False,500,0,0,500,700,29169,49000,1000,0.7,0.850408,0.595286,500,2026-09-03T19:26:56
tdma_packet_loss,1,50,0.3,5,0,0.05,6,0.382619,1.0,0.611122,50.0,False,500,0,0,500,716,29945,49000,1000,0.716,0.853523,0.611122,500,2026-09-03T19:26:59
tdma_packet_loss,1,50,0.3,5,0,0.05,7,0.396357,1.0,0.581122,50.0,False,500,0,0,500,685,28475,49000,1000,0.685,0.848354,0.581122,500,2026-09-03T19:26:57
tdma_packet_loss,1,50,0.3,5,0,0.05,8,0.414281,1.0,0.582224,50.0,False,500,0,0,500,682,28529,49000,1000,0.682,0.853702,0.582224,500,2026-09-03T19:27:00
tdma_packet_loss,1,50,0.3,5,0,0.05,9,0.391274,1.0,0.588776,50.0,False,500,0,0,277,691,28850,49000,1000,0.691,0.852063,0.588776,500,2026-09-03T19:26:57
tdma_packet_loss,1,50,0.3,5,0,0.05,10,0.335152,1.0,0.592204,50.0,False,500,0,0,500,697,29018,49000,1000,0.697,0.849647,0.592204,500,2026-09-03T19:27:00
tdma_packet_loss,1,50,0.3,5,0,0.05,11,0.318714,1.0,0.58402,50.0,False,500,0,0,500,686,28617,49000,1000,0.686,0.851342,0.58402,500,2026-09-03T19:26:58
tdma_packet_loss,1,50,0.3,5,0,0.05,12,0.375049,1.0,0.606,50.0,False,500,0,0,500,714,29694,49000,1000,0.714,0.848739,0.606,500,2026-09-03T19:27:00
tdma_packet_loss,1,50,0.3,5,0,0.05,13,0.505831,1.0,0.628143,50.0,False,500,0,0,500,738,30779,49000,1000,0.738,0.851142,0.628143,500,2026-09-03T19:26:58
tdma_packet_loss,1,50,0.3,5,0,0.05,14,0.37708,1.0,0.580102,50.0,False,500,0,0,500,684,28425,49000,1000,0.684,0.848102,0.580102,500,2026-09-03T19:27:01
tdma_packet_loss,1,50,0.3,5,0,0.1,0,0.373875,1.0,0.597837,50.0,False,500,0,0,500,352,14647,24500,500,0.704,0.8492,0.597837,500,2026-09-03T19:26:59
tdma_packet_loss,1,50,0.3,5,0,0.1,1,0.338666,0.8,0.623878,50.0,False,500,0,0,500,368,15285,24500,500,0.736,0.84766,0.623878,500,2026-09-03T19:27:01
tdma_packet_loss,1,50,0.3,5,0,0.1,2,0.301359,0.8,0.606,50.0,False,500,0,0,500,356,14847,24500,500,0.712,0.851124,0.606,500,2026-09-03T19:27:00
tdma_packet_loss,1,50,0.3,5,0,0.1,3,0.332819,0.8,0.584286,50.0,False,500,0,0,500,343,14315,24500,500,0.686,0.851728,0.584286,500,2026-09-03T19:27:03
tdma_packet_loss,1,50,0.3,5,0,0.1,4,0.366923,1.0,0.594327,50.0,False,500,0,0,500,350,14561,24500,500,0.7,0.849038,0.594327,500,2026-09-03T19:27:00
tdma_packet_loss,1,50,0.3,5,0,0.1,5,0.349957,1.0,0.605184,50.0,False,500,0,0,500,355,14827,24500,500,0.71,0.852371,0.605184,500,2026-09-03T19:27:03
tdma_packet_loss,1,50,0.3,5,0,0.1,6,0.379632,1.0,0.603306,50.0,False,500,0,0,500,353,14781,24500,500,0.706,0.854541,0.603306,500,2026-09-03T19:27:02
tdma_packet_loss,1,50,0.3,5,0,0.1,7,0.331589,1.0,0.581633,50.0,False,500,0,0,500,343,14250,24500,500,0.686,0.847861,0.581633,500,2026-09-03T19:27:04
tdma_packet_loss,1,50,0.3,5,0,0.1,8,0.324293,1.0,0.579837,50.0,False,500,0,0,500,339,14206,24500,500,0.678,0.855216,0.579837,500,2026-09-03T19:27:02
tdma_packet_loss,1,50,0.3,5,0,0.1,9,0.40492,1.0,0.575755,50.0,False,500,0,0,500,338,14106,24500,500,0.676,0.851709,0.575755,500,2026-09-03T19:27:05
tdma_packet_loss,1,50,0.3,5,0,0.1,10,0.292268,1.0,0.591061,50.0,False,500,0,0,500,348,14481,24500,500,0.696,0.849226,0.591061,500,2026-09-03T19:27:03
tdma_packet_loss,1,50,0.3,5,0,0.1,11,0.392065,1.0,0.585102,50.0,False,500,0,0,500,343,14335,24500,500,0.686,0.852918,0.585102,500,2026-09-03T19:27:05
tdma_packet_loss,1,50,0.3,5,0,0.1,12,0.44694,1.0,0.605184,50.0,False,500,0,0,500,355,14827,24500,500,0.71,0.852371,0.605184,500,2026-09-03T19:27:03
tdma_packet_loss,1,50,0.3,5,0,0.1,13,0.346472,1.0,0.61849,50.0,False,500,0,0,500,364,15153,24500,500,0.728,0.849574,0.61849,500,2026-09-03T19:27:05
tdma_packet_loss,1,50,0.3,5,0,0.1,14,0.409492,0.8,0.588898,50.0,False,500,0,0,500,347,14428,24500,500,0.694,0.848556,0.588898,500,2026-09-03T19:27:03
tdma_packet_loss,1,50,0.3,5,2,0.025,0,0.450455,0.8,0.605816,50.0,False,500,0,0,474,1429,59370,98000,2000,0.7145,0.847888,0.605816,500,2026-09-03T19:27:07
tdma_packet_loss,1,50,0.3,5,2,0.025,1,0.434842,0.8,0.58849,50.0,False,500,0,0,204,1383,57672,98000,2000,0.6915,0.851034,0.58849,500,2026-09-03T19:27:05
tdma_packet_loss,1,50,0.3,5,2,0.025,2,0.418205,1.0,0.60301,50.0,False,500,0,0,313,1417,59095,98000,2000,0.7085,0.851108,0.60301,500,2026-09-03T19:27:08
tdma_packet_loss,1,50,0.3,5,2,0.025,3,0.428469,0.8,0.582092,50.0,False,500,0,0,500,1369,57045,98000,2000,0.6845,0.85039,0.582092,500,2026-09-03T19:27:06
tdma_packet_loss,1,50,0.3,5,2,0.025,4,0.56966,0.8,0.584418,50.0,False,500,0,0,79,1376,57273,98000,2000,0.688,0.849445,0.584418,500,2026-09-03T19:27:10
tdma_packet_loss,1,50,0.3,5,2,0.025,5,0.420208,1.0,0.594786,50.0,False,500,0,0,126,1401,58289,98000,2000,0.7005,0.849087,0.594786,500,2026-09-03T19:27:07
tdma_packet_loss,1,50,0.3,5,2,0.025,6,0.620022,0.8,0.602857,50.0,False,500,0,0,500,1414,59080,98000,2000,0.707,0.852698,0.602857,500,2026-09-03T19:27:10
tdma_packet_loss,1,50,0.3,5,2,0.025,7,0.46401,1.0,0.591929,50.0,False,500,0,0,352,1392,58009,98000,2000,0.696,0.850472,0.591929,500,2026-09-03T19:27:07
tdma_packet_loss,1,50,0.3,5,2,0.025,8,0.428568,1.0,0.59602,50.0,False,500,0,0,210,1399,58410,98000,2000,0.6995,0.852066,0.59602,500,2026-09-03T19:27:11
tdma_packet_loss,1,50,0.3,5,2,0.025,9,0.501661,0.8,0.598633,50.0,False,500,0,0,191,1405,58666,98000,2000,0.7025,0.852146,0.598633,500,2026-09-03T19:27:08
tdma_packet_loss,1,50,0.3,5,2,0.025,10,0.558432,0.8,0.609939,50.0,False,500,0,0,139,1435,59774,98000,2000,0.7175,0.850089,0.609939,500,2026-09-03T19:27:12
tdma_packet_loss,1,50,0.3,5,2,0.025,11,0.537329,0.8,0.587429,50.0,False,500,0,0,459,1381,57568,98000,2000,0.6905,0.850729,0.587429,500,2026-09-03T19:27:09
tdma_packet_loss,1,50,0.3,5,2,0.025,12,0.584105,0.8,0.599041,50.0,False,500,0,0,226,1413,58706,98000,2000,0.7065,0.847899,0.599041,500,2026-09-03T19:27:12
tdma_packet_loss,1,50,0.3,5,2,0.025,13,0.517831,1.0,0.596418,50.0,False,500,0,0,338,1404,58449,98000,2000,0.702,0.849599,0.596418,500,2026-09-03T19:27:09
tdma_packet_loss,1,50,0.3,5,2,0.025,14,0.458006,0.8,0.570082,50.0,False,500,0,0,128,1341,55868,98000,2000,0.6705,0.850234,0.570082,500,2026-09-03T19:27:12
tdma_packet_loss,1,50,0.3,5,2,0.05,0,0.408527,1.0,0.608449,50.0,False,500,0,0,500,716,29814,49000,1000,0.716,0.849789,0.608449,500,2026-09-03T19:27:10
tdma_packet_loss,1,50,0.3,5,2,0.05,1,0.412663,1.0,0.57951,50.0,False,500,0,0,500,680,28396,49000,1000,0.68,0.852221,0.57951,500,2026-09-03T19:27:13
tdma_packet_loss,1,50,0.3,5,2,0.05,2,0.421771,1.0,0.597633,50.0,False,500,0,0,500,702,29284,49000,1000,0.702,0.851329,0.597633,500,2026-09-03T19:27:12
tdma_packet_loss,1,50,0.3,5,2,0.05,3,0.361452,1.0,0.576776,50.0,False,500,0,0,500,676,28262,49000,1000,0.676,0.853218,0.576776,500,2026-09-03T19:27:15
tdma_packet_loss,1,50,0.3,5,2,0.05,4,0.47984,1.0,0.560673,50.0,False,500,0,0,500,661,27473,49000,1000,0.661,0.84822,0.560673,500,2026-09-03T19:27:13
tdma_packet_loss,1,50,0.3,5,2,0.05,5,0.349774,1.0,0.597837,50.0,False,500,0,0,500,703,29294,49000,1000,0.703,0.850408,0.597837,500,2026-09-03T19:27:17
tdma_packet_loss,1,50,0.3,5,2,0.05,6,0.442265,0.8,0.611959,50.0,False,500,0,0,500,717,29986,49000,1000,0.717,0.8535,0.611959,500,2026-09-03T19:27:13
tdma_packet_loss,1,50,0.3,5,2,0.05,7,0.477872,1.0,0.584327,50.0,False,500,0,0,500,689,28632,49000,1000,0.689,0.848079,0.584327,500,2026-09-03T19:27:17
tdma_packet_loss,1,50,0.3,5,2,0.05,8,0.420564,1.0,0.585592,50.0,False,500,0,0,500,686,28694,49000,1000,0.686,0.853632,0.585592,500,2026-09-03T19:27:14
tdma_packet_loss,1,50,0.3,5,2,0.05,9,0.442654,1.0,0.590429,50.0,False,500,0,0,500,693,28931,49000,1000,0.693,0.851989,0.590429,500,2026-09-03T19:27:17
tdma_packet_loss,1,50,0.3,5,2,0.05,10,0.370481,0.8,0.594816,50.0,False,500,0,0,500,700,29146,49000,1000,0.7,0.849738,0.594816,500,2026-09-03T19:27:15
tdma_packet_loss,1,50,0.3,5,2,0.05,11,0.415193,1.0,0.587469,50.0,False,500,0,0,500,690,28786,49000,1000,0.69,0.851405,0.587469,500,2026-09-03T19:27:18
tdma_packet_loss,1,50,0.3,5,2,0.05,12,0.410208,0.8,0.609347,50.0,False,500,0,0,500,718,29858,49000,1000,0.718,0.848673,0.609347,500,2026-09-03T19:27:16
tdma_packet_loss,1,50,0.3,5,2,0.05,13,0.412348,1.0,0.599551,50.0,False,500,0,0,500,704,29378,49000,1000,0.704,0.851635,0.599551,500,2026-09-03T19:27:19
tdma_packet_loss,1,50,0.3,5,2,0.05,14,0.401868,0.8,0.583571,50.0,False,500,0,0,500,688,28595,49000,1000,0.688,0.848214,0.583571,500,2026-09-03T19:27:16
tdma_packet_loss,1,50,0.3,5,2,0.1,0,0.31371,1.0,0.604653,50.0,False,500,0,0,500,356,14814,24500,500,0.712,0.849232,0.604653,500,2026-09-03T19:27:18
tdma_packet_loss,1,50,0.3,5,2,0.1,1,0.408476,0.8,0.572245,50.0,False,500,0,0,500,337,14020,24500,500,0.674,0.849028,0.572245,500,2026-09-03T19:27:16
tdma_packet_loss,1,50,0.3,5,2,0.1,2,0.396627,1.0,0.609102,50.0,False,500,0,0,500,358,14923,24500,500,0.716,0.850701,0.609102,500,2026-09-03T19:27:18
tdma_packet_loss,1,50,0.3,5,2,0.1,3,0.341092,0.6,0.589143,50.0,False,500,0,0,500,346,14434,24500,500,0.692,0.851363,0.589143,500,2026-09-03T19:27:17
tdma_packet_loss,1,50,0.3,5,2,0.1,4,0.418842,1.0,0.565061,50.0,False,500,0,0,500,332,13844,24500,500,0.664,0.850996,0.565061,500,2026-09-03T19:27:20
tdma_packet_loss,1,50,0.3,5,2,0.1,5,0.388421,0.8,0.610408,50.0,False,500,0,0,500,358,14955,24500,500,0.716,0.852525,0.610408,500,2026-09-03T19:27:19
tdma_packet_loss,1,50,0.3,5,2,0.1,6,0.399491,1.0,0.608204,50.0,False,500,0,0,500,356,14901,24500,500,0.712,0.854219,0.608204,500,2026-09-03T19:27:21
tdma_packet_loss,1,50,0.3,5,2,0.1,7,0.419866,1.0,0.58649,50.0,False,500,0,0,500,346,14369,24500,500,0.692,0.847529,0.58649,500,2026-09-03T19:27:19
tdma_packet_loss,1,50,0.3,5,2,0.1,8,0.410021,1.0,0.583143,50.0,False,500,0,0,500,341,14287,24500,500,0.682,0.855048,0.583143,500,2026-09-03T19:27:21
tdma_packet_loss,1,50,0.3,5,2,0.1,9,0.382709,1.0,0.582776,50.0,False,500,0,0,500,342,14278,24500,500,0.684,0.852011,0.582776,500,2026-09-03T19:27:20
tdma_packet_loss,1,50,0.3,5,2,0.1,10,0.230775,1.0,0.594122,50.0,False,500,0,0,500,350,14556,24500,500,0.7,0.848746,0.594122,500,2026-09-03T19:27:22
tdma_packet_loss,1,50,0.3,5,2,0.1,11,0.345915,1.0,0.59,50.0,False,500,0,0,500,346,14455,24500,500,0.692,0.852601,0.59,500,2026-09-03T19:27:20
tdma_packet_loss,1,50,0.3,5,2,0.1,12,0.363355,1.0,0.605143,50.0,False,500,0,0,500,355,14826,24500,500,0.71,0.852314,0.605143,500,2026-09-03T19:27:23
tdma_packet_loss,1,50,0.3,5,2,0.1,13,0.432359,1.0,0.564857,50.0,False,500,0,0,500,332,13839,24500,500,0.664,0.850688,0.564857,500,2026-09-03T19:27:20
tdma_packet_loss,1,50,0.3,5,2,0.1,14,0.374892,0.8,0.594082,50.0,False,500,0,0,500,350,14555,24500,500,0.7,0.848688,0.594082,500,2026-09-03T19:27:23
tdma_packet_loss,1,50,0.3,5,5,0.025,0,0.510329,0.8,0.607898,50.0,False,500,0,0,139,1434,59574,98000,2000,0.717,0.847835,0.607898,500,2026-09-03T19:27:22
tdma_packet_loss,1,50,0.3,5,5,0.025,1,0.581962,1.0,0.589653,50.0,False,500,0,0,481,1386,57786,98000,2000,0.693,0.85087,0.589653,500,2026-09-03T19:27:26
tdma_packet_loss,1,50,0.3,5,5,0.025,2,0.501556,0.8,0.592765,50.0,False,500,0,0,84,1393,58091,98000,2000,0.6965,0.851063,0.592765,500,2026-09-03T19:27:22
tdma_packet_loss,1,50,0.3,5,5,0.025,3,0.565977,1.0,0.582918,50.0,False,500,0,0,104,1371,57126,98000,2000,0.6855,0.850355,0.582918,500,2026-09-03T19:27:26
tdma_packet_loss,1,50,0.3,5,5,0.025,4,0.570594,0.8,0.586061,50.0,False,500,0,0,250,1380,57434,98000,2000,0.69,0.849364,0.586061,500,2026-09-03T19:27:23
tdma_packet_loss,1,50,0.3,5,5,0.025,5,0.466449,1.0,0.58099,50.0,False,500,0,0,85,1368,56937,98000,2000,0.684,0.8494,0.58099,500,2026-09-03T19:27:27
tdma_packet_loss,1,50,0.3,5,5,0.025,6,0.470918,0.8,0.590245,50.0,False,500,0,0,360,1384,57844,98000,2000,0.692,0.852955,0.590245,500,2026-09-03T19:27:25
tdma_packet_loss,1,50,0.3,5,5,0.025,7,0.484197,0.6,0.577255,50.0,False,500,0,0,266,1357,56571,98000,2000,0.6785,0.850781,0.577255,500,2026-09-03T19:27:29
tdma_packet_loss,1,50,0.3,5,5,0.025,8,0.554439,1.0,0.598122,50.0,False,500,0,0,252,1404,58616,98000,2000,0.702,0.852026,0.598122,500,2026-09-03T19:27:25
tdma_packet_loss,1,50,0.3,5,5,0.025,9,0.51426,0.8,0.600878,50.0,False,500,0,0,65,1410,58886,98000,2000,0.705,0.852309,0.600878,500,2026-09-03T19:27:30
tdma_packet_loss,1,50,0.3,5,5,0.025,10,0.49707,0.8,0.596143,50.0,False,500,0,0,500,1402,58422,98000,2000,0.701,0.850418,0.596143,500,2026-09-03T19:27:26
tdma_packet_loss,1,50,0.3,5,5,0.025,11,0.552842,1.0,0.589235,50.0,False,500,0,0,235,1385,57745,98000,2000,0.6925,0.85088,0.589235,500,2026-09-03T19:27:30
tdma_packet_loss,1,50,0.3,5,5,0.025,12,0.535968,0.8,0.600653,50.0,False,500,0,0,408,1417,58864,98000,2000,0.7085,0.847781,0.600653,500,2026-09-03T19:27:27
tdma_packet_loss,1,50,0.3,5,5,0.025,13,0.513385,0.8,0.598612,50.0,False,500,0,0,500,1409,58664,98000,2000,0.7045,0.849698,0.598612,500,2026-09-03T19:27:31
tdma_packet_loss,1,50,0.3,5,5,0.025,14,0.466654,1.0,0.570847,50.0,False,500,0,0,376,1343,55943,98000,2000,0.6715,0.850107,0.570847,500,2026-09-03T19:27:27
tdma_packet_loss,1,50,0.3,5,5,0.05,0,0.44139,1.0,0.610898,50.0,False,500,0,0,500,719,29934,49000,1000,0.719,0.849649,0.610898,500,2026-09-03T19:27:30
tdma_packet_loss,1,50,0.3,5,5,0.05,1,0.446248,1.0,0.583673,50.0,False,500,0,0,500,685,28600,49000,1000,0.685,0.852078,0.583673,500,2026-09-03T19:27:29
tdma_packet_loss,1,50,0.3,5,5,0.05,2,0.39918,1.0,0.586857,50.0,False,500,0,0,500,689,28756,49000,1000,0.689,0.851752,0.586857,500,2026-09-03T19:27:32
tdma_packet_loss,1,50,0.3,5,5,0.05,3,0.396665,1.0,0.579959,50.0,False,500,0,0,500,680,28418,49000,1000,0.68,0.852881,0.579959,500,2026-09-03T19:27:30
tdma_packet_loss,1,50,0.3,5,5,0.05,4,0.474693,1.0,0.564918,50.0,False,500,0,0,500,666,27681,49000,1000,0.666,0.848226,0.564918,500,2026-09-03T19:27:33
tdma_packet_loss,1,50,0.3,5,5,0.05,5,0.44739,1.0,0.575102,50.0,False,500,0,0,500,676,28180,49000,1000,0.676,0.850743,0.575102,500,2026-09-03T19:27:31
tdma_packet_loss,1,50,0.3,5,5,0.05,6,0.383048,0.8,0.590347,50.0,False,500,0,0,500,691,28927,49000,1000,0.691,0.854337,0.590347,500,2026-09-03T19:27:34
tdma_packet_loss,1,50,0.3,5,5,0.05,7,0.39549,1.0,0.555163,50.0,False,500,0,0,500,654,27203,49000,1000,0.654,0.848873,0.555163,500,2026-09-03T19:27:32
tdma_packet_loss,1,50,0.3,5,5,0.05,8,0.426669,1.0,0.588061,50.0,False,500,0,0,500,689,28815,49000,1000,0.689,0.8535,0.588061,500,2026-09-03T19:27:36
tdma_packet_loss,1,50,0.3,5,5,0.05,9,0.411115,1.0,0.593959,50.0,False,500,0,0,500,697,29104,49000,1000,0.697,0.852165,0.593959,500,2026-09-03T19:27:33
tdma_packet_loss,1,50,0.3,5,5,0.05,10,0.368552,1.0,0.571837,50.0,False,500,0,0,500,672,28020,49000,1000,0.672,0.850948,0.571837,500,2026-09-03T19:27:36
tdma_packet_loss,1,50,0.3,5,5,0.05,11,0.384262,1.0,0.591755,50.0,False,500,0,0,500,695,28996,49000,1000,0.695,0.851446,0.591755,500,2026-09-03T19:27:34
tdma_packet_loss,1,50,0.3,5,5,0.05,12,0.418544,1.0,0.61349,50.0,False,500,0,0,500,723,30061,49000,1000,0.723,0.848534,0.61349,500,2026-09-03T19:27:37
tdma_packet_loss,1,50,0.3,5,5,0.05,13,0.42769,0.8,0.603122,50.0,False,500,0,0,500,708,29553,49000,1000,0.708,0.851868,0.603122,500,2026-09-03T19:27:34
tdma_packet_loss,1,50,0.3,5,5,0.05,14,0.432616,1.0,0.587898,50.0,False,500,0,0,500,693,28807,49000,1000,0.693,0.848338,0.587898,500,2026-09-03T19:27:37
tdma_packet_loss,1,50,0.3,5,5,0.1,0,0.389793,1.0,0.614816,50.0,False,500,0,0,500,362,15063,24500,500,0.724,0.849194,0.614816,500,2026-09-03T19:27:34
tdma_packet_loss,1,50,0.3,5,5,0.1,1,0.321842,1.0,0.57551,50.0,False,500,0,0,500,339,14100,24500,500,0.678,0.848835,0.57551,500,2026-09-03T19:27:36
tdma_packet_loss,1,50,0.3,5,5,0.1,2,0.36498,1.0,0.583878,50.0,False,500,0,0,500,343,14305,24500,500,0.686,0.851133,0.583878,500,2026-09-03T19:27:35
tdma_packet_loss,1,50,0.3,5,5,0.1,3,0.344092,1.0,0.594,50.0,False,500,0,0,500,349,14553,24500,500,0.698,0.851003,0.594,500,2026-09-03T19:27:38
tdma_packet_loss,1,50,0.3,5,5,0.1,4,0.471085,1.0,0.571388,50.0,False,500,0,0,500,336,13999,24500,500,0.672,0.850279,0.571388,500,2026-09-03T19:27:36
tdma_packet_loss,1,50,0.3,5,5,0.1,5,0.336564,1.0,0.54751,50.0,False,500,0,0,500,321,13414,24500,500,0.642,0.85282,0.54751,500,2026-09-03T19:27:38
tdma_packet_loss,1,50,0.3,5,5,0.1,6,0.366193,0.8,0.591388,50.0,False,500,0,0,500,346,14489,24500,500,0.692,0.854607,0.591388,500,2026-09-03T19:27:37
tdma_packet_loss,1,50,0.3,5,5,0.1,7,0.350398,0.8,0.565184,50.0,False,500,0,0,500,333,13847,24500,500,0.666,0.848624,0.565184,500,2026-09-03T19:27:38
tdma_packet_loss,1,50,0.3,5,5,0.1,8,0.388983,1.0,0.586408,50.0,False,500,0,0,500,343,14367,24500,500,0.686,0.854822,0.586408,500,2026-09-03T19:27:38
tdma_packet_loss,1,50,0.3,5,5,0.1,9,0.426388,1.0,0.588163,50.0,False,500,0,0,500,345,14410,24500,500,0.69,0.852411,0.588163,500,2026-09-03T19:27:39
tdma_packet_loss,1,50,0.3,5,5,0.1,10,0.289059,1.0,0.561796,50.0,False,500,0,0,500,330,13764,24500,500,0.66,0.851206,0.561796,500,2026-09-03T19:27:38
tdma_packet_loss,1,50,0.3,5,5,0.1,11,0.36573,1.0,0.598735,50.0,False,500,0,0,500,351,14669,24500,500,0.702,0.852898,0.598735,500,2026-09-03T19:27:39
tdma_packet_loss,1,50,0.3,5,5,0.1,12,0.331649,1.0,0.610082,50.0,False,500,0,0,500,358,14947,24500,500,0.716,0.852069,0.610082,500,2026-09-03T19:27:38
tdma_packet_loss,1,50,0.3,5,5,0.1,13,0.399463,0.8,0.573551,50.0,False,500,0,0,500,337,14052,24500,500,0.674,0.850966,0.573551,500,2026-09-03T19:27:39
tdma_packet_loss,1,50,0.3,5,5,0.1,14,0.386327,1.0,0.600408,50.0,False,500,0,0,500,354,14710,24500,500,0.708,0.848034,0.600408,500,2026-09-03T19:27:38
tdma_packet_loss,1,50,0.3,10,0,0.025,0,0.394283,1.0,0.607898,50.0,False,500,0,0,500,1434,59574,98000,2000,0.717,0.847835,0.607898,500,2026-09-03T19:27:41
tdma_packet_loss,1,50,0.3,10,0,0.025,1,0.415756,0.9,0.589653,50.0,False,500,0,0,500,1386,57786,98000,2000,0.693,0.85087,0.589653,500,2026-09-03T19:27:39
tdma_packet_loss,1,50,0.3,10,0,0.025,2,0.374731,0.9,0.592765,50.0,False,500,0,0,500,1393,58091,98000,2000,0.6965,0.851063,0.592765,500,2026-09-03T19:27:55
tdma_packet_loss,1,50,0.3,10,0,0.025,3,0.409215,0.8,0.582918,50.0,False,500,0,0,500,1371,57126,98000,2000,0.6855,0.850355,0.582918,500,2026-09-03T19:27:39
tdma_packet_loss,1,50,0.3,10,0,0.025,4,0.424422,0.8,0.586061,50.0,False,500,0,0,500,1380,57434,98000,2000,0.69,0.849364,0.586061,500,2026-09-03T19:27:58
tdma_packet_loss,1,50,0.3,10,0,0.025,5,0.40316,0.8,0.58099,50.0,False,500,0,0,257,1368,56937,98000,2000,0.684,0.8494,0.58099,500,2026-09-03T19:27:40
tdma_packet_loss,1,50,0.3,10,0,0.025,6,0.466097,0.8,0.590245,50.0,False,500,0,0,500,1384,57844,98000,2000,0.692,0.852955,0.590245,500,2026-09-03T19:28:02
tdma_packet_loss,1,50,0.3,10,0,0.025,7,0.335631,0.9,0.577255,50.0,False,500,0,0,500,1357,56571,98000,2000,0.6785,0.850781,0.577255,500,2026-09-03T19:27:41
tdma_packet_loss,1,50,0.3,10,0,0.025,8,0.384075,0.9,0.598122,50.0,False,500,0,0,500,1404,58616,98000,2000,0.702,0.852026,0.598122,500,2026-09-03T19:28:06
tdma_packet_loss,1,50,0.3,10,0,0.025,9,0.347209,0.8,0.600878,50.0,False,500,0,0,500,1410,58886,98000,2000,0.705,0.852309,0.600878,500,2026-09-03T19:27:56
tdma_packet_loss,1,50,0.3,10,0,0.025,10,0.44112,0.8,0.596143,50.0,False,500,0,0,500,1402,58422,98000,2000,0.701,0.850418,0.596143,500,2026-09-03T19:28:17
tdma_packet_loss,1,50,0.3,10,0,0.025,11,0.354383,0.8,0.589235,50.0,False,500,0,0,500,1385,57745,98000,2000,0.6925,0.85088,0.589235,500,2026-09-03T19:27:57
tdma_packet_loss,1,50,0.3,10,0,0.025,12,0.378308,0.9,0.600653,50.0,False,500,0,0,500,1417,58864,98000,2000,0.7085,0.847781,0.600653,500,2026-09-03T19:28:19
tdma_packet_loss,1,50,0.3,10,0,0.025,13,0.376688,0.9,0.598612,50.0,False,500,0,0,500,1409,58664,98000,2000,0.7045,0.849698,0.598612,500,2026-09-03T19:27:57
tdma_packet_loss,1,50,0.3,10,0,0.025,14,0.401761,0.8,0.570847,50.0,False,500,0,0,500,1343,55943,98000,2000,0.6715,0.850107,0.570847,500,2026-09-03T19:28:18
tdma_packet_loss,1,50,0.3,10,0,0.05,0,0.343743,0.9,0.610898,50.0,False,500,0,0,500,719,29934,49000,1000,0.719,0.849649,0.610898,500,2026-09-03T19:28:04
tdma_packet_loss,1,50,0.3,10,0,0.05,1,0.347109,0.6,0.583673,50.0,False,500,0,0,500,685,28600,49000,1000,0.685,0.852078,0.583673,500,2026-09-03T19:28:37
tdma_packet_loss,1,50,0.3,10,0,0.05,2,0.393548,0.8,0.586857,50.0,False,500,0,0,500,689,28756,49000,1000,0.689,0.851752,0.586857,500,2026-09-03T19:28:14
tdma_packet_loss,1,50,0.3,10,0,0.05,3,0.320877,1.0,0.579959,50.0,False,500,0,0,500,680,28418,49000,1000,0.68,0.852881,0.579959,500,2026-09-03T19:29:07
tdma_packet_loss,1,50,0.3,10,0,0.05,4,0.406566,0.8,0.564918,50.0,False,500,0,0,500,666,27681,49000,1000,0.666,0.848226,0.564918,500,2026-09-03T19:28:17
tdma_packet_loss,1,50,0.3,10,0,0.05,5,0.343135,0.8,0.575102,50.0,False,500,0,0,500,676,28180,49000,1000,0.676,0.850743,0.575102,500,2026-09-03T19:29:14
tdma_packet_loss,1,50,0.3,10,0,0.05,6,0.370286,1.0,0.590347,50.0,False,500,0,0,500,691,28927,49000,1000,0.691,0.854337,0.590347,500,2026-09-03T19:28:26
tdma_packet_loss,1,50,0.3,10,0,0.05,7,0.393901,0.9,0.555163,50.0,False,500,0,0,500,654,27203,49000,1000,0.654,0.848873,0.555163,500,2026-09-03T19:29:19
tdma_packet_loss,1,50,0.3,10,0,0.05,8,0.346845,0.7,0.588061,50.0,False,500,0,0,500,689,28815,49000,1000,0.689,0.8535,0.588061,500,2026-09-03T19:28:48
tdma_packet_loss,1,50,0.3,10,0,0.05,9,0.338172,1.0,0.593959,50.0,False,500,0,0,500,697,29104,49000,1000,0.697,0.852165,0.593959,500,2026-09-03T19:29:20
tdma_packet_loss,1,50,0.3,10,0,0.05,10,0.362859,0.9,0.571837,50.0,False,500,0,0,500,672,28020,49000,1000,0.672,0.850948,0.571837,500,2026-09-03T19:29:14
tdma_packet_loss,1,50,0.3,10,0,0.05,11,0.322213,1.0,0.591755,50.0,False,500,0,0,500,695,28996,49000,1000,0.695,0.851446,0.591755,500,2026-09-03T19:29:22
tdma_packet_loss,1,50,0.3,10,0,0.05,12,0.346392,0.9,0.61349,50.0,False,500,0,0,500,723,30061,49000,1000,0.723,0.848534,0.61349,500,2026-09-03T19:29:15
tdma_packet_loss,1,50,0.3,10,0,0.05,13,0.32351,1.0,0.603122,50.0,False,500,0,0,500,708,29553,49000,1000,0.708,0.851868,0.603122,500,2026-09-03T19:29:22
tdma_packet_loss,1,50,0.3,10,0,0.05,14,0.374994,0.9,0.587898,50.0,False,500,0,0,500,693,28807,49000,1000,0.693,0.848338,0.587898,500,2026-09-03T19:29:15
tdma_packet_loss,1,50,0.3,10,0,0.1,0,0.404305,0.9,0.614816,50.0,False,500,0,0,500,362,15063,24500,500,0.724,0.849194,0.614816,500,2026-09-03T19:29:22
tdma_packet_loss,1,50,0.3,10,0,0.1,1,0.345701,1.0,0.57551,50.0,False,500,0,0,500,339,14100,24500,500,0.678,0.848835,0.57551,500,2026-09-03T19:29:17
tdma_packet_loss,1,50,0.3,10,0,0.1,2,0.302932,0.8,0.583878,50.0,False,500,0,0,500,343,14305,24500,500,0.686,0.851133,0.583878,500,2026-09-03T19:29:22
tdma_packet_loss,1,50,0.3,10,0,0.1,3,0.379561,1.0,0.594,50.0,False,500,0,0,500,349,14553,24500,500,0.698,0.851003,0.594,500,2026-09-03T19:29:20
tdma_packet_loss,1,50,0.3,10,0,0.1,4,0.423655,1.0,0.571388,50.0,False,500,0,0,500,336,13999,24500,500,0.672,0.850279,0.571388,500,2026-09-03T19:29:23
tdma_packet_loss,1,50,0.3,10,0,0.1,5,0.350985,0.9,0.54751,50.0,False,500,0,0,500,321,13414,24500,500,0.642,0.85282,0.54751,500,2026-09-03T19:29:21
tdma_packet_loss,1,50,0.3,10,0,0.1,6,0.355331,1.0,0.591388,50.0,False,500,0,0,500,346,14489,24500,500,0.692,0.854607,0.591388,500,2026-09-03T19:29:24
tdma_packet_loss,1,50,0.3,10,0,0.1,7,0.384269,0.9,0.565184,50.0,False,500,0,0,500,333,13847,24500,500,0.666,0.848624,0.565184,500,2026-09-03T19:29:22
tdma_packet_loss,1,50,0.3,10,0,0.1,8,0.351096,0.7,0.586408,50.0,False,500,0,0,500,343,14367,24500,500,0.686,0.854822,0.586408,500,2026-09-03T19:29:25
tdma_packet_loss,1,50,0.3,10,0,0.1,9,0.377579,0.9,0.588163,50.0,False,500,0,0,500,345,14410,24500,500,0.69,0.852411,0.588163,500,2026-09-03T19:29:23
tdma_packet_loss,1,50,0.3,10,0,0.1,10,0.356848,1.0,0.561796,50.0,False,500,0,0,500,330,13764,24500,500,0.66,0.851206,0.561796,500,2026-09-03T19:29:26
tdma_packet_loss,1,50,0.3,10,0,0.1,11,0.376782,0.9,0.598735,50.0,False,500,0,0,500,351,14669,24500,500,0.702,0.852898,0.598735,500,2026-09-03T19:29:25
tdma_packet_loss,1,50,0.3,10,0,0.1,12,0.347721,0.8,0.610082,50.0,False,500,0,0,500,358,14947,24500,500,0.716,0.852069,0.610082,500,2026-09-03T19:29:28
tdma_packet_loss,1,50,0.3,10,0,0.1,13,0.322031,1.0,0.573551,50.0,False,500,0,0,500,337,14052,24500,500,0.674,0.850966,0.573551,500,2026-09-03T19:29:25
tdma_packet_loss,1,50,0.3,10,0,0.1,14,0.383883,0.9,0.600408,50.0,False,500,0,0,500,354,14710,24500,500,0.708,0.848034,0.600408,500,2026-09-03T19:29:28
tdma_packet_loss,1,50,0.3,10,2,0.025,0,0.369157,0.7,0.607724,50.0,False,500,0,0,500,1434,59557,98000,2000,0.717,0.847593,0.607724,500,2026-09-03T19:29:27
tdma_packet_loss,1,50,0.3,10,2,0.025,1,0.476513,1.0,0.591255,50.0,False,500,0,0,500,1390,57943,98000,2000,0.695,0.850727,0.591255,500,2026-09-03T19:29:31
tdma_packet_loss,1,50,0.3,10,2,0.025,2,0.433315,0.8,0.594031,50.0,False,500,0,0,500,1396,58215,98000,2000,0.698,0.851047,0.594031,500,2026-09-03T19:29:27
tdma_packet_loss,1,50,0.3,10,2,0.025,3,0.393423,0.9,0.583561,50.0,False,500,0,0,500,1373,57189,98000,2000,0.6865,0.850053,0.583561,500,2026-09-03T19:29:31
tdma_packet_loss,1,50,0.3,10,2,0.025,4,0.394226,0.8,0.587857,50.0,False,500,0,0,500,1384,57610,98000,2000,0.692,0.849505,0.587857,500,2026-09-03T19:29:28
tdma_packet_loss,1,50,0.3,10,2,0.025,5,0.402675,1.0,0.582306,50.0,False,500,0,0,500,1371,57066,98000,2000,0.6855,0.849462,0.582306,500,2026-09-03T19:29:33
tdma_packet_loss,1,50,0.3,10,2,0.025,6,0.403623,0.8,0.590673,50.0,False,500,0,0,500,1385,57886,98000,2000,0.6925,0.852958,0.590673,500,2026-09-03T19:29:29
tdma_packet_loss,1,50,0.3,10,2,0.025,7,0.40897,1.0,0.57849,50.0,False,500,0,0,500,1360,56692,98000,2000,0.68,0.85072,0.57849,500,2026-09-03T19:29:34
tdma_packet_loss,1,50,0.3,10,2,0.025,8,0.471185,0.6,0.599102,50.0,False,500,0,0,500,1406,58712,98000,2000,0.703,0.852208,0.599102,500,2026-09-03T19:29:30
tdma_packet_loss,1,50,0.3,10,2,0.025,9,0.411002,0.9,0.602194,50.0,False,500,0,0,500,1413,59015,98000,2000,0.7065,0.852362,0.602194,500,2026-09-03T19:29:35
tdma_packet_loss,1,50,0.3,10,2,0.025,10,0.37061,0.7,0.597439,50.0,False,500,0,0,500,1405,58549,98000,2000,0.7025,0.850447,0.597439,500,2026-09-03T19:29:31
tdma_packet_loss,1,50,0.3,10,2,0.025,11,0.438602,0.9,0.590969,50.0,False,500,0,0,500,1389,57915,98000,2000,0.6945,0.850928,0.590969,500,2026-09-03T19:29:35
tdma_packet_loss,1,50,0.3,10,2,0.025,12,0.359495,0.9,0.601908,50.0,False,500,0,0,500,1420,58987,98000,2000,0.71,0.847758,0.601908,500,2026-09-03T19:29:33
tdma_packet_loss,1,50,0.3,10,2,0.025,13,0.409604,0.8,0.600316,50.0,False,500,0,0,500,1413,58831,98000,2000,0.7065,0.849705,0.600316,500,2026-09-03T19:29:37
tdma_packet_loss,1,50,0.3,10,2,0.025,14,0.389585,0.8,0.572153,50.0,False,500,0,0,500,1346,56071,98000,2000,0.673,0.850153,0.572153,500,2026-09-03T19:29:33
tdma_packet_loss,1,50,0.3,10,2,0.05,0,0.353764,0.9,0.613265,50.0,False,500,0,0,500,722,30050,49000,1000,0.722,0.849398,0.613265,500,2026-09-03T19:29:37
tdma_packet_loss,1,50,0.3,10,2,0.05,1,0.339563,0.8,0.585918,50.0,False,500,0,0,500,688,28710,49000,1000,0.688,0.851626,0.585918,500,2026-09-03T19:29:36
tdma_packet_loss,1,50,0.3,10,2,0.05,2,0.305849,0.8,0.589429,50.0,False,500,0,0,500,692,28882,49000,1000,0.692,0.851775,0.589429,500,2026-09-03T19:29:39
tdma_packet_loss,1,50,0.3,10,2,0.05,3,0.389635,0.9,0.581143,50.0,False,500,0,0,500,682,28476,49000,1000,0.682,0.852116,0.581143,500,2026-09-03T19:29:35
tdma_packet_loss,1,50,0.3,10,2,0.05,4,0.392442,0.9,0.568592,50.0,False,500,0,0,500,670,27861,49000,1000,0.67,0.848645,0.568592,500,2026-09-03T19:29:39
tdma_packet_loss,1,50,0.3,10,2,0.05,5,0.364516,0.9,0.576857,50.0,False,500,0,0,500,678,28266,49000,1000,0.678,0.850822,0.576857,500,2026-09-03T19:29:36
tdma_packet_loss,1,50,0.3,10,2,0.05,6,0.39333,0.9,0.593837,50.0,False,500,0,0,500,695,29098,49000,1000,0.695,0.854441,0.593837,500,2026-09-03T19:29:40
tdma_packet_loss,1,50,0.3,10,2,0.05,7,0.347394,1.0,0.557653,50.0,False,500,0,0,500,657,27325,49000,1000,0.657,0.848787,0.557653,500,2026-09-03T19:29:37
tdma_packet_loss,1,50,0.3,10,2,0.05,8,0.310975,0.8,0.590735,50.0,False,500,0,0,500,692,28946,49000,1000,0.692,0.853663,0.590735,500,2026-09-03T19:29:41
tdma_packet_loss,1,50,0.3,10,2,0.05,9,0.386117,0.9,0.597306,50.0,False,500,0,0,500,701,29268,49000,1000,0.701,0.852077,0.597306,500,2026-09-03T19:29:38
tdma_packet_loss,1,50,0.3,10,2,0.05,10,0.342345,0.9,0.572551,50.0,False,500,0,0,500,673,28055,49000,1000,0.673,0.850744,0.572551,500,2026-09-03T19:29:42
tdma_packet_loss,1,50,0.3,10,2,0.05,11,0.372351,0.7,0.591714,50.0,False,500,0,0,500,695,28994,49000,1000,0.695,0.851387,0.591714,500,2026-09-03T19:29:39
tdma_packet_loss,1,50,0.3,10,2,0.05,12,0.364345,1.0,0.61598,50.0,False,500,0,0,500,726,30183,49000,1000,0.726,0.848457,0.61598,500,2026-09-03T19:29:43
tdma_packet_loss,1,50,0.3,10,2,0.05,13,0.372132,0.6,0.606633,50.0,False,500,0,0,500,712,29725,49000,1000,0.712,0.852012,0.606633,500,2026-09-03T19:29:40
tdma_packet_loss,1,50,0.3,10,2,0.05,14,0.355633,0.9,0.589633,50.0,False,500,0,0,500,695,28892,49000,1000,0.695,0.848392,0.589633,500,2026-09-03T19:29:44
tdma_packet_loss,1,50,0.3,10,2,0.1,0,0.351587,0.8,0.607388,50.0,False,500,0,0,500,358,14881,24500,500,0.716,0.848307,0.607388,500,2026-09-03T19:29:40
tdma_packet_loss,1,50,0.3,10,2,0.1,1,0.342176,0.9,0.581878,50.0,False,500,0,0,500,343,14256,24500,500,0.686,0.848218,0.581878,500,2026-09-03T19:29:43
tdma_packet_loss,1,50,0.3,10,2,0.1,2,0.430019,1.0,0.587347,50.0,False,500,0,0,500,345,14390,24500,500,0.69,0.851227,0.587347,500,2026-09-03T19:29:42
tdma_packet_loss,1,50,0.3,10,2,0.1,3,0.361019,0.6,0.57702,50.0,False,500,0,0,500,339,14137,24500,500,0.678,0.851063,0.57702,500,2026-09-03T19:29:45
tdma_packet_loss,1,50,0.3,10,2,0.1,4,0.360538,1.0,0.571796,50.0,False,500,0,0,500,336,14009,24500,500,0.672,0.850887,0.571796,500,2026-09-03T19:29:42
tdma_packet_loss,1,50,0.3,10,2,0.1,5,0.300202,0.9,0.551184,50.0,False,500,0,0,500,323,13504,24500,500,0.646,0.853226,0.551184,500,2026-09-03T19:29:45
tdma_packet_loss,1,50,0.3,10,2,0.1,6,0.386684,0.9,0.598571,50.0,False,500,0,0,500,350,14665,24500,500,0.7,0.855102,0.598571,500,2026-09-03T19:29:43
tdma_packet_loss,1,50,0.3,10,2,0.1,7,0.332683,0.8,0.570041,50.0,False,500,0,0,500,336,13966,24500,500,0.672,0.848275,0.570041,500,2026-09-03T19:29:46
tdma_packet_loss,1,50,0.3,10,2,0.1,8,0.333204,1.0,0.591796,50.0,False,500,0,0,500,346,14499,24500,500,0.692,0.855196,0.591796,500,2026-09-03T19:29:44
tdma_packet_loss,1,50,0.3,10,2,0.1,9,0.35501,0.8,0.591714,50.0,False,500,0,0,500,347,14497,24500,500,0.694,0.852614,0.591714,500,2026-09-03T19:29:48
tdma_packet_loss,1,50,0.3,10,2,0.1,10,0.349245,0.9,0.56649,50.0,False,500,0,0,500,333,13879,24500,500,0.666,0.850585,0.56649,500,2026-09-03T19:29:45
tdma_packet_loss,1,50,0.3,10,2,0.1,11,0.39866,1.0,0.600163,50.0,False,500,0,0,500,352,14704,24500,500,0.704,0.852505,0.600163,500,2026-09-03T19:29:49
tdma_packet_loss,1,50,0.3,10,2,0.1,12,0.322167,1.0,0.615102,50.0,False,500,0,0,500,361,15070,24500,500,0.722,0.851942,0.615102,500,2026-09-03T19:29:46
tdma_packet_loss,1,50,0.3,10,2,0.1,13,0.359877,0.9,0.577061,50.0,False,500,0,0,500,339,14138,24500,500,0.678,0.851123,0.577061,500,2026-09-03T19:29:49
tdma_packet_loss,1,50,0.3,10,2,0.1,14,0.335867,1.0,0.605429,50.0,False,500,0,0,500,357,14833,24500,500,0.714,0.847939,0.605429,500,2026-09-03T19:29:47
tdma_packet_loss,1,50,0.3,10,5,0.025,0,0.429779,0.9,0.609306,50.0,False,500,0,0,500,1438,59712,98000,2000,0.719,0.847435,0.609306,500,2026-09-03T19:29:51
tdma_packet_loss,1,50,0.3,10,5,0.025,1,0.487258,0.9,0.59249,50.0,False,500,0,0,500,1393,58064,98000,2000,0.6965,0.850667,0.59249,500,2026-09-03T19:29:49
tdma_packet_loss,1,50,0.3,10,5,0.025,2,0.438136,0.7,0.595296,50.0,False,500,0,0,500,1399,58339,98000,2000,0.6995,0.851031,0.595296,500,2026-09-03T19:29:53
tdma_packet_loss,1,50,0.3,10,5,0.025,3,0.486561,0.7,0.585286,50.0,False,500,0,0,500,1377,57358,98000,2000,0.6885,0.850088,0.585286,500,2026-09-03T19:29:50
tdma_packet_loss,1,50,0.3,10,5,0.025,4,0.471567,0.9,0.589112,50.0,False,500,0,0,500,1387,57733,98000,2000,0.6935,0.849477,0.589112,500,2026-09-03T19:29:54
tdma_packet_loss,1,50,0.3,10,5,0.025,5,0.410183,0.9,0.584265,50.0,False,500,0,0,500,1376,57258,98000,2000,0.688,0.849223,0.584265,500,2026-09-03T19:29:50
tdma_packet_loss,1,50,0.3,10,5,0.025,6,0.497176,0.6,0.592806,50.0,False,500,0,0,500,1390,58095,98000,2000,0.695,0.852958,0.592806,500,2026-09-03T19:29:54
tdma_packet_loss,1,50,0.3,10,5,0.025,7,0.43716,0.8,0.580653,50.0,False,500,0,0,500,1365,56904,98000,2000,0.6825,0.850774,0.580653,500,2026-09-03T19:29:51
tdma_packet_loss,1,50,0.3,10,5,0.025,8,0.448055,0.6,0.601235,50.0,False,500,0,0,500,1411,58921,98000,2000,0.7055,0.852211,0.601235,500,2026-09-03T19:29:55
tdma_packet_loss,1,50,0.3,10,5,0.025,9,0.464874,0.8,0.604337,50.0,False,500,0,0,500,1418,59225,98000,2000,0.709,0.852379,0.604337,500,2026-09-03T19:29:52
tdma_packet_loss,1,50,0.3,10,5,0.025,10,0.423985,0.7,0.5995,50.0,False,500,0,0,500,1410,58751,98000,2000,0.705,0.850355,0.5995,500,2026-09-03T19:29:56
tdma_packet_loss,1,50,0.3,10,5,0.025,11,0.445959,0.9,0.592653,50.0,False,500,0,0,500,1393,58080,98000,2000,0.6965,0.850902,0.592653,500,2026-09-03T19:29:53
tdma_packet_loss,1,50,0.3,10,5,0.025,12,0.436506,0.8,0.602786,50.0,False,500,0,0,500,1422,59073,98000,2000,0.711,0.8478,0.602786,500,2026-09-03T19:29:57
tdma_packet_loss,1,50,0.3,10,5,0.025,13,0.39784,0.8,0.601959,50.0,False,500,0,0,500,1417,58992,98000,2000,0.7085,0.849625,0.601959,500,2026-09-03T19:29:54
tdma_packet_loss,1,50,0.3,10,5,0.025,14,0.411023,0.7,0.574224,50.0,False,500,0,0,500,1351,56274,98000,2000,0.6755,0.850073,0.574224,500,2026-09-03T19:29:59
tdma_packet_loss,1,50,0.3,10,5,0.05,0,0.395939,0.9,0.617653,50.0,False,500,0,0,500,727,30265,49000,1000,0.727,0.849592,0.617653,500,2026-09-03T19:29:55
tdma_packet_loss,1,50,0.3,10,5,0.05,1,0.364145,0.9,0.589469,50.0,False,500,0,0,500,692,28884,49000,1000,0.692,0.851834,0.589469,500,2026-09-03T19:30:00
tdma_packet_loss,1,50,0.3,10,5,0.05,2,0.352132,0.8,0.593531,50.0,False,500,0,0,500,697,29083,49000,1000,0.697,0.85155,0.593531,500,2026-09-03T19:29:57
tdma_packet_loss,1,50,0.3,10,5,0.05,3,0.370335,1.0,0.584449,50.0,False,500,0,0,500,686,28638,49000,1000,0.686,0.851966,0.584449,500,2026-09-03T19:30:02
tdma_packet_loss,1,50,0.3,10,5,0.05,4,0.387677,0.8,0.571061,50.0,False,500,0,0,500,673,27982,49000,1000,0.673,0.848531,0.571061,500,2026-09-03T19:29:58
tdma_packet_loss,1,50,0.3,10,5,0.05,5,0.299482,0.8,0.579918,50.0,False,500,0,0,500,682,28416,49000,1000,0.682,0.85032,0.579918,500,2026-09-03T19:30:03
tdma_packet_loss,1,50,0.3,10,5,0.05,6,0.399575,1.0,0.597204,50.0,False,500,0,0,500,699,29263,49000,1000,0.699,0.854369,0.597204,500,2026-09-03T19:29:59
tdma_packet_loss,1,50,0.3,10,5,0.05,7,0.352303,1.0,0.561816,50.0,False,500,0,0,500,662,27529,49000,1000,0.662,0.848665,0.561816,500,2026-09-03T19:30:03
tdma_packet_loss,1,50,0.3,10,5,0.05,8,0.352506,0.8,0.593265,50.0,False,500,0,0,500,695,29070,49000,1000,0.695,0.853619,0.593265,500,2026-09-03T19:30:00
tdma_packet_loss,1,50,0.3,10,5,0.05,9,0.375441,0.9,0.600755,50.0,False,500,0,0,500,705,29437,49000,1000,0.705,0.852135,0.600755,500,2026-09-03T19:30:04
tdma_packet_loss,1,50,0.3,10,5,0.05,10,0.367082,0.9,0.576878,50.0,False,500,0,0,500,678,28267,49000,1000,0.678,0.850852,0.576878,500,2026-09-03T19:30:01
tdma_packet_loss,1,50,0.3,10,5,0.05,11,0.369413,0.8,0.594918,50.0,False,500,0,0,500,699,29151,49000,1000,0.699,0.851099,0.594918,500,2026-09-03T19:30:05
tdma_packet_loss,1,50,0.3,10,5,0.05,12,0.359251,0.9,0.620286,50.0,False,500,0,0,500,731,30394,49000,1000,0.731,0.848544,0.620286,500,2026-09-03T19:30:02
tdma_packet_loss,1,50,0.3,10,5,0.05,13,0.300244,0.8,0.609612,50.0,False,500,0,0,500,716,29871,49000,1000,0.716,0.851414,0.609612,500,2026-09-03T19:30:06
tdma_packet_loss,1,50,0.3,10,5,0.05,14,0.360169,0.7,0.592204,50.0,False,500,0,0,500,698,29018,49000,1000,0.698,0.84843,0.592204,500,2026-09-03T19:30:03
tdma_packet_loss,1,50,0.3,10,5,0.1,0,0.364587,1.0,0.614082,50.0,False,500,0,0,500,362,15045,24500,500,0.724,0.848179,0.614082,500,2026-09-03T19:30:06
tdma_packet_loss,1,50,0.3,10,5,0.1,1,0.403323,1.0,0.588286,50.0,False,500,0,0,500,347,14413,24500,500,0.694,0.847674,0.588286,500,2026-09-03T19:30:03
tdma_packet_loss,1,50,0.3,10,5,0.1,2,0.37529,0.9,0.59751,50.0,False,500,0,0,500,351,14639,24500,500,0.702,0.851154,0.59751,500,2026-09-03T19:30:06
tdma_packet_loss,1,50,0.3,10,5,0.1,3,0.360657,1.0,0.58702,50.0,False,500,0,0,500,345,14382,24500,500,0.69,0.850754,0.58702,500,2026-09-03T19:30:05
tdma_packet_loss,1,50,0.3,10,5,0.1,4,0.386538,1.0,0.57502,50.0,False,500,0,0,500,338,14088,24500,500,0.676,0.850622,0.57502,500,2026-09-03T19:30:07
tdma_packet_loss,1,50,0.3,10,5,0.1,5,0.386115,1.0,0.557102,50.0,False,500,0,0,500,327,13649,24500,500,0.654,0.851838,0.557102,500,2026-09-03T19:30:05
tdma_packet_loss,1,50,0.3,10,5,0.1,6,0.392301,0.8,0.605143,50.0,False,500,0,0,500,354,14826,24500,500,0.708,0.854722,0.605143,500,2026-09-03T19:30:08
tdma_packet_loss,1,50,0.3,10,5,0.1,7,0.368852,0.9,0.574857,50.0,False,500,0,0,500,339,14084,24500,500,0.678,0.847872,0.574857,500,2026-09-03T19:30:06
tdma_packet_loss,1,50,0.3,10,5,0.1,8,0.412324,1.0,0.601429,50.0,False,500,0,0,500,352,14735,24500,500,0.704,0.854302,0.601429,500,2026-09-03T19:30:08
tdma_packet_loss,1,50,0.3,10,5,0.1,9,0.325224,0.9,0.60049,50.0,False,500,0,0,500,352,14712,24500,500,0.704,0.852968,0.60049,500,2026-09-03T19:30:07
tdma_packet_loss,1,50,0.3,10,5,0.1,10,0.308343,0.9,0.573592,50.0,False,500,0,0,500,337,14053,24500,500,0.674,0.851026,0.573592,500,2026-09-03T19:30:09
tdma_packet_loss,1,50,0.3,10,5,0.1,11,0.392641,1.0,0.606694,50.0,False,500,0,0,500,356,14864,24500,500,0.712,0.852098,0.606694,500,2026-09-03T19:30:07
tdma_packet_loss,1,50,0.3,10,5,0.1,12,0.285361,0.9,0.623388,50.0,False,500,0,0,500,366,15273,24500,500,0.732,0.851623,0.623388,500,2026-09-03T19:30:10
tdma_packet_loss,1,50,0.3,10,5,0.1,13,0.349088,0.7,0.582816,50.0,False,500,0,0,500,343,14279,24500,500,0.686,0.849586,0.582816,500,2026-09-03T19:30:08
tdma_packet_loss,1,50,0.3,10,5,0.1,14,0.441667,0.8,0.608612,50.0,False,500,0,0,500,359,14911,24500,500,0.718,0.847649,0.608612,500,2026-09-03T19:30:11
