baseline,use_tdma,swarm_size,packet_loss,num_objectives,num_threats,slot_duration,trial,sci,ce,pdr,mtc,converged,frames_to_consensus,frames_to_stability,packets_sent,packets_received,packets_offered,total_frames,timestamp
tdma_packet_loss,1,10,0.0,3,0,0.025,0,0.466777,0.666667,1.0,2.6,True,26,14,27,243,243,27,2026-08-16T19:42:45
tdma_packet_loss,1,10,0.0,3,0,0.025,1,0.423586,1.0,1.0,2.7,True,27,31,32,288,288,32,2026-08-16T19:42:45
tdma_packet_loss,1,10,0.0,3,0,0.025,2,0.422801,0.666667,1.0,2.9,True,29,33,34,306,306,34,2026-08-16T19:42:45
tdma_packet_loss,1,10,0.0,3,0,0.025,3,0.443246,0.666667,1.0,2.3,True,23,18,24,216,216,24,2026-08-16T19:42:45
tdma_packet_loss,1,10,0.0,3,0,0.025,4,0.465678,0.666667,1.0,1.0,True,10,14,15,135,135,15,2026-08-16T19:42:45
tdma_packet_loss,1,10,0.0,3,0,0.05,0,0.466777,0.666667,1.0,2.6,True,26,14,27,243,243,27,2026-08-16T19:42:45
tdma_packet_loss,1,10,0.0,3,0,0.05,1,0.423586,1.0,1.0,2.7,True,27,31,32,288,288,32,2026-08-16T19:42:45
tdma_packet_loss,1,10,0.0,3,0,0.05,2,0.422801,0.666667,1.0,2.9,True,29,33,34,306,306,34,2026-08-16T19:42:46
tdma_packet_loss,1,10,0.0,3,0,0.05,3,0.443246,0.666667,1.0,2.3,True,23,18,24,216,216,24,2026-08-16T19:42:45
tdma_packet_loss,1,10,0.0,3,0,0.05,4,0.465678,0.666667,1.0,1.0,True,10,14,15,135,135,15,2026-08-16T19:42:45
tdma_packet_loss,1,10,0.0,3,0,0.1,0,0.466777,0.666667,1.0,2.6,True,26,14,27,243,243,27,2026-08-16T19:42:45
tdma_packet_loss,1,10,0.0,3,0,0.1,1,0.423586,1.0,1.0,2.7,True,27,31,32,288,288,32,2026-08-16T19:42:46
tdma_packet_loss,1,10,0.0,3,0,0.1,2,0.422801,0.666667,1.0,2.9,True,29,33,34,306,306,34,2026-08-16T19:42:46
tdma_packet_loss,1,10,0.0,3,0,0.1,3,0.443246,0.666667,1.0,2.3,True,23,18,24,216,216,24,2026-08-16T19:42:46
tdma_packet_loss,1,10,0.0,3,0,0.1,4,0.465678,0.666667,1.0,1.0,True,10,14,15,135,135,15,2026-08-16T19:42:46
tdma_packet_loss,1,10,0.0,3,2,0.025,0,0.480576,0.666667,1.0,2.3,True,23,14,24,216,216,24,2026-08-16T19:42:46
tdma_packet_loss,1,10,0.0,3,2,0.025,1,0.479005,1.0,1.0,3.3,True,33,23,34,306,306,34,2026-08-16T19:42:46
tdma_packet_loss,1,10,0.0,3,2,0.025,2,0.500548,0.666667,1.0,2.9,True,29,34,35,315,315,35,2026-08-16T19:42:46
tdma_packet_loss,1,10,0.0,3,2,0.025,3,0.441274,0.666667,1.0,2.3,True,23,18,24,216,216,24,2026-08-16T19:42:46
tdma_packet_loss,1,10,0.0,3,2,0.025,4,0.450905,0.666667,1.0,1.0,True,10,14,15,135,135,15,2026-08-16T19:42:46
tdma_packet_loss,1,10,0.0,3,2,0.05,0,0.480576,0.666667,1.0,2.3,True,23,14,24,216,216,24,2026-08-16T19:42:46
tdma_packet_loss,1,10,0.0,3,2,0.05,1,0.479005,1.0,1.0,3.3,True,33,23,34,306,306,34,2026-08-16T19:42:46
tdma_packet_loss,1,10,0.0,3,2,0.05,2,0.500548,0.666667,1.0,2.9,True,29,34,35,315,315,35,2026-08-16T19:42:46
tdma_packet_loss,1,10,0.0,3,2,0.05,3,0.441274,0.666667,1.0,2.3,True,23,18,24,216,216,24,2026-08-16T19:42:46
tdma_packet_loss,1,10,0.0,3,2,0.05,4,0.450905,0.666667,1.0,1.0,True,10,14,15,135,135,15,2026-08-16T19:42:46
tdma_packet_loss,1,10,0.0,3,2,0.1,0,0.480576,0.666667,1.0,2.3,True,23,14,24,216,216,24,2026-08-16T19:42:46
tdma_packet_loss,1,10,0.0,3,2,0.1,1,0.479005,1.0,1.0,3.3,True,33,23,34,306,306,34,2026-08-16T19:42:46
tdma_packet_loss,1,10,0.0,3,2,0.1,2,0.500548,0.666667,1.0,2.9,True,29,34,35,315,315,35,2026-08-16T19:42:46
tdma_packet_loss,1,10,0.0,3,2,0.1,3,0.441274,0.666667,1.0,2.3,True,23,18,24,216,216,24,2026-08-16T19:42:46
tdma_packet_loss,1,10,0.0,3,2,0.1,4,0.450905,0.666667,1.0,1.0,True,10,14,15,135,135,15,2026-08-16T19:42:46
tdma_packet_loss,1,10,0.0,3,5,0.025,0,0.478066,0.666667,1.0,2.4,True,24,17,25,225,225,25,2026-08-16T19:42:46
tdma_packet_loss,1,10,0.0,3,5,0.025,1,0.473187,1.0,1.0,3.3,True,33,25,34,306,306,34,2026-08-16T19:42:46
tdma_packet_loss,1,10,0.0,3,5,0.025,2,0.408772,1.0,1.0,1.0,True,10,16,17,153,153,17,2026-08-16T19:42:46
tdma_packet_loss,1,10,0.0,3,5,0.025,3,0.535625,0.666667,1.0,2.0,True,20,18,21,189,189,21,2026-08-16T19:42:46
tdma_packet_loss,1,10,0.0,3,5,0.025,4,0.443352,0.666667,1.0,1.0,True,10,14,15,135,135,15,2026-08-16T19:42:46
tdma_packet_loss,1,10,0.0,3,5,0.05,0,0.478066,0.666667,1.0,2.4,True,24,17,25,225,225,25,2026-08-16T19:42:46
tdma_packet_loss,1,10,0.0,3,5,0.05,1,0.473187,1.0,1.0,3.3,True,33,25,34,306,306,34,2026-08-16T19:42:46
tdma_packet_loss,1,10,0.0,3,5,0.05,2,0.408772,1.0,1.0,1.0,True,10,16,17,153,153,17,2026-08-16T19:42:46
tdma_packet_loss,1,10,0.0,3,5,0.05,3,0.535625,0.666667,1.0,2.0,True,20,18,21,189,189,21,2026-08-16T19:42:46
tdma_packet_loss,1,10,0.0,3,5,0.05,4,0.443352,0.666667,1.0,1.0,True,10,14,15,135,135,15,2026-08-16T19:42:46
tdma_packet_loss,1,10,0.0,3,5,0.1,0,0.478066,0.666667,1.0,2.4,True,24,17,25,225,225,25,2026-08-16T19:42:46
tdma_packet_loss,1,10,0.0,3,5,0.1,1,0.473187,1.0,1.0,3.3,True,33,25,34,306,306,34,2026-08-16T19:42:46
tdma_packet_loss,1,10,0.0,3,5,0.1,2,0.408772,1.0,1.0,1.0,True,10,16,17,153,153,17,2026-08-16T19:42:46
tdma_packet_loss,1,10,0.0,3,5,0.1,3,0.535625,0.666667,1.0,2.0,True,20,18,21,189,189,21,2026-08-16T19:42:46
tdma_packet_loss,1,10,0.0,3,5,0.1,4,0.443352,0.666667,1.0,1.0,True,10,14,15,135,135,15,2026-08-16T19:42:46
tdma_packet_loss,1,10,0.0,5,0,0.025,0,0.458671,0.6,1.0,3.1,True,31,30,32,288,288,32,2026-08-16T19:42:46
tdma_packet_loss,1,10,0.0,5,0,0.025,1,0.423908,1.0,1.0,3.2,True,32,36,37,333,333,37,2026-08-16T19:42:46
tdma_packet_loss,1,10,0.0,5,0,0.025,2,0.393451,1.0,1.0,2.5,True,25,30,31,279,279,31,2026-08-16T19:42:46
tdma_packet_loss,1,10,0.0,5,0,0.025,3,0.476498,0.8,1.0,5.3,True,53,44,54,486,486,54,2026-08-16T19:42:46
tdma_packet_loss,1,10,0.0,5,0,0.025,4,0.611845,1.0,1.0,4.4,True,44,15,45,405,405,45,2026-08-16T19:42:46
tdma_packet_loss,1,10,0.0,5,0,0.05,0,0.458671,0.6,1.0,3.1,True,31,30,32,288,288,32,2026-08-16T19:42:46
tdma_packet_loss,1,10,0.0,5,0,0.05,1,0.423908,1.0,1.0,3.2,True,32,36,37,333,333,37,2026-08-16T19:42:46
tdma_packet_loss,1,10,0.0,5,0,0.05,2,0.393451,1.0,1.0,2.5,True,25,30,31,279,279,31,2026-08-16T19:42:46
tdma_packet_loss,1,10,0.0,5,0,0.05,3,0.476498,0.8,1.0,5.3,True,53,44,54,486,486,54,2026-08-16T19:42:46
tdma_packet_loss,1,10,0.0,5,0,0.05,4,0.611845,1.0,1.0,4.4,True,44,15,45,405,405,45,2026-08-16T19:42:46
tdma_packet_loss,1,10,0.0,5,0,0.1,0,0.458671,0.6,1.0,3.1,True,31,30,32,288,288,32,2026-08-16T19:42:46
tdma_packet_loss,1,10,0.0,5,0,0.1,1,0.423908,1.0,1.0,3.2,True,32,36,37,333,333,37,2026-08-16T19:42:46
tdma_packet_loss,1,10,0.0,5,0,0.1,2,0.393451,1.0,1.0,2.5,True,25,30,31,279,279,31,2026-08-16T19:42:46
tdma_packet_loss,1,10,0.0,5,0,0.1,3,0.476498,0.8,1.0,5.3,True,53,44,54,486,486,54,2026-08-16T19:42:46
tdma_packet_loss,1,10,0.0,5,0,0.1,4,0.611845,1.0,1.0,4.4,True,44,15,45,405,405,45,2026-08-16T19:42:46
tdma_packet_loss,1,10,0.0,5,2,0.025,0,0.427295,0.6,1.0,3.1,True,31,30,32,288,288,32,2026-08-16T19:42:46
tdma_packet_loss,1,10,0.0,5,2,0.025,1,0.410204,1.0,1.0,3.2,True,32,36,37,333,333,37,2026-08-16T19:42:46
tdma_packet_loss,1,10,0.0,5,2,0.025,2,0.400971,0.8,1.0,2.9,True,29,28,30,270,270,30,2026-08-16T19:42:46
tdma_packet_loss,1,10,0.0,5,2,0.025,3,0.400909,0.8,1.0,3.4,True,34,48,49,441,441,49,2026-08-16T19:42:46
tdma_packet_loss,1,10,0.0,5,2,0.025,4,0.592542,1.0,1.0,4.4,True,44,15,45,405,405,45,2026-08-16T19:42:46
tdma_packet_loss,1,10,0.0,5,2,0.05,0,0.427295,0.6,1.0,3.1,True,31,30,32,288,288,32,2026-08-16T19:42:46
tdma_packet_loss,1,10,0.0,5,2,0.05,1,0.410204,1.0,1.0,3.2,True,32,36,37,333,333,37,2026-08-16T19:42:46
tdma_packet_loss,1,10,0.0,5,2,0.05,2,0.400971,0.8,1.0,2.9,True,29,28,30,270,270,30,2026-08-16T19:42:46
tdma_packet_loss,1,10,0.0,5,2,0.05,3,0.400909,0.8,1.0,3.4,True,34,48,49,441,441,49,2026-08-16T19:42:46
tdma_packet_loss,1,10,0.0,5,2,0.05,4,0.592542,1.0,1.0,4.4,True,44,15,45,405,405,45,2026-08-16T19:42:46
tdma_packet_loss,1,10,0.0,5,2,0.1,0,0.427295,0.6,1.0,3.1,True,31,30,32,288,288,32,2026-08-16T19:42:46
tdma_packet_loss,1,10,0.0,5,2,0.1,1,0.410204,1.0,1.0,3.2,True,32,36,37,333,333,37,2026-08-16T19:42:46
tdma_packet_loss,1,10,0.0,5,2,0.1,2,0.400971,0.8,1.0,2.9,True,29,28,30,270,270,30,2026-08-16T19:42:46
tdma_packet_loss,1,10,0.0,5,2,0.1,3,0.400909,0.8,1.0,3.4,True,34,48,49,441,441,49,2026-08-16T19:42:46
tdma_packet_loss,1,10,0.0,5,2,0.1,4,0.592542,1.0,1.0,4.4,True,44,15,45,405,405,45,2026-08-16T19:42:46
tdma_packet_loss,1,10,0.0,5,5,0.025,0,0.483879,0.8,1.0,3.1,True,31,36,37,333,333,37,2026-08-16T19:42:46
tdma_packet_loss,1,10,0.0,5,5,0.025,1,0.39904,1.0,1.0,3.2,True,32,36,37,333,333,37,2026-08-16T19:42:46
tdma_packet_loss,1,10,0.0,5,5,0.025,2,0.40598,0.8,1.0,2.5,True,25,28,29,261,261,29,2026-08-16T19:42:46
tdma_packet_loss,1,10,0.0,5,5,0.025,3,0.588339,0.6,1.0,5.9,True,59,45,60,540,540,60,2026-08-16T19:42:46
tdma_packet_loss,1,10,0.0,5,5,0.025,4,0.478677,0.4,1.0,1.7,True,17,15,18,162,162,18,2026-08-16T19:42:46
tdma_packet_loss,1,10,0.0,5,5,0.05,0,0.483879,0.8,1.0,3.1,True,31,36,37,333,333,37,2026-08-16T19:42:46
tdma_packet_loss,1,10,0.0,5,5,0.05,1,0.39904,1.0,1.0,3.2,True,32,36,37,333,333,37,2026-08-16T19:42:46
tdma_packet_loss,1,10,0.0,5,5,0.05,2,0.40598,0.8,1.0,2.5,True,25,28,29,261,261,29,2026-08-16T19:42:46
tdma_packet_loss,1,10,0.0,5,5,0.05,3,0.588339,0.6,1.0,5.9,True,59,45,60,540,540,60,2026-08-16T19:42:46
tdma_packet_loss,1,10,0.0,5,5,0.05,4,0.478677,0.4,1.0,1.7,True,17,15,18,162,162,18,2026-08-16T19:42:46
tdma_packet_loss,1,10,0.0,5,5,0.1,0,0.483879,0.8,1.0,3.1,True,31,36,37,333,333,37,2026-08-16T19:42:46
tdma_packet_loss,1,10,0.0,5,5,0.1,1,0.39904,1.0,1.0,3.2,True,32,36,37,333,333,37,2026-08-16T19:42:46
tdma_packet_loss,1,10,0.0,5,5,0.1,2,0.40598,0.8,1.0,2.5,True,25,28,29,261,261,29,2026-08-16T19:42:46
tdma_packet_loss,1,10,0.0,5,5,0.1,3,0.588339,0.6,1.0,5.9,True,59,45,60,540,540,60,2026-08-16T19:42:46
tdma_packet_loss,1,10,0.0,5,5,0.1,4,0.478677,0.4,1.0,1.7,True,17,15,18,162,162,18,2026-08-16T19:42:46
tdma_packet_loss,1,10,0.0,10,0,0.025,0,0.525575,0.6,1.0,5.0,True,50,55,56,504,504,56,2026-08-16T19:42:46
tdma_packet_loss,1,10,0.0,10,0,0.025,1,0.462536,0.6,1.0,3.6,True,36,42,43,387,387,43,2026-08-16T19:42:46
tdma_packet_loss,1,10,0.0,10,0,0.025,2,0.494646,0.6,1.0,3.9,True,39,27,40,360,360,40,2026-08-16T19:42:46
tdma_packet_loss,1,10,0.0,10,0,0.025,3,0.280096,0.4,1.0,4.3,True,43,36,44,396,396,44,2026-08-16T19:42:46
tdma_packet_loss,1,10,0.0,10,0,0.025,4,0.595322,0.4,1.0,5.2,True,52,47,53,477,477,53,2026-08-16T19:42:46
tdma_packet_loss,1,10,0.0,10,0,0.05,0,0.525575,0.6,1.0,5.0,True,50,55,56,504,504,56,2026-08-16T19:42:46
tdma_packet_loss,1,10,0.0,10,0,0.05,1,0.462536,0.6,1.0,3.6,True,36,42,43,387,387,43,2026-08-16T19:42:46
tdma_packet_loss,1,10,0.0,10,0,0.05,2,0.494646,0.6,1.0,3.9,True,39,27,40,360,360,40,2026-08-16T19:42:46
tdma_packet_loss,1,10,0.0,10,0,0.05,3,0.280096,0.4,1.0,4.3,True,43,36,44,396,396,44,2026-08-16T19:42:46
tdma_packet_loss,1,10,0.0,10,0,0.05,4,0.595322,0.4,1.0,5.2,True,52,47,53,477,477,53,2026-08-16T19:42:46
tdma_packet_loss,1,10,0.0,10,0,0.1,0,0.525575,0.6,1.0,5.0,True,50,55,56,504,504,56,2026-08-16T19:42:46
tdma_packet_loss,1,10,0.0,10,0,0.1,1,0.462536,0.6,1.0,3.6,True,36,42,43,387,387,43,2026-08-16T19:42:46
tdma_packet_loss,1,10,0.0,10,0,0.1,2,0.494646,0.6,1.0,3.9,True,39,27,40,360,360,40,2026-08-16T19:42:46
tdma_packet_loss,1,10,0.0,10,0,0.1,3,0.280096,0.4,1.0,4.3,True,43,36,44,396,396,44,2026-08-16T19:42:46
tdma_packet_loss,1,10,0.0,10,0,0.1,4,0.595322,0.4,1.0,5.2,True,52,47,53,477,477,53,2026-08-16T19:42:46
tdma_packet_loss,1,10,0.0,10,2,0.025,0,0.613495,0.5,1.0,5.9,True,59,43,60,540,540,60,2026-08-16T19:42:46
tdma_packet_loss,1,10,0.0,10,2,0.025,1,0.598313,0.4,1.0,5.4,True,54,56,57,513,513,57,2026-08-16T19:42:46
tdma_packet_loss,1,10,0.0,10,2,0.025,2,0.45869,0.5,1.0,3.5,True,35,27,36,324,324,36,2026-08-16T19:42:46
tdma_packet_loss,1,10,0.0,10,2,0.025,3,0.368862,0.3,1.0,4.1,True,41,37,42,378,378,42,2026-08-16T19:42:46
tdma_packet_loss,1,10,0.0,10,2,0.025,4,0.610494,0.4,1.0,5.2,True,52,47,53,477,477,53,2026-08-16T19:42:46
tdma_packet_loss,1,10,0.0,10,2,0.05,0,0.613495,0.5,1.0,5.9,True,59,43,60,540,540,60,2026-08-16T19:42:46
tdma_packet_loss,1,10,0.0,10,2,0.05,1,0.598313,0.4,1.0,5.4,True,54,56,57,513,513,57,2026-08-16T19:42:46
tdma_packet_loss,1,10,0.0,10,2,0.05,2,0.45869,0.5,1.0,3.5,True,35,27,36,324,324,36,2026-08-16T19:42:46
tdma_packet_loss,1,10,0.0,10,2,0.05,3,0.368862,0.3,1.0,4.1,True,41,37,42,378,378,42,2026-08-16T19:42:46
tdma_packet_loss,1,10,0.0,10,2,0.05,4,0.610494,0.4,1.0,5.2,True,52,47,53,477,477,53,2026-08-16T19:42:46
tdma_packet_loss,1,10,0.0,10,2,0.1,0,0.613495,0.5,1.0,5.9,True,59,43,60,540,540,60,2026-08-16T19:42:46
tdma_packet_loss,1,10,0.0,10,2,0.1,1,0.598313,0.4,1.0,5.4,True,54,56,57,513,513,57,2026-08-16T19:42:46
tdma_packet_loss,1,10,0.0,10,2,0.1,2,0.45869,0.5,1.0,3.5,True,35,27,36,324,324,36,2026-08-16T19:42:46
tdma_packet_loss,1,10,0.0,10,2,0.1,3,0.368862,0.3,1.0,4.1,True,41,37,42,378,378,42,2026-08-16T19:42:46
tdma_packet_loss,1,10,0.0,10,2,0.1,4,0.610494,0.4,1.0,5.2,True,52,47,53,477,477,53,2026-08-16T19:42:46
tdma_packet_loss,1,10,0.0,10,5,0.025,0,0.542796,0.3,1.0,5.5,True,55,52,56,504,504,56,2026-08-16T19:42:46
tdma_packet_loss,1,10,0.0,10,5,0.025,1,0.527193,0.4,1.0,5.8,True,58,49,59,531,531,59,2026-08-16T19:42:46
tdma_packet_loss,1,10,0.0,10,5,0.025,2,0.534163,0.5,1.0,3.5,True,35,36,37,333,333,37,2026-08-16T19:42:46
tdma_packet_loss,1,10,0.0,10,5,0.025,3,0.441462,0.4,1.0,4.1,True,41,45,46,414,414,46,2026-08-16T19:42:46
tdma_packet_loss,1,10,0.0,10,5,0.025,4,0.555732,0.3,1.0,4.6,True,46,41,47,423,423,47,2026-08-16T19:42:46
tdma_packet_loss,1,10,0.0,10,5,0.05,0,0.542796,0.3,1.0,5.5,True,55,52,56,504,504,56,2026-08-16T19:42:46
tdma_packet_loss,1,10,0.0,10,5,0.05,1,0.527193,0.4,1.0,5.8,True,58,49,59,531,531,59,2026-08-16T19:42:46
tdma_packet_loss,1,10,0.0,10,5,0.05,2,0.534163,0.5,1.0,3.5,True,35,36,37,333,333,37,2026-08-16T19:42:46
tdma_packet_loss,1,10,0.0,10,5,0.05,3,0.441462,0.4,1.0,4.1,True,41,45,46,414,414,46,2026-08-16T19:42:46
tdma_packet_loss,1,10,0.0,10,5,0.05,4,0.555732,0.3,1.0,4.6,True,46,41,47,423,423,47,2026-08-16T19:42:46
tdma_packet_loss,1,10,0.0,10,5,0.1,0,0.542796,0.3,1.0,5.5,True,55,52,56,504,504,56,2026-08-16T19:42:46
tdma_packet_loss,1,10,0.0,10,5,0.1,1,0.527193,0.4,1.0,5.8,True,58,49,59,531,531,59,2026-08-16T19:42:46
tdma_packet_loss,1,10,0.0,10,5,0.1,2,0.534163,0.5,1.0,3.5,True,35,36,37,333,333,37,2026-08-16T19:42:46
tdma_packet_loss,1,10,0.0,10,5,0.1,3,0.441462,0.4,1.0,4.1,True,41,45,46,414,414,46,2026-08-16T19:42:46
tdma_packet_loss,1,10,0.0,10,5,0.1,4,0.555732,0.3,1.0,4.6,True,46,41,47,423,423,47,2026-08-16T19:42:46
tdma_packet_loss,1,10,0.05,3,0,0.025,0,0.45498,0.666667,0.987179,2.6,True,26,15,26,231,234,27,2026-08-16T19:42:46
tdma_packet_loss,1,10,0.05,3,0,0.025,1,0.411522,1.0,0.972222,2.7,True,27,31,32,280,288,32,2026-08-16T19:42:46
tdma_packet_loss,1,10,0.05,3,0,0.025,2,0.444326,1.0,0.953405,2.9,True,29,33,31,266,279,34,2026-08-16T19:42:46
tdma_packet_loss,1,10,0.05,3,0,0.025,3,0.457649,0.666667,0.978495,3.3,True,33,18,31,273,279,34,2026-08-16T19:42:46
tdma_packet_loss,1,10,0.05,3,0,0.025,4,0.465678,0.666667,0.962963,1.0,True,10,14,15,130,135,15,2026-08-16T19:42:46
tdma_packet_loss,1,10,0.05,3,0,0.05,0,0.45498,0.666667,0.987179,2.6,True,26,15,26,231,234,27,2026-08-16T19:42:46
tdma_packet_loss,1,10,0.05,3,0,0.05,1,0.411522,1.0,0.972222,2.7,True,27,31,32,280,288,32,2026-08-16T19:42:46
tdma_packet_loss,1,10,0.05,3,0,0.05,2,0.444326,1.0,0.953405,2.9,True,29,33,31,266,279,34,2026-08-16T19:42:46
tdma_packet_loss,1,10,0.05,3,0,0.05,3,0.457649,0.666667,0.978495,3.3,True,33,18,31,273,279,34,2026-08-16T19:42:46
tdma_packet_loss,1,10,0.05,3,0,0.05,4,0.465678,0.666667,0.962963,1.0,True,10,14,15,130,135,15,2026-08-16T19:42:46
tdma_packet_loss,1,10,0.05,3,0,0.1,0,0.45498,0.666667,0.987179,2.6,True,26,15,26,231,234,27,2026-08-16T19:42:46
tdma_packet_loss,1,10,0.05,3,0,0.1,1,0.411522,1.0,0.972222,2.7,True,27,31,32,280,288,32,2026-08-16T19:42:46
tdma_packet_loss,1,10,0.05,3,0,0.1,2,0.444326,1.0,0.953405,2.9,True,29,33,31,266,279,34,2026-08-16T19:42:46
tdma_packet_loss,1,10,0.05,3,0,0.1,3,0.457649,0.666667,0.978495,3.3,True,33,18,31,273,279,34,2026-08-16T19:42:46
tdma_packet_loss,1,10,0.05,3,0,0.1,4,0.465678,0.666667,0.962963,1.0,True,10,14,15,130,135,15,2026-08-16T19:42:46
tdma_packet_loss,1,10,0.05,3,2,0.025,0,0.480643,0.666667,0.985507,2.3,True,23,14,23,204,207,24,2026-08-16T19:42:46
tdma_packet_loss,1,10,0.05,3,2,0.025,1,0.479729,1.0,0.973856,3.3,True,33,23,34,298,306,34,2026-08-16T19:42:46
tdma_packet_loss,1,10,0.05,3,2,0.025,2,0.500548,0.666667,0.97318,2.9,True,29,34,29,254,261,35,2026-08-16T19:42:46
tdma_packet_loss,1,10,0.05,3,2,0.025,3,0.443632,0.666667,0.977778,3.3,True,33,18,30,264,270,34,2026-08-16T19:42:46
tdma_packet_loss,1,10,0.05,3,2,0.025,4,0.450827,0.666667,0.968254,1.0,True,10,14,14,122,126,15,2026-08-16T19:42:46
tdma_packet_loss,1,10,0.05,3,2,0.05,0,0.480643,0.666667,0.985507,2.3,True,23,14,23,204,207,24,2026-08-16T19:42:46
tdma_packet_loss,1,10,0.05,3,2,0.05,1,0.479729,1.0,0.973856,3.3,True,33,23,34,298,306,34,2026-08-16T19:42:46
tdma_packet_loss,1,10,0.05,3,2,0.05,2,0.500548,0.666667,0.97318,2.9,True,29,34,29,254,261,35,2026-08-16T19:42:46
tdma_packet_loss,1,10,0.05,3,2,0.05,3,0.443632,0.666667,0.977778,3.3,True,33,18,30,264,270,34,2026-08-16T19:42:46
tdma_packet_loss,1,10,0.05,3,2,0.05,4,0.450827,0.666667,0.968254,1.0,True,10,14,14,122,126,15,2026-08-16T19:42:46
tdma_packet_loss,1,10,0.05,3,2,0.1,0,0.480643,0.666667,0.985507,2.3,True,23,14,23,204,207,24,2026-08-16T19:42:46
tdma_packet_loss,1,10,0.05,3,2,0.1,1,0.479729,1.0,0.973856,3.3,True,33,23,34,298,306,34,2026-08-16T19:42:46
tdma_packet_loss,1,10,0.05,3,2,0.1,2,0.500548,0.666667,0.97318,2.9,True,29,34,29,254,261,35,2026-08-16T19:42:46
tdma_packet_loss,1,10,0.05,3,2,0.1,3,0.443632,0.666667,0.977778,3.3,True,33,18,30,264,270,34,2026-08-16T19:42:46
tdma_packet_loss,1,10,0.05,3,2,0.1,4,0.450827,0.666667,0.968254,1.0,True,10,14,14,122,126,15,2026-08-16T19:42:46
tdma_packet_loss,1,10,0.05,3,5,0.025,0,0.478412,0.666667,0.986111,2.4,True,24,17,24,213,216,25,2026-08-16T19:42:46
tdma_packet_loss,1,10,0.05,3,5,0.025,1,0.473284,1.0,0.973856,3.3,True,33,25,34,298,306,34,2026-08-16T19:42:46
tdma_packet_loss,1,10,0.05,3,5,0.025,2,0.403191,0.666667,0.952381,3.0,True,30,25,28,240,252,31,2026-08-16T19:42:46
tdma_packet_loss,1,10,0.05,3,5,0.025,3,0.527553,0.666667,0.983333,2.0,True,20,18,20,177,180,21,2026-08-16T19:42:46
tdma_packet_loss,1,10,0.05,3,5,0.025,4,0.438436,0.666667,0.962963,1.1,True,11,14,15,130,135,15,2026-08-16T19:42:46
tdma_packet_loss,1,10,0.05,3,5,0.05,0,0.478412,0.666667,0.986111,2.4,True,24,17,24,213,216,25,2026-08-16T19:42:46
tdma_packet_loss,1,10,0.05,3,5,0.05,1,0.473284,1.0,0.973856,3.3,True,33,25,34,298,306,34,2026-08-16T19:42:46
tdma_packet_loss,1,10,0.05,3,5,0.05,2,0.403191,0.666667,0.952381,3.0,True,30,25,28,240,252,31,2026-08-16T19:42:46
tdma_packet_loss,1,10,0.05,3,5,0.05,3,0.527553,0.666667,0.983333,2.0,True,20,18,20,177,180,21,2026-08-16T19:42:46
tdma_packet_loss,1,10,0.05,3,5,0.05,4,0.438436,0.666667,0.962963,1.1,True,11,14,15,130,135,15,2026-08-16T19:42:46
tdma_packet_loss,1,10,0.05,3,5,0.1,0,0.478412,0.666667,0.986111,2.4,True,24,17,24,213,216,25,2026-08-16T19:42:46
tdma_packet_loss,1,10,0.05,3,5,0.1,1,0.473284,1.0,0.973856,3.3,True,33,25,34,298,306,34,2026-08-16T19:42:46
tdma_packet_loss,1,10,0.05,3,5,0.1,2,0.403191,0.666667,0.952381,3.0,True,30,25,28,240,252,31,2026-08-16T19:42:46
tdma_packet_loss,1,10,0.05,3,5,0.1,3,0.527553,0.666667,0.983333,2.0,True,20,18,20,177,180,21,2026-08-16T19:42:46
tdma_packet_loss,1,10,0.05,3,5,0.1,4,0.438436,0.666667,0.962963,1.1,True,11,14,15,130,135,15,2026-08-16T19:42:46
tdma_packet_loss,1,10,0.05,5,0,0.025,0,0.458103,0.6,0.978495,3.1,True,31,30,31,273,279,32,2026-08-16T19:42:46
tdma_packet_loss,1,10,0.05,5,0,0.025,1,0.45219,1.0,0.975976,3.2,True,32,36,37,325,333,37,2026-08-16T19:42:46
tdma_packet_loss,1,10,0.05,5,0,0.025,2,0.417504,0.6,0.971326,3.6,True,36,29,31,271,279,37,2026-08-16T19:42:46
tdma_packet_loss,1,10,0.05,5,0,0.025,3,0.380107,1.0,0.975976,3.2,True,32,40,37,325,333,41,2026-08-16T19:42:46
tdma_packet_loss,1,10,0.05,5,0,0.025,4,0.505934,1.0,0.976431,1.7,True,17,35,33,290,297,36,2026-08-16T19:42:46
tdma_packet_loss,1,10,0.05,5,0,0.05,0,0.458103,0.6,0.978495,3.1,True,31,30,31,273,279,32,2026-08-16T19:42:46
tdma_packet_loss,1,10,0.05,5,0,0.05,1,0.45219,1.0,0.975976,3.2,True,32,36,37,325,333,37,2026-08-16T19:42:46
tdma_packet_loss,1,10,0.05,5,0,0.05,2,0.417504,0.6,0.971326,3.6,True,36,29,31,271,279,37,2026-08-16T19:42:46
tdma_packet_loss,1,10,0.05,5,0,0.05,3,0.380107,1.0,0.975976,3.2,True,32,40,37,325,333,41,2026-08-16T19:42:46
tdma_packet_loss,1,10,0.05,5,0,0.05,4,0.505934,1.0,0.976431,1.7,True,17,35,33,290,297,36,2026-08-16T19:42:46
tdma_packet_loss,1,10,0.05,5,0,0.1,0,0.458103,0.6,0.978495,3.1,True,31,30,31,273,279,32,2026-08-16T19:42:46
tdma_packet_loss,1,10,0.05,5,0,0.1,1,0.45219,1.0,0.975976,3.2,True,32,36,37,325,333,37,2026-08-16T19:42:46
tdma_packet_loss,1,10,0.05,5,0,0.1,2,0.417504,0.6,0.971326,3.6,True,36,29,31,271,279,37,2026-08-16T19:42:46
tdma_packet_loss,1,10,0.05,5,0,0.1,3,0.380107,1.0,0.975976,3.2,True,32,40,37,325,333,41,2026-08-16T19:42:46
tdma_packet_loss,1,10,0.05,5,0,0.1,4,0.505934,1.0,0.976431,1.7,True,17,35,33,290,297,36,2026-08-16T19:42:46
tdma_packet_loss,1,10,0.05,5,2,0.025,0,0.439825,0.6,0.975694,3.2,True,32,30,32,281,288,33,2026-08-16T19:42:46
tdma_packet_loss,1,10,0.05,5,2,0.025,1,0.331208,1.0,0.980392,3.0,True,30,35,34,300,306,36,2026-08-16T19:42:46
tdma_packet_loss,1,10,0.05,5,2,0.025,2,0.533345,0.6,0.956072,4.4,True,44,26,43,370,387,45,2026-08-16T19:42:46
tdma_packet_loss,1,10,0.05,5,2,0.025,3,0.486827,0.6,0.977778,3.0,True,30,51,50,440,450,52,2026-08-16T19:42:46
tdma_packet_loss,1,10,0.05,5,2,0.025,4,0.54113,1.0,0.979328,4.0,True,40,44,43,379,387,45,2026-08-16T19:42:46
tdma_packet_loss,1,10,0.05,5,2,0.05,0,0.439825,0.6,0.975694,3.2,True,32,30,32,281,288,33,2026-08-16T19:42:46
tdma_packet_loss,1,10,0.05,5,2,0.05,1,0.331208,1.0,0.980392,3.0,True,30,35,34,300,306,36,2026-08-16T19:42:46
tdma_packet_loss,1,10,0.05,5,2,0.05,2,0.533345,0.6,0.956072,4.4,True,44,26,43,370,387,45,2026-08-16T19:42:46
tdma_packet_loss,1,10,0.05,5,2,0.05,3,0.486827,0.6,0.977778,3.0,True,30,51,50,440,450,52,2026-08-16T19:42:46
tdma_packet_loss,1,10,0.05,5,2,0.05,4,0.54113,1.0,0.979328,4.0,True,40,44,43,379,387,45,2026-08-16T19:42:46
tdma_packet_loss,1,10,0.05,5,2,0.1,0,0.439825,0.6,0.975694,3.2,True,32,30,32,281,288,33,2026-08-16T19:42:46
tdma_packet_loss,1,10,0.05,5,2,0.1,1,0.331208,1.0,0.980392,3.0,True,30,35,34,300,306,36,2026-08-16T19:42:46
tdma_packet_loss,1,10,0.05,5,2,0.1,2,0.533345,0.6,0.956072,4.4,True,44,26,43,370,387,45,2026-08-16T19:42:46
tdma_packet_loss,1,10,0.05,5,2,0.1,3,0.486827,0.6,0.977778,3.0,True,30,51,50,440,450,52,2026-08-16T19:42:46
tdma_packet_loss,1,10,0.05,5,2,0.1,4,0.54113,1.0,0.979328,4.0,True,40,44,43,379,387,45,2026-08-16T19:42:46
tdma_packet_loss,1,10,0.05,5,5,0.025,0,0.4858,0.6,0.974603,3.2,True,32,35,35,307,315,36,2026-08-16T19:42:46
tdma_packet_loss,1,10,0.05,5,5,0.025,1,0.395854,1.0,0.972973,3.2,True,32,36,37,324,333,37,2026-08-16T19:42:47
tdma_packet_loss,1,10,0.05,5,5,0.025,2,0.402223,0.6,0.967172,4.5,True,45,49,44,383,396,50,2026-08-16T19:42:46
tdma_packet_loss,1,10,0.05,5,5,0.025,3,0.513719,0.6,0.972678,6.0,True,60,58,61,534,549,61,2026-08-16T19:42:46
tdma_packet_loss,1,10,0.05,5,5,0.025,4,0.571431,0.6,0.977124,3.6,True,36,17,34,299,306,37,2026-08-16T19:42:47
tdma_packet_loss,1,10,0.05,5,5,0.05,0,0.4858,0.6,0.974603,3.2,True,32,35,35,307,315,36,2026-08-16T19:42:47
tdma_packet_loss,1,10,0.05,5,5,0.05,1,0.395854,1.0,0.972973,3.2,True,32,36,37,324,333,37,2026-08-16T19:42:46
tdma_packet_loss,1,10,0.05,5,5,0.05,2,0.402223,0.6,0.967172,4.5,True,45,49,44,383,396,50,2026-08-16T19:42:46
tdma_packet_loss,1,10,0.05,5,5,0.05,3,0.513719,0.6,0.972678,6.0,True,60,58,61,534,549,61,2026-08-16T19:42:47
tdma_packet_loss,1,10,0.05,5,5,0.05,4,0.571431,0.6,0.977124,3.6,True,36,17,34,299,306,37,2026-08-16T19:42:47
tdma_packet_loss,1,10,0.05,5,5,0.1,0,0.4858,0.6,0.974603,3.2,True,32,35,35,307,315,36,2026-08-16T19:42:46
tdma_packet_loss,1,10,0.05,5,5,0.1,1,0.395854,1.0,0.972973,3.2,True,32,36,37,324,333,37,2026-08-16T19:42:46
tdma_packet_loss,1,10,0.05,5,5,0.1,2,0.402223,0.6,0.967172,4.5,True,45,49,44,383,396,50,2026-08-16T19:42:47
tdma_packet_loss,1,10,0.05,5,5,0.1,3,0.513719,0.6,0.972678,6.0,True,60,58,61,534,549,61,2026-08-16T19:42:47
tdma_packet_loss,1,10,0.05,5,5,0.1,4,0.571431,0.6,0.977124,3.6,True,36,17,34,299,306,37,2026-08-16T19:42:46
tdma_packet_loss,1,10,0.05,10,0,0.025,0,0.536142,0.3,0.974359,6.6,True,66,48,65,570,585,67,2026-08-16T19:42:47
tdma_packet_loss,1,10,0.05,10,0,0.025,1,0.449043,0.5,0.97076,3.3,True,33,37,38,332,342,38,2026-08-16T19:42:47
tdma_packet_loss,1,10,0.05,10,0,0.025,2,0.443403,0.1,0.966049,4.1,True,41,40,36,313,324,42,2026-08-16T19:42:47
tdma_packet_loss,1,10,0.05,10,0,0.025,3,0.388923,0.4,0.973737,5.4,True,54,53,55,482,495,55,2026-08-16T19:42:47
tdma_packet_loss,1,10,0.05,10,0,0.025,4,0.680267,0.4,0.978836,6.7,True,67,56,63,555,567,68,2026-08-16T19:42:47
tdma_packet_loss,1,10,0.05,10,0,0.05,0,0.536142,0.3,0.974359,6.6,True,66,48,65,570,585,67,2026-08-16T19:42:47
tdma_packet_loss,1,10,0.05,10,0,0.05,1,0.449043,0.5,0.97076,3.3,True,33,37,38,332,342,38,2026-08-16T19:42:47
tdma_packet_loss,1,10,0.05,10,0,0.05,2,0.443403,0.1,0.966049,4.1,True,41,40,36,313,324,42,2026-08-16T19:42:47
tdma_packet_loss,1,10,0.05,10,0,0.05,3,0.388923,0.4,0.973737,5.4,True,54,53,55,482,495,55,2026-08-16T19:42:47
tdma_packet_loss,1,10,0.05,10,0,0.05,4,0.680267,0.4,0.978836,6.7,True,67,56,63,555,567,68,2026-08-16T19:42:47
tdma_packet_loss,1,10,0.05,10,0,0.1,0,0.536142,0.3,0.974359,6.6,True,66,48,65,570,585,67,2026-08-16T19:42:47
tdma_packet_loss,1,10,0.05,10,0,0.1,1,0.449043,0.5,0.97076,3.3,True,33,37,38,332,342,38,2026-08-16T19:42:47
tdma_packet_loss,1,10,0.05,10,0,0.1,2,0.443403,0.1,0.966049,4.1,True,41,40,36,313,324,42,2026-08-16T19:42:47
tdma_packet_loss,1,10,0.05,10,0,0.1,3,0.388923,0.4,0.973737,5.4,True,54,53,55,482,495,55,2026-08-16T19:42:47
tdma_packet_loss,1,10,0.05,10,0,0.1,4,0.680267,0.4,0.978836,6.7,True,67,56,63,555,567,68,2026-08-16T19:42:47
tdma_packet_loss,1,10,0.05,10,2,0.025,0,0.512975,0.3,0.974537,4.9,True,49,43,48,421,432,50,2026-08-16T19:42:47
tdma_packet_loss,1,10,0.05,10,2,0.025,1,0.564999,0.1,0.977431,6.8,True,68,68,64,563,576,69,2026-08-16T19:42:47
tdma_packet_loss,1,10,0.05,10,2,0.025,2,0.480888,0.5,0.955026,4.3,True,43,37,42,361,378,44,2026-08-16T19:42:47
tdma_packet_loss,1,10,0.05,10,2,0.025,3,0.456628,0.7,0.978214,4.5,True,45,53,51,449,459,54,2026-08-16T19:42:47
tdma_packet_loss,1,10,0.05,10,2,0.025,4,0.531214,0.6,0.977778,4.1,True,41,56,55,484,495,57,2026-08-16T19:42:47
tdma_packet_loss,1,10,0.05,10,2,0.05,0,0.512975,0.3,0.974537,4.9,True,49,43,48,421,432,50,2026-08-16T19:42:47
tdma_packet_loss,1,10,0.05,10,2,0.05,1,0.564999,0.1,0.977431,6.8,True,68,68,64,563,576,69,2026-08-16T19:42:47
tdma_packet_loss,1,10,0.05,10,2,0.05,2,0.480888,0.5,0.955026,4.3,True,43,37,42,361,378,44,2026-08-16T19:42:47
tdma_packet_loss,1,10,0.05,10,2,0.05,3,0.456628,0.7,0.978214,4.5,True,45,53,51,449,459,54,2026-08-16T19:42:47
tdma_packet_loss,1,10,0.05,10,2,0.05,4,0.531214,0.6,0.977778,4.1,True,41,56,55,484,495,57,2026-08-16T19:42:47
tdma_packet_loss,1,10,0.05,10,2,0.1,0,0.512975,0.3,0.974537,4.9,True,49,43,48,421,432,50,2026-08-16T19:42:47
tdma_packet_loss,1,10,0.05,10,2,0.1,1,0.564999,0.1,0.977431,6.8,True,68,68,64,563,576,69,2026-08-16T19:42:47
tdma_packet_loss,1,10,0.05,10,2,0.1,2,0.480888,0.5,0.955026,4.3,True,43,37,42,361,378,44,2026-08-16T19:42:47
tdma_packet_loss,1,10,0.05,10,2,0.1,3,0.456628,0.7,0.978214,4.5,True,45,53,51,449,459,54,2026-08-16T19:42:47
tdma_packet_loss,1,10,0.05,10,2,0.1,4,0.531214,0.6,0.977778,4.1,True,41,56,55,484,495,57,2026-08-16T19:42:47
tdma_packet_loss,1,10,0.05,10,5,0.025,0,0.53034,0.5,0.975309,7.0,True,70,73,72,632,648,74,2026-08-16T19:42:47
tdma_packet_loss,1,10,0.05,10,5,0.025,1,0.53391,0.5,0.970856,6.0,True,60,49,61,533,549,61,2026-08-16T19:42:47
tdma_packet_loss,1,10,0.05,10,5,0.025,2,0.569445,0.4,0.966184,4.5,True,45,52,46,400,414,53,2026-08-16T19:42:47
tdma_packet_loss,1,10,0.05,10,5,0.025,3,0.403075,0.5,0.973995,4.6,True,46,45,47,412,423,47,2026-08-16T19:42:47
tdma_packet_loss,1,10,0.05,10,5,0.025,4,0.548962,0.7,0.978979,3.7,True,37,40,37,326,333,41,2026-08-16T19:42:47
tdma_packet_loss,1,10,0.05,10,5,0.05,0,0.53034,0.5,0.975309,7.0,True,70,73,72,632,648,74,2026-08-16T19:42:47
tdma_packet_loss,1,10,0.05,10,5,0.05,1,0.53391,0.5,0.970856,6.0,True,60,49,61,533,549,61,2026-08-16T19:42:47
tdma_packet_loss,1,10,0.05,10,5,0.05,2,0.569445,0.4,0.966184,4.5,True,45,52,46,400,414,53,2026-08-16T19:42:47
tdma_packet_loss,1,10,0.05,10,5,0.05,3,0.403075,0.5,0.973995,4.6,True,46,45,47,412,423,47,2026-08-16T19:42:47
tdma_packet_loss,1,10,0.05,10,5,0.05,4,0.548962,0.7,0.978979,3.7,True,37,40,37,326,333,41,2026-08-16T19:42:47
tdma_packet_loss,1,10,0.05,10,5,0.1,0,0.53034,0.5,0.975309,7.0,True,70,73,72,632,648,74,2026-08-16T19:42:47
tdma_packet_loss,1,10,0.05,10,5,0.1,1,0.53391,0.5,0.970856,6.0,True,60,49,61,533,549,61,2026-08-16T19:42:47
tdma_packet_loss,1,10,0.05,10,5,0.1,2,0.569445,0.4,0.966184,4.5,True,45,52,46,400,414,53,2026-08-16T19:42:47
tdma_packet_loss,1,10,0.05,10,5,0.1,3,0.403075,0.5,0.973995,4.6,True,46,45,47,412,423,47,2026-08-16T19:42:47
tdma_packet_loss,1,10,0.05,10,5,0.1,4,0.548962,0.7,0.978979,3.7,True,37,40,37,326,333,41,2026-08-16T19:42:47
tdma_packet_loss,1,10,0.15,3,0,0.025,0,0.560723,0.666667,0.93266,4.1,True,41,30,33,277,297,42,2026-08-16T19:42:47
tdma_packet_loss,1,10,0.15,3,0,0.025,1,0.370927,1.0,0.92963,3.4,True,34,32,30,251,270,35,2026-08-16T19:42:47
tdma_packet_loss,1,10,0.15,3,0,0.025,2,0.31846,1.0,0.893519,2.3,True,23,31,24,193,216,32,2026-08-16T19:42:47
tdma_packet_loss,1,10,0.15,3,0,0.025,3,0.506473,0.666667,0.931217,5.0,True,50,31,42,352,378,51,2026-08-16T19:42:47
tdma_packet_loss,1,10,0.15,3,0,0.025,4,0.431662,0.666667,0.906907,4.0,True,40,44,37,302,333,45,2026-08-16T19:42:47
tdma_packet_loss,1,10,0.15,3,0,0.05,0,0.560723,0.666667,0.93266,4.1,True,41,30,33,277,297,42,2026-08-16T19:42:47
tdma_packet_loss,1,10,0.15,3,0,0.05,1,0.370927,1.0,0.92963,3.4,True,34,32,30,251,270,35,2026-08-16T19:42:47
tdma_packet_loss,1,10,0.15,3,0,0.05,2,0.31846,1.0,0.893519,2.3,True,23,31,24,193,216,32,2026-08-16T19:42:47
tdma_packet_loss,1,10,0.15,3,0,0.05,3,0.506473,0.666667,0.931217,5.0,True,50,31,42,352,378,51,2026-08-16T19:42:47
tdma_packet_loss,1,10,0.15,3,0,0.05,4,0.431662,0.666667,0.906907,4.0,True,40,44,37,302,333,45,2026-08-16T19:42:47
tdma_packet_loss,1,10,0.15,3,0,0.1,0,0.560723,0.666667,0.93266,4.1,True,41,30,33,277,297,42,2026-08-16T19:42:47
tdma_packet_loss,1,10,0.15,3,0,0.1,1,0.370927,1.0,0.92963,3.4,True,34,32,30,251,270,35,2026-08-16T19:42:47
tdma_packet_loss,1,10,0.15,3,0,0.1,2,0.31846,1.0,0.893519,2.3,True,23,31,24,193,216,32,2026-08-16T19:42:47
tdma_packet_loss,1,10,0.15,3,0,0.1,3,0.506473,0.666667,0.931217,5.0,True,50,31,42,352,378,51,2026-08-16T19:42:47
tdma_packet_loss,1,10,0.15,3,0,0.1,4,0.431662,0.666667,0.906907,4.0,True,40,44,37,302,333,45,2026-08-16T19:42:47
tdma_packet_loss,1,10,0.15,3,2,0.025,0,0.647104,0.333333,0.932099,6.3,True,63,14,54,453,486,64,2026-08-16T19:42:47
tdma_packet_loss,1,10,0.15,3,2,0.025,1,0.500042,1.0,0.930556,5.8,True,58,23,48,402,432,59,2026-08-16T19:42:47
tdma_packet_loss,1,10,0.15,3,2,0.025,2,0.479029,1.0,0.897898,3.7,True,37,42,37,299,333,43,2026-08-16T19:42:47
tdma_packet_loss,1,10,0.15,3,2,0.025,3,0.436472,0.666667,0.930556,2.7,True,27,18,24,201,216,28,2026-08-16T19:42:47
tdma_packet_loss,1,10,0.15,3,2,0.025,4,0.406839,0.333333,0.873016,1.1,True,11,15,14,110,126,16,2026-08-16T19:42:47
tdma_packet_loss,1,10,0.15,3,2,0.05,0,0.647104,0.333333,0.932099,6.3,True,63,14,54,453,486,64,2026-08-16T19:42:47
tdma_packet_loss,1,10,0.15,3,2,0.05,1,0.500042,1.0,0.930556,5.8,True,58,23,48,402,432,59,2026-08-16T19:42:47
tdma_packet_loss,1,10,0.15,3,2,0.05,2,0.479029,1.0,0.897898,3.7,True,37,42,37,299,333,43,2026-08-16T19:42:47
tdma_packet_loss,1,10,0.15,3,2,0.05,3,0.436472,0.666667,0.930556,2.7,True,27,18,24,201,216,28,2026-08-16T19:42:47
tdma_packet_loss,1,10,0.15,3,2,0.05,4,0.406839,0.333333,0.873016,1.1,True,11,15,14,110,126,16,2026-08-16T19:42:47
tdma_packet_loss,1,10,0.15,3,2,0.1,0,0.647104,0.333333,0.932099,6.3,True,63,14,54,453,486,64,2026-08-16T19:42:47
tdma_packet_loss,1,10,0.15,3,2,0.1,1,0.500042,1.0,0.930556,5.8,True,58,23,48,402,432,59,2026-08-16T19:42:47
tdma_packet_loss,1,10,0.15,3,2,0.1,2,0.479029,1.0,0.897898,3.7,True,37,42,37,299,333,43,2026-08-16T19:42:47
tdma_packet_loss,1,10,0.15,3,2,0.1,3,0.436472,0.666667,0.930556,2.7,True,27,18,24,201,216,28,2026-08-16T19:42:47
tdma_packet_loss,1,10,0.15,3,2,0.1,4,0.406839,0.333333,0.873016,1.1,True,11,15,14,110,126,16,2026-08-16T19:42:47
tdma_packet_loss,1,10,0.15,3,5,0.025,0,0.564324,1.0,0.9375,4.0,True,40,28,32,270,288,41,2026-08-16T19:42:47
tdma_packet_loss,1,10,0.15,3,5,0.025,1,0.56802,0.666667,0.932249,4.9,True,49,29,41,344,369,50,2026-08-16T19:42:47
tdma_packet_loss,1,10,0.15,3,5,0.025,2,0.431192,0.666667,0.902778,3.8,True,38,41,32,260,288,42,2026-08-16T19:42:47
tdma_packet_loss,1,10,0.15,3,5,0.025,3,0.465735,1.0,0.920635,3.0,True,30,35,28,232,252,36,2026-08-16T19:42:47
tdma_packet_loss,1,10,0.15,3,5,0.025,4,0.526244,0.666667,0.919897,5.0,True,50,16,43,356,387,51,2026-08-16T19:42:47
tdma_packet_loss,1,10,0.15,3,5,0.05,0,0.564324,1.0,0.9375,4.0,True,40,28,32,270,288,41,2026-08-16T19:42:47
tdma_packet_loss,1,10,0.15,3,5,0.05,1,0.56802,0.666667,0.932249,4.9,True,49,29,41,344,369,50,2026-08-16T19:42:47
tdma_packet_loss,1,10,0.15,3,5,0.05,2,0.431192,0.666667,0.902778,3.8,True,38,41,32,260,288,42,2026-08-16T19:42:47
tdma_packet_loss,1,10,0.15,3,5,0.05,3,0.465735,1.0,0.920635,3.0,True,30,35,28,232,252,36,2026-08-16T19:42:47
tdma_packet_loss,1,10,0.15,3,5,0.05,4,0.526244,0.666667,0.919897,5.0,True,50,16,43,356,387,51,2026-08-16T19:42:47
tdma_packet_loss,1,10,0.15,3,5,0.1,0,0.564324,1.0,0.9375,4.0,True,40,28,32,270,288,41,2026-08-16T19:42:47
tdma_packet_loss,1,10,0.15,3,5,0.1,1,0.56802,0.666667,0.932249,4.9,True,49,29,41,344,369,50,2026-08-16T19:42:47
tdma_packet_loss,1,10,0.15,3,5,0.1,2,0.431192,0.666667,0.902778,3.8,True,38,41,32,260,288,42,2026-08-16T19:42:47
tdma_packet_loss,1,10,0.15,3,5,0.1,3,0.465735,1.0,0.920635,3.0,True,30,35,28,232,252,36,2026-08-16T19:42:47
tdma_packet_loss,1,10,0.15,3,5,0.1,4,0.526244,0.666667,0.919897,5.0,True,50,16,43,356,387,51,2026-08-16T19:42:47
tdma_packet_loss,1,10,0.15,5,0,0.025,0,0.532958,0.2,0.935185,5.1,True,51,55,48,404,432,56,2026-08-16T19:42:47
tdma_packet_loss,1,10,0.15,5,0,0.025,1,0.502151,0.4,0.920439,9.7,True,97,40,81,671,729,98,2026-08-16T19:42:47
tdma_packet_loss,1,10,0.15,5,0,0.025,2,0.411817,0.8,0.899306,3.7,True,37,22,32,259,288,38,2026-08-16T19:42:47
tdma_packet_loss,1,10,0.15,5,0,0.025,3,0.333471,0.8,0.923611,3.2,True,32,36,32,266,288,37,2026-08-16T19:42:47
tdma_packet_loss,1,10,0.15,5,0,0.025,4,0.517019,0.8,0.908333,4.5,True,45,40,40,327,360,46,2026-08-16T19:42:47
tdma_packet_loss,1,10,0.15,5,0,0.05,0,0.532958,0.2,0.935185,5.1,True,51,55,48,404,432,56,2026-08-16T19:42:47
tdma_packet_loss,1,10,0.15,5,0,0.05,1,0.502151,0.4,0.920439,9.7,True,97,40,81,671,729,98,2026-08-16T19:42:47
tdma_packet_loss,1,10,0.15,5,0,0.05,2,0.411817,0.8,0.899306,3.7,True,37,22,32,259,288,38,2026-08-16T19:42:47
tdma_packet_loss,1,10,0.15,5,0,0.05,3,0.333471,0.8,0.923611,3.2,True,32,36,32,266,288,37,2026-08-16T19:42:47
tdma_packet_loss,1,10,0.15,5,0,0.05,4,0.517019,0.8,0.908333,4.5,True,45,40,40,327,360,46,2026-08-16T19:42:47
tdma_packet_loss,1,10,0.15,5,0,0.1,0,0.532958,0.2,0.935185,5.1,True,51,55,48,404,432,56,2026-08-16T19:42:47
tdma_packet_loss,1,10,0.15,5,0,0.1,1,0.502151,0.4,0.920439,9.7,True,97,40,81,671,729,98,2026-08-16T19:42:47
tdma_packet_loss,1,10,0.15,5,0,0.1,2,0.411817,0.8,0.899306,3.7,True,37,22,32,259,288,38,2026-08-16T19:42:47
tdma_packet_loss,1,10,0.15,5,0,0.1,3,0.333471,0.8,0.923611,3.2,True,32,36,32,266,288,37,2026-08-16T19:42:47
tdma_packet_loss,1,10,0.15,5,0,0.1,4,0.517019,0.8,0.908333,4.5,True,45,40,40,327,360,46,2026-08-16T19:42:47
tdma_packet_loss,1,10,0.15,5,2,0.025,0,0.466984,0.4,0.933333,4.1,True,41,45,40,336,360,46,2026-08-16T19:42:47
tdma_packet_loss,1,10,0.15,5,2,0.025,1,0.419075,0.8,0.930556,5.0,True,50,36,40,335,360,51,2026-08-16T19:42:47
tdma_packet_loss,1,10,0.15,5,2,0.025,2,0.472706,0.6,0.888889,4.0,True,40,36,35,280,315,41,2026-08-16T19:42:47
tdma_packet_loss,1,10,0.15,5,2,0.025,3,0.409315,0.6,0.929825,3.9,True,39,43,38,318,342,44,2026-08-16T19:42:47
tdma_packet_loss,1,10,0.15,5,2,0.025,4,0.482342,0.4,0.927649,5.2,True,52,46,43,359,387,53,2026-08-16T19:42:47
tdma_packet_loss,1,10,0.15,5,2,0.05,0,0.466984,0.4,0.933333,4.1,True,41,45,40,336,360,46,2026-08-16T19:42:47
tdma_packet_loss,1,10,0.15,5,2,0.05,1,0.419075,0.8,0.930556,5.0,True,50,36,40,335,360,51,2026-08-16T19:42:47
tdma_packet_loss,1,10,0.15,5,2,0.05,2,0.472706,0.6,0.888889,4.0,True,40,36,35,280,315,41,2026-08-16T19:42:47
tdma_packet_loss,1,10,0.15,5,2,0.05,3,0.409315,0.6,0.929825,3.9,True,39,43,38,318,342,44,2026-08-16T19:42:47
tdma_packet_loss,1,10,0.15,5,2,0.05,4,0.482342,0.4,0.927649,5.2,True,52,46,43,359,387,53,2026-08-16T19:42:47
tdma_packet_loss,1,10,0.15,5,2,0.1,0,0.466984,0.4,0.933333,4.1,True,41,45,40,336,360,46,2026-08-16T19:42:47
tdma_packet_loss,1,10,0.15,5,2,0.1,1,0.419075,0.8,0.930556,5.0,True,50,36,40,335,360,51,2026-08-16T19:42:47
tdma_packet_loss,1,10,0.15,5,2,0.1,2,0.472706,0.6,0.888889,4.0,True,40,36,35,280,315,41,2026-08-16T19:42:47
tdma_packet_loss,1,10,0.15,5,2,0.1,3,0.409315,0.6,0.929825,3.9,True,39,43,38,318,342,44,2026-08-16T19:42:47
tdma_packet_loss,1,10,0.15,5,2,0.1,4,0.482342,0.4,0.927649,5.2,True,52,46,43,359,387,53,2026-08-16T19:42:47
tdma_packet_loss,1,10,0.15,5,5,0.025,0,0.524853,0.4,0.937669,3.1,True,31,48,41,346,369,49,2026-08-16T19:42:47
tdma_packet_loss,1,10,0.15,5,5,0.025,1,0.582795,0.4,0.929293,6.5,True,65,55,55,460,495,66,2026-08-16T19:42:47
tdma_packet_loss,1,10,0.15,5,5,0.025,2,0.383693,0.8,0.895238,4.0,True,40,38,35,282,315,41,2026-08-16T19:42:47
tdma_packet_loss,1,10,0.15,5,5,0.025,3,0.515251,0.8,0.934641,5.3,True,53,57,51,429,459,58,2026-08-16T19:42:47
tdma_packet_loss,1,10,0.15,5,5,0.025,4,0.467956,0.6,0.907407,4.3,True,43,47,42,343,378,48,2026-08-16T19:42:47
tdma_packet_loss,1,10,0.15,5,5,0.05,0,0.524853,0.4,0.937669,3.1,True,31,48,41,346,369,49,2026-08-16T19:42:47
tdma_packet_loss,1,10,0.15,5,5,0.05,1,0.582795,0.4,0.929293,6.5,True,65,55,55,460,495,66,2026-08-16T19:42:48
tdma_packet_loss,1,10,0.15,5,5,0.05,2,0.383693,0.8,0.895238,4.0,True,40,38,35,282,315,41,2026-08-16T19:42:47
tdma_packet_loss,1,10,0.15,5,5,0.05,3,0.515251,0.8,0.934641,5.3,True,53,57,51,429,459,58,2026-08-16T19:42:47
tdma_packet_loss,1,10,0.15,5,5,0.05,4,0.467956,0.6,0.907407,4.3,True,43,47,42,343,378,48,2026-08-16T19:42:47
tdma_packet_loss,1,10,0.15,5,5,0.1,0,0.524853,0.4,0.937669,3.1,True,31,48,41,346,369,49,2026-08-16T19:42:47
tdma_packet_loss,1,10,0.15,5,5,0.1,1,0.582795,0.4,0.929293,6.5,True,65,55,55,460,495,66,2026-08-16T19:42:47
tdma_packet_loss,1,10,0.15,5,5,0.1,2,0.383693,0.8,0.895238,4.0,True,40,38,35,282,315,41,2026-08-16T19:42:47
tdma_packet_loss,1,10,0.15,5,5,0.1,3,0.515251,0.8,0.934641,5.3,True,53,57,51,429,459,58,2026-08-16T19:42:47
tdma_packet_loss,1,10,0.15,5,5,0.1,4,0.467956,0.6,0.907407,4.3,True,43,47,42,343,378,48,2026-08-16T19:42:48
tdma_packet_loss,1,10,0.15,10,0,0.025,0,0.661925,0.1,0.940928,9.0,True,90,85,79,669,711,91,2026-08-16T19:42:47
tdma_packet_loss,1,10,0.15,10,0,0.025,1,0.568096,0.3,0.921637,11.3,True,113,33,95,788,855,114,2026-08-16T19:42:48
tdma_packet_loss,1,10,0.15,10,0,0.025,2,0.560435,0.5,0.89418,4.7,True,47,44,42,338,378,48,2026-08-16T19:42:48
tdma_packet_loss,1,10,0.15,10,0,0.025,3,0.530505,0.2,0.928395,10.5,True,105,49,90,752,810,106,2026-08-16T19:42:48
tdma_packet_loss,1,10,0.15,10,0,0.025,4,0.546697,0.2,0.916667,9.2,True,92,56,80,660,720,93,2026-08-16T19:42:47
tdma_packet_loss,1,10,0.15,10,0,0.05,0,0.661925,0.1,0.940928,9.0,True,90,85,79,669,711,91,2026-08-16T19:42:48
tdma_packet_loss,1,10,0.15,10,0,0.05,1,0.568096,0.3,0.921637,11.3,True,113,33,95,788,855,114,2026-08-16T19:42:48
tdma_packet_loss,1,10,0.15,10,0,0.05,2,0.560435,0.5,0.89418,4.7,True,47,44,42,338,378,48,2026-08-16T19:42:48
tdma_packet_loss,1,10,0.15,10,0,0.05,3,0.530505,0.2,0.928395,10.5,True,105,49,90,752,810,106,2026-08-16T19:42:48
tdma_packet_loss,1,10,0.15,10,0,0.05,4,0.546697,0.2,0.916667,9.2,True,92,56,80,660,720,93,2026-08-16T19:42:48
tdma_packet_loss,1,10,0.15,10,0,0.1,0,0.661925,0.1,0.940928,9.0,True,90,85,79,669,711,91,2026-08-16T19:42:48
tdma_packet_loss,1,10,0.15,10,0,0.1,1,0.568096,0.3,0.921637,11.3,True,113,33,95,788,855,114,2026-08-16T19:42:48
tdma_packet_loss,1,10,0.15,10,0,0.1,2,0.560435,0.5,0.89418,4.7,True,47,44,42,338,378,48,2026-08-16T19:42:48
tdma_packet_loss,1,10,0.15,10,0,0.1,3,0.530505,0.2,0.928395,10.5,True,105,49,90,752,810,106,2026-08-16T19:42:48
tdma_packet_loss,1,10,0.15,10,0,0.1,4,0.546697,0.2,0.916667,9.2,True,92,56,80,660,720,93,2026-08-16T19:42:48
tdma_packet_loss,1,10,0.15,10,2,0.025,0,0.56461,0.0,0.942029,10.7,True,107,75,92,780,828,108,2026-08-16T19:42:48
tdma_packet_loss,1,10,0.15,10,2,0.025,1,0.597624,0.5,0.930556,6.1,True,61,70,56,469,504,71,2026-08-16T19:42:48
tdma_packet_loss,1,10,0.15,10,2,0.025,2,0.538048,0.4,0.902276,9.4,True,94,98,83,674,747,99,2026-08-16T19:42:48
tdma_packet_loss,1,10,0.15,10,2,0.025,3,0.579948,0.3,0.922992,11.5,True,115,119,101,839,909,120,2026-08-16T19:42:48
tdma_packet_loss,1,10,0.15,10,2,0.025,4,0.557725,0.4,0.926496,8.2,True,82,63,65,542,585,83,2026-08-16T19:42:48
tdma_packet_loss,1,10,0.15,10,2,0.05,0,0.56461,0.0,0.942029,10.7,True,107,75,92,780,828,108,2026-08-16T19:42:48
tdma_packet_loss,1,10,0.15,10,2,0.05,1,0.597624,0.5,0.930556,6.1,True,61,70,56,469,504,71,2026-08-16T19:42:48
tdma_packet_loss,1,10,0.15,10,2,0.05,2,0.538048,0.4,0.902276,9.4,True,94,98,83,674,747,99,2026-08-16T19:42:48
tdma_packet_loss,1,10,0.15,10,2,0.05,3,0.579948,0.3,0.922992,11.5,True,115,119,101,839,909,120,2026-08-16T19:42:48
tdma_packet_loss,1,10,0.15,10,2,0.05,4,0.557725,0.4,0.926496,8.2,True,82,63,65,542,585,83,2026-08-16T19:42:48
tdma_packet_loss,1,10,0.15,10,2,0.1,0,0.56461,0.0,0.942029,10.7,True,107,75,92,780,828,108,2026-08-16T19:42:48
tdma_packet_loss,1,10,0.15,10,2,0.1,1,0.597624,0.5,0.930556,6.1,True,61,70,56,469,504,71,2026-08-16T19:42:48
tdma_packet_loss,1,10,0.15,10,2,0.1,2,0.538048,0.4,0.902276,9.4,True,94,98,83,674,747,99,2026-08-16T19:42:48
tdma_packet_loss,1,10,0.15,10,2,0.1,3,0.579948,0.3,0.922992,11.5,True,115,119,101,839,909,120,2026-08-16T19:42:48
tdma_packet_loss,1,10,0.15,10,2,0.1,4,0.557725,0.4,0.926496,8.2,True,82,63,65,542,585,83,2026-08-16T19:42:48
tdma_packet_loss,1,10,0.15,10,5,0.025,0,0.608463,0.4,0.935043,7.6,True,76,54,65,547,585,77,2026-08-16T19:42:48
tdma_packet_loss,1,10,0.15,10,5,0.025,1,0.557612,0.1,0.922481,9.8,True,98,102,86,714,774,103,2026-08-16T19:42:48
tdma_packet_loss,1,10,0.15,10,5,0.025,2,0.468787,0.2,0.910101,12.5,True,125,68,110,901,990,126,2026-08-16T19:42:48
tdma_packet_loss,1,10,0.15,10,5,0.025,3,0.444077,0.6,0.927273,6.1,True,61,61,55,459,495,62,2026-08-16T19:42:48
tdma_packet_loss,1,10,0.15,10,5,0.025,4,0.583606,0.5,0.905093,4.6,True,46,54,48,391,432,55,2026-08-16T19:42:48
tdma_packet_loss,1,10,0.15,10,5,0.05,0,0.608463,0.4,0.935043,7.6,True,76,54,65,547,585,77,2026-08-16T19:42:48
tdma_packet_loss,1,10,0.15,10,5,0.05,1,0.557612,0.1,0.922481,9.8,True,98,102,86,714,774,103,2026-08-16T19:42:48
tdma_packet_loss,1,10,0.15,10,5,0.05,2,0.468787,0.2,0.910101,12.5,True,125,68,110,901,990,126,2026-08-16T19:42:48
tdma_packet_loss,1,10,0.15,10,5,0.05,3,0.444077,0.6,0.927273,6.1,True,61,61,55,459,495,62,2026-08-16T19:42:48
tdma_packet_loss,1,10,0.15,10,5,0.05,4,0.583606,0.5,0.905093,4.6,True,46,54,48,391,432,55,2026-08-16T19:42:48
tdma_packet_loss,1,10,0.15,10,5,0.1,0,0.608463,0.4,0.935043,7.6,True,76,54,65,547,585,77,2026-08-16T19:42:48
tdma_packet_loss,1,10,0.15,10,5,0.1,1,0.557612,0.1,0.922481,9.8,True,98,102,86,714,774,103,2026-08-16T19:42:48
tdma_packet_loss,1,10,0.15,10,5,0.1,2,0.468787,0.2,0.910101,12.5,True,125,68,110,901,990,126,2026-08-16T19:42:48
tdma_packet_loss,1,10,0.15,10,5,0.1,3,0.444077,0.6,0.927273,6.1,True,61,61,55,459,495,62,2026-08-16T19:42:48
tdma_packet_loss,1,10,0.15,10,5,0.1,4,0.583606,0.5,0.905093,4.6,True,46,54,48,391,432,55,2026-08-16T19:42:48
tdma_packet_loss,1,10,0.3,3,0,0.025,0,0.391108,0.666667,0.851852,2.5,True,25,29,21,161,189,30,2026-08-16T19:42:48
tdma_packet_loss,1,10,0.3,3,0,0.025,1,0.453109,0.0,0.848291,14.5,True,145,34,104,794,936,146,2026-08-16T19:42:48
tdma_packet_loss,1,10,0.3,3,0,0.025,2,0.586847,0.666667,0.83871,5.7,True,57,21,31,234,279,58,2026-08-16T19:42:48
tdma_packet_loss,1,10,0.3,3,0,0.025,3,0.524212,0.333333,0.842818,11.1,True,111,39,82,622,738,112,2026-08-16T19:42:48
tdma_packet_loss,1,10,0.3,3,0,0.025,4,0.516861,1.0,0.820513,5.4,True,54,27,39,288,351,55,2026-08-16T19:42:48
tdma_packet_loss,1,10,0.3,3,0,0.05,0,0.391108,0.666667,0.851852,2.5,True,25,29,21,161,189,30,2026-08-16T19:42:48
tdma_packet_loss,1,10,0.3,3,0,0.05,1,0.453109,0.0,0.848291,14.5,True,145,34,104,794,936,146,2026-08-16T19:42:48
tdma_packet_loss,1,10,0.3,3,0,0.05,2,0.586847,0.666667,0.83871,5.7,True,57,21,31,234,279,58,2026-08-16T19:42:48
tdma_packet_loss,1,10,0.3,3,0,0.05,3,0.524212,0.333333,0.842818,11.1,True,111,39,82,622,738,112,2026-08-16T19:42:48
tdma_packet_loss,1,10,0.3,3,0,0.05,4,0.516861,1.0,0.820513,5.4,True,54,27,39,288,351,55,2026-08-16T19:42:48
tdma_packet_loss,1,10,0.3,3,0,0.1,0,0.391108,0.666667,0.851852,2.5,True,25,29,21,161,189,30,2026-08-16T19:42:48
tdma_packet_loss,1,10,0.3,3,0,0.1,1,0.453109,0.0,0.848291,14.5,True,145,34,104,794,936,146,2026-08-16T19:42:48
tdma_packet_loss,1,10,0.3,3,0,0.1,2,0.586847,0.666667,0.83871,5.7,True,57,21,31,234,279,58,2026-08-16T19:42:48
tdma_packet_loss,1,10,0.3,3,0,0.1,3,0.524212,0.333333,0.842818,11.1,True,111,39,82,622,738,112,2026-08-16T19:42:48
tdma_packet_loss,1,10,0.3,3,0,0.1,4,0.516861,1.0,0.820513,5.4,True,54,27,39,288,351,55,2026-08-16T19:42:48
tdma_packet_loss,1,10,0.3,3,2,0.025,0,0.397456,1.0,0.869565,3.2,True,32,40,23,180,207,41,2026-08-16T19:42:48
tdma_packet_loss,1,10,0.3,3,2,0.025,1,0.606937,0.666667,0.851064,6.8,True,68,43,47,360,423,69,2026-08-16T19:42:48
tdma_packet_loss,1,10,0.3,3,2,0.025,2,0.644044,0.0,0.840393,25.9,True,259,52,181,1369,1629,260,2026-08-16T19:42:48
tdma_packet_loss,1,10,0.3,3,2,0.025,3,0.609371,0.333333,0.851224,7.7,True,77,39,59,452,531,78,2026-08-16T19:42:48
tdma_packet_loss,1,10,0.3,3,2,0.025,4,0.508332,0.666667,0.818713,4.9,True,49,16,38,280,342,50,2026-08-16T19:42:48
tdma_packet_loss,1,10,0.3,3,2,0.05,0,0.397456,1.0,0.869565,3.2,True,32,40,23,180,207,41,2026-08-16T19:42:48
tdma_packet_loss,1,10,0.3,3,2,0.05,1,0.606937,0.666667,0.851064,6.8,True,68,43,47,360,423,69,2026-08-16T19:42:48
tdma_packet_loss,1,10,0.3,3,2,0.05,2,0.644044,0.0,0.840393,25.9,True,259,52,181,1369,1629,260,2026-08-16T19:42:48
tdma_packet_loss,1,10,0.3,3,2,0.05,3,0.609371,0.333333,0.851224,7.7,True,77,39,59,452,531,78,2026-08-16T19:42:48
tdma_packet_loss,1,10,0.3,3,2,0.05,4,0.508332,0.666667,0.818713,4.9,True,49,16,38,280,342,50,2026-08-16T19:42:48
tdma_packet_loss,1,10,0.3,3,2,0.1,0,0.397456,1.0,0.869565,3.2,True,32,40,23,180,207,41,2026-08-16T19:42:48
tdma_packet_loss,1,10,0.3,3,2,0.1,1,0.606937,0.666667,0.851064,6.8,True,68,43,47,360,423,69,2026-08-16T19:42:48
tdma_packet_loss,1,10,0.3,3,2,0.1,2,0.644044,0.0,0.840393,25.9,True,259,52,181,1369,1629,260,2026-08-16T19:42:48
tdma_packet_loss,1,10,0.3,3,2,0.1,3,0.609371,0.333333,0.851224,7.7,True,77,39,59,452,531,78,2026-08-16T19:42:48
tdma_packet_loss,1,10,0.3,3,2,0.1,4,0.508332,0.666667,0.818713,4.9,True,49,16,38,280,342,50,2026-08-16T19:42:48
tdma_packet_loss,1,10,0.3,3,5,0.025,0,0.563144,0.0,0.861678,7.1,True,71,28,49,380,441,72,2026-08-16T19:42:48
tdma_packet_loss,1,10,0.3,3,5,0.025,1,0.620439,0.333333,0.850427,7.0,True,70,33,52,398,468,71,2026-08-16T19:42:48
tdma_packet_loss,1,10,0.3,3,5,0.025,2,0.593855,0.333333,0.819753,13.0,True,130,33,90,664,810,131,2026-08-16T19:42:48
tdma_packet_loss,1,10,0.3,3,5,0.025,3,0.462435,1.0,0.845238,2.8,True,28,35,28,213,252,36,2026-08-16T19:42:48
tdma_packet_loss,1,10,0.3,3,5,0.025,4,0.575237,1.0,0.829787,6.6,True,66,32,47,351,423,67,2026-08-16T19:42:48
tdma_packet_loss,1,10,0.3,3,5,0.05,0,0.563144,0.0,0.861678,7.1,True,71,28,49,380,441,72,2026-08-16T19:42:48
tdma_packet_loss,1,10,0.3,3,5,0.05,1,0.620439,0.333333,0.850427,7.0,True,70,33,52,398,468,71,2026-08-16T19:42:48
tdma_packet_loss,1,10,0.3,3,5,0.05,2,0.593855,0.333333,0.819753,13.0,True,130,33,90,664,810,131,2026-08-16T19:42:48
tdma_packet_loss,1,10,0.3,3,5,0.05,3,0.462435,1.0,0.845238,2.8,True,28,35,28,213,252,36,2026-08-16T19:42:48
tdma_packet_loss,1,10,0.3,3,5,0.05,4,0.575237,1.0,0.829787,6.6,True,66,32,47,351,423,67,2026-08-16T19:42:48
tdma_packet_loss,1,10,0.3,3,5,0.1,0,0.563144,0.0,0.861678,7.1,True,71,28,49,380,441,72,2026-08-16T19:42:48
tdma_packet_loss,1,10,0.3,3,5,0.1,1,0.620439,0.333333,0.850427,7.0,True,70,33,52,398,468,71,2026-08-16T19:42:48
tdma_packet_loss,1,10,0.3,3,5,0.1,2,0.593855,0.333333,0.819753,13.0,True,130,33,90,664,810,131,2026-08-16T19:42:48
tdma_packet_loss,1,10,0.3,3,5,0.1,3,0.462435,1.0,0.845238,2.8,True,28,35,28,213,252,36,2026-08-16T19:42:48
tdma_packet_loss,1,10,0.3,3,5,0.1,4,0.575237,1.0,0.829787,6.6,True,66,32,47,351,423,67,2026-08-16T19:42:48
tdma_packet_loss,1,10,0.3,5,0,0.025,0,0.382539,0.0,0.871981,7.3,True,73,37,46,361,414,74,2026-08-16T19:42:48
tdma_packet_loss,1,10,0.3,5,0,0.025,1,0.530414,0.6,0.849673,7.4,True,74,68,51,390,459,75,2026-08-16T19:42:48
tdma_packet_loss,1,10,0.3,5,0,0.025,2,0.5536,0.4,0.819706,8.5,True,85,45,53,391,477,86,2026-08-16T19:42:48
tdma_packet_loss,1,10,0.3,5,0,0.025,3,0.457569,0.2,0.842026,20.1,True,201,42,147,1114,1323,202,2026-08-16T19:42:49
tdma_packet_loss,1,10,0.3,5,0,0.025,4,0.690322,0.2,0.844884,14.5,True,145,59,101,768,909,146,2026-08-16T19:42:49
tdma_packet_loss,1,10,0.3,5,0,0.05,0,0.382539,0.0,0.871981,7.3,True,73,37,46,361,414,74,2026-08-16T19:42:49
tdma_packet_loss,1,10,0.3,5,0,0.05,1,0.530414,0.6,0.849673,7.4,True,74,68,51,390,459,75,2026-08-16T19:42:48
tdma_packet_loss,1,10,0.3,5,0,0.05,2,0.5536,0.4,0.819706,8.5,True,85,45,53,391,477,86,2026-08-16T19:42:48
tdma_packet_loss,1,10,0.3,5,0,0.05,3,0.457569,0.2,0.842026,20.1,True,201,42,147,1114,1323,202,2026-08-16T19:42:49
tdma_packet_loss,1,10,0.3,5,0,0.05,4,0.690322,0.2,0.844884,14.5,True,145,59,101,768,909,146,2026-08-16T19:42:49
tdma_packet_loss,1,10,0.3,5,0,0.1,0,0.382539,0.0,0.871981,7.3,True,73,37,46,361,414,74,2026-08-16T19:42:48
tdma_packet_loss,1,10,0.3,5,0,0.1,1,0.530414,0.6,0.849673,7.4,True,74,68,51,390,459,75,2026-08-16T19:42:48
tdma_packet_loss,1,10,0.3,5,0,0.1,2,0.5536,0.4,0.819706,8.5,True,85,45,53,391,477,86,2026-08-16T19:42:49
tdma_packet_loss,1,10,0.3,5,0,0.1,3,0.457569,0.2,0.842026,20.1,True,201,42,147,1114,1323,202,2026-08-16T19:42:49
tdma_packet_loss,1,10,0.3,5,0,0.1,4,0.690322,0.2,0.844884,14.5,True,145,59,101,768,909,146,2026-08-16T19:42:48
tdma_packet_loss,1,10,0.3,5,2,0.025,0,0.438034,0.2,0.869684,11.9,True,119,31,81,634,729,120,2026-08-16T19:42:49
tdma_packet_loss,1,10,0.3,5,2,0.025,1,0.450894,0.6,0.854701,4.9,True,49,53,39,300,351,54,2026-08-16T19:42:49
tdma_packet_loss,1,10,0.3,5,2,0.025,2,0.585047,0.0,0.836526,38.9,True,389,68,261,1965,2349,390,2026-08-16T19:42:49
tdma_packet_loss,1,10,0.3,5,2,0.025,3,0.488527,0.2,0.852259,12.6,True,126,44,91,698,819,127,2026-08-16T19:42:49
tdma_packet_loss,1,10,0.3,5,2,0.025,4,0.543021,0.4,0.844173,11.9,True,119,104,82,623,738,120,2026-08-16T19:42:49
tdma_packet_loss,1,10,0.3,5,2,0.05,0,0.438034,0.2,0.869684,11.9,True,119,31,81,634,729,120,2026-08-16T19:42:49
tdma_packet_loss,1,10,0.3,5,2,0.05,1,0.450894,0.6,0.854701,4.9,True,49,53,39,300,351,54,2026-08-16T19:42:49
tdma_packet_loss,1,10,0.3,5,2,0.05,2,0.585047,0.0,0.836526,38.9,True,389,68,261,1965,2349,390,2026-08-16T19:42:49
tdma_packet_loss,1,10,0.3,5,2,0.05,3,0.488527,0.2,0.852259,12.6,True,126,44,91,698,819,127,2026-08-16T19:42:49
tdma_packet_loss,1,10,0.3,5,2,0.05,4,0.543021,0.4,0.844173,11.9,True,119,104,82,623,738,120,2026-08-16T19:42:49
tdma_packet_loss,1,10,0.3,5,2,0.1,0,0.438034,0.2,0.869684,11.9,True,119,31,81,634,729,120,2026-08-16T19:42:49
tdma_packet_loss,1,10,0.3,5,2,0.1,1,0.450894,0.6,0.854701,4.9,True,49,53,39,300,351,54,2026-08-16T19:42:49
tdma_packet_loss,1,10,0.3,5,2,0.1,2,0.585047,0.0,0.836526,38.9,True,389,68,261,1965,2349,390,2026-08-16T19:42:49
tdma_packet_loss,1,10,0.3,5,2,0.1,3,0.488527,0.2,0.852259,12.6,True,126,44,91,698,819,127,2026-08-16T19:42:49
tdma_packet_loss,1,10,0.3,5,2,0.1,4,0.543021,0.4,0.844173,11.9,True,119,104,82,623,738,120,2026-08-16T19:42:49
tdma_packet_loss,1,10,0.3,5,5,0.025,0,0.56571,0.0,0.868313,11.3,True,113,30,81,633,729,114,2026-08-16T19:42:49
tdma_packet_loss,1,10,0.3,5,5,0.025,1,0.58801,0.2,0.857532,23.1,True,231,53,163,1258,1467,232,2026-08-16T19:42:49
tdma_packet_loss,1,10,0.3,5,5,0.025,2,0.710769,0.2,0.821705,12.8,True,128,102,86,636,774,129,2026-08-16T19:42:49
tdma_packet_loss,1,10,0.3,5,5,0.025,3,0.469227,0.8,0.86,6.0,True,60,59,50,387,450,61,2026-08-16T19:42:49
tdma_packet_loss,1,10,0.3,5,5,0.025,4,0.646088,0.4,0.832572,10.0,True,100,51,73,547,657,101,2026-08-16T19:42:49
tdma_packet_loss,1,10,0.3,5,5,0.05,0,0.56571,0.0,0.868313,11.3,True,113,30,81,633,729,114,2026-08-16T19:42:49
tdma_packet_loss,1,10,0.3,5,5,0.05,1,0.58801,0.2,0.857532,23.1,True,231,53,163,1258,1467,232,2026-08-16T19:42:49
tdma_packet_loss,1,10,0.3,5,5,0.05,2,0.710769,0.2,0.821705,12.8,True,128,102,86,636,774,129,2026-08-16T19:42:49
tdma_packet_loss,1,10,0.3,5,5,0.05,3,0.469227,0.8,0.86,6.0,True,60,59,50,387,450,61,2026-08-16T19:42:49
tdma_packet_loss,1,10,0.3,5,5,0.05,4,0.646088,0.4,0.832572,10.0,True,100,51,73,547,657,101,2026-08-16T19:42:49
tdma_packet_loss,1,10,0.3,5,5,0.1,0,0.56571,0.0,0.868313,11.3,True,113,30,81,633,729,114,2026-08-16T19:42:49
tdma_packet_loss,1,10,0.3,5,5,0.1,1,0.58801,0.2,0.857532,23.1,True,231,53,163,1258,1467,232,2026-08-16T19:42:49
tdma_packet_loss,1,10,0.3,5,5,0.1,2,0.710769,0.2,0.821705,12.8,True,128,102,86,636,774,129,2026-08-16T19:42:49
tdma_packet_loss,1,10,0.3,5,5,0.1,3,0.469227,0.8,0.86,6.0,True,60,59,50,387,450,61,2026-08-16T19:42:49
tdma_packet_loss,1,10,0.3,5,5,0.1,4,0.646088,0.4,0.832572,10.0,True,100,51,73,547,657,101,2026-08-16T19:42:49
tdma_packet_loss,1,10,0.3,10,0,0.025,0,0.664726,0.4,0.869198,10.7,True,107,111,79,618,711,112,2026-08-16T19:42:49
tdma_packet_loss,1,10,0.3,10,0,0.025,1,0.259794,0.3,0.848291,14.6,True,146,152,104,794,936,153,2026-08-16T19:42:49
tdma_packet_loss,1,10,0.3,10,0,0.025,2,0.47331,0.3,0.842132,31.5,True,315,298,221,1675,1989,316,2026-08-16T19:42:49
tdma_packet_loss,1,10,0.3,10,0,0.025,3,0.534498,0.1,0.850525,44.2,True,442,122,307,2350,2763,443,2026-08-16T19:42:50
tdma_packet_loss,1,10,0.3,10,0,0.025,4,0.55665,0.8,0.844313,50.0,False,500,328,339,2576,3051,500,2026-08-16T19:42:50
tdma_packet_loss,1,10,0.3,10,0,0.05,0,0.664726,0.4,0.869198,10.7,True,107,111,79,618,711,112,2026-08-16T19:42:49
tdma_packet_loss,1,10,0.3,10,0,0.05,1,0.259794,0.3,0.848291,14.6,True,146,152,104,794,936,153,2026-08-16T19:42:49
tdma_packet_loss,1,10,0.3,10,0,0.05,2,0.47331,0.3,0.842132,31.5,True,315,298,221,1675,1989,316,2026-08-16T19:42:50
tdma_packet_loss,1,10,0.3,10,0,0.05,3,0.534498,0.1,0.850525,44.2,True,442,122,307,2350,2763,443,2026-08-16T19:42:50
tdma_packet_loss,1,10,0.3,10,0,0.05,4,0.55665,0.8,0.844313,50.0,False,500,328,339,2576,3051,500,2026-08-16T19:42:50
tdma_packet_loss,1,10,0.3,10,0,0.1,0,0.664726,0.4,0.869198,10.7,True,107,111,79,618,711,112,2026-08-16T19:42:50
tdma_packet_loss,1,10,0.3,10,0,0.1,1,0.259794,0.3,0.848291,14.6,True,146,152,104,794,936,153,2026-08-16T19:42:50
tdma_packet_loss,1,10,0.3,10,0,0.1,2,0.47331,0.3,0.842132,31.5,True,315,298,221,1675,1989,316,2026-08-16T19:42:50
tdma_packet_loss,1,10,0.3,10,0,0.1,3,0.534498,0.1,0.850525,44.2,True,442,122,307,2350,2763,443,2026-08-16T19:42:50
tdma_packet_loss,1,10,0.3,10,0,0.1,4,0.55665,0.8,0.844313,50.0,False,500,328,339,2576,3051,500,2026-08-16T19:42:50
tdma_packet_loss,1,10,0.3,10,2,0.025,0,0.500807,0.4,0.854106,50.0,False,500,167,345,2652,3105,500,2026-08-16T19:42:51
tdma_packet_loss,1,10,0.3,10,2,0.025,1,0.439637,0.8,0.862222,50.0,False,500,173,350,2716,3150,500,2026-08-16T19:42:52
tdma_packet_loss,1,10,0.3,10,2,0.025,2,0.389472,0.4,0.837144,15.3,True,153,409,277,2087,2493,410,2026-08-16T19:42:50
tdma_packet_loss,1,10,0.3,10,2,0.025,3,0.508296,0.3,0.845528,23.4,True,234,198,164,1248,1476,235,2026-08-16T19:42:50
tdma_packet_loss,1,10,0.3,10,2,0.025,4,0.401958,0.5,0.846307,50.0,False,500,500,334,2544,3006,500,2026-08-16T19:42:51
tdma_packet_loss,1,10,0.3,10,2,0.05,0,0.500807,0.4,0.854106,50.0,False,500,167,345,2652,3105,500,2026-08-16T19:42:52
tdma_packet_loss,1,10,0.3,10,2,0.05,1,0.439637,0.8,0.862222,50.0,False,500,173,350,2716,3150,500,2026-08-16T19:42:50
tdma_packet_loss,1,10,0.3,10,2,0.05,2,0.389472,0.4,0.837144,15.3,True,153,409,277,2087,2493,410,2026-08-16T19:42:50
tdma_packet_loss,1,10,0.3,10,2,0.05,3,0.508296,0.3,0.845528,23.4,True,234,198,164,1248,1476,235,2026-08-16T19:42:51
tdma_packet_loss,1,10,0.3,10,2,0.05,4,0.401958,0.5,0.846307,50.0,False,500,500,334,2544,3006,500,2026-08-16T19:42:52
tdma_packet_loss,1,10,0.3,10,2,0.1,0,0.500807,0.4,0.854106,50.0,False,500,167,345,2652,3105,500,2026-08-16T19:42:51
tdma_packet_loss,1,10,0.3,10,2,0.1,1,0.439637,0.8,0.862222,50.0,False,500,173,350,2716,3150,500,2026-08-16T19:42:52
tdma_packet_loss,1,10,0.3,10,2,0.1,2,0.389472,0.4,0.837144,15.3,True,153,409,277,2087,2493,410,2026-08-16T19:42:52
tdma_packet_loss,1,10,0.3,10,2,0.1,3,0.508296,0.3,0.845528,23.4,True,234,198,164,1248,1476,235,2026-08-16T19:42:53
tdma_packet_loss,1,10,0.3,10,2,0.1,4,0.401958,0.5,0.846307,50.0,False,500,500,334,2544,3006,500,2026-08-16T19:42:51
tdma_packet_loss,1,10,0.3,10,5,0.025,0,0.477099,0.1,0.854645,43.3,True,433,110,305,2346,2745,434,2026-08-16T19:42:52
tdma_packet_loss,1,10,0.3,10,5,0.025,1,0.575661,0.1,0.847778,14.3,True,143,147,100,763,900,148,2026-08-16T19:42:52
tdma_packet_loss,1,10,0.3,10,5,0.025,2,0.394789,0.5,0.841552,40.8,True,408,500,338,2560,3042,500,2026-08-16T19:42:53
tdma_packet_loss,1,10,0.3,10,5,0.025,3,0.444533,0.5,0.848863,50.0,False,500,500,347,2651,3123,500,2026-08-16T19:42:52
tdma_packet_loss,1,10,0.3,10,5,0.025,4,0.595226,0.3,0.844641,50.0,False,500,481,339,2577,3051,500,2026-08-16T19:42:52
tdma_packet_loss,1,10,0.3,10,5,0.05,0,0.477099,0.1,0.854645,43.3,True,433,110,305,2346,2745,434,2026-08-16T19:42:53
tdma_packet_loss,1,10,0.3,10,5,0.05,1,0.575661,0.1,0.847778,14.3,True,143,147,100,763,900,148,2026-08-16T19:42:53
tdma_packet_loss,1,10,0.3,10,5,0.05,2,0.394789,0.5,0.841552,40.8,True,408,500,338,2560,3042,500,2026-08-16T19:42:52
tdma_packet_loss,1,10,0.3,10,5,0.05,3,0.444533,0.5,0.848863,50.0,False,500,500,347,2651,3123,500,2026-08-16T19:42:53
tdma_packet_loss,1,10,0.3,10,5,0.05,4,0.595226,0.3,0.844641,50.0,False,500,481,339,2577,3051,500,2026-08-16T19:42:54
tdma_packet_loss,1,10,0.3,10,5,0.1,0,0.477099,0.1,0.854645,43.3,True,433,110,305,2346,2745,434,2026-08-16T19:42:54
tdma_packet_loss,1,10,0.3,10,5,0.1,1,0.575661,0.1,0.847778,14.3,True,143,147,100,763,900,148,2026-08-16T19:42:52
tdma_packet_loss,1,10,0.3,10,5,0.1,2,0.394789,0.5,0.841552,40.8,True,408,500,338,2560,3042,500,2026-08-16T19:42:52
tdma_packet_loss,1,10,0.3,10,5,0.1,3,0.444533,0.5,0.848863,50.0,False,500,500,347,2651,3123,500,2026-08-16T19:42:53
tdma_packet_loss,1,10,0.3,10,5,0.1,4,0.595226,0.3,0.844641,50.0,False,500,481,339,2577,3051,500,2026-08-16T19:42:54
tdma_packet_loss,1,30,0.0,3,0,0.025,0,0.543135,0.333333,1.0,3.6,True,36,40,41,1189,1189,41,2026-08-16T19:42:52
tdma_packet_loss,1,30,0.0,3,0,0.025,1,0.682837,0.0,1.0,6.6,True,66,40,67,1943,1943,67,2026-08-16T19:42:52
tdma_packet_loss,1,30,0.0,3,0,0.025,2,0.616833,0.0,1.0,8.4,True,84,44,85,2465,2465,85,2026-08-16T19:42:52
tdma_packet_loss,1,30,0.0,3,0,0.025,3,0.515749,1.0,1.0,3.2,True,32,39,40,1160,1160,40,2026-08-16T19:42:53
tdma_packet_loss,1,30,0.0,3,0,0.025,4,0.478936,0.666667,1.0,1.2,True,12,11,13,377,377,13,2026-08-16T19:42:53
tdma_packet_loss,1,30,0.0,3,0,0.05,0,0.543135,0.333333,1.0,3.6,True,36,40,41,1189,1189,41,2026-08-16T19:42:53
tdma_packet_loss,1,30,0.0,3,0,0.05,1,0.682837,0.0,1.0,6.6,True,66,40,67,1943,1943,67,2026-08-16T19:42:53
tdma_packet_loss,1,30,0.0,3,0,0.05,2,0.616833,0.0,1.0,8.4,True,84,44,85,2465,2465,85,2026-08-16T19:42:53
tdma_packet_loss,1,30,0.0,3,0,0.05,3,0.515749,1.0,1.0,3.2,True,32,39,40,1160,1160,40,2026-08-16T19:42:53
tdma_packet_loss,1,30,0.0,3,0,0.05,4,0.478936,0.666667,1.0,1.2,True,12,11,13,377,377,13,2026-08-16T19:42:53
tdma_packet_loss,1,30,0.0,3,0,0.1,0,0.543135,0.333333,1.0,3.6,True,36,40,41,1189,1189,41,2026-08-16T19:42:53
tdma_packet_loss,1,30,0.0,3,0,0.1,1,0.682837,0.0,1.0,6.6,True,66,40,67,1943,1943,67,2026-08-16T19:42:53
tdma_packet_loss,1,30,0.0,3,0,0.1,2,0.616833,0.0,1.0,8.4,True,84,44,85,2465,2465,85,2026-08-16T19:42:53
tdma_packet_loss,1,30,0.0,3,0,0.1,3,0.515749,1.0,1.0,3.2,True,32,39,40,1160,1160,40,2026-08-16T19:42:53
tdma_packet_loss,1,30,0.0,3,0,0.1,4,0.478936,0.666667,1.0,1.2,True,12,11,13,377,377,13,2026-08-16T19:42:53
tdma_packet_loss,1,30,0.0,3,2,0.025,0,0.55625,0.666667,1.0,2.9,True,29,39,40,1160,1160,40,2026-08-16T19:42:53
tdma_packet_loss,1,30,0.0,3,2,0.025,1,0.628179,0.666667,1.0,5.4,True,54,23,55,1595,1595,55,2026-08-16T19:42:53
tdma_packet_loss,1,30,0.0,3,2,0.025,2,0.344209,0.666667,1.0,1.9,True,19,23,24,696,696,24,2026-08-16T19:42:53
tdma_packet_loss,1,30,0.0,3,2,0.025,3,0.544678,0.666667,1.0,3.2,True,32,41,42,1218,1218,42,2026-08-16T19:42:53
tdma_packet_loss,1,30,0.0,3,2,0.025,4,0.48378,0.666667,1.0,1.2,True,12,11,13,377,377,13,2026-08-16T19:42:53
tdma_packet_loss,1,30,0.0,3,2,0.05,0,0.55625,0.666667,1.0,2.9,True,29,39,40,1160,1160,40,2026-08-16T19:42:53
tdma_packet_loss,1,30,0.0,3,2,0.05,1,0.628179,0.666667,1.0,5.4,True,54,23,55,1595,1595,55,2026-08-16T19:42:53
tdma_packet_loss,1,30,0.0,3,2,0.05,2,0.344209,0.666667,1.0,1.9,True,19,23,24,696,696,24,2026-08-16T19:42:53
tdma_packet_loss,1,30,0.0,3,2,0.05,3,0.544678,0.666667,1.0,3.2,True,32,41,42,1218,1218,42,2026-08-16T19:42:54
tdma_packet_loss,1,30,0.0,3,2,0.05,4,0.48378,0.666667,1.0,1.2,True,12,11,13,377,377,13,2026-08-16T19:42:53
tdma_packet_loss,1,30,0.0,3,2,0.1,0,0.55625,0.666667,1.0,2.9,True,29,39,40,1160,1160,40,2026-08-16T19:42:53
tdma_packet_loss,1,30,0.0,3,2,0.1,1,0.628179,0.666667,1.0,5.4,True,54,23,55,1595,1595,55,2026-08-16T19:42:53
tdma_packet_loss,1,30,0.0,3,2,0.1,2,0.344209,0.666667,1.0,1.9,True,19,23,24,696,696,24,2026-08-16T19:42:54
tdma_packet_loss,1,30,0.0,3,2,0.1,3,0.544678,0.666667,1.0,3.2,True,32,41,42,1218,1218,42,2026-08-16T19:42:53
tdma_packet_loss,1,30,0.0,3,2,0.1,4,0.48378,0.666667,1.0,1.2,True,12,11,13,377,377,13,2026-08-16T19:42:53
tdma_packet_loss,1,30,0.0,3,5,0.025,0,0.625092,0.0,1.0,6.2,True,62,42,63,1827,1827,63,2026-08-16T19:42:54
tdma_packet_loss,1,30,0.0,3,5,0.025,1,0.616436,0.333333,1.0,13.7,True,137,48,138,4002,4002,138,2026-08-16T19:42:54
tdma_packet_loss,1,30,0.0,3,5,0.025,2,0.347179,0.666667,1.0,1.9,True,19,16,20,580,580,20,2026-08-16T19:42:53
tdma_packet_loss,1,30,0.0,3,5,0.025,3,0.61673,0.666667,1.0,7.2,True,72,18,73,2117,2117,73,2026-08-16T19:42:54
tdma_packet_loss,1,30,0.0,3,5,0.025,4,0.488009,0.666667,1.0,1.2,True,12,11,13,377,377,13,2026-08-16T19:42:54
tdma_packet_loss,1,30,0.0,3,5,0.05,0,0.625092,0.0,1.0,6.2,True,62,42,63,1827,1827,63,2026-08-16T19:42:54
tdma_packet_loss,1,30,0.0,3,5,0.05,1,0.616436,0.333333,1.0,13.7,True,137,48,138,4002,4002,138,2026-08-16T19:42:54
tdma_packet_loss,1,30,0.0,3,5,0.05,2,0.347179,0.666667,1.0,1.9,True,19,16,20,580,580,20,2026-08-16T19:42:54
tdma_packet_loss,1,30,0.0,3,5,0.05,3,0.61673,0.666667,1.0,7.2,True,72,18,73,2117,2117,73,2026-08-16T19:42:54
tdma_packet_loss,1,30,0.0,3,5,0.05,4,0.488009,0.666667,1.0,1.2,True,12,11,13,377,377,13,2026-08-16T19:42:54
tdma_packet_loss,1,30,0.0,3,5,0.1,0,0.625092,0.0,1.0,6.2,True,62,42,63,1827,1827,63,2026-08-16T19:42:54
tdma_packet_loss,1,30,0.0,3,5,0.1,1,0.616436,0.333333,1.0,13.7,True,137,48,138,4002,4002,138,2026-08-16T19:42:54
tdma_packet_loss,1,30,0.0,3,5,0.1,2,0.347179,0.666667,1.0,1.9,True,19,16,20,580,580,20,2026-08-16T19:42:54
tdma_packet_loss,1,30,0.0,3,5,0.1,3,0.61673,0.666667,1.0,7.2,True,72,18,73,2117,2117,73,2026-08-16T19:42:54
tdma_packet_loss,1,30,0.0,3,5,0.1,4,0.488009,0.666667,1.0,1.2,True,12,11,13,377,377,13,2026-08-16T19:42:54
tdma_packet_loss,1,30,0.0,5,0,0.025,0,0.481282,1.0,1.0,4.7,True,47,103,104,3016,3016,104,2026-08-16T19:42:54
tdma_packet_loss,1,30,0.0,5,0,0.025,1,0.57622,0.0,1.0,5.9,True,59,23,60,1740,1740,60,2026-08-16T19:42:54
tdma_packet_loss,1,30,0.0,5,0,0.025,2,0.499361,1.0,1.0,4.8,True,48,38,49,1421,1421,49,2026-08-16T19:42:54
tdma_packet_loss,1,30,0.0,5,0,0.025,3,0.569078,1.0,1.0,5.0,True,50,117,118,3422,3422,118,2026-08-16T19:42:54
tdma_packet_loss,1,30,0.0,5,0,0.025,4,0.591131,0.0,1.0,6.8,True,68,49,69,2001,2001,69,2026-08-16T19:42:55
tdma_packet_loss,1,30,0.0,5,0,0.05,0,0.481282,1.0,1.0,4.7,True,47,103,104,3016,3016,104,2026-08-16T19:42:55
tdma_packet_loss,1,30,0.0,5,0,0.05,1,0.57622,0.0,1.0,5.9,True,59,23,60,1740,1740,60,2026-08-16T19:42:55
tdma_packet_loss,1,30,0.0,5,0,0.05,2,0.499361,1.0,1.0,4.8,True,48,38,49,1421,1421,49,2026-08-16T19:42:54
tdma_packet_loss,1,30,0.0,5,0,0.05,3,0.569078,1.0,1.0,5.0,True,50,117,118,3422,3422,118,2026-08-16T19:42:55
tdma_packet_loss,1,30,0.0,5,0,0.05,4,0.591131,0.0,1.0,6.8,True,68,49,69,2001,2001,69,2026-08-16T19:42:55
tdma_packet_loss,1,30,0.0,5,0,0.1,0,0.481282,1.0,1.0,4.7,True,47,103,104,3016,3016,104,2026-08-16T19:42:55
tdma_packet_loss,1,30,0.0,5,0,0.1,1,0.57622,0.0,1.0,5.9,True,59,23,60,1740,1740,60,2026-08-16T19:42:54
tdma_packet_loss,1,30,0.0,5,0,0.1,2,0.499361,1.0,1.0,4.8,True,48,38,49,1421,1421,49,2026-08-16T19:42:55
tdma_packet_loss,1,30,0.0,5,0,0.1,3,0.569078,1.0,1.0,5.0,True,50,117,118,3422,3422,118,2026-08-16T19:42:55
tdma_packet_loss,1,30,0.0,5,0,0.1,4,0.591131,0.0,1.0,6.8,True,68,49,69,2001,2001,69,2026-08-16T19:42:55
tdma_packet_loss,1,30,0.0,5,2,0.025,0,0.614155,0.2,1.0,10.7,True,107,39,108,3132,3132,108,2026-08-16T19:42:55
tdma_packet_loss,1,30,0.0,5,2,0.025,1,0.566774,0.0,1.0,5.9,True,59,23,60,1740,1740,60,2026-08-16T19:42:55
tdma_packet_loss,1,30,0.0,5,2,0.025,2,0.652982,0.0,1.0,12.3,True,123,104,124,3596,3596,124,2026-08-16T19:42:55
tdma_packet_loss,1,30,0.0,5,2,0.025,3,0.528911,0.0,1.0,13.1,True,131,57,132,3828,3828,132,2026-08-16T19:42:56
tdma_packet_loss,1,30,0.0,5,2,0.025,4,0.561044,0.0,1.0,29.5,True,295,45,296,8584,8584,296,2026-08-16T19:42:55
tdma_packet_loss,1,30,0.0,5,2,0.05,0,0.614155,0.2,1.0,10.7,True,107,39,108,3132,3132,108,2026-08-16T19:42:56
tdma_packet_loss,1,30,0.0,5,2,0.05,1,0.566774,0.0,1.0,5.9,True,59,23,60,1740,1740,60,2026-08-16T19:42:56
tdma_packet_loss,1,30,0.0,5,2,0.05,2,0.652982,0.0,1.0,12.3,True,123,104,124,3596,3596,124,2026-08-16T19:42:56
tdma_packet_loss,1,30,0.0,5,2,0.05,3,0.528911,0.0,1.0,13.1,True,131,57,132,3828,3828,132,2026-08-16T19:42:55
tdma_packet_loss,1,30,0.0,5,2,0.05,4,0.561044,0.0,1.0,29.5,True,295,45,296,8584,8584,296,2026-08-16T19:42:56
tdma_packet_loss,1,30,0.0,5,2,0.1,0,0.614155,0.2,1.0,10.7,True,107,39,108,3132,3132,108,2026-08-16T19:42:56
tdma_packet_loss,1,30,0.0,5,2,0.1,1,0.566774,0.0,1.0,5.9,True,59,23,60,1740,1740,60,2026-08-16T19:42:56
tdma_packet_loss,1,30,0.0,5,2,0.1,2,0.652982,0.0,1.0,12.3,True,123,104,124,3596,3596,124,2026-08-16T19:42:55
tdma_packet_loss,1,30,0.0,5,2,0.1,3,0.528911,0.0,1.0,13.1,True,131,57,132,3828,3828,132,2026-08-16T19:42:56
tdma_packet_loss,1,30,0.0,5,2,0.1,4,0.561044,0.0,1.0,29.5,True,295,45,296,8584,8584,296,2026-08-16T19:42:56
tdma_packet_loss,1,30,0.0,5,5,0.025,0,0.48181,0.2,1.0,7.7,True,77,38,78,2262,2262,78,2026-08-16T19:42:57
tdma_packet_loss,1,30,0.0,5,5,0.025,1,0.514329,0.0,1.0,32.9,True,329,23,330,9570,9570,330,2026-08-16T19:42:56
tdma_packet_loss,1,30,0.0,5,5,0.025,2,0.624617,0.0,1.0,22.2,True,222,132,223,6467,6467,223,2026-08-16T19:42:56
tdma_packet_loss,1,30,0.0,5,5,0.025,3,0.605387,0.0,1.0,20.4,True,204,160,205,5945,5945,205,2026-08-16T19:42:57
tdma_packet_loss,1,30,0.0,5,5,0.025,4,0.511196,0.2,1.0,5.0,True,50,45,51,1479,1479,51,2026-08-16T19:42:57
tdma_packet_loss,1,30,0.0,5,5,0.05,0,0.48181,0.2,1.0,7.7,True,77,38,78,2262,2262,78,2026-08-16T19:42:55
tdma_packet_loss,1,30,0.0,5,5,0.05,1,0.514329,0.0,1.0,32.9,True,329,23,330,9570,9570,330,2026-08-16T19:42:56
tdma_packet_loss,1,30,0.0,5,5,0.05,2,0.624617,0.0,1.0,22.2,True,222,132,223,6467,6467,223,2026-08-16T19:42:57
tdma_packet_loss,1,30,0.0,5,5,0.05,3,0.605387,0.0,1.0,20.4,True,204,160,205,5945,5945,205,2026-08-16T19:42:57
tdma_packet_loss,1,30,0.0,5,5,0.05,4,0.511196,0.2,1.0,5.0,True,50,45,51,1479,1479,51,2026-08-16T19:42:56
tdma_packet_loss,1,30,0.0,5,5,0.1,0,0.48181,0.2,1.0,7.7,True,77,38,78,2262,2262,78,2026-08-16T19:42:56
tdma_packet_loss,1,30,0.0,5,5,0.1,1,0.514329,0.0,1.0,32.9,True,329,23,330,9570,9570,330,2026-08-16T19:42:57
tdma_packet_loss,1,30,0.0,5,5,0.1,2,0.624617,0.0,1.0,22.2,True,222,132,223,6467,6467,223,2026-08-16T19:42:57
tdma_packet_loss,1,30,0.0,5,5,0.1,3,0.605387,0.0,1.0,20.4,True,204,160,205,5945,5945,205,2026-08-16T19:42:57
tdma_packet_loss,1,30,0.0,5,5,0.1,4,0.511196,0.2,1.0,5.0,True,50,45,51,1479,1479,51,2026-08-16T19:42:57
tdma_packet_loss,1,30,0.0,10,0,0.025,0,0.442969,0.7,1.0,44.2,True,442,500,500,14500,14500,500,2026-08-16T19:42:58
tdma_packet_loss,1,30,0.0,10,0,0.025,1,0.360145,1.0,1.0,50.0,False,500,500,500,14500,14500,500,2026-08-16T19:43:00
tdma_packet_loss,1,30,0.0,10,0,0.025,2,0.347705,1.0,1.0,50.0,False,500,500,500,14500,14500,500,2026-08-16T19:42:58
tdma_packet_loss,1,30,0.0,10,0,0.025,3,0.354004,1.0,1.0,41.7,True,417,500,500,14500,14500,500,2026-08-16T19:42:59
tdma_packet_loss,1,30,0.0,10,0,0.025,4,0.418187,0.7,1.0,50.0,False,500,500,500,14500,14500,500,2026-08-16T19:43:00
tdma_packet_loss,1,30,0.0,10,0,0.05,0,0.442969,0.7,1.0,44.2,True,442,500,500,14500,14500,500,2026-08-16T19:43:01
tdma_packet_loss,1,30,0.0,10,0,0.05,1,0.360145,1.0,1.0,50.0,False,500,500,500,14500,14500,500,2026-08-16T19:42:58
tdma_packet_loss,1,30,0.0,10,0,0.05,2,0.347705,1.0,1.0,50.0,False,500,500,500,14500,14500,500,2026-08-16T19:43:00
tdma_packet_loss,1,30,0.0,10,0,0.05,3,0.354004,1.0,1.0,41.7,True,417,500,500,14500,14500,500,2026-08-16T19:43:01
tdma_packet_loss,1,30,0.0,10,0,0.05,4,0.418187,0.7,1.0,50.0,False,500,500,500,14500,14500,500,2026-08-16T19:43:02
tdma_packet_loss,1,30,0.0,10,0,0.1,0,0.442969,0.7,1.0,44.2,True,442,500,500,14500,14500,500,2026-08-16T19:42:59
tdma_packet_loss,1,30,0.0,10,0,0.1,1,0.360145,1.0,1.0,50.0,False,500,500,500,14500,14500,500,2026-08-16T19:43:00
tdma_packet_loss,1,30,0.0,10,0,0.1,2,0.347705,1.0,1.0,50.0,False,500,500,500,14500,14500,500,2026-08-16T19:43:01
tdma_packet_loss,1,30,0.0,10,0,0.1,3,0.354004,1.0,1.0,41.7,True,417,500,500,14500,14500,500,2026-08-16T19:43:02
tdma_packet_loss,1,30,0.0,10,0,0.1,4,0.418187,0.7,1.0,50.0,False,500,500,500,14500,14500,500,2026-08-16T19:42:59
tdma_packet_loss,1,30,0.0,10,2,0.025,0,0.405019,1.0,1.0,50.0,False,500,500,500,14500,14500,500,2026-08-16T19:43:00
tdma_packet_loss,1,30,0.0,10,2,0.025,1,0.419219,1.0,1.0,50.0,False,500,500,500,14500,14500,500,2026-08-16T19:43:01
tdma_packet_loss,1,30,0.0,10,2,0.025,2,0.483198,1.0,1.0,5.8,True,58,500,500,14500,14500,500,2026-08-16T19:43:03
tdma_packet_loss,1,30,0.0,10,2,0.025,3,0.339505,1.0,1.0,50.0,False,500,416,500,14500,14500,500,2026-08-16T19:42:59
tdma_packet_loss,1,30,0.0,10,2,0.025,4,0.430765,0.5,1.0,50.0,False,500,500,500,14500,14500,500,2026-08-16T19:43:00
tdma_packet_loss,1,30,0.0,10,2,0.05,0,0.405019,1.0,1.0,50.0,False,500,500,500,14500,14500,500,2026-08-16T19:43:01
tdma_packet_loss,1,30,0.0,10,2,0.05,1,0.419219,1.0,1.0,50.0,False,500,500,500,14500,14500,500,2026-08-16T19:43:03
tdma_packet_loss,1,30,0.0,10,2,0.05,2,0.483198,1.0,1.0,5.8,True,58,500,500,14500,14500,500,2026-08-16T19:43:01
tdma_packet_loss,1,30,0.0,10,2,0.05,3,0.339505,1.0,1.0,50.0,False,500,416,500,14500,14500,500,2026-08-16T19:43:02
tdma_packet_loss,1,30,0.0,10,2,0.05,4,0.430765,0.5,1.0,50.0,False,500,500,500,14500,14500,500,2026-08-16T19:43:04
tdma_packet_loss,1,30,0.0,10,2,0.1,0,0.405019,1.0,1.0,50.0,False,500,500,500,14500,14500,500,2026-08-16T19:43:06
tdma_packet_loss,1,30,0.0,10,2,0.1,1,0.419219,1.0,1.0,50.0,False,500,500,500,14500,14500,500,2026-08-16T19:43:03
tdma_packet_loss,1,30,0.0,10,2,0.1,2,0.483198,1.0,1.0,5.8,True,58,500,500,14500,14500,500,2026-08-16T19:43:04
tdma_packet_loss,1,30,0.0,10,2,0.1,3,0.339505,1.0,1.0,50.0,False,500,416,500,14500,14500,500,2026-08-16T19:43:06
tdma_packet_loss,1,30,0.0,10,2,0.1,4,0.430765,0.5,1.0,50.0,False,500,500,500,14500,14500,500,2026-08-16T19:43:08
tdma_packet_loss,1,30,0.0,10,5,0.025,0,0.359765,1.0,1.0,50.0,False,500,500,500,14500,14500,500,2026-08-16T19:43:04
tdma_packet_loss,1,30,0.0,10,5,0.025,1,0.442023,1.0,1.0,50.0,False,500,500,500,14500,14500,500,2026-08-16T19:43:05
tdma_packet_loss,1,30,0.0,10,5,0.025,2,0.413973,0.1,1.0,36.3,True,363,336,364,10556,10556,364,2026-08-16T19:43:06
tdma_packet_loss,1,30,0.0,10,5,0.025,3,0.438786,1.0,1.0,50.0,False,500,500,500,14500,14500,500,2026-08-16T19:43:08
tdma_packet_loss,1,30,0.0,10,5,0.025,4,0.437262,1.0,1.0,50.0,False,500,500,500,14500,14500,500,2026-08-16T19:43:04
tdma_packet_loss,1,30,0.0,10,5,0.05,0,0.359765,1.0,1.0,50.0,False,500,500,500,14500,14500,500,2026-08-16T19:43:06
tdma_packet_loss,1,30,0.0,10,5,0.05,1,0.442023,1.0,1.0,50.0,False,500,500,500,14500,14500,500,2026-08-16T19:43:07
tdma_packet_loss,1,30,0.0,10,5,0.05,2,0.413973,0.1,1.0,36.3,True,363,336,364,10556,10556,364,2026-08-16T19:43:09
tdma_packet_loss,1,30,0.0,10,5,0.05,3,0.438786,1.0,1.0,50.0,False,500,500,500,14500,14500,500,2026-08-16T19:43:04
tdma_packet_loss,1,30,0.0,10,5,0.05,4,0.437262,1.0,1.0,50.0,False,500,500,500,14500,14500,500,2026-08-16T19:43:06
tdma_packet_loss,1,30,0.0,10,5,0.1,0,0.359765,1.0,1.0,50.0,False,500,500,500,14500,14500,500,2026-08-16T19:43:08
tdma_packet_loss,1,30,0.0,10,5,0.1,1,0.442023,1.0,1.0,50.0,False,500,500,500,14500,14500,500,2026-08-16T19:43:10
tdma_packet_loss,1,30,0.0,10,5,0.1,2,0.413973,0.1,1.0,36.3,True,363,336,364,10556,10556,364,2026-08-16T19:43:04
tdma_packet_loss,1,30,0.0,10,5,0.1,3,0.438786,1.0,1.0,50.0,False,500,500,500,14500,14500,500,2026-08-16T19:43:06
tdma_packet_loss,1,30,0.0,10,5,0.1,4,0.437262,1.0,1.0,50.0,False,500,500,500,14500,14500,500,2026-08-16T19:43:08
tdma_packet_loss,1,30,0.05,3,0,0.025,0,0.58861,1.0,0.976842,50.0,False,500,41,475,13456,13775,500,2026-08-16T19:43:09
tdma_packet_loss,1,30,0.05,3,0,0.025,1,0.561424,0.0,0.973727,6.6,True,66,40,63,1779,1827,67,2026-08-16T19:43:06
tdma_packet_loss,1,30,0.05,3,0,0.025,2,0.560361,0.333333,0.969635,6.8,True,68,58,67,1884,1943,69,2026-08-16T19:43:06
tdma_packet_loss,1,30,0.05,3,0,0.025,3,0.533434,1.0,0.977131,50.0,False,500,39,481,13630,13949,500,2026-08-16T19:43:07
tdma_packet_loss,1,30,0.05,3,0,0.025,4,0.572696,0.0,0.979616,39.5,True,395,37,384,10909,11136,396,2026-08-16T19:43:08
tdma_packet_loss,1,30,0.05,3,0,0.05,0,0.58861,1.0,0.976842,50.0,False,500,41,475,13456,13775,500,2026-08-16T19:43:09
tdma_packet_loss,1,30,0.05,3,0,0.05,1,0.561424,0.0,0.973727,6.6,True,66,40,63,1779,1827,67,2026-08-16T19:43:09
tdma_packet_loss,1,30,0.05,3,0,0.05,2,0.560361,0.333333,0.969635,6.8,True,68,58,67,1884,1943,69,2026-08-16T19:43:09
tdma_packet_loss,1,30,0.05,3,0,0.05,3,0.533434,1.0,0.977131,50.0,False,500,39,481,13630,13949,500,2026-08-16T19:43:10
tdma_packet_loss,1,30,0.05,3,0,0.05,4,0.572696,0.0,0.979616,39.5,True,395,37,384,10909,11136,396,2026-08-16T19:43:09
tdma_packet_loss,1,30,0.05,3,0,0.1,0,0.58861,1.0,0.976842,50.0,False,500,41,475,13456,13775,500,2026-08-16T19:43:10
tdma_packet_loss,1,30,0.05,3,0,0.1,1,0.561424,0.0,0.973727,6.6,True,66,40,63,1779,1827,67,2026-08-16T19:43:10
tdma_packet_loss,1,30,0.05,3,0,0.1,2,0.560361,0.333333,0.969635,6.8,True,68,58,67,1884,1943,69,2026-08-16T19:43:10
tdma_packet_loss,1,30,0.05,3,0,0.1,3,0.533434,1.0,0.977131,50.0,False,500,39,481,13630,13949,500,2026-08-16T19:43:10
tdma_packet_loss,1,30,0.05,3,0,0.1,4,0.572696,0.0,0.979616,39.5,True,395,37,384,10909,11136,396,2026-08-16T19:43:11
tdma_packet_loss,1,30,0.05,3,2,0.025,0,0.647083,0.333333,0.98157,5.9,True,59,63,58,1651,1682,64,2026-08-16T19:43:11
tdma_packet_loss,1,30,0.05,3,2,0.025,1,0.578256,0.0,0.978007,13.1,True,131,42,127,3602,3683,132,2026-08-16T19:43:11
tdma_packet_loss,1,30,0.05,3,2,0.025,2,0.618873,0.0,0.972491,18.4,True,184,23,178,5020,5162,185,2026-08-16T19:43:09
tdma_packet_loss,1,30,0.05,3,2,0.025,3,0.563859,0.0,0.977495,38.9,True,389,18,380,10772,11020,390,2026-08-16T19:43:10
tdma_packet_loss,1,30,0.05,3,2,0.025,4,0.633142,0.333333,0.978121,14.5,True,145,17,145,4113,4205,146,2026-08-16T19:43:11
tdma_packet_loss,1,30,0.05,3,2,0.05,0,0.647083,0.333333,0.98157,5.9,True,59,63,58,1651,1682,64,2026-08-16T19:43:11
tdma_packet_loss,1,30,0.05,3,2,0.05,1,0.578256,0.0,0.978007,13.1,True,131,42,127,3602,3683,132,2026-08-16T19:43:09
tdma_packet_loss,1,30,0.05,3,2,0.05,2,0.618873,0.0,0.972491,18.4,True,184,23,178,5020,5162,185,2026-08-16T19:43:10
tdma_packet_loss,1,30,0.05,3,2,0.05,3,0.563859,0.0,0.977495,38.9,True,389,18,380,10772,11020,390,2026-08-16T19:43:11
tdma_packet_loss,1,30,0.05,3,2,0.05,4,0.633142,0.333333,0.978121,14.5,True,145,17,145,4113,4205,146,2026-08-16T19:43:11
tdma_packet_loss,1,30,0.05,3,2,0.1,0,0.647083,0.333333,0.98157,5.9,True,59,63,58,1651,1682,64,2026-08-16T19:43:10
tdma_packet_loss,1,30,0.05,3,2,0.1,1,0.578256,0.0,0.978007,13.1,True,131,42,127,3602,3683,132,2026-08-16T19:43:10
tdma_packet_loss,1,30,0.05,3,2,0.1,2,0.618873,0.0,0.972491,18.4,True,184,23,178,5020,5162,185,2026-08-16T19:43:11
tdma_packet_loss,1,30,0.05,3,2,0.1,3,0.563859,0.0,0.977495,38.9,True,389,18,380,10772,11020,390,2026-08-16T19:43:12
tdma_packet_loss,1,30,0.05,3,2,0.1,4,0.633142,0.333333,0.978121,14.5,True,145,17,145,4113,4205,146,2026-08-16T19:43:11
tdma_packet_loss,1,30,0.05,3,5,0.025,0,0.563678,0.0,0.978744,22.9,True,229,28,219,6216,6351,230,2026-08-16T19:43:12
tdma_packet_loss,1,30,0.05,3,5,0.025,1,0.542972,0.0,0.976412,31.9,True,319,42,307,8693,8903,320,2026-08-16T19:43:13
tdma_packet_loss,1,30,0.05,3,5,0.025,2,0.61623,0.0,0.971373,17.0,True,170,23,159,4479,4611,171,2026-08-16T19:43:13
tdma_packet_loss,1,30,0.05,3,5,0.025,3,0.587823,0.0,0.976902,22.0,True,220,27,209,5921,6061,221,2026-08-16T19:43:11
tdma_packet_loss,1,30,0.05,3,5,0.025,4,0.65283,0.666667,0.97643,8.1,True,81,43,79,2237,2291,82,2026-08-16T19:43:11
tdma_packet_loss,1,30,0.05,3,5,0.05,0,0.563678,0.0,0.978744,22.9,True,229,28,219,6216,6351,230,2026-08-16T19:43:12
tdma_packet_loss,1,30,0.05,3,5,0.05,1,0.542972,0.0,0.976412,31.9,True,319,42,307,8693,8903,320,2026-08-16T19:43:13
tdma_packet_loss,1,30,0.05,3,5,0.05,2,0.61623,0.0,0.971373,17.0,True,170,23,159,4479,4611,171,2026-08-16T19:43:11
tdma_packet_loss,1,30,0.05,3,5,0.05,3,0.587823,0.0,0.976902,22.0,True,220,27,209,5921,6061,221,2026-08-16T19:43:12
tdma_packet_loss,1,30,0.05,3,5,0.05,4,0.65283,0.666667,0.97643,8.1,True,81,43,79,2237,2291,82,2026-08-16T19:43:12
tdma_packet_loss,1,30,0.05,3,5,0.1,0,0.563678,0.0,0.978744,22.9,True,229,28,219,6216,6351,230,2026-08-16T19:43:13
tdma_packet_loss,1,30,0.05,3,5,0.1,1,0.542972,0.0,0.976412,31.9,True,319,42,307,8693,8903,320,2026-08-16T19:43:12
tdma_packet_loss,1,30,0.05,3,5,0.1,2,0.61623,0.0,0.971373,17.0,True,170,23,159,4479,4611,171,2026-08-16T19:43:13
tdma_packet_loss,1,30,0.05,3,5,0.1,3,0.587823,0.0,0.976902,22.0,True,220,27,209,5921,6061,221,2026-08-16T19:43:13
tdma_packet_loss,1,30,0.05,3,5,0.1,4,0.65283,0.666667,0.97643,8.1,True,81,43,79,2237,2291,82,2026-08-16T19:43:14
tdma_packet_loss,1,30,0.05,5,0,0.025,0,0.483145,1.0,0.977434,50.0,False,500,68,463,13124,13427,500,2026-08-16T19:43:13
tdma_packet_loss,1,30,0.05,5,0,0.025,1,0.458393,0.6,0.977203,50.0,False,500,104,481,13631,13949,500,2026-08-16T19:43:15
tdma_packet_loss,1,30,0.05,5,0,0.025,2,0.55977,1.0,0.974395,50.0,False,500,91,470,13281,13630,500,2026-08-16T19:43:16
tdma_packet_loss,1,30,0.05,5,0,0.025,3,0.470075,1.0,0.976822,50.0,False,500,99,485,13739,14065,500,2026-08-16T19:43:17
tdma_packet_loss,1,30,0.05,5,0,0.025,4,0.545629,1.0,0.977934,50.0,False,500,499,486,13783,14094,500,2026-08-16T19:43:14
tdma_packet_loss,1,30,0.05,5,0,0.05,0,0.483145,1.0,0.977434,50.0,False,500,68,463,13124,13427,500,2026-08-16T19:43:15
tdma_packet_loss,1,30,0.05,5,0,0.05,1,0.458393,0.6,0.977203,50.0,False,500,104,481,13631,13949,500,2026-08-16T19:43:17
tdma_packet_loss,1,30,0.05,5,0,0.05,2,0.55977,1.0,0.974395,50.0,False,500,91,470,13281,13630,500,2026-08-16T19:43:18
tdma_packet_loss,1,30,0.05,5,0,0.05,3,0.470075,1.0,0.976822,50.0,False,500,99,485,13739,14065,500,2026-08-16T19:43:15
tdma_packet_loss,1,30,0.05,5,0,0.05,4,0.545629,1.0,0.977934,50.0,False,500,499,486,13783,14094,500,2026-08-16T19:43:16
tdma_packet_loss,1,30,0.05,5,0,0.1,0,0.483145,1.0,0.977434,50.0,False,500,68,463,13124,13427,500,2026-08-16T19:43:18
tdma_packet_loss,1,30,0.05,5,0,0.1,1,0.458393,0.6,0.977203,50.0,False,500,104,481,13631,13949,500,2026-08-16T19:43:19
tdma_packet_loss,1,30,0.05,5,0,0.1,2,0.55977,1.0,0.974395,50.0,False,500,91,470,13281,13630,500,2026-08-16T19:43:15
tdma_packet_loss,1,30,0.05,5,0,0.1,3,0.470075,1.0,0.976822,50.0,False,500,99,485,13739,14065,500,2026-08-16T19:43:16
tdma_packet_loss,1,30,0.05,5,0,0.1,4,0.545629,1.0,0.977934,50.0,False,500,499,486,13783,14094,500,2026-08-16T19:43:18
tdma_packet_loss,1,30,0.05,5,2,0.025,0,0.498138,0.0,0.978399,37.0,True,370,40,348,9874,10092,371,2026-08-16T19:43:19
tdma_packet_loss,1,30,0.05,5,2,0.025,1,0.403187,1.0,0.977084,50.0,False,500,84,477,13516,13833,500,2026-08-16T19:43:15
tdma_packet_loss,1,30,0.05,5,2,0.025,2,0.515471,0.6,0.974526,50.0,False,500,124,467,13198,13543,500,2026-08-16T19:43:17
tdma_packet_loss,1,30,0.05,5,2,0.025,3,0.470715,1.0,0.97735,50.0,False,500,99,475,13463,13775,500,2026-08-16T19:43:18
tdma_packet_loss,1,30,0.05,5,2,0.025,4,0.514989,0.0,0.979753,33.8,True,338,92,327,9291,9483,339,2026-08-16T19:43:19
tdma_packet_loss,1,30,0.05,5,2,0.05,0,0.498138,0.0,0.978399,37.0,True,370,40,348,9874,10092,371,2026-08-16T19:43:15
tdma_packet_loss,1,30,0.05,5,2,0.05,1,0.403187,1.0,0.977084,50.0,False,500,84,477,13516,13833,500,2026-08-16T19:43:17
tdma_packet_loss,1,30,0.05,5,2,0.05,2,0.515471,0.6,0.974526,50.0,False,500,124,467,13198,13543,500,2026-08-16T19:43:18
tdma_packet_loss,1,30,0.05,5,2,0.05,3,0.470715,1.0,0.97735,50.0,False,500,99,475,13463,13775,500,2026-08-16T19:43:19
tdma_packet_loss,1,30,0.05,5,2,0.05,4,0.514989,0.0,0.979753,33.8,True,338,92,327,9291,9483,339,2026-08-16T19:43:18
tdma_packet_loss,1,30,0.05,5,2,0.1,0,0.498138,0.0,0.978399,37.0,True,370,40,348,9874,10092,371,2026-08-16T19:43:19
tdma_packet_loss,1,30,0.05,5,2,0.1,1,0.403187,1.0,0.977084,50.0,False,500,84,477,13516,13833,500,2026-08-16T19:43:21
tdma_packet_loss,1,30,0.05,5,2,0.1,2,0.515471,0.6,0.974526,50.0,False,500,124,467,13198,13543,500,2026-08-16T19:43:22
tdma_packet_loss,1,30,0.05,5,2,0.1,3,0.470715,1.0,0.97735,50.0,False,500,99,475,13463,13775,500,2026-08-16T19:43:19
tdma_packet_loss,1,30,0.05,5,2,0.1,4,0.514989,0.0,0.979753,33.8,True,338,92,327,9291,9483,339,2026-08-16T19:43:20
tdma_packet_loss,1,30,0.05,5,5,0.025,0,0.450043,1.0,0.977352,50.0,False,500,316,472,13378,13688,500,2026-08-16T19:43:22
tdma_packet_loss,1,30,0.05,5,5,0.025,1,0.471843,0.0,0.976407,11.5,True,115,23,114,3228,3306,116,2026-08-16T19:43:22
tdma_packet_loss,1,30,0.05,5,5,0.025,2,0.446175,1.0,0.974047,50.0,False,500,413,473,13361,13717,500,2026-08-16T19:43:20
tdma_packet_loss,1,30,0.05,5,5,0.025,3,0.474206,1.0,0.977274,50.0,False,500,100,481,13632,13949,500,2026-08-16T19:43:21
tdma_packet_loss,1,30,0.05,5,5,0.025,4,0.580901,0.0,0.978892,17.0,True,170,48,165,4684,4785,171,2026-08-16T19:43:22
tdma_packet_loss,1,30,0.05,5,5,0.05,0,0.450043,1.0,0.977352,50.0,False,500,316,472,13378,13688,500,2026-08-16T19:43:23
tdma_packet_loss,1,30,0.05,5,5,0.05,1,0.471843,0.0,0.976407,11.5,True,115,23,114,3228,3306,116,2026-08-16T19:43:19
tdma_packet_loss,1,30,0.05,5,5,0.05,2,0.446175,1.0,0.974047,50.0,False,500,413,473,13361,13717,500,2026-08-16T19:43:20
tdma_packet_loss,1,30,0.05,5,5,0.05,3,0.474206,1.0,0.977274,50.0,False,500,100,481,13632,13949,500,2026-08-16T19:43:22
tdma_packet_loss,1,30,0.05,5,5,0.05,4,0.580901,0.0,0.978892,17.0,True,170,48,165,4684,4785,171,2026-08-16T19:43:22
tdma_packet_loss,1,30,0.05,5,5,0.1,0,0.450043,1.0,0.977352,50.0,False,500,316,472,13378,13688,500,2026-08-16T19:43:20
tdma_packet_loss,1,30,0.05,5,5,0.1,1,0.471843,0.0,0.976407,11.5,True,115,23,114,3228,3306,116,2026-08-16T19:43:20
tdma_packet_loss,1,30,0.05,5,5,0.1,2,0.446175,1.0,0.974047,50.0,False,500,413,473,13361,13717,500,2026-08-16T19:43:22
tdma_packet_loss,1,30,0.05,5,5,0.1,3,0.474206,1.0,0.977274,50.0,False,500,100,481,13632,13949,500,2026-08-16T19:43:23
tdma_packet_loss,1,30,0.05,5,5,0.1,4,0.580901,0.0,0.978892,17.0,True,170,48,165,4684,4785,171,2026-08-16T19:43:20
tdma_packet_loss,1,30,0.05,10,0,0.025,0,0.372785,1.0,0.977352,50.0,False,500,500,472,13378,13688,500,2026-08-16T19:43:21
tdma_packet_loss,1,30,0.05,10,0,0.025,1,0.333403,1.0,0.976869,50.0,False,500,500,483,13683,14007,500,2026-08-16T19:43:23
tdma_packet_loss,1,30,0.05,10,0,0.025,2,0.363229,1.0,0.974047,50.0,False,500,500,473,13361,13717,500,2026-08-16T19:43:24
tdma_packet_loss,1,30,0.05,10,0,0.025,3,0.435768,1.0,0.977274,50.0,False,500,500,481,13632,13949,500,2026-08-16T19:43:23
tdma_packet_loss,1,30,0.05,10,0,0.025,4,0.480371,1.0,0.977629,50.0,False,500,500,484,13722,14036,500,2026-08-16T19:43:25
tdma_packet_loss,1,30,0.05,10,0,0.05,0,0.372785,1.0,0.977352,50.0,False,500,500,472,13378,13688,500,2026-08-16T19:43:26
tdma_packet_loss,1,30,0.05,10,0,0.05,1,0.333403,1.0,0.976869,50.0,False,500,500,483,13683,14007,500,2026-08-16T19:43:28
tdma_packet_loss,1,30,0.05,10,0,0.05,2,0.363229,1.0,0.974047,50.0,False,500,500,473,13361,13717,500,2026-08-16T19:43:23
tdma_packet_loss,1,30,0.05,10,0,0.05,3,0.435768,1.0,0.977274,50.0,False,500,500,481,13632,13949,500,2026-08-16T19:43:25
tdma_packet_loss,1,30,0.05,10,0,0.05,4,0.480371,1.0,0.977629,50.0,False,500,500,484,13722,14036,500,2026-08-16T19:43:26
tdma_packet_loss,1,30,0.05,10,0,0.1,0,0.372785,1.0,0.977352,50.0,False,500,500,472,13378,13688,500,2026-08-16T19:43:28
tdma_packet_loss,1,30,0.05,10,0,0.1,1,0.333403,1.0,0.976869,50.0,False,500,500,483,13683,14007,500,2026-08-16T19:43:24
tdma_packet_loss,1,30,0.05,10,0,0.1,2,0.363229,1.0,0.974047,50.0,False,500,500,473,13361,13717,500,2026-08-16T19:43:25
tdma_packet_loss,1,30,0.05,10,0,0.1,3,0.435768,1.0,0.977274,50.0,False,500,500,481,13632,13949,500,2026-08-16T19:43:26
tdma_packet_loss,1,30,0.05,10,0,0.1,4,0.480371,1.0,0.977629,50.0,False,500,500,484,13722,14036,500,2026-08-16T19:43:28
tdma_packet_loss,1,30,0.05,10,2,0.025,0,0.411165,1.0,0.977253,50.0,False,500,500,476,13490,13804,500,2026-08-16T19:43:25
tdma_packet_loss,1,30,0.05,10,2,0.025,1,0.427683,1.0,0.977035,50.0,False,500,500,479,13572,13891,500,2026-08-16T19:43:26
tdma_packet_loss,1,30,0.05,10,2,0.025,2,0.385195,1.0,0.973903,50.0,False,500,500,477,13472,13833,500,2026-08-16T19:43:28
tdma_packet_loss,1,30,0.05,10,2,0.025,3,0.41143,1.0,0.977011,50.0,False,500,500,480,13600,13920,500,2026-08-16T19:43:29
tdma_packet_loss,1,30,0.05,10,2,0.025,4,0.333804,1.0,0.978056,50.0,False,500,500,473,13416,13717,500,2026-08-16T19:43:25
tdma_packet_loss,1,30,0.05,10,2,0.05,0,0.411165,1.0,0.977253,50.0,False,500,500,476,13490,13804,500,2026-08-16T19:43:26
tdma_packet_loss,1,30,0.05,10,2,0.05,1,0.427683,1.0,0.977035,50.0,False,500,500,479,13572,13891,500,2026-08-16T19:43:28
tdma_packet_loss,1,30,0.05,10,2,0.05,2,0.385195,1.0,0.973903,50.0,False,500,500,477,13472,13833,500,2026-08-16T19:43:29
tdma_packet_loss,1,30,0.05,10,2,0.05,3,0.41143,1.0,0.977011,50.0,False,500,500,480,13600,13920,500,2026-08-16T19:43:26
tdma_packet_loss,1,30,0.05,10,2,0.05,4,0.333804,1.0,0.978056,50.0,False,500,500,473,13416,13717,500,2026-08-16T19:43:27
tdma_packet_loss,1,30,0.05,10,2,0.1,0,0.411165,1.0,0.977253,50.0,False,500,500,476,13490,13804,500,2026-08-16T19:43:29
tdma_packet_loss,1,30,0.05,10,2,0.1,1,0.427683,1.0,0.977035,50.0,False,500,500,479,13572,13891,500,2026-08-16T19:43:30
tdma_packet_loss,1,30,0.05,10,2,0.1,2,0.385195,1.0,0.973903,50.0,False,500,500,477,13472,13833,500,2026-08-16T19:43:29
tdma_packet_loss,1,30,0.05,10,2,0.1,3,0.41143,1.0,0.977011,50.0,False,500,500,480,13600,13920,500,2026-08-16T19:43:31
tdma_packet_loss,1,30,0.05,10,2,0.1,4,0.333804,1.0,0.978056,50.0,False,500,500,473,13416,13717,500,2026-08-16T19:43:32
tdma_packet_loss,1,30,0.05,10,5,0.025,0,0.498634,1.0,0.976892,50.0,False,500,500,482,13655,13978,500,2026-08-16T19:43:34
tdma_packet_loss,1,30,0.05,10,5,0.025,1,0.407547,1.0,0.977278,50.0,False,500,500,475,13462,13775,500,2026-08-16T19:43:29
tdma_packet_loss,1,30,0.05,10,5,0.025,2,0.397325,0.8,0.974065,50.0,False,500,500,476,13446,13804,500,2026-08-16T19:43:31
tdma_packet_loss,1,30,0.05,10,5,0.025,3,0.378154,1.0,0.97668,50.0,False,500,500,485,13737,14065,500,2026-08-16T19:43:33
tdma_packet_loss,1,30,0.05,10,5,0.025,4,0.462856,1.0,0.97824,50.0,False,500,500,477,13532,13833,500,2026-08-16T19:43:34
tdma_packet_loss,1,30,0.05,10,5,0.05,0,0.498634,1.0,0.976892,50.0,False,500,500,482,13655,13978,500,2026-08-16T19:43:29
tdma_packet_loss,1,30,0.05,10,5,0.05,1,0.407547,1.0,0.977278,50.0,False,500,500,475,13462,13775,500,2026-08-16T19:43:31
tdma_packet_loss,1,30,0.05,10,5,0.05,2,0.397325,0.8,0.974065,50.0,False,500,500,476,13446,13804,500,2026-08-16T19:43:33
tdma_packet_loss,1,30,0.05,10,5,0.05,3,0.378154,1.0,0.97668,50.0,False,500,500,485,13737,14065,500,2026-08-16T19:43:34
tdma_packet_loss,1,30,0.05,10,5,0.05,4,0.462856,1.0,0.97824,50.0,False,500,500,477,13532,13833,500,2026-08-16T19:43:31
tdma_packet_loss,1,30,0.05,10,5,0.1,0,0.498634,1.0,0.976892,50.0,False,500,500,482,13655,13978,500,2026-08-16T19:43:32
tdma_packet_loss,1,30,0.05,10,5,0.1,1,0.407547,1.0,0.977278,50.0,False,500,500,475,13462,13775,500,2026-08-16T19:43:34
tdma_packet_loss,1,30,0.05,10,5,0.1,2,0.397325,0.8,0.974065,50.0,False,500,500,476,13446,13804,500,2026-08-16T19:43:36
tdma_packet_loss,1,30,0.05,10,5,0.1,3,0.378154,1.0,0.97668,50.0,False,500,500,485,13737,14065,500,2026-08-16T19:43:31
tdma_packet_loss,1,30,0.05,10,5,0.1,4,0.462856,1.0,0.97824,50.0,False,500,500,477,13532,13833,500,2026-08-16T19:43:33
tdma_packet_loss,1,30,0.15,3,0,0.025,0,0.484312,1.0,0.931116,50.0,False,500,43,422,11395,12238,500,2026-08-16T19:43:34
tdma_packet_loss,1,30,0.15,3,0,0.025,1,0.57319,1.0,0.927668,50.0,False,500,58,420,11299,12180,500,2026-08-16T19:43:35
tdma_packet_loss,1,30,0.15,3,0,0.025,2,0.535848,1.0,0.921456,50.0,False,500,187,432,11544,12528,500,2026-08-16T19:43:31
tdma_packet_loss,1,30,0.15,3,0,0.025,3,0.493794,1.0,0.926314,50.0,False,500,266,431,11578,12499,500,2026-08-16T19:43:32
tdma_packet_loss,1,30,0.15,3,0,0.025,4,0.442658,1.0,0.925514,50.0,False,500,37,431,11568,12499,500,2026-08-16T19:43:33
tdma_packet_loss,1,30,0.15,3,0,0.05,0,0.484312,1.0,0.931116,50.0,False,500,43,422,11395,12238,500,2026-08-16T19:43:34
tdma_packet_loss,1,30,0.15,3,0,0.05,1,0.57319,1.0,0.927668,50.0,False,500,58,420,11299,12180,500,2026-08-16T19:43:35
tdma_packet_loss,1,30,0.15,3,0,0.05,2,0.535848,1.0,0.921456,50.0,False,500,187,432,11544,12528,500,2026-08-16T19:43:36
tdma_packet_loss,1,30,0.15,3,0,0.05,3,0.493794,1.0,0.926314,50.0,False,500,266,431,11578,12499,500,2026-08-16T19:43:37
tdma_packet_loss,1,30,0.15,3,0,0.05,4,0.442658,1.0,0.925514,50.0,False,500,37,431,11568,12499,500,2026-08-16T19:43:38
tdma_packet_loss,1,30,0.15,3,0,0.1,0,0.484312,1.0,0.931116,50.0,False,500,43,422,11395,12238,500,2026-08-16T19:43:35
tdma_packet_loss,1,30,0.15,3,0,0.1,1,0.57319,1.0,0.927668,50.0,False,500,58,420,11299,12180,500,2026-08-16T19:43:36
tdma_packet_loss,1,30,0.15,3,0,0.1,2,0.535848,1.0,0.921456,50.0,False,500,187,432,11544,12528,500,2026-08-16T19:43:37
tdma_packet_loss,1,30,0.15,3,0,0.1,3,0.493794,1.0,0.926314,50.0,False,500,266,431,11578,12499,500,2026-08-16T19:43:39
tdma_packet_loss,1,30,0.15,3,0,0.1,4,0.442658,1.0,0.925514,50.0,False,500,37,431,11568,12499,500,2026-08-16T19:43:35
tdma_packet_loss,1,30,0.15,3,2,0.025,0,0.480062,1.0,0.930873,50.0,False,500,44,426,11500,12354,500,2026-08-16T19:43:37
tdma_packet_loss,1,30,0.15,3,2,0.025,1,0.607823,1.0,0.927456,50.0,False,500,194,424,11404,12296,500,2026-08-16T19:43:38
tdma_packet_loss,1,30,0.15,3,2,0.025,2,0.55883,1.0,0.92441,50.0,False,500,37,406,10884,11774,500,2026-08-16T19:43:39
tdma_packet_loss,1,30,0.15,3,2,0.025,3,0.513316,1.0,0.926097,50.0,False,500,108,433,11629,12557,500,2026-08-16T19:43:36
tdma_packet_loss,1,30,0.15,3,2,0.025,4,0.512295,1.0,0.925644,50.0,False,500,104,435,11677,12615,500,2026-08-16T19:43:37
tdma_packet_loss,1,30,0.15,3,2,0.05,0,0.480062,1.0,0.930873,50.0,False,500,44,426,11500,12354,500,2026-08-16T19:43:38
tdma_packet_loss,1,30,0.15,3,2,0.05,1,0.607823,1.0,0.927456,50.0,False,500,194,424,11404,12296,500,2026-08-16T19:43:39
tdma_packet_loss,1,30,0.15,3,2,0.05,2,0.55883,1.0,0.92441,50.0,False,500,37,406,10884,11774,500,2026-08-16T19:43:36
tdma_packet_loss,1,30,0.15,3,2,0.05,3,0.513316,1.0,0.926097,50.0,False,500,108,433,11629,12557,500,2026-08-16T19:43:37
tdma_packet_loss,1,30,0.15,3,2,0.05,4,0.512295,1.0,0.925644,50.0,False,500,104,435,11677,12615,500,2026-08-16T19:43:38
tdma_packet_loss,1,30,0.15,3,2,0.1,0,0.480062,1.0,0.930873,50.0,False,500,44,426,11500,12354,500,2026-08-16T19:43:40
tdma_packet_loss,1,30,0.15,3,2,0.1,1,0.607823,1.0,0.927456,50.0,False,500,194,424,11404,12296,500,2026-08-16T19:43:37
tdma_packet_loss,1,30,0.15,3,2,0.1,2,0.55883,1.0,0.92441,50.0,False,500,37,406,10884,11774,500,2026-08-16T19:43:38
tdma_packet_loss,1,30,0.15,3,2,0.1,3,0.513316,1.0,0.926097,50.0,False,500,108,433,11629,12557,500,2026-08-16T19:43:39
tdma_packet_loss,1,30,0.15,3,2,0.1,4,0.512295,1.0,0.925644,50.0,False,500,104,435,11677,12615,500,2026-08-16T19:43:40
tdma_packet_loss,1,30,0.15,3,5,0.025,0,0.547497,1.0,0.930393,50.0,False,500,24,430,11602,12470,500,2026-08-16T19:43:40
tdma_packet_loss,1,30,0.15,3,5,0.025,1,0.538771,1.0,0.927578,50.0,False,500,45,429,11540,12441,500,2026-08-16T19:43:41
tdma_packet_loss,1,30,0.15,3,5,0.025,2,0.551485,1.0,0.923669,50.0,False,500,46,412,11036,11948,500,2026-08-16T19:43:42
tdma_packet_loss,1,30,0.15,3,5,0.025,3,0.604868,1.0,0.926978,50.0,False,500,27,425,11425,12325,500,2026-08-16T19:43:43
tdma_packet_loss,1,30,0.15,3,5,0.025,4,0.550393,1.0,0.925607,50.0,False,500,74,432,11596,12528,500,2026-08-16T19:43:40
tdma_packet_loss,1,30,0.15,3,5,0.05,0,0.547497,1.0,0.930393,50.0,False,500,24,430,11602,12470,500,2026-08-16T19:43:41
tdma_packet_loss,1,30,0.15,3,5,0.05,1,0.538771,1.0,0.927578,50.0,False,500,45,429,11540,12441,500,2026-08-16T19:43:42
tdma_packet_loss,1,30,0.15,3,5,0.05,2,0.551485,1.0,0.923669,50.0,False,500,46,412,11036,11948,500,2026-08-16T19:43:44
tdma_packet_loss,1,30,0.15,3,5,0.05,3,0.604868,1.0,0.926978,50.0,False,500,27,425,11425,12325,500,2026-08-16T19:43:40
tdma_packet_loss,1,30,0.15,3,5,0.05,4,0.550393,1.0,0.925607,50.0,False,500,74,432,11596,12528,500,2026-08-16T19:43:42
tdma_packet_loss,1,30,0.15,3,5,0.1,0,0.547497,1.0,0.930393,50.0,False,500,24,430,11602,12470,500,2026-08-16T19:43:43
tdma_packet_loss,1,30,0.15,3,5,0.1,1,0.538771,1.0,0.927578,50.0,False,500,45,429,11540,12441,500,2026-08-16T19:43:44
tdma_packet_loss,1,30,0.15,3,5,0.1,2,0.551485,1.0,0.923669,50.0,False,500,46,412,11036,11948,500,2026-08-16T19:43:40
tdma_packet_loss,1,30,0.15,3,5,0.1,3,0.604868,1.0,0.926978,50.0,False,500,27,425,11425,12325,500,2026-08-16T19:43:42
tdma_packet_loss,1,30,0.15,3,5,0.1,4,0.550393,1.0,0.925607,50.0,False,500,74,432,11596,12528,500,2026-08-16T19:43:43
tdma_packet_loss,1,30,0.15,5,0,0.025,0,0.529741,1.0,0.930873,50.0,False,500,500,426,11500,12354,500,2026-08-16T19:43:44
tdma_packet_loss,1,30,0.15,5,0,0.025,1,0.482385,1.0,0.927456,50.0,False,500,500,424,11404,12296,500,2026-08-16T19:43:41
tdma_packet_loss,1,30,0.15,5,0,0.025,2,0.416171,1.0,0.92441,50.0,False,500,81,406,10884,11774,500,2026-08-16T19:43:42
tdma_packet_loss,1,30,0.15,5,0,0.025,3,0.435748,1.0,0.926097,50.0,False,500,500,433,11629,12557,500,2026-08-16T19:43:43
tdma_packet_loss,1,30,0.15,5,0,0.025,4,0.423386,1.0,0.925644,50.0,False,500,500,435,11677,12615,500,2026-08-16T19:43:44
tdma_packet_loss,1,30,0.15,5,0,0.05,0,0.529741,1.0,0.930873,50.0,False,500,500,426,11500,12354,500,2026-08-16T19:43:42
tdma_packet_loss,1,30,0.15,5,0,0.05,1,0.482385,1.0,0.927456,50.0,False,500,500,424,11404,12296,500,2026-08-16T19:43:43
tdma_packet_loss,1,30,0.15,5,0,0.05,2,0.416171,1.0,0.92441,50.0,False,500,81,406,10884,11774,500,2026-08-16T19:43:44
tdma_packet_loss,1,30,0.15,5,0,0.05,3,0.435748,1.0,0.926097,50.0,False,500,500,433,11629,12557,500,2026-08-16T19:43:45
tdma_packet_loss,1,30,0.15,5,0,0.05,4,0.423386,1.0,0.925644,50.0,False,500,500,435,11677,12615,500,2026-08-16T19:43:44
tdma_packet_loss,1,30,0.15,5,0,0.1,0,0.529741,1.0,0.930873,50.0,False,500,500,426,11500,12354,500,2026-08-16T19:43:45
tdma_packet_loss,1,30,0.15,5,0,0.1,1,0.482385,1.0,0.927456,50.0,False,500,500,424,11404,12296,500,2026-08-16T19:43:47
tdma_packet_loss,1,30,0.15,5,0,0.1,2,0.416171,1.0,0.92441,50.0,False,500,81,406,10884,11774,500,2026-08-16T19:43:48
tdma_packet_loss,1,30,0.15,5,0,0.1,3,0.435748,1.0,0.926097,50.0,False,500,500,433,11629,12557,500,2026-08-16T19:43:45
tdma_packet_loss,1,30,0.15,5,0,0.1,4,0.423386,1.0,0.925644,50.0,False,500,500,435,11677,12615,500,2026-08-16T19:43:46
tdma_packet_loss,1,30,0.15,5,2,0.025,0,0.46137,1.0,0.930551,50.0,False,500,500,428,11550,12412,500,2026-08-16T19:43:47
tdma_packet_loss,1,30,0.15,5,2,0.025,1,0.415471,1.0,0.927651,50.0,False,500,413,428,11514,12412,500,2026-08-16T19:43:48
tdma_packet_loss,1,30,0.15,5,2,0.025,2,0.456087,1.0,0.924054,50.0,False,500,500,410,10987,11890,500,2026-08-16T19:43:45
tdma_packet_loss,1,30,0.15,5,2,0.025,3,0.327614,1.0,0.927131,50.0,False,500,268,424,11400,12296,500,2026-08-16T19:43:46
tdma_packet_loss,1,30,0.15,5,2,0.025,4,0.444804,1.0,0.925432,50.0,False,500,500,437,11728,12673,500,2026-08-16T19:43:48
tdma_packet_loss,1,30,0.15,5,2,0.05,0,0.46137,1.0,0.930551,50.0,False,500,500,428,11550,12412,500,2026-08-16T19:43:49
tdma_packet_loss,1,30,0.15,5,2,0.05,1,0.415471,1.0,0.927651,50.0,False,500,413,428,11514,12412,500,2026-08-16T19:43:45
tdma_packet_loss,1,30,0.15,5,2,0.05,2,0.456087,1.0,0.924054,50.0,False,500,500,410,10987,11890,500,2026-08-16T19:43:47
tdma_packet_loss,1,30,0.15,5,2,0.05,3,0.327614,1.0,0.927131,50.0,False,500,268,424,11400,12296,500,2026-08-16T19:43:48
tdma_packet_loss,1,30,0.15,5,2,0.05,4,0.444804,1.0,0.925432,50.0,False,500,500,437,11728,12673,500,2026-08-16T19:43:49
tdma_packet_loss,1,30,0.15,5,2,0.1,0,0.46137,1.0,0.930551,50.0,False,500,500,428,11550,12412,500,2026-08-16T19:43:46
tdma_packet_loss,1,30,0.15,5,2,0.1,1,0.415471,1.0,0.927651,50.0,False,500,413,428,11514,12412,500,2026-08-16T19:43:47
tdma_packet_loss,1,30,0.15,5,2,0.1,2,0.456087,1.0,0.924054,50.0,False,500,500,410,10987,11890,500,2026-08-16T19:43:48
tdma_packet_loss,1,30,0.15,5,2,0.1,3,0.327614,1.0,0.927131,50.0,False,500,268,424,11400,12296,500,2026-08-16T19:43:49
tdma_packet_loss,1,30,0.15,5,2,0.1,4,0.444804,1.0,0.925432,50.0,False,500,500,437,11728,12673,500,2026-08-16T19:43:46
tdma_packet_loss,1,30,0.15,5,5,0.025,0,0.471349,1.0,0.929922,50.0,False,500,47,434,11704,12586,500,2026-08-16T19:43:48
tdma_packet_loss,1,30,0.15,5,5,0.025,1,0.502786,1.0,0.927212,50.0,False,500,86,433,11643,12557,500,2026-08-16T19:43:49
tdma_packet_loss,1,30,0.15,5,5,0.025,2,0.519784,1.0,0.923243,50.0,False,500,500,416,11138,12064,500,2026-08-16T19:43:50
tdma_packet_loss,1,30,0.15,5,5,0.025,3,0.350959,1.0,0.927802,50.0,False,500,170,416,11193,12064,500,2026-08-16T19:43:49
tdma_packet_loss,1,30,0.15,5,5,0.025,4,0.465809,1.0,0.926295,50.0,False,500,163,422,11336,12238,500,2026-08-16T19:43:51
tdma_packet_loss,1,30,0.15,5,5,0.05,0,0.471349,1.0,0.929922,50.0,False,500,47,434,11704,12586,500,2026-08-16T19:43:52
tdma_packet_loss,1,30,0.15,5,5,0.05,1,0.502786,1.0,0.927212,50.0,False,500,86,433,11643,12557,500,2026-08-16T19:43:53
tdma_packet_loss,1,30,0.15,5,5,0.05,2,0.519784,1.0,0.923243,50.0,False,500,500,416,11138,12064,500,2026-08-16T19:43:50
tdma_packet_loss,1,30,0.15,5,5,0.05,3,0.350959,1.0,0.927802,50.0,False,500,170,416,11193,12064,500,2026-08-16T19:43:51
tdma_packet_loss,1,30,0.15,5,5,0.05,4,0.465809,1.0,0.926295,50.0,False,500,163,422,11336,12238,500,2026-08-16T19:43:52
tdma_packet_loss,1,30,0.15,5,5,0.1,0,0.471349,1.0,0.929922,50.0,False,500,47,434,11704,12586,500,2026-08-16T19:43:53
tdma_packet_loss,1,30,0.15,5,5,0.1,1,0.502786,1.0,0.927212,50.0,False,500,86,433,11643,12557,500,2026-08-16T19:43:50
tdma_packet_loss,1,30,0.15,5,5,0.1,2,0.519784,1.0,0.923243,50.0,False,500,500,416,11138,12064,500,2026-08-16T19:43:52
tdma_packet_loss,1,30,0.15,5,5,0.1,3,0.350959,1.0,0.927802,50.0,False,500,170,416,11193,12064,500,2026-08-16T19:43:53
tdma_packet_loss,1,30,0.15,5,5,0.1,4,0.465809,1.0,0.926295,50.0,False,500,163,422,11336,12238,500,2026-08-16T19:43:54
tdma_packet_loss,1,30,0.15,10,0,0.025,0,0.406515,1.0,0.929922,50.0,False,500,500,434,11704,12586,500,2026-08-16T19:43:51
tdma_packet_loss,1,30,0.15,10,0,0.025,1,0.368468,1.0,0.927212,50.0,False,500,500,433,11643,12557,500,2026-08-16T19:43:52
tdma_packet_loss,1,30,0.15,10,0,0.025,2,0.431418,1.0,0.923243,50.0,False,500,500,416,11138,12064,500,2026-08-16T19:43:53
tdma_packet_loss,1,30,0.15,10,0,0.025,3,0.3779,1.0,0.927802,50.0,False,500,500,416,11193,12064,500,2026-08-16T19:43:54
tdma_packet_loss,1,30,0.15,10,0,0.025,4,0.346852,1.0,0.926295,50.0,False,500,500,422,11336,12238,500,2026-08-16T19:43:51
tdma_packet_loss,1,30,0.15,10,0,0.05,0,0.406515,1.0,0.929922,50.0,False,500,500,434,11704,12586,500,2026-08-16T19:43:52
tdma_packet_loss,1,30,0.15,10,0,0.05,1,0.368468,1.0,0.927212,50.0,False,500,500,433,11643,12557,500,2026-08-16T19:43:54
tdma_packet_loss,1,30,0.15,10,0,0.05,2,0.431418,1.0,0.923243,50.0,False,500,500,416,11138,12064,500,2026-08-16T19:43:55
tdma_packet_loss,1,30,0.15,10,0,0.05,3,0.3779,1.0,0.927802,50.0,False,500,500,416,11193,12064,500,2026-08-16T19:43:52
tdma_packet_loss,1,30,0.15,10,0,0.05,4,0.346852,1.0,0.926295,50.0,False,500,500,422,11336,12238,500,2026-08-16T19:43:53
tdma_packet_loss,1,30,0.15,10,0,0.1,0,0.406515,1.0,0.929922,50.0,False,500,500,434,11704,12586,500,2026-08-16T19:43:54
tdma_packet_loss,1,30,0.15,10,0,0.1,1,0.368468,1.0,0.927212,50.0,False,500,500,433,11643,12557,500,2026-08-16T19:43:56
tdma_packet_loss,1,30,0.15,10,0,0.1,2,0.431418,1.0,0.923243,50.0,False,500,500,416,11138,12064,500,2026-08-16T19:43:54
tdma_packet_loss,1,30,0.15,10,0,0.1,3,0.3779,1.0,0.927802,50.0,False,500,500,416,11193,12064,500,2026-08-16T19:43:56
tdma_packet_loss,1,30,0.15,10,0,0.1,4,0.346852,1.0,0.926295,50.0,False,500,500,422,11336,12238,500,2026-08-16T19:43:57
tdma_packet_loss,1,30,0.15,10,2,0.025,0,0.383857,1.0,0.930789,50.0,False,500,500,422,11391,12238,500,2026-08-16T19:43:58
tdma_packet_loss,1,30,0.15,10,2,0.025,1,0.298797,1.0,0.928337,50.0,False,500,500,409,11011,11861,500,2026-08-16T19:43:55
tdma_packet_loss,1,30,0.15,10,2,0.025,2,0.360889,1.0,0.922989,50.0,False,500,500,420,11242,12180,500,2026-08-16T19:43:56
tdma_packet_loss,1,30,0.15,10,2,0.025,3,0.361134,1.0,0.927422,50.0,False,500,500,420,11296,12180,500,2026-08-16T19:43:57
tdma_packet_loss,1,30,0.15,10,2,0.025,4,0.411462,1.0,0.926085,50.0,False,500,500,425,11414,12325,500,2026-08-16T19:43:59
tdma_packet_loss,1,30,0.15,10,2,0.05,0,0.383857,1.0,0.930789,50.0,False,500,500,422,11391,12238,500,2026-08-16T19:43:55
tdma_packet_loss,1,30,0.15,10,2,0.05,1,0.298797,1.0,0.928337,50.0,False,500,500,409,11011,11861,500,2026-08-16T19:43:57
tdma_packet_loss,1,30,0.15,10,2,0.05,2,0.360889,1.0,0.922989,50.0,False,500,500,420,11242,12180,500,2026-08-16T19:43:58
tdma_packet_loss,1,30,0.15,10,2,0.05,3,0.361134,1.0,0.927422,50.0,False,500,500,420,11296,12180,500,2026-08-16T19:43:59
tdma_packet_loss,1,30,0.15,10,2,0.05,4,0.411462,1.0,0.926085,50.0,False,500,500,425,11414,12325,500,2026-08-16T19:43:56
tdma_packet_loss,1,30,0.15,10,2,0.1,0,0.383857,1.0,0.930789,50.0,False,500,500,422,11391,12238,500,2026-08-16T19:43:57
tdma_packet_loss,1,30,0.15,10,2,0.1,1,0.298797,1.0,0.928337,50.0,False,500,500,409,11011,11861,500,2026-08-16T19:43:58
tdma_packet_loss,1,30,0.15,10,2,0.1,2,0.360889,1.0,0.922989,50.0,False,500,500,420,11242,12180,500,2026-08-16T19:44:00
tdma_packet_loss,1,30,0.15,10,2,0.1,3,0.361134,1.0,0.927422,50.0,False,500,500,420,11296,12180,500,2026-08-16T19:43:56
tdma_packet_loss,1,30,0.15,10,2,0.1,4,0.411462,1.0,0.926085,50.0,False,500,500,425,11414,12325,500,2026-08-16T19:43:58
tdma_packet_loss,1,30,0.15,10,5,0.025,0,0.358247,1.0,0.932027,50.0,False,500,500,417,11271,12093,500,2026-08-16T19:43:59
tdma_packet_loss,1,30,0.15,10,5,0.025,1,0.355234,1.0,0.928036,50.0,False,500,500,414,11142,12006,500,2026-08-16T19:44:00
tdma_packet_loss,1,30,0.15,10,5,0.025,2,0.35327,1.0,0.922211,50.0,False,500,500,426,11393,12354,500,2026-08-16T19:43:57
tdma_packet_loss,1,30,0.15,10,5,0.025,3,0.351007,1.0,0.926825,50.0,False,500,500,426,11450,12354,500,2026-08-16T19:43:59
tdma_packet_loss,1,30,0.15,10,5,0.025,4,0.384913,1.0,0.925947,50.0,False,500,500,427,11466,12383,500,2026-08-16T19:44:00
tdma_packet_loss,1,30,0.15,10,5,0.05,0,0.358247,1.0,0.932027,50.0,False,500,500,417,11271,12093,500,2026-08-16T19:44:01
tdma_packet_loss,1,30,0.15,10,5,0.05,1,0.355234,1.0,0.928036,50.0,False,500,500,414,11142,12006,500,2026-08-16T19:44:00
tdma_packet_loss,1,30,0.15,10,5,0.05,2,0.35327,1.0,0.922211,50.0,False,500,500,426,11393,12354,500,2026-08-16T19:44:01
tdma_packet_loss,1,30,0.15,10,5,0.05,3,0.351007,1.0,0.926825,50.0,False,500,500,426,11450,12354,500,2026-08-16T19:44:02
tdma_packet_loss,1,30,0.15,10,5,0.05,4,0.384913,1.0,0.925947,50.0,False,500,500,427,11466,12383,500,2026-08-16T19:44:04
tdma_packet_loss,1,30,0.15,10,5,0.1,0,0.358247,1.0,0.932027,50.0,False,500,500,417,11271,12093,500,2026-08-16T19:44:00
tdma_packet_loss,1,30,0.15,10,5,0.1,1,0.355234,1.0,0.928036,50.0,False,500,500,414,11142,12006,500,2026-08-16T19:44:02
tdma_packet_loss,1,30,0.15,10,5,0.1,2,0.35327,1.0,0.922211,50.0,False,500,500,426,11393,12354,500,2026-08-16T19:44:03
tdma_packet_loss,1,30,0.15,10,5,0.1,3,0.351007,1.0,0.926825,50.0,False,500,500,426,11450,12354,500,2026-08-16T19:44:04
tdma_packet_loss,1,30,0.15,10,5,0.1,4,0.384913,1.0,0.925947,50.0,False,500,500,427,11466,12383,500,2026-08-16T19:44:01
tdma_packet_loss,1,30,0.3,3,0,0.025,0,0.456037,1.0,0.847994,50.0,False,500,472,343,8435,9947,500,2026-08-16T19:44:02
tdma_packet_loss,1,30,0.3,3,0,0.025,1,0.445291,1.0,0.854073,50.0,False,500,500,345,8545,10005,500,2026-08-16T19:44:02
tdma_packet_loss,1,30,0.3,3,0,0.025,2,0.434712,1.0,0.849754,50.0,False,500,292,336,8280,9744,500,2026-08-16T19:44:03
tdma_packet_loss,1,30,0.3,3,0,0.025,3,0.369259,1.0,0.853398,50.0,False,500,56,342,8464,9918,500,2026-08-16T19:44:01
tdma_packet_loss,1,30,0.3,3,0,0.025,4,0.445882,1.0,0.848928,50.0,False,500,221,349,8592,10121,500,2026-08-16T19:44:02
tdma_packet_loss,1,30,0.3,3,0,0.05,0,0.456037,1.0,0.847994,50.0,False,500,472,343,8435,9947,500,2026-08-16T19:44:02
tdma_packet_loss,1,30,0.3,3,0,0.05,1,0.445291,1.0,0.854073,50.0,False,500,500,345,8545,10005,500,2026-08-16T19:44:03
tdma_packet_loss,1,30,0.3,3,0,0.05,2,0.434712,1.0,0.849754,50.0,False,500,292,336,8280,9744,500,2026-08-16T19:44:01
tdma_packet_loss,1,30,0.3,3,0,0.05,3,0.369259,1.0,0.853398,50.0,False,500,56,342,8464,9918,500,2026-08-16T19:44:02
tdma_packet_loss,1,30,0.3,3,0,0.05,4,0.445882,1.0,0.848928,50.0,False,500,221,349,8592,10121,500,2026-08-16T19:44:03
tdma_packet_loss,1,30,0.3,3,0,0.1,0,0.456037,1.0,0.847994,50.0,False,500,472,343,8435,9947,500,2026-08-16T19:44:04
tdma_packet_loss,1,30,0.3,3,0,0.1,1,0.445291,1.0,0.854073,50.0,False,500,500,345,8545,10005,500,2026-08-16T19:44:02
tdma_packet_loss,1,30,0.3,3,0,0.1,2,0.434712,1.0,0.849754,50.0,False,500,292,336,8280,9744,500,2026-08-16T19:44:03
tdma_packet_loss,1,30,0.3,3,0,0.1,3,0.369259,1.0,0.853398,50.0,False,500,56,342,8464,9918,500,2026-08-16T19:44:04
tdma_packet_loss,1,30,0.3,3,0,0.1,4,0.445882,1.0,0.848928,50.0,False,500,221,349,8592,10121,500,2026-08-16T19:44:05
tdma_packet_loss,1,30,0.3,3,2,0.025,0,0.477908,1.0,0.848415,50.0,False,500,500,346,8513,10034,500,2026-08-16T19:44:04
tdma_packet_loss,1,30,0.3,3,2,0.025,1,0.439099,1.0,0.854538,50.0,False,500,500,348,8624,10092,500,2026-08-16T19:44:05
tdma_packet_loss,1,30,0.3,3,2,0.025,2,0.504042,1.0,0.849354,50.0,False,500,33,339,8350,9831,500,2026-08-16T19:44:06
tdma_packet_loss,1,30,0.3,3,2,0.025,3,0.377584,1.0,0.852774,50.0,False,500,500,345,8532,10005,500,2026-08-16T19:44:07
tdma_packet_loss,1,30,0.3,3,2,0.025,4,0.426041,1.0,0.849783,50.0,False,500,500,334,8231,9686,500,2026-08-16T19:44:04
tdma_packet_loss,1,30,0.3,3,2,0.05,0,0.477908,1.0,0.848415,50.0,False,500,500,346,8513,10034,500,2026-08-16T19:44:05
tdma_packet_loss,1,30,0.3,3,2,0.05,1,0.439099,1.0,0.854538,50.0,False,500,500,348,8624,10092,500,2026-08-16T19:44:06
tdma_packet_loss,1,30,0.3,3,2,0.05,2,0.504042,1.0,0.849354,50.0,False,500,33,339,8350,9831,500,2026-08-16T19:44:07
tdma_packet_loss,1,30,0.3,3,2,0.05,3,0.377584,1.0,0.852774,50.0,False,500,500,345,8532,10005,500,2026-08-16T19:44:05
tdma_packet_loss,1,30,0.3,3,2,0.05,4,0.426041,1.0,0.849783,50.0,False,500,500,334,8231,9686,500,2026-08-16T19:44:06
tdma_packet_loss,1,30,0.3,3,2,0.1,0,0.477908,1.0,0.848415,50.0,False,500,500,346,8513,10034,500,2026-08-16T19:44:07
tdma_packet_loss,1,30,0.3,3,2,0.1,1,0.439099,1.0,0.854538,50.0,False,500,500,348,8624,10092,500,2026-08-16T19:44:08
tdma_packet_loss,1,30,0.3,3,2,0.1,2,0.504042,1.0,0.849354,50.0,False,500,33,339,8350,9831,500,2026-08-16T19:44:05
tdma_packet_loss,1,30,0.3,3,2,0.1,3,0.377584,1.0,0.852774,50.0,False,500,500,345,8532,10005,500,2026-08-16T19:44:06
tdma_packet_loss,1,30,0.3,3,2,0.1,4,0.426041,1.0,0.849783,50.0,False,500,500,334,8231,9686,500,2026-08-16T19:44:07
tdma_packet_loss,1,30,0.3,3,5,0.025,0,0.456807,1.0,0.848473,50.0,False,500,500,350,8612,10150,500,2026-08-16T19:44:08
tdma_packet_loss,1,30,0.3,3,5,0.025,1,0.489728,1.0,0.854722,50.0,False,500,460,352,8725,10208,500,2026-08-16T19:44:06
tdma_packet_loss,1,30,0.3,3,5,0.025,2,0.453657,1.0,0.848476,50.0,False,500,500,345,8489,10005,500,2026-08-16T19:44:07
tdma_packet_loss,1,30,0.3,3,5,0.025,3,0.340799,1.0,0.852259,50.0,False,500,500,348,8601,10092,500,2026-08-16T19:44:08
tdma_packet_loss,1,30,0.3,3,5,0.025,4,0.487469,1.0,0.849761,50.0,False,500,194,339,8354,9831,500,2026-08-16T19:44:09
tdma_packet_loss,1,30,0.3,3,5,0.05,0,0.456807,1.0,0.848473,50.0,False,500,500,350,8612,10150,500,2026-08-16T19:44:06
tdma_packet_loss,1,30,0.3,3,5,0.05,1,0.489728,1.0,0.854722,50.0,False,500,460,352,8725,10208,500,2026-08-16T19:44:07
tdma_packet_loss,1,30,0.3,3,5,0.05,2,0.453657,1.0,0.848476,50.0,False,500,500,345,8489,10005,500,2026-08-16T19:44:08
tdma_packet_loss,1,30,0.3,3,5,0.05,3,0.340799,1.0,0.852259,50.0,False,500,500,348,8601,10092,500,2026-08-16T19:44:09
tdma_packet_loss,1,30,0.3,3,5,0.05,4,0.487469,1.0,0.849761,50.0,False,500,194,339,8354,9831,500,2026-08-16T19:44:08
tdma_packet_loss,1,30,0.3,3,5,0.1,0,0.456807,1.0,0.848473,50.0,False,500,500,350,8612,10150,500,2026-08-16T19:44:09
tdma_packet_loss,1,30,0.3,3,5,0.1,1,0.489728,1.0,0.854722,50.0,False,500,460,352,8725,10208,500,2026-08-16T19:44:10
tdma_packet_loss,1,30,0.3,3,5,0.1,2,0.453657,1.0,0.848476,50.0,False,500,500,345,8489,10005,500,2026-08-16T19:44:11
tdma_packet_loss,1,30,0.3,3,5,0.1,3,0.340799,1.0,0.852259,50.0,False,500,500,348,8601,10092,500,2026-08-16T19:44:08
tdma_packet_loss,1,30,0.3,3,5,0.1,4,0.487469,1.0,0.849761,50.0,False,500,194,339,8354,9831,500,2026-08-16T19:44:09
tdma_packet_loss,1,30,0.3,5,0,0.025,0,0.337513,1.0,0.848415,50.0,False,500,500,346,8513,10034,500,2026-08-16T19:44:10
tdma_packet_loss,1,30,0.3,5,0,0.025,1,0.312437,1.0,0.854538,50.0,False,500,500,348,8624,10092,500,2026-08-16T19:44:11
tdma_packet_loss,1,30,0.3,5,0,0.025,2,0.391998,1.0,0.849354,50.0,False,500,500,339,8350,9831,500,2026-08-16T19:44:09
tdma_packet_loss,1,30,0.3,5,0,0.025,3,0.287264,1.0,0.852774,50.0,False,500,500,345,8532,10005,500,2026-08-16T19:44:10
tdma_packet_loss,1,30,0.3,5,0,0.025,4,0.39304,1.0,0.849783,50.0,False,500,500,334,8231,9686,500,2026-08-16T19:44:10
tdma_packet_loss,1,30,0.3,5,0,0.05,0,0.337513,1.0,0.848415,50.0,False,500,500,346,8513,10034,500,2026-08-16T19:44:12
tdma_packet_loss,1,30,0.3,5,0,0.05,1,0.312437,1.0,0.854538,50.0,False,500,500,348,8624,10092,500,2026-08-16T19:44:09
tdma_packet_loss,1,30,0.3,5,0,0.05,2,0.391998,1.0,0.849354,50.0,False,500,500,339,8350,9831,500,2026-08-16T19:44:10
tdma_packet_loss,1,30,0.3,5,0,0.05,3,0.287264,1.0,0.852774,50.0,False,500,500,345,8532,10005,500,2026-08-16T19:44:11
tdma_packet_loss,1,30,0.3,5,0,0.05,4,0.39304,1.0,0.849783,50.0,False,500,500,334,8231,9686,500,2026-08-16T19:44:12
tdma_packet_loss,1,30,0.3,5,0,0.1,0,0.337513,1.0,0.848415,50.0,False,500,500,346,8513,10034,500,2026-08-16T19:44:10
tdma_packet_loss,1,30,0.3,5,0,0.1,1,0.312437,1.0,0.854538,50.0,False,500,500,348,8624,10092,500,2026-08-16T19:44:11
tdma_packet_loss,1,30,0.3,5,0,0.1,2,0.391998,1.0,0.849354,50.0,False,500,500,339,8350,9831,500,2026-08-16T19:44:12
tdma_packet_loss,1,30,0.3,5,0,0.1,3,0.287264,1.0,0.852774,50.0,False,500,500,345,8532,10005,500,2026-08-16T19:44:13
tdma_packet_loss,1,30,0.3,5,0,0.1,4,0.39304,1.0,0.849783,50.0,False,500,500,334,8231,9686,500,2026-08-16T19:44:10
tdma_packet_loss,1,30,0.3,5,2,0.025,0,0.398133,1.0,0.848434,50.0,False,500,500,349,8587,10121,500,2026-08-16T19:44:11
tdma_packet_loss,1,30,0.3,5,2,0.025,1,0.350448,1.0,0.854504,50.0,False,500,500,351,8698,10179,500,2026-08-16T19:44:12
tdma_packet_loss,1,30,0.3,5,2,0.025,2,0.38309,1.0,0.849502,50.0,False,500,500,343,8450,9947,500,2026-08-16T19:44:13
tdma_packet_loss,1,30,0.3,5,2,0.025,3,0.353435,1.0,0.85233,50.0,False,500,500,347,8577,10063,500,2026-08-16T19:44:12
tdma_packet_loss,1,30,0.3,5,2,0.025,4,0.507259,1.0,0.84979,50.0,False,500,500,337,8305,9773,500,2026-08-16T19:44:13
tdma_packet_loss,1,30,0.3,5,2,0.05,0,0.398133,1.0,0.848434,50.0,False,500,500,349,8587,10121,500,2026-08-16T19:44:14
tdma_packet_loss,1,30,0.3,5,2,0.05,1,0.350448,1.0,0.854504,50.0,False,500,500,351,8698,10179,500,2026-08-16T19:44:15
tdma_packet_loss,1,30,0.3,5,2,0.05,2,0.38309,1.0,0.849502,50.0,False,500,500,343,8450,9947,500,2026-08-16T19:44:12
tdma_packet_loss,1,30,0.3,5,2,0.05,3,0.353435,1.0,0.85233,50.0,False,500,500,347,8577,10063,500,2026-08-16T19:44:13
tdma_packet_loss,1,30,0.3,5,2,0.05,4,0.507259,1.0,0.84979,50.0,False,500,500,337,8305,9773,500,2026-08-16T19:44:14
tdma_packet_loss,1,30,0.3,5,2,0.1,0,0.398133,1.0,0.848434,50.0,False,500,500,349,8587,10121,500,2026-08-16T19:44:15
tdma_packet_loss,1,30,0.3,5,2,0.1,1,0.350448,1.0,0.854504,50.0,False,500,500,351,8698,10179,500,2026-08-16T19:44:13
tdma_packet_loss,1,30,0.3,5,2,0.1,2,0.38309,1.0,0.849502,50.0,False,500,500,343,8450,9947,500,2026-08-16T19:44:14
tdma_packet_loss,1,30,0.3,5,2,0.1,3,0.353435,1.0,0.85233,50.0,False,500,500,347,8577,10063,500,2026-08-16T19:44:15
tdma_packet_loss,1,30,0.3,5,2,0.1,4,0.507259,1.0,0.84979,50.0,False,500,500,337,8305,9773,500,2026-08-16T19:44:16
tdma_packet_loss,1,30,0.3,5,5,0.025,0,0.361599,1.0,0.848724,50.0,False,500,500,354,8713,10266,500,2026-08-16T19:44:13
tdma_packet_loss,1,30,0.3,5,5,0.025,1,0.365635,1.0,0.854201,50.0,False,500,500,355,8794,10295,500,2026-08-16T19:44:14
tdma_packet_loss,1,30,0.3,5,5,0.025,2,0.429595,1.0,0.847899,50.0,False,500,500,348,8557,10092,500,2026-08-16T19:44:15
tdma_packet_loss,1,30,0.3,5,5,0.025,3,0.357534,1.0,0.852147,50.0,False,500,500,351,8674,10179,500,2026-08-16T19:44:16
tdma_packet_loss,1,30,0.3,5,5,0.025,4,0.407558,1.0,0.849226,50.0,False,500,500,341,8398,9889,500,2026-08-16T19:44:14
tdma_packet_loss,1,30,0.3,5,5,0.05,0,0.361599,1.0,0.848724,50.0,False,500,500,354,8713,10266,500,2026-08-16T19:44:15
tdma_packet_loss,1,30,0.3,5,5,0.05,1,0.365635,1.0,0.854201,50.0,False,500,500,355,8794,10295,500,2026-08-16T19:44:16
tdma_packet_loss,1,30,0.3,5,5,0.05,2,0.429595,1.0,0.847899,50.0,False,500,500,348,8557,10092,500,2026-08-16T19:44:17
tdma_packet_loss,1,30,0.3,5,5,0.05,3,0.357534,1.0,0.852147,50.0,False,500,500,351,8674,10179,500,2026-08-16T19:44:14
tdma_packet_loss,1,30,0.3,5,5,0.05,4,0.407558,1.0,0.849226,50.0,False,500,500,341,8398,9889,500,2026-08-16T19:44:15
tdma_packet_loss,1,30,0.3,5,5,0.1,0,0.361599,1.0,0.848724,50.0,False,500,500,354,8713,10266,500,2026-08-16T19:44:16
tdma_packet_loss,1,30,0.3,5,5,0.1,1,0.365635,1.0,0.854201,50.0,False,500,500,355,8794,10295,500,2026-08-16T19:44:17
tdma_packet_loss,1,30,0.3,5,5,0.1,2,0.429595,1.0,0.847899,50.0,False,500,500,348,8557,10092,500,2026-08-16T19:44:16
tdma_packet_loss,1,30,0.3,5,5,0.1,3,0.357534,1.0,0.852147,50.0,False,500,500,351,8674,10179,500,2026-08-16T19:44:17
tdma_packet_loss,1,30,0.3,5,5,0.1,4,0.407558,1.0,0.849226,50.0,False,500,500,341,8398,9889,500,2026-08-16T19:44:19
tdma_packet_loss,1,30,0.3,10,0,0.025,0,0.408685,1.0,0.848724,50.0,False,500,500,354,8713,10266,500,2026-08-16T19:44:20
tdma_packet_loss,1,30,0.3,10,0,0.025,1,0.341439,1.0,0.854201,50.0,False,500,500,355,8794,10295,500,2026-08-16T19:44:17
tdma_packet_loss,1,30,0.3,10,0,0.025,2,0.327433,1.0,0.847899,50.0,False,500,500,348,8557,10092,500,2026-08-16T19:44:18
tdma_packet_loss,1,30,0.3,10,0,0.025,3,0.33063,1.0,0.852147,50.0,False,500,500,351,8674,10179,500,2026-08-16T19:44:19
tdma_packet_loss,1,30,0.3,10,0,0.025,4,0.397819,1.0,0.849226,50.0,False,500,500,341,8398,9889,500,2026-08-16T19:44:20
tdma_packet_loss,1,30,0.3,10,0,0.05,0,0.408685,1.0,0.848724,50.0,False,500,500,354,8713,10266,500,2026-08-16T19:44:17
tdma_packet_loss,1,30,0.3,10,0,0.05,1,0.341439,1.0,0.854201,50.0,False,500,500,355,8794,10295,500,2026-08-16T19:44:18
tdma_packet_loss,1,30,0.3,10,0,0.05,2,0.327433,1.0,0.847899,50.0,False,500,500,348,8557,10092,500,2026-08-16T19:44:19
tdma_packet_loss,1,30,0.3,10,0,0.05,3,0.33063,1.0,0.852147,50.0,False,500,500,351,8674,10179,500,2026-08-16T19:44:21
tdma_packet_loss,1,30,0.3,10,0,0.05,4,0.397819,1.0,0.849226,50.0,False,500,500,341,8398,9889,500,2026-08-16T19:44:18
tdma_packet_loss,1,30,0.3,10,0,0.1,0,0.408685,1.0,0.848724,50.0,False,500,500,354,8713,10266,500,2026-08-16T19:44:19
tdma_packet_loss,1,30,0.3,10,0,0.1,1,0.341439,1.0,0.854201,50.0,False,500,500,355,8794,10295,500,2026-08-16T19:44:20
tdma_packet_loss,1,30,0.3,10,0,0.1,2,0.327433,1.0,0.847899,50.0,False,500,500,348,8557,10092,500,2026-08-16T19:44:21
tdma_packet_loss,1,30,0.3,10,0,0.1,3,0.33063,1.0,0.852147,50.0,False,500,500,351,8674,10179,500,2026-08-16T19:44:18
tdma_packet_loss,1,30,0.3,10,0,0.1,4,0.397819,1.0,0.849226,50.0,False,500,500,341,8398,9889,500,2026-08-16T19:44:20
tdma_packet_loss,1,30,0.3,10,2,0.025,0,0.371812,1.0,0.847774,50.0,False,500,500,357,8777,10353,500,2026-08-16T19:44:21
tdma_packet_loss,1,30,0.3,10,2,0.025,1,0.378222,1.0,0.854363,50.0,False,500,500,358,8870,10382,500,2026-08-16T19:44:22
tdma_packet_loss,1,30,0.3,10,2,0.025,2,0.332949,1.0,0.847899,50.0,False,500,500,348,8557,10092,500,2026-08-16T19:44:19
tdma_packet_loss,1,30,0.3,10,2,0.025,3,0.321729,1.0,0.852105,50.0,False,500,500,353,8723,10237,500,2026-08-16T19:44:20
tdma_packet_loss,1,30,0.3,10,2,0.025,4,0.433467,1.0,0.849566,50.0,False,500,500,342,8426,9918,500,2026-08-16T19:44:21
tdma_packet_loss,1,30,0.3,10,2,0.05,0,0.371812,1.0,0.847774,50.0,False,500,500,357,8777,10353,500,2026-08-16T19:44:22
tdma_packet_loss,1,30,0.3,10,2,0.05,1,0.378222,1.0,0.854363,50.0,False,500,500,358,8870,10382,500,2026-08-16T19:44:21
tdma_packet_loss,1,30,0.3,10,2,0.05,2,0.332949,1.0,0.847899,50.0,False,500,500,348,8557,10092,500,2026-08-16T19:44:22
tdma_packet_loss,1,30,0.3,10,2,0.05,3,0.321729,1.0,0.852105,50.0,False,500,500,353,8723,10237,500,2026-08-16T19:44:24
tdma_packet_loss,1,30,0.3,10,2,0.05,4,0.433467,1.0,0.849566,50.0,False,500,500,342,8426,9918,500,2026-08-16T19:44:25
tdma_packet_loss,1,30,0.3,10,2,0.1,0,0.371812,1.0,0.847774,50.0,False,500,500,357,8777,10353,500,2026-08-16T19:44:21
tdma_packet_loss,1,30,0.3,10,2,0.1,1,0.378222,1.0,0.854363,50.0,False,500,500,358,8870,10382,500,2026-08-16T19:44:23
tdma_packet_loss,1,30,0.3,10,2,0.1,2,0.332949,1.0,0.847899,50.0,False,500,500,348,8557,10092,500,2026-08-16T19:44:24
tdma_packet_loss,1,30,0.3,10,2,0.1,3,0.321729,1.0,0.852105,50.0,False,500,500,353,8723,10237,500,2026-08-16T19:44:25
tdma_packet_loss,1,30,0.3,10,2,0.1,4,0.433467,1.0,0.849566,50.0,False,500,500,342,8426,9918,500,2026-08-16T19:44:22
tdma_packet_loss,1,30,0.3,10,5,0.025,0,0.343635,1.0,0.848562,50.0,False,500,500,337,8293,9773,500,2026-08-16T19:44:23
tdma_packet_loss,1,30,0.3,10,5,0.025,1,0.391723,1.0,0.854057,50.0,False,500,500,340,8421,9860,500,2026-08-16T19:44:25
tdma_packet_loss,1,30,0.3,10,5,0.025,2,0.362275,1.0,0.848589,50.0,False,500,500,330,8121,9570,500,2026-08-16T19:44:26
tdma_packet_loss,1,30,0.3,10,5,0.025,3,0.375507,1.0,0.852272,50.0,False,500,500,359,8873,10411,500,2026-08-16T19:44:22
tdma_packet_loss,1,30,0.3,10,5,0.025,4,0.393437,1.0,0.85001,50.0,False,500,500,346,8529,10034,500,2026-08-16T19:44:24
tdma_packet_loss,1,30,0.3,10,5,0.05,0,0.343635,1.0,0.848562,50.0,False,500,500,337,8293,9773,500,2026-08-16T19:44:25
tdma_packet_loss,1,30,0.3,10,5,0.05,1,0.391723,1.0,0.854057,50.0,False,500,500,340,8421,9860,500,2026-08-16T19:44:27
tdma_packet_loss,1,30,0.3,10,5,0.05,2,0.362275,1.0,0.848589,50.0,False,500,500,330,8121,9570,500,2026-08-16T19:44:24
tdma_packet_loss,1,30,0.3,10,5,0.05,3,0.375507,1.0,0.852272,50.0,False,500,500,359,8873,10411,500,2026-08-16T19:44:25
tdma_packet_loss,1,30,0.3,10,5,0.05,4,0.393437,1.0,0.85001,50.0,False,500,500,346,8529,10034,500,2026-08-16T19:44:26
tdma_packet_loss,1,30,0.3,10,5,0.1,0,0.343635,1.0,0.848562,50.0,False,500,500,337,8293,9773,500,2026-08-16T19:44:28
tdma_packet_loss,1,30,0.3,10,5,0.1,1,0.391723,1.0,0.854057,50.0,False,500,500,340,8421,9860,500,2026-08-16T19:44:24
tdma_packet_loss,1,30,0.3,10,5,0.1,2,0.362275,1.0,0.848589,50.0,False,500,500,330,8121,9570,500,2026-08-16T19:44:25
tdma_packet_loss,1,30,0.3,10,5,0.1,3,0.375507,1.0,0.852272,50.0,False,500,500,359,8873,10411,500,2026-08-16T19:44:27
tdma_packet_loss,1,30,0.3,10,5,0.1,4,0.393437,1.0,0.85001,50.0,False,500,500,346,8529,10034,500,2026-08-16T19:44:28
tdma_packet_loss,1,50,0.0,3,0,0.025,0,0.63098,0.333333,1.0,11.8,True,118,43,119,5831,5831,119,2026-08-16T19:44:25
tdma_packet_loss,1,50,0.0,3,0,0.025,1,0.634342,1.0,1.0,5.6,True,56,50,57,2793,2793,57,2026-08-16T19:44:26
tdma_packet_loss,1,50,0.0,3,0,0.025,2,0.663339,0.333333,1.0,37.8,True,378,69,379,18571,18571,379,2026-08-16T19:44:27
tdma_packet_loss,1,50,0.0,3,0,0.025,3,0.682227,0.0,1.0,17.4,True,174,60,175,8575,8575,175,2026-08-16T19:44:27
tdma_packet_loss,1,50,0.0,3,0,0.025,4,0.586165,0.333333,1.0,6.4,True,64,50,65,3185,3185,65,2026-08-16T19:44:26
tdma_packet_loss,1,50,0.0,3,0,0.05,0,0.63098,0.333333,1.0,11.8,True,118,43,119,5831,5831,119,2026-08-16T19:44:26
tdma_packet_loss,1,50,0.0,3,0,0.05,1,0.634342,1.0,1.0,5.6,True,56,50,57,2793,2793,57,2026-08-16T19:44:26
tdma_packet_loss,1,50,0.0,3,0,0.05,2,0.663339,0.333333,1.0,37.8,True,378,69,379,18571,18571,379,2026-08-16T19:44:27
tdma_packet_loss,1,50,0.0,3,0,0.05,3,0.682227,0.0,1.0,17.4,True,174,60,175,8575,8575,175,2026-08-16T19:44:27
tdma_packet_loss,1,50,0.0,3,0,0.05,4,0.586165,0.333333,1.0,6.4,True,64,50,65,3185,3185,65,2026-08-16T19:44:27
tdma_packet_loss,1,50,0.0,3,0,0.1,0,0.63098,0.333333,1.0,11.8,True,118,43,119,5831,5831,119,2026-08-16T19:44:27
tdma_packet_loss,1,50,0.0,3,0,0.1,1,0.634342,1.0,1.0,5.6,True,56,50,57,2793,2793,57,2026-08-16T19:44:27
tdma_packet_loss,1,50,0.0,3,0,0.1,2,0.663339,0.333333,1.0,37.8,True,378,69,379,18571,18571,379,2026-08-16T19:44:28
tdma_packet_loss,1,50,0.0,3,0,0.1,3,0.682227,0.0,1.0,17.4,True,174,60,175,8575,8575,175,2026-08-16T19:44:29
tdma_packet_loss,1,50,0.0,3,0,0.1,4,0.586165,0.333333,1.0,6.4,True,64,50,65,3185,3185,65,2026-08-16T19:44:29
tdma_packet_loss,1,50,0.0,3,2,0.025,0,0.705644,1.0,1.0,2.9,True,29,88,89,4361,4361,89,2026-08-16T19:44:29
tdma_packet_loss,1,50,0.0,3,2,0.025,1,0.639529,0.666667,1.0,11.1,True,111,60,112,5488,5488,112,2026-08-16T19:44:28
tdma_packet_loss,1,50,0.0,3,2,0.025,2,0.614683,0.666667,1.0,6.8,True,68,23,69,3381,3381,69,2026-08-16T19:44:28
tdma_packet_loss,1,50,0.0,3,2,0.025,3,0.600345,1.0,1.0,12.1,True,121,66,122,5978,5978,122,2026-08-16T19:44:28
tdma_packet_loss,1,50,0.0,3,2,0.025,4,0.65846,1.0,1.0,50.0,False,500,17,500,24500,24500,500,2026-08-16T19:44:30
tdma_packet_loss,1,50,0.0,3,2,0.05,0,0.705644,1.0,1.0,2.9,True,29,88,89,4361,4361,89,2026-08-16T19:44:28
tdma_packet_loss,1,50,0.0,3,2,0.05,1,0.639529,0.666667,1.0,11.1,True,111,60,112,5488,5488,112,2026-08-16T19:44:28
tdma_packet_loss,1,50,0.0,3,2,0.05,2,0.614683,0.666667,1.0,6.8,True,68,23,69,3381,3381,69,2026-08-16T19:44:28
tdma_packet_loss,1,50,0.0,3,2,0.05,3,0.600345,1.0,1.0,12.1,True,121,66,122,5978,5978,122,2026-08-16T19:44:29
tdma_packet_loss,1,50,0.0,3,2,0.05,4,0.65846,1.0,1.0,50.0,False,500,17,500,24500,24500,500,2026-08-16T19:44:29
tdma_packet_loss,1,50,0.0,3,2,0.1,0,0.705644,1.0,1.0,2.9,True,29,88,89,4361,4361,89,2026-08-16T19:44:29
tdma_packet_loss,1,50,0.0,3,2,0.1,1,0.639529,0.666667,1.0,11.1,True,111,60,112,5488,5488,112,2026-08-16T19:44:30
tdma_packet_loss,1,50,0.0,3,2,0.1,2,0.614683,0.666667,1.0,6.8,True,68,23,69,3381,3381,69,2026-08-16T19:44:30
tdma_packet_loss,1,50,0.0,3,2,0.1,3,0.600345,1.0,1.0,12.1,True,121,66,122,5978,5978,122,2026-08-16T19:44:28
tdma_packet_loss,1,50,0.0,3,2,0.1,4,0.65846,1.0,1.0,50.0,False,500,17,500,24500,24500,500,2026-08-16T19:44:30
tdma_packet_loss,1,50,0.0,3,5,0.025,0,0.599383,0.0,1.0,40.5,True,405,60,406,19894,19894,406,2026-08-16T19:44:31
tdma_packet_loss,1,50,0.0,3,5,0.025,1,0.693756,0.333333,1.0,46.9,True,469,45,470,23030,23030,470,2026-08-16T19:44:33
tdma_packet_loss,1,50,0.0,3,5,0.025,2,0.415229,0.666667,1.0,1.9,True,19,16,20,980,980,20,2026-08-16T19:44:28
tdma_packet_loss,1,50,0.0,3,5,0.025,3,0.654152,0.333333,1.0,8.1,True,81,27,82,4018,4018,82,2026-08-16T19:44:28
tdma_packet_loss,1,50,0.0,3,5,0.025,4,0.609627,0.666667,1.0,48.7,True,487,17,488,23912,23912,488,2026-08-16T19:44:30
tdma_packet_loss,1,50,0.0,3,5,0.05,0,0.599383,0.0,1.0,40.5,True,405,60,406,19894,19894,406,2026-08-16T19:44:32
tdma_packet_loss,1,50,0.0,3,5,0.05,1,0.693756,0.333333,1.0,46.9,True,469,45,470,23030,23030,470,2026-08-16T19:44:31
tdma_packet_loss,1,50,0.0,3,5,0.05,2,0.415229,0.666667,1.0,1.9,True,19,16,20,980,980,20,2026-08-16T19:44:31
tdma_packet_loss,1,50,0.0,3,5,0.05,3,0.654152,0.333333,1.0,8.1,True,81,27,82,4018,4018,82,2026-08-16T19:44:31
tdma_packet_loss,1,50,0.0,3,5,0.05,4,0.609627,0.666667,1.0,48.7,True,487,17,488,23912,23912,488,2026-08-16T19:44:33
tdma_packet_loss,1,50,0.0,3,5,0.1,0,0.599383,0.0,1.0,40.5,True,405,60,406,19894,19894,406,2026-08-16T19:44:31
tdma_packet_loss,1,50,0.0,3,5,0.1,1,0.693756,0.333333,1.0,46.9,True,469,45,470,23030,23030,470,2026-08-16T19:44:32
tdma_packet_loss,1,50,0.0,3,5,0.1,2,0.415229,0.666667,1.0,1.9,True,19,16,20,980,980,20,2026-08-16T19:44:32
tdma_packet_loss,1,50,0.0,3,5,0.1,3,0.654152,0.333333,1.0,8.1,True,81,27,82,4018,4018,82,2026-08-16T19:44:33
tdma_packet_loss,1,50,0.0,3,5,0.1,4,0.609627,0.666667,1.0,48.7,True,487,17,488,23912,23912,488,2026-08-16T19:44:32
tdma_packet_loss,1,50,0.0,5,0,0.025,0,0.570614,0.0,1.0,33.9,True,339,124,340,16660,16660,340,2026-08-16T19:44:33
tdma_packet_loss,1,50,0.0,5,0,0.025,1,0.522809,0.0,1.0,27.9,True,279,87,280,13720,13720,280,2026-08-16T19:44:34
tdma_packet_loss,1,50,0.0,5,0,0.025,2,0.568786,1.0,1.0,8.1,True,81,180,181,8869,8869,181,2026-08-16T19:44:35
tdma_packet_loss,1,50,0.0,5,0,0.025,3,0.454103,1.0,1.0,50.0,False,500,111,500,24500,24500,500,2026-08-16T19:44:32
tdma_packet_loss,1,50,0.0,5,0,0.025,4,0.4667,1.0,1.0,8.9,True,89,248,249,12201,12201,249,2026-08-16T19:44:33
tdma_packet_loss,1,50,0.0,5,0,0.05,0,0.570614,0.0,1.0,33.9,True,339,124,340,16660,16660,340,2026-08-16T19:44:34
tdma_packet_loss,1,50,0.0,5,0,0.05,1,0.522809,0.0,1.0,27.9,True,279,87,280,13720,13720,280,2026-08-16T19:44:35
tdma_packet_loss,1,50,0.0,5,0,0.05,2,0.568786,1.0,1.0,8.1,True,81,180,181,8869,8869,181,2026-08-16T19:44:32
tdma_packet_loss,1,50,0.0,5,0,0.05,3,0.454103,1.0,1.0,50.0,False,500,111,500,24500,24500,500,2026-08-16T19:44:34
tdma_packet_loss,1,50,0.0,5,0,0.05,4,0.4667,1.0,1.0,8.9,True,89,248,249,12201,12201,249,2026-08-16T19:44:35
tdma_packet_loss,1,50,0.0,5,0,0.1,0,0.570614,0.0,1.0,33.9,True,339,124,340,16660,16660,340,2026-08-16T19:44:36
tdma_packet_loss,1,50,0.0,5,0,0.1,1,0.522809,0.0,1.0,27.9,True,279,87,280,13720,13720,280,2026-08-16T19:44:34
tdma_packet_loss,1,50,0.0,5,0,0.1,2,0.568786,1.0,1.0,8.1,True,81,180,181,8869,8869,181,2026-08-16T19:44:34
tdma_packet_loss,1,50,0.0,5,0,0.1,3,0.454103,1.0,1.0,50.0,False,500,111,500,24500,24500,500,2026-08-16T19:44:36
tdma_packet_loss,1,50,0.0,5,0,0.1,4,0.4667,1.0,1.0,8.9,True,89,248,249,12201,12201,249,2026-08-16T19:44:37
tdma_packet_loss,1,50,0.0,5,2,0.025,0,0.641745,1.0,1.0,50.0,False,500,238,500,24500,24500,500,2026-08-16T19:44:35
tdma_packet_loss,1,50,0.0,5,2,0.025,1,0.584831,0.4,1.0,29.3,True,293,136,294,14406,14406,294,2026-08-16T19:44:36
tdma_packet_loss,1,50,0.0,5,2,0.025,2,0.634586,0.2,1.0,19.5,True,195,85,196,9604,9604,196,2026-08-16T19:44:37
tdma_packet_loss,1,50,0.0,5,2,0.025,3,0.60508,1.0,1.0,50.0,False,500,175,500,24500,24500,500,2026-08-16T19:44:39
tdma_packet_loss,1,50,0.0,5,2,0.025,4,0.600665,0.0,1.0,36.4,True,364,105,365,17885,17885,365,2026-08-16T19:44:35
tdma_packet_loss,1,50,0.0,5,2,0.05,0,0.641745,1.0,1.0,50.0,False,500,238,500,24500,24500,500,2026-08-16T19:44:36
tdma_packet_loss,1,50,0.0,5,2,0.05,1,0.584831,0.4,1.0,29.3,True,293,136,294,14406,14406,294,2026-08-16T19:44:38
tdma_packet_loss,1,50,0.0,5,2,0.05,2,0.634586,0.2,1.0,19.5,True,195,85,196,9604,9604,196,2026-08-16T19:44:39
tdma_packet_loss,1,50,0.0,5,2,0.05,3,0.60508,1.0,1.0,50.0,False,500,175,500,24500,24500,500,2026-08-16T19:44:37
tdma_packet_loss,1,50,0.0,5,2,0.05,4,0.600665,0.0,1.0,36.4,True,364,105,365,17885,17885,365,2026-08-16T19:44:38
tdma_packet_loss,1,50,0.0,5,2,0.1,0,0.641745,1.0,1.0,50.0,False,500,238,500,24500,24500,500,2026-08-16T19:44:40
tdma_packet_loss,1,50,0.0,5,2,0.1,1,0.584831,0.4,1.0,29.3,True,293,136,294,14406,14406,294,2026-08-16T19:44:41
tdma_packet_loss,1,50,0.0,5,2,0.1,2,0.634586,0.2,1.0,19.5,True,195,85,196,9604,9604,196,2026-08-16T19:44:36
tdma_packet_loss,1,50,0.0,5,2,0.1,3,0.60508,1.0,1.0,50.0,False,500,175,500,24500,24500,500,2026-08-16T19:44:38
tdma_packet_loss,1,50,0.0,5,2,0.1,4,0.600665,0.0,1.0,36.4,True,364,105,365,17885,17885,365,2026-08-16T19:44:39
tdma_packet_loss,1,50,0.0,5,5,0.025,0,0.520222,1.0,1.0,50.0,False,500,133,500,24500,24500,500,2026-08-16T19:44:42
tdma_packet_loss,1,50,0.0,5,5,0.025,1,0.63973,1.0,1.0,7.9,True,79,86,87,4263,4263,87,2026-08-16T19:44:37
tdma_packet_loss,1,50,0.0,5,5,0.025,2,0.514444,1.0,1.0,50.0,False,500,414,500,24500,24500,500,2026-08-16T19:44:39
tdma_packet_loss,1,50,0.0,5,5,0.025,3,0.504932,0.4,1.0,23.3,True,233,70,234,11466,11466,234,2026-08-16T19:44:40
tdma_packet_loss,1,50,0.0,5,5,0.025,4,0.621126,0.4,1.0,26.9,True,269,78,270,13230,13230,270,2026-08-16T19:44:41
tdma_packet_loss,1,50,0.0,5,5,0.05,0,0.520222,1.0,1.0,50.0,False,500,133,500,24500,24500,500,2026-08-16T19:44:39
tdma_packet_loss,1,50,0.0,5,5,0.05,1,0.63973,1.0,1.0,7.9,True,79,86,87,4263,4263,87,2026-08-16T19:44:39
tdma_packet_loss,1,50,0.0,5,5,0.05,2,0.514444,1.0,1.0,50.0,False,500,414,500,24500,24500,500,2026-08-16T19:44:42
tdma_packet_loss,1,50,0.0,5,5,0.05,3,0.504932,0.4,1.0,23.3,True,233,70,234,11466,11466,234,2026-08-16T19:44:43
tdma_packet_loss,1,50,0.0,5,5,0.05,4,0.621126,0.4,1.0,26.9,True,269,78,270,13230,13230,270,2026-08-16T19:44:40
tdma_packet_loss,1,50,0.0,5,5,0.1,0,0.520222,1.0,1.0,50.0,False,500,133,500,24500,24500,500,2026-08-16T19:44:42
tdma_packet_loss,1,50,0.0,5,5,0.1,1,0.63973,1.0,1.0,7.9,True,79,86,87,4263,4263,87,2026-08-16T19:44:42
tdma_packet_loss,1,50,0.0,5,5,0.1,2,0.514444,1.0,1.0,50.0,False,500,414,500,24500,24500,500,2026-08-16T19:44:44
tdma_packet_loss,1,50,0.0,5,5,0.1,3,0.504932,0.4,1.0,23.3,True,233,70,234,11466,11466,234,2026-08-16T19:44:40
tdma_packet_loss,1,50,0.0,5,5,0.1,4,0.621126,0.4,1.0,26.9,True,269,78,270,13230,13230,270,2026-08-16T19:44:41
tdma_packet_loss,1,50,0.0,10,0,0.025,0,0.403645,0.0,1.0,40.2,True,402,356,403,19747,19747,403,2026-08-16T19:44:43
tdma_packet_loss,1,50,0.0,10,0,0.025,1,0.462272,1.0,1.0,50.0,False,500,500,500,24500,24500,500,2026-08-16T19:44:45
tdma_packet_loss,1,50,0.0,10,0,0.025,2,0.426621,1.0,1.0,50.0,False,500,500,500,24500,24500,500,2026-08-16T19:44:43
tdma_packet_loss,1,50,0.0,10,0,0.025,3,0.358036,1.0,1.0,50.0,False,500,500,500,24500,24500,500,2026-08-16T19:44:46
tdma_packet_loss,1,50,0.0,10,0,0.025,4,0.580514,1.0,1.0,50.0,False,500,500,500,24500,24500,500,2026-08-16T19:44:48
tdma_packet_loss,1,50,0.0,10,0,0.05,0,0.403645,0.0,1.0,40.2,True,402,356,403,19747,19747,403,2026-08-16T19:44:50
tdma_packet_loss,1,50,0.0,10,0,0.05,1,0.462272,1.0,1.0,50.0,False,500,500,500,24500,24500,500,2026-08-16T19:44:44
tdma_packet_loss,1,50,0.0,10,0,0.05,2,0.426621,1.0,1.0,50.0,False,500,500,500,24500,24500,500,2026-08-16T19:44:46
tdma_packet_loss,1,50,0.0,10,0,0.05,3,0.358036,1.0,1.0,50.0,False,500,500,500,24500,24500,500,2026-08-16T19:44:49
tdma_packet_loss,1,50,0.0,10,0,0.05,4,0.580514,1.0,1.0,50.0,False,500,500,500,24500,24500,500,2026-08-16T19:44:51
tdma_packet_loss,1,50,0.0,10,0,0.1,0,0.403645,0.0,1.0,40.2,True,402,356,403,19747,19747,403,2026-08-16T19:44:44
tdma_packet_loss,1,50,0.0,10,0,0.1,1,0.462272,1.0,1.0,50.0,False,500,500,500,24500,24500,500,2026-08-16T19:44:46
tdma_packet_loss,1,50,0.0,10,0,0.1,2,0.426621,1.0,1.0,50.0,False,500,500,500,24500,24500,500,2026-08-16T19:44:48
tdma_packet_loss,1,50,0.0,10,0,0.1,3,0.358036,1.0,1.0,50.0,False,500,500,500,24500,24500,500,2026-08-16T19:44:50
tdma_packet_loss,1,50,0.0,10,0,0.1,4,0.580514,1.0,1.0,50.0,False,500,500,500,24500,24500,500,2026-08-16T19:44:45
tdma_packet_loss,1,50,0.0,10,2,0.025,0,0.397778,1.0,1.0,50.0,False,500,500,500,24500,24500,500,2026-08-16T19:44:48
tdma_packet_loss,1,50,0.0,10,2,0.025,1,0.445425,1.0,1.0,50.0,False,500,500,500,24500,24500,500,2026-08-16T19:44:50
tdma_packet_loss,1,50,0.0,10,2,0.025,2,0.403101,1.0,1.0,50.0,False,500,500,500,24500,24500,500,2026-08-16T19:44:52
tdma_packet_loss,1,50,0.0,10,2,0.025,3,0.379498,1.0,1.0,50.0,False,500,500,500,24500,24500,500,2026-08-16T19:44:47
tdma_packet_loss,1,50,0.0,10,2,0.025,4,0.474814,1.0,1.0,50.0,False,500,341,500,24500,24500,500,2026-08-16T19:44:49
tdma_packet_loss,1,50,0.0,10,2,0.05,0,0.397778,1.0,1.0,50.0,False,500,500,500,24500,24500,500,2026-08-16T19:44:52
tdma_packet_loss,1,50,0.0,10,2,0.05,1,0.445425,1.0,1.0,50.0,False,500,500,500,24500,24500,500,2026-08-16T19:44:54
tdma_packet_loss,1,50,0.0,10,2,0.05,2,0.403101,1.0,1.0,50.0,False,500,500,500,24500,24500,500,2026-08-16T19:44:48
tdma_packet_loss,1,50,0.0,10,2,0.05,3,0.379498,1.0,1.0,50.0,False,500,500,500,24500,24500,500,2026-08-16T19:44:50
tdma_packet_loss,1,50,0.0,10,2,0.05,4,0.474814,1.0,1.0,50.0,False,500,341,500,24500,24500,500,2026-08-16T19:44:52
tdma_packet_loss,1,50,0.0,10,2,0.1,0,0.397778,1.0,1.0,50.0,False,500,500,500,24500,24500,500,2026-08-16T19:44:55
tdma_packet_loss,1,50,0.0,10,2,0.1,1,0.445425,1.0,1.0,50.0,False,500,500,500,24500,24500,500,2026-08-16T19:44:52
tdma_packet_loss,1,50,0.0,10,2,0.1,2,0.403101,1.0,1.0,50.0,False,500,500,500,24500,24500,500,2026-08-16T19:44:55
tdma_packet_loss,1,50,0.0,10,2,0.1,3,0.379498,1.0,1.0,50.0,False,500,500,500,24500,24500,500,2026-08-16T19:44:57
tdma_packet_loss,1,50,0.0,10,2,0.1,4,0.474814,1.0,1.0,50.0,False,500,341,500,24500,24500,500,2026-08-16T19:44:59
tdma_packet_loss,1,50,0.0,10,5,0.025,0,0.386929,1.0,1.0,50.0,False,500,500,500,24500,24500,500,2026-08-16T19:44:53
tdma_packet_loss,1,50,0.0,10,5,0.025,1,0.470015,1.0,1.0,50.0,False,500,500,500,24500,24500,500,2026-08-16T19:44:56
tdma_packet_loss,1,50,0.0,10,5,0.025,2,0.450683,1.0,1.0,50.0,False,500,500,500,24500,24500,500,2026-08-16T19:44:58
tdma_packet_loss,1,50,0.0,10,5,0.025,3,0.402416,1.0,1.0,50.0,False,500,500,500,24500,24500,500,2026-08-16T19:45:01
tdma_packet_loss,1,50,0.0,10,5,0.025,4,0.450508,1.0,1.0,50.0,False,500,500,500,24500,24500,500,2026-08-16T19:44:53
tdma_packet_loss,1,50,0.0,10,5,0.05,0,0.386929,1.0,1.0,50.0,False,500,500,500,24500,24500,500,2026-08-16T19:44:56
tdma_packet_loss,1,50,0.0,10,5,0.05,1,0.470015,1.0,1.0,50.0,False,500,500,500,24500,24500,500,2026-08-16T19:44:59
tdma_packet_loss,1,50,0.0,10,5,0.05,2,0.450683,1.0,1.0,50.0,False,500,500,500,24500,24500,500,2026-08-16T19:45:01
tdma_packet_loss,1,50,0.0,10,5,0.05,3,0.402416,1.0,1.0,50.0,False,500,500,500,24500,24500,500,2026-08-16T19:44:55
tdma_packet_loss,1,50,0.0,10,5,0.05,4,0.450508,1.0,1.0,50.0,False,500,500,500,24500,24500,500,2026-08-16T19:44:57
tdma_packet_loss,1,50,0.0,10,5,0.1,0,0.386929,1.0,1.0,50.0,False,500,500,500,24500,24500,500,2026-08-16T19:45:00
tdma_packet_loss,1,50,0.0,10,5,0.1,1,0.470015,1.0,1.0,50.0,False,500,500,500,24500,24500,500,2026-08-16T19:45:03
tdma_packet_loss,1,50,0.0,10,5,0.1,2,0.450683,1.0,1.0,50.0,False,500,500,500,24500,24500,500,2026-08-16T19:44:57
tdma_packet_loss,1,50,0.0,10,5,0.1,3,0.402416,1.0,1.0,50.0,False,500,500,500,24500,24500,500,2026-08-16T19:44:59
tdma_packet_loss,1,50,0.0,10,5,0.1,4,0.450508,1.0,1.0,50.0,False,500,500,500,24500,24500,500,2026-08-16T19:45:02
tdma_packet_loss,1,50,0.05,3,0,0.025,0,0.491194,0.0,0.975952,46.3,True,463,44,443,21185,21707,464,2026-08-16T19:45:03
tdma_packet_loss,1,50,0.05,3,0,0.025,1,0.579371,0.0,0.977151,40.6,True,406,60,393,18817,19257,407,2026-08-16T19:44:56
tdma_packet_loss,1,50,0.05,3,0,0.025,2,0.625339,1.0,0.974651,50.0,False,500,22,475,22685,23275,500,2026-08-16T19:44:58
tdma_packet_loss,1,50,0.05,3,0,0.025,3,0.612569,1.0,0.976725,50.0,False,500,118,477,22829,23373,500,2026-08-16T19:44:59
tdma_packet_loss,1,50,0.05,3,0,0.025,4,0.597998,1.0,0.976845,50.0,False,500,55,483,23119,23667,500,2026-08-16T19:45:01
tdma_packet_loss,1,50,0.05,3,0,0.05,0,0.491194,0.0,0.975952,46.3,True,463,44,443,21185,21707,464,2026-08-16T19:45:01
tdma_packet_loss,1,50,0.05,3,0,0.05,1,0.579371,0.0,0.977151,40.6,True,406,60,393,18817,19257,407,2026-08-16T19:45:02
tdma_packet_loss,1,50,0.05,3,0,0.05,2,0.625339,1.0,0.974651,50.0,False,500,22,475,22685,23275,500,2026-08-16T19:45:04
tdma_packet_loss,1,50,0.05,3,0,0.05,3,0.612569,1.0,0.976725,50.0,False,500,118,477,22829,23373,500,2026-08-16T19:45:06
tdma_packet_loss,1,50,0.05,3,0,0.05,4,0.597998,1.0,0.976845,50.0,False,500,55,483,23119,23667,500,2026-08-16T19:45:02
tdma_packet_loss,1,50,0.05,3,0,0.1,0,0.491194,0.0,0.975952,46.3,True,463,44,443,21185,21707,464,2026-08-16T19:45:04
tdma_packet_loss,1,50,0.05,3,0,0.1,1,0.579371,0.0,0.977151,40.6,True,406,60,393,18817,19257,407,2026-08-16T19:45:05
tdma_packet_loss,1,50,0.05,3,0,0.1,2,0.625339,1.0,0.974651,50.0,False,500,22,475,22685,23275,500,2026-08-16T19:45:07
tdma_packet_loss,1,50,0.05,3,0,0.1,3,0.612569,1.0,0.976725,50.0,False,500,118,477,22829,23373,500,2026-08-16T19:45:03
tdma_packet_loss,1,50,0.05,3,0,0.1,4,0.597998,1.0,0.976845,50.0,False,500,55,483,23119,23667,500,2026-08-16T19:45:05
tdma_packet_loss,1,50,0.05,3,2,0.025,0,0.592354,1.0,0.975085,50.0,False,500,94,480,22934,23520,500,2026-08-16T19:45:06
tdma_packet_loss,1,50,0.05,3,2,0.025,1,0.632107,1.0,0.976076,50.0,False,500,58,476,22766,23324,500,2026-08-16T19:45:08
tdma_packet_loss,1,50,0.05,3,2,0.025,2,0.60602,1.0,0.974706,50.0,False,500,68,472,22543,23128,500,2026-08-16T19:45:03
tdma_packet_loss,1,50,0.05,3,2,0.025,3,0.663192,1.0,0.976997,50.0,False,500,77,464,22213,22736,500,2026-08-16T19:45:05
tdma_packet_loss,1,50,0.05,3,2,0.025,4,0.664674,1.0,0.977196,50.0,False,500,17,477,22840,23373,500,2026-08-16T19:45:06
tdma_packet_loss,1,50,0.05,3,2,0.05,0,0.592354,1.0,0.975085,50.0,False,500,94,480,22934,23520,500,2026-08-16T19:45:08
tdma_packet_loss,1,50,0.05,3,2,0.05,1,0.632107,1.0,0.976076,50.0,False,500,58,476,22766,23324,500,2026-08-16T19:45:05
tdma_packet_loss,1,50,0.05,3,2,0.05,2,0.60602,1.0,0.974706,50.0,False,500,68,472,22543,23128,500,2026-08-16T19:45:06
tdma_packet_loss,1,50,0.05,3,2,0.05,3,0.663192,1.0,0.976997,50.0,False,500,77,464,22213,22736,500,2026-08-16T19:45:08
tdma_packet_loss,1,50,0.05,3,2,0.05,4,0.664674,1.0,0.977196,50.0,False,500,17,477,22840,23373,500,2026-08-16T19:45:09
tdma_packet_loss,1,50,0.05,3,2,0.1,0,0.592354,1.0,0.975085,50.0,False,500,94,480,22934,23520,500,2026-08-16T19:45:05
tdma_packet_loss,1,50,0.05,3,2,0.1,1,0.632107,1.0,0.976076,50.0,False,500,58,476,22766,23324,500,2026-08-16T19:45:07
tdma_packet_loss,1,50,0.05,3,2,0.1,2,0.60602,1.0,0.974706,50.0,False,500,68,472,22543,23128,500,2026-08-16T19:45:08
tdma_packet_loss,1,50,0.05,3,2,0.1,3,0.663192,1.0,0.976997,50.0,False,500,77,464,22213,22736,500,2026-08-16T19:45:10
tdma_packet_loss,1,50,0.05,3,2,0.1,4,0.664674,1.0,0.977196,50.0,False,500,17,477,22840,23373,500,2026-08-16T19:45:07
tdma_packet_loss,1,50,0.05,3,5,0.025,0,0.564669,1.0,0.975295,50.0,False,500,31,475,22700,23275,500,2026-08-16T19:45:09
tdma_packet_loss,1,50,0.05,3,5,0.025,1,0.63024,1.0,0.975993,50.0,False,500,89,482,23051,23618,500,2026-08-16T19:45:11
tdma_packet_loss,1,50,0.05,3,5,0.025,2,0.630397,1.0,0.97481,50.0,False,500,16,478,22832,23422,500,2026-08-16T19:45:13
tdma_packet_loss,1,50,0.05,3,5,0.025,3,0.542413,1.0,0.976943,50.0,False,500,29,470,22499,23030,500,2026-08-16T19:45:08
tdma_packet_loss,1,50,0.05,3,5,0.025,4,0.559841,1.0,0.9771,50.0,False,500,17,475,22742,23275,500,2026-08-16T19:45:10
tdma_packet_loss,1,50,0.05,3,5,0.05,0,0.564669,1.0,0.975295,50.0,False,500,31,475,22700,23275,500,2026-08-16T19:45:12
tdma_packet_loss,1,50,0.05,3,5,0.05,1,0.63024,1.0,0.975993,50.0,False,500,89,482,23051,23618,500,2026-08-16T19:45:14
tdma_packet_loss,1,50,0.05,3,5,0.05,2,0.630397,1.0,0.97481,50.0,False,500,16,478,22832,23422,500,2026-08-16T19:45:09
tdma_packet_loss,1,50,0.05,3,5,0.05,3,0.542413,1.0,0.976943,50.0,False,500,29,470,22499,23030,500,2026-08-16T19:45:11
tdma_packet_loss,1,50,0.05,3,5,0.05,4,0.559841,1.0,0.9771,50.0,False,500,17,475,22742,23275,500,2026-08-16T19:45:13
tdma_packet_loss,1,50,0.05,3,5,0.1,0,0.564669,1.0,0.975295,50.0,False,500,31,475,22700,23275,500,2026-08-16T19:45:15
tdma_packet_loss,1,50,0.05,3,5,0.1,1,0.63024,1.0,0.975993,50.0,False,500,89,482,23051,23618,500,2026-08-16T19:45:10
tdma_packet_loss,1,50,0.05,3,5,0.1,2,0.630397,1.0,0.97481,50.0,False,500,16,478,22832,23422,500,2026-08-16T19:45:11
tdma_packet_loss,1,50,0.05,3,5,0.1,3,0.542413,1.0,0.976943,50.0,False,500,29,470,22499,23030,500,2026-08-16T19:45:13
tdma_packet_loss,1,50,0.05,3,5,0.1,4,0.559841,1.0,0.9771,50.0,False,500,17,475,22742,23275,500,2026-08-16T19:45:15
tdma_packet_loss,1,50,0.05,5,0,0.025,0,0.544087,1.0,0.975085,50.0,False,500,128,480,22934,23520,500,2026-08-16T19:45:11
tdma_packet_loss,1,50,0.05,5,0,0.025,1,0.463198,1.0,0.976076,50.0,False,500,296,476,22766,23324,500,2026-08-16T19:45:13
tdma_packet_loss,1,50,0.05,5,0,0.025,2,0.462174,1.0,0.974706,50.0,False,500,500,472,22543,23128,500,2026-08-16T19:45:15
tdma_packet_loss,1,50,0.05,5,0,0.025,3,0.486349,1.0,0.976997,50.0,False,500,500,464,22213,22736,500,2026-08-16T19:45:16
tdma_packet_loss,1,50,0.05,5,0,0.025,4,0.476626,1.0,0.977196,50.0,False,500,131,477,22840,23373,500,2026-08-16T19:45:11
tdma_packet_loss,1,50,0.05,5,0,0.05,0,0.544087,1.0,0.975085,50.0,False,500,128,480,22934,23520,500,2026-08-16T19:45:13
tdma_packet_loss,1,50,0.05,5,0,0.05,1,0.463198,1.0,0.976076,50.0,False,500,296,476,22766,23324,500,2026-08-16T19:45:15
tdma_packet_loss,1,50,0.05,5,0,0.05,2,0.462174,1.0,0.974706,50.0,False,500,500,472,22543,23128,500,2026-08-16T19:45:17
tdma_packet_loss,1,50,0.05,5,0,0.05,3,0.486349,1.0,0.976997,50.0,False,500,500,464,22213,22736,500,2026-08-16T19:45:14
tdma_packet_loss,1,50,0.05,5,0,0.05,4,0.476626,1.0,0.977196,50.0,False,500,131,477,22840,23373,500,2026-08-16T19:45:16
tdma_packet_loss,1,50,0.05,5,0,0.1,0,0.544087,1.0,0.975085,50.0,False,500,128,480,22934,23520,500,2026-08-16T19:45:18
tdma_packet_loss,1,50,0.05,5,0,0.1,1,0.463198,1.0,0.976076,50.0,False,500,296,476,22766,23324,500,2026-08-16T19:45:20
tdma_packet_loss,1,50,0.05,5,0,0.1,2,0.462174,1.0,0.974706,50.0,False,500,500,472,22543,23128,500,2026-08-16T19:45:15
tdma_packet_loss,1,50,0.05,5,0,0.1,3,0.486349,1.0,0.976997,50.0,False,500,500,464,22213,22736,500,2026-08-16T19:45:17
tdma_packet_loss,1,50,0.05,5,0,0.1,4,0.476626,1.0,0.977196,50.0,False,500,131,477,22840,23373,500,2026-08-16T19:45:19
tdma_packet_loss,1,50,0.05,5,2,0.025,0,0.560443,1.0,0.975364,50.0,False,500,444,473,22606,23177,500,2026-08-16T19:45:21
tdma_packet_loss,1,50,0.05,5,2,0.025,1,0.5331,1.0,0.975935,50.0,False,500,35,480,22954,23520,500,2026-08-16T19:45:16
tdma_packet_loss,1,50,0.05,5,2,0.025,2,0.576229,1.0,0.974704,50.0,False,500,84,476,22734,23324,500,2026-08-16T19:45:18
tdma_packet_loss,1,50,0.05,5,2,0.025,3,0.515151,1.0,0.976845,50.0,False,500,500,468,22401,22932,500,2026-08-16T19:45:21
tdma_packet_loss,1,50,0.05,5,2,0.025,4,0.569169,1.0,0.977348,50.0,False,500,324,473,22652,23177,500,2026-08-16T19:45:22
tdma_packet_loss,1,50,0.05,5,2,0.05,0,0.560443,1.0,0.975364,50.0,False,500,444,473,22606,23177,500,2026-08-16T19:45:17
tdma_packet_loss,1,50,0.05,5,2,0.05,1,0.5331,1.0,0.975935,50.0,False,500,35,480,22954,23520,500,2026-08-16T19:45:19
tdma_packet_loss,1,50,0.05,5,2,0.05,2,0.576229,1.0,0.974704,50.0,False,500,84,476,22734,23324,500,2026-08-16T19:45:21
tdma_packet_loss,1,50,0.05,5,2,0.05,3,0.515151,1.0,0.976845,50.0,False,500,500,468,22401,22932,500,2026-08-16T19:45:23
tdma_packet_loss,1,50,0.05,5,2,0.05,4,0.569169,1.0,0.977348,50.0,False,500,324,473,22652,23177,500,2026-08-16T19:45:19
tdma_packet_loss,1,50,0.05,5,2,0.1,0,0.560443,1.0,0.975364,50.0,False,500,444,473,22606,23177,500,2026-08-16T19:45:21
tdma_packet_loss,1,50,0.05,5,2,0.1,1,0.5331,1.0,0.975935,50.0,False,500,35,480,22954,23520,500,2026-08-16T19:45:22
tdma_packet_loss,1,50,0.05,5,2,0.1,2,0.576229,1.0,0.974704,50.0,False,500,84,476,22734,23324,500,2026-08-16T19:45:24
tdma_packet_loss,1,50,0.05,5,2,0.1,3,0.515151,1.0,0.976845,50.0,False,500,500,468,22401,22932,500,2026-08-16T19:45:19
tdma_packet_loss,1,50,0.05,5,2,0.1,4,0.569169,1.0,0.977348,50.0,False,500,324,473,22652,23177,500,2026-08-16T19:45:21
tdma_packet_loss,1,50,0.05,5,5,0.025,0,0.497299,1.0,0.975365,50.0,False,500,109,478,22845,23422,500,2026-08-16T19:45:23
tdma_packet_loss,1,50,0.05,5,5,0.025,1,0.377039,1.0,0.975897,50.0,False,500,91,486,23240,23814,500,2026-08-16T19:45:25
tdma_packet_loss,1,50,0.05,5,5,0.025,2,0.548246,1.0,0.974566,50.0,False,500,500,471,22492,23079,500,2026-08-16T19:45:22
tdma_packet_loss,1,50,0.05,5,5,0.025,3,0.529237,1.0,0.976836,50.0,False,500,408,474,22688,23226,500,2026-08-16T19:45:24
tdma_packet_loss,1,50,0.05,5,5,0.025,4,0.519326,1.0,0.977116,50.0,False,500,462,478,22886,23422,500,2026-08-16T19:45:26
tdma_packet_loss,1,50,0.05,5,5,0.05,0,0.497299,1.0,0.975365,50.0,False,500,109,478,22845,23422,500,2026-08-16T19:45:28
tdma_packet_loss,1,50,0.05,5,5,0.05,1,0.377039,1.0,0.975897,50.0,False,500,91,486,23240,23814,500,2026-08-16T19:45:23
tdma_packet_loss,1,50,0.05,5,5,0.05,2,0.548246,1.0,0.974566,50.0,False,500,500,471,22492,23079,500,2026-08-16T19:45:25
tdma_packet_loss,1,50,0.05,5,5,0.05,3,0.529237,1.0,0.976836,50.0,False,500,408,474,22688,23226,500,2026-08-16T19:45:27
tdma_packet_loss,1,50,0.05,5,5,0.05,4,0.519326,1.0,0.977116,50.0,False,500,462,478,22886,23422,500,2026-08-16T19:45:29
tdma_packet_loss,1,50,0.05,5,5,0.1,0,0.497299,1.0,0.975365,50.0,False,500,109,478,22845,23422,500,2026-08-16T19:45:24
tdma_packet_loss,1,50,0.05,5,5,0.1,1,0.377039,1.0,0.975897,50.0,False,500,91,486,23240,23814,500,2026-08-16T19:45:26
tdma_packet_loss,1,50,0.05,5,5,0.1,2,0.548246,1.0,0.974566,50.0,False,500,500,471,22492,23079,500,2026-08-16T19:45:28
tdma_packet_loss,1,50,0.05,5,5,0.1,3,0.529237,1.0,0.976836,50.0,False,500,408,474,22688,23226,500,2026-08-16T19:45:30
tdma_packet_loss,1,50,0.05,5,5,0.1,4,0.519326,1.0,0.977116,50.0,False,500,462,478,22886,23422,500,2026-08-16T19:45:25
tdma_packet_loss,1,50,0.05,10,0,0.025,0,0.418379,1.0,0.975365,50.0,False,500,500,478,22845,23422,500,2026-08-16T19:45:27
tdma_packet_loss,1,50,0.05,10,0,0.025,1,0.362346,1.0,0.975897,50.0,False,500,500,486,23240,23814,500,2026-08-16T19:45:29
tdma_packet_loss,1,50,0.05,10,0,0.025,2,0.402584,1.0,0.974566,50.0,False,500,500,471,22492,23079,500,2026-08-16T19:45:31
tdma_packet_loss,1,50,0.05,10,0,0.025,3,0.440161,1.0,0.976836,50.0,False,500,500,474,22688,23226,500,2026-08-16T19:45:26
tdma_packet_loss,1,50,0.05,10,0,0.025,4,0.368045,1.0,0.977116,50.0,False,500,500,478,22886,23422,500,2026-08-16T19:45:29
tdma_packet_loss,1,50,0.05,10,0,0.05,0,0.418379,1.0,0.975365,50.0,False,500,500,478,22845,23422,500,2026-08-16T19:45:31
tdma_packet_loss,1,50,0.05,10,0,0.05,1,0.362346,1.0,0.975897,50.0,False,500,500,486,23240,23814,500,2026-08-16T19:45:33
tdma_packet_loss,1,50,0.05,10,0,0.05,2,0.402584,1.0,0.974566,50.0,False,500,500,471,22492,23079,500,2026-08-16T19:45:27
tdma_packet_loss,1,50,0.05,10,0,0.05,3,0.440161,1.0,0.976836,50.0,False,500,500,474,22688,23226,500,2026-08-16T19:45:29
tdma_packet_loss,1,50,0.05,10,0,0.05,4,0.368045,1.0,0.977116,50.0,False,500,500,478,22886,23422,500,2026-08-16T19:45:32
tdma_packet_loss,1,50,0.05,10,0,0.1,0,0.418379,1.0,0.975365,50.0,False,500,500,478,22845,23422,500,2026-08-16T19:45:34
tdma_packet_loss,1,50,0.05,10,0,0.1,1,0.362346,1.0,0.975897,50.0,False,500,500,486,23240,23814,500,2026-08-16T19:45:30
tdma_packet_loss,1,50,0.05,10,0,0.1,2,0.402584,1.0,0.974566,50.0,False,500,500,471,22492,23079,500,2026-08-16T19:45:32
tdma_packet_loss,1,50,0.05,10,0,0.1,3,0.440161,1.0,0.976836,50.0,False,500,500,474,22688,23226,500,2026-08-16T19:45:34
tdma_packet_loss,1,50,0.05,10,0,0.1,4,0.368045,1.0,0.977116,50.0,False,500,500,478,22886,23422,500,2026-08-16T19:45:37
tdma_packet_loss,1,50,0.05,10,2,0.025,0,0.355718,1.0,0.975562,50.0,False,500,500,471,22515,23079,500,2026-08-16T19:45:31
tdma_packet_loss,1,50,0.05,10,2,0.025,1,0.371077,1.0,0.976683,50.0,False,500,500,470,22493,23030,500,2026-08-16T19:45:34
tdma_packet_loss,1,50,0.05,10,2,0.025,2,0.374136,1.0,0.974749,50.0,False,500,500,472,22544,23128,500,2026-08-16T19:45:36
tdma_packet_loss,1,50,0.05,10,2,0.025,3,0.398938,1.0,0.976725,50.0,False,500,500,477,22829,23373,500,2026-08-16T19:45:39
tdma_packet_loss,1,50,0.05,10,2,0.025,4,0.479144,1.0,0.977094,50.0,False,500,500,482,23077,23618,500,2026-08-16T19:45:33
tdma_packet_loss,1,50,0.05,10,2,0.05,0,0.355718,1.0,0.975562,50.0,False,500,500,471,22515,23079,500,2026-08-16T19:45:35
tdma_packet_loss,1,50,0.05,10,2,0.05,1,0.371077,1.0,0.976683,50.0,False,500,500,470,22493,23030,500,2026-08-16T19:45:38
tdma_packet_loss,1,50,0.05,10,2,0.05,2,0.374136,1.0,0.974749,50.0,False,500,500,472,22544,23128,500,2026-08-16T19:45:40
tdma_packet_loss,1,50,0.05,10,2,0.05,3,0.398938,1.0,0.976725,50.0,False,500,500,477,22829,23373,500,2026-08-16T19:45:34
tdma_packet_loss,1,50,0.05,10,2,0.05,4,0.479144,1.0,0.977094,50.0,False,500,500,482,23077,23618,500,2026-08-16T19:45:37
tdma_packet_loss,1,50,0.05,10,2,0.1,0,0.355718,1.0,0.975562,50.0,False,500,500,471,22515,23079,500,2026-08-16T19:45:39
tdma_packet_loss,1,50,0.05,10,2,0.1,1,0.371077,1.0,0.976683,50.0,False,500,500,470,22493,23030,500,2026-08-16T19:45:41
tdma_packet_loss,1,50,0.05,10,2,0.1,2,0.374136,1.0,0.974749,50.0,False,500,500,472,22544,23128,500,2026-08-16T19:45:36
tdma_packet_loss,1,50,0.05,10,2,0.1,3,0.398938,1.0,0.976725,50.0,False,500,500,477,22829,23373,500,2026-08-16T19:45:38
tdma_packet_loss,1,50,0.05,10,2,0.1,4,0.479144,1.0,0.977094,50.0,False,500,500,482,23077,23618,500,2026-08-16T19:45:41
tdma_packet_loss,1,50,0.05,10,5,0.025,0,0.419479,1.0,0.975228,50.0,False,500,500,477,22794,23373,500,2026-08-16T19:45:43
tdma_packet_loss,1,50,0.05,10,5,0.025,1,0.409463,1.0,0.976162,50.0,False,500,500,476,22768,23324,500,2026-08-16T19:45:37
tdma_packet_loss,1,50,0.05,10,5,0.025,2,0.446331,1.0,0.974706,50.0,False,500,500,472,22543,23128,500,2026-08-16T19:45:39
tdma_packet_loss,1,50,0.05,10,5,0.025,3,0.390735,1.0,0.976732,50.0,False,500,500,471,22542,23079,500,2026-08-16T19:45:41
tdma_packet_loss,1,50,0.05,10,5,0.025,4,0.397202,1.0,0.976957,50.0,False,500,500,488,23361,23912,500,2026-08-16T19:45:44
tdma_packet_loss,1,50,0.05,10,5,0.05,0,0.419479,1.0,0.975228,50.0,False,500,500,477,22794,23373,500,2026-08-16T19:45:40
tdma_packet_loss,1,50,0.05,10,5,0.05,1,0.409463,1.0,0.976162,50.0,False,500,500,476,22768,23324,500,2026-08-16T19:45:42
tdma_packet_loss,1,50,0.05,10,5,0.05,2,0.446331,1.0,0.974706,50.0,False,500,500,472,22543,23128,500,2026-08-16T19:45:45
tdma_packet_loss,1,50,0.05,10,5,0.05,3,0.390735,1.0,0.976732,50.0,False,500,500,471,22542,23079,500,2026-08-16T19:45:47
tdma_packet_loss,1,50,0.05,10,5,0.05,4,0.397202,1.0,0.976957,50.0,False,500,500,488,23361,23912,500,2026-08-16T19:45:41
tdma_packet_loss,1,50,0.05,10,5,0.1,0,0.419479,1.0,0.975228,50.0,False,500,500,477,22794,23373,500,2026-08-16T19:45:44
tdma_packet_loss,1,50,0.05,10,5,0.1,1,0.409463,1.0,0.976162,50.0,False,500,500,476,22768,23324,500,2026-08-16T19:45:47
tdma_packet_loss,1,50,0.05,10,5,0.1,2,0.446331,1.0,0.974706,50.0,False,500,500,472,22543,23128,500,2026-08-16T19:45:49
tdma_packet_loss,1,50,0.05,10,5,0.1,3,0.390735,1.0,0.976732,50.0,False,500,500,471,22542,23079,500,2026-08-16T19:45:43
tdma_packet_loss,1,50,0.05,10,5,0.1,4,0.397202,1.0,0.976957,50.0,False,500,500,488,23361,23912,500,2026-08-16T19:45:45
tdma_packet_loss,1,50,0.15,3,0,0.025,0,0.576493,1.0,0.926598,50.0,False,500,93,424,19251,20776,500,2026-08-16T19:45:47
tdma_packet_loss,1,50,0.15,3,0,0.025,1,0.558406,1.0,0.927556,50.0,False,500,119,422,19180,20678,500,2026-08-16T19:45:49
tdma_packet_loss,1,50,0.15,3,0,0.025,2,0.506769,1.0,0.924787,50.0,False,500,126,426,19304,20874,500,2026-08-16T19:45:43
tdma_packet_loss,1,50,0.15,3,0,0.025,3,0.583626,1.0,0.92496,50.0,False,500,500,421,19081,20629,500,2026-08-16T19:45:45
tdma_packet_loss,1,50,0.15,3,0,0.025,4,0.525587,1.0,0.925203,50.0,False,500,54,418,18950,20482,500,2026-08-16T19:45:46
tdma_packet_loss,1,50,0.15,3,0,0.05,0,0.576493,1.0,0.926598,50.0,False,500,93,424,19251,20776,500,2026-08-16T19:45:48
tdma_packet_loss,1,50,0.15,3,0,0.05,1,0.558406,1.0,0.927556,50.0,False,500,119,422,19180,20678,500,2026-08-16T19:45:45
tdma_packet_loss,1,50,0.15,3,0,0.05,2,0.506769,1.0,0.924787,50.0,False,500,126,426,19304,20874,500,2026-08-16T19:45:47
tdma_packet_loss,1,50,0.15,3,0,0.05,3,0.583626,1.0,0.92496,50.0,False,500,500,421,19081,20629,500,2026-08-16T19:45:48
tdma_packet_loss,1,50,0.15,3,0,0.05,4,0.525587,1.0,0.925203,50.0,False,500,54,418,18950,20482,500,2026-08-16T19:45:50
tdma_packet_loss,1,50,0.15,3,0,0.1,0,0.576493,1.0,0.926598,50.0,False,500,93,424,19251,20776,500,2026-08-16T19:45:46
tdma_packet_loss,1,50,0.15,3,0,0.1,1,0.558406,1.0,0.927556,50.0,False,500,119,422,19180,20678,500,2026-08-16T19:45:48
tdma_packet_loss,1,50,0.15,3,0,0.1,2,0.506769,1.0,0.924787,50.0,False,500,126,426,19304,20874,500,2026-08-16T19:45:49
tdma_packet_loss,1,50,0.15,3,0,0.1,3,0.583626,1.0,0.92496,50.0,False,500,500,421,19081,20629,500,2026-08-16T19:45:51
tdma_packet_loss,1,50,0.15,3,0,0.1,4,0.525587,1.0,0.925203,50.0,False,500,54,418,18950,20482,500,2026-08-16T19:45:49
tdma_packet_loss,1,50,0.15,3,2,0.025,0,0.543651,1.0,0.926607,50.0,False,500,42,426,19342,20874,500,2026-08-16T19:45:51
tdma_packet_loss,1,50,0.15,3,2,0.025,1,0.54052,1.0,0.927539,50.0,False,500,89,425,19316,20825,500,2026-08-16T19:45:53
tdma_packet_loss,1,50,0.15,3,2,0.025,2,0.537886,1.0,0.924694,50.0,False,500,76,429,19438,21021,500,2026-08-16T19:45:55
tdma_packet_loss,1,50,0.15,3,2,0.025,3,0.510529,1.0,0.924721,50.0,False,500,292,424,19212,20776,500,2026-08-16T19:45:50
tdma_packet_loss,1,50,0.15,3,2,0.025,4,0.609389,1.0,0.924993,50.0,False,500,176,422,19127,20678,500,2026-08-16T19:45:52
tdma_packet_loss,1,50,0.15,3,2,0.05,0,0.543651,1.0,0.926607,50.0,False,500,42,426,19342,20874,500,2026-08-16T19:45:54
tdma_packet_loss,1,50,0.15,3,2,0.05,1,0.54052,1.0,0.927539,50.0,False,500,89,425,19316,20825,500,2026-08-16T19:45:56
tdma_packet_loss,1,50,0.15,3,2,0.05,2,0.537886,1.0,0.924694,50.0,False,500,76,429,19438,21021,500,2026-08-16T19:45:51
tdma_packet_loss,1,50,0.15,3,2,0.05,3,0.510529,1.0,0.924721,50.0,False,500,292,424,19212,20776,500,2026-08-16T19:45:53
tdma_packet_loss,1,50,0.15,3,2,0.05,4,0.609389,1.0,0.924993,50.0,False,500,176,422,19127,20678,500,2026-08-16T19:45:55
tdma_packet_loss,1,50,0.15,3,2,0.1,0,0.543651,1.0,0.926607,50.0,False,500,42,426,19342,20874,500,2026-08-16T19:45:56
tdma_packet_loss,1,50,0.15,3,2,0.1,1,0.54052,1.0,0.927539,50.0,False,500,89,425,19316,20825,500,2026-08-16T19:45:51
tdma_packet_loss,1,50,0.15,3,2,0.1,2,0.537886,1.0,0.924694,50.0,False,500,76,429,19438,21021,500,2026-08-16T19:45:53
tdma_packet_loss,1,50,0.15,3,2,0.1,3,0.510529,1.0,0.924721,50.0,False,500,292,424,19212,20776,500,2026-08-16T19:45:55
tdma_packet_loss,1,50,0.15,3,2,0.1,4,0.609389,1.0,0.924993,50.0,False,500,176,422,19127,20678,500,2026-08-16T19:45:57
tdma_packet_loss,1,50,0.15,3,5,0.025,0,0.58746,1.0,0.926843,50.0,False,500,300,431,19574,21119,500,2026-08-16T19:45:52
tdma_packet_loss,1,50,0.15,3,5,0.025,1,0.447301,1.0,0.927737,50.0,False,500,161,416,18911,20384,500,2026-08-16T19:45:54
tdma_packet_loss,1,50,0.15,3,5,0.025,2,0.602319,1.0,0.924451,50.0,False,500,49,416,18844,20384,500,2026-08-16T19:45:56
tdma_packet_loss,1,50,0.15,3,5,0.025,3,0.449947,1.0,0.924647,50.0,False,500,102,429,19437,21021,500,2026-08-16T19:45:58
tdma_packet_loss,1,50,0.15,3,5,0.025,4,0.540165,1.0,0.925829,50.0,False,500,469,413,18736,20237,500,2026-08-16T19:45:53
tdma_packet_loss,1,50,0.15,3,5,0.05,0,0.58746,1.0,0.926843,50.0,False,500,300,431,19574,21119,500,2026-08-16T19:45:55
tdma_packet_loss,1,50,0.15,3,5,0.05,1,0.447301,1.0,0.927737,50.0,False,500,161,416,18911,20384,500,2026-08-16T19:45:57
tdma_packet_loss,1,50,0.15,3,5,0.05,2,0.602319,1.0,0.924451,50.0,False,500,49,416,18844,20384,500,2026-08-16T19:45:59
tdma_packet_loss,1,50,0.15,3,5,0.05,3,0.449947,1.0,0.924647,50.0,False,500,102,429,19437,21021,500,2026-08-16T19:45:57
tdma_packet_loss,1,50,0.15,3,5,0.05,4,0.540165,1.0,0.925829,50.0,False,500,469,413,18736,20237,500,2026-08-16T19:45:59
tdma_packet_loss,1,50,0.15,3,5,0.1,0,0.58746,1.0,0.926843,50.0,False,500,300,431,19574,21119,500,2026-08-16T19:46:01
tdma_packet_loss,1,50,0.15,3,5,0.1,1,0.447301,1.0,0.927737,50.0,False,500,161,416,18911,20384,500,2026-08-16T19:46:03
tdma_packet_loss,1,50,0.15,3,5,0.1,2,0.602319,1.0,0.924451,50.0,False,500,49,416,18844,20384,500,2026-08-16T19:45:58
tdma_packet_loss,1,50,0.15,3,5,0.1,3,0.449947,1.0,0.924647,50.0,False,500,102,429,19437,21021,500,2026-08-16T19:45:59
tdma_packet_loss,1,50,0.15,3,5,0.1,4,0.540165,1.0,0.925829,50.0,False,500,469,413,18736,20237,500,2026-08-16T19:46:02
tdma_packet_loss,1,50,0.15,5,0,0.025,0,0.444934,1.0,0.926607,50.0,False,500,500,426,19342,20874,500,2026-08-16T19:46:04
tdma_packet_loss,1,50,0.15,5,0,0.025,1,0.507147,1.0,0.927539,50.0,False,500,500,425,19316,20825,500,2026-08-16T19:45:58
tdma_packet_loss,1,50,0.15,5,0,0.025,2,0.408024,1.0,0.924694,50.0,False,500,500,429,19438,21021,500,2026-08-16T19:46:00
tdma_packet_loss,1,50,0.15,5,0,0.025,3,0.362835,1.0,0.924721,50.0,False,500,500,424,19212,20776,500,2026-08-16T19:46:02
tdma_packet_loss,1,50,0.15,5,0,0.025,4,0.511721,1.0,0.924993,50.0,False,500,500,422,19127,20678,500,2026-08-16T19:46:04
tdma_packet_loss,1,50,0.15,5,0,0.05,0,0.444934,1.0,0.926607,50.0,False,500,500,426,19342,20874,500,2026-08-16T19:45:59
tdma_packet_loss,1,50,0.15,5,0,0.05,1,0.507147,1.0,0.927539,50.0,False,500,500,425,19316,20825,500,2026-08-16T19:46:01
tdma_packet_loss,1,50,0.15,5,0,0.05,2,0.408024,1.0,0.924694,50.0,False,500,500,429,19438,21021,500,2026-08-16T19:46:03
tdma_packet_loss,1,50,0.15,5,0,0.05,3,0.362835,1.0,0.924721,50.0,False,500,500,424,19212,20776,500,2026-08-16T19:46:05
tdma_packet_loss,1,50,0.15,5,0,0.05,4,0.511721,1.0,0.924993,50.0,False,500,500,422,19127,20678,500,2026-08-16T19:46:00
tdma_packet_loss,1,50,0.15,5,0,0.1,0,0.444934,1.0,0.926607,50.0,False,500,500,426,19342,20874,500,2026-08-16T19:46:02
tdma_packet_loss,1,50,0.15,5,0,0.1,1,0.507147,1.0,0.927539,50.0,False,500,500,425,19316,20825,500,2026-08-16T19:46:04
tdma_packet_loss,1,50,0.15,5,0,0.1,2,0.408024,1.0,0.924694,50.0,False,500,500,429,19438,21021,500,2026-08-16T19:46:06
tdma_packet_loss,1,50,0.15,5,0,0.1,3,0.362835,1.0,0.924721,50.0,False,500,500,424,19212,20776,500,2026-08-16T19:46:01
tdma_packet_loss,1,50,0.15,5,0,0.1,4,0.511721,1.0,0.924993,50.0,False,500,500,422,19127,20678,500,2026-08-16T19:46:03
tdma_packet_loss,1,50,0.15,5,2,0.025,0,0.480262,1.0,0.926359,50.0,False,500,500,429,19473,21021,500,2026-08-16T19:46:05
tdma_packet_loss,1,50,0.15,5,2,0.025,1,0.467194,1.0,0.927635,50.0,False,500,489,414,18818,20286,500,2026-08-16T19:46:07
tdma_packet_loss,1,50,0.15,5,2,0.025,2,0.430989,1.0,0.924665,50.0,False,500,500,431,19528,21119,500,2026-08-16T19:46:05
tdma_packet_loss,1,50,0.15,5,2,0.025,3,0.409313,1.0,0.924661,50.0,False,500,500,428,19392,20972,500,2026-08-16T19:46:07
tdma_packet_loss,1,50,0.15,5,2,0.025,4,0.494237,1.0,0.925042,50.0,False,500,500,425,19264,20825,500,2026-08-16T19:46:10
tdma_packet_loss,1,50,0.15,5,2,0.05,0,0.480262,1.0,0.926359,50.0,False,500,500,429,19473,21021,500,2026-08-16T19:46:12
tdma_packet_loss,1,50,0.15,5,2,0.05,1,0.467194,1.0,0.927635,50.0,False,500,489,414,18818,20286,500,2026-08-16T19:46:06
tdma_packet_loss,1,50,0.15,5,2,0.05,2,0.430989,1.0,0.924665,50.0,False,500,500,431,19528,21119,500,2026-08-16T19:46:08
tdma_packet_loss,1,50,0.15,5,2,0.05,3,0.409313,1.0,0.924661,50.0,False,500,500,428,19392,20972,500,2026-08-16T19:46:11
tdma_packet_loss,1,50,0.15,5,2,0.05,4,0.494237,1.0,0.925042,50.0,False,500,500,425,19264,20825,500,2026-08-16T19:46:13
tdma_packet_loss,1,50,0.15,5,2,0.1,0,0.480262,1.0,0.926359,50.0,False,500,500,429,19473,21021,500,2026-08-16T19:46:07
tdma_packet_loss,1,50,0.15,5,2,0.1,1,0.467194,1.0,0.927635,50.0,False,500,489,414,18818,20286,500,2026-08-16T19:46:09
tdma_packet_loss,1,50,0.15,5,2,0.1,2,0.430989,1.0,0.924665,50.0,False,500,500,431,19528,21119,500,2026-08-16T19:46:11
tdma_packet_loss,1,50,0.15,5,2,0.1,3,0.409313,1.0,0.924661,50.0,False,500,500,428,19392,20972,500,2026-08-16T19:46:13
tdma_packet_loss,1,50,0.15,5,2,0.1,4,0.494237,1.0,0.925042,50.0,False,500,500,425,19264,20825,500,2026-08-16T19:46:07
tdma_packet_loss,1,50,0.15,5,5,0.025,0,0.453496,1.0,0.926578,50.0,False,500,500,435,19750,21315,500,2026-08-16T19:46:09
tdma_packet_loss,1,50,0.15,5,5,0.025,1,0.522611,1.0,0.927843,50.0,False,500,500,420,19095,20580,500,2026-08-16T19:46:12
tdma_packet_loss,1,50,0.15,5,5,0.025,2,0.443998,1.0,0.924295,50.0,False,500,500,420,19022,20580,500,2026-08-16T19:46:14
tdma_packet_loss,1,50,0.15,5,5,0.025,3,0.437112,1.0,0.924636,50.0,False,500,500,433,19618,21217,500,2026-08-16T19:46:09
tdma_packet_loss,1,50,0.15,5,5,0.025,4,0.442888,1.0,0.925677,50.0,False,500,500,416,18869,20384,500,2026-08-16T19:46:11
tdma_packet_loss,1,50,0.15,5,5,0.05,0,0.453496,1.0,0.926578,50.0,False,500,500,435,19750,21315,500,2026-08-16T19:46:13
tdma_packet_loss,1,50,0.15,5,5,0.05,1,0.522611,1.0,0.927843,50.0,False,500,500,420,19095,20580,500,2026-08-16T19:46:15
tdma_packet_loss,1,50,0.15,5,5,0.05,2,0.443998,1.0,0.924295,50.0,False,500,500,420,19022,20580,500,2026-08-16T19:46:10
tdma_packet_loss,1,50,0.15,5,5,0.05,3,0.437112,1.0,0.924636,50.0,False,500,500,433,19618,21217,500,2026-08-16T19:46:12
tdma_packet_loss,1,50,0.15,5,5,0.05,4,0.442888,1.0,0.925677,50.0,False,500,500,416,18869,20384,500,2026-08-16T19:46:14
tdma_packet_loss,1,50,0.15,5,5,0.1,0,0.453496,1.0,0.926578,50.0,False,500,500,435,19750,21315,500,2026-08-16T19:46:16
tdma_packet_loss,1,50,0.15,5,5,0.1,1,0.522611,1.0,0.927843,50.0,False,500,500,420,19095,20580,500,2026-08-16T19:46:14
tdma_packet_loss,1,50,0.15,5,5,0.1,2,0.443998,1.0,0.924295,50.0,False,500,500,420,19022,20580,500,2026-08-16T19:46:16
tdma_packet_loss,1,50,0.15,5,5,0.1,3,0.437112,1.0,0.924636,50.0,False,500,500,433,19618,21217,500,2026-08-16T19:46:19
tdma_packet_loss,1,50,0.15,5,5,0.1,4,0.442888,1.0,0.925677,50.0,False,500,500,416,18869,20384,500,2026-08-16T19:46:21
tdma_packet_loss,1,50,0.15,10,0,0.025,0,0.320998,1.0,0.926578,50.0,False,500,500,435,19750,21315,500,2026-08-16T19:46:15
tdma_packet_loss,1,50,0.15,10,0,0.025,1,0.363151,1.0,0.927843,50.0,False,500,500,420,19095,20580,500,2026-08-16T19:46:17
tdma_packet_loss,1,50,0.15,10,0,0.025,2,0.405011,1.0,0.924295,50.0,False,500,500,420,19022,20580,500,2026-08-16T19:46:20
tdma_packet_loss,1,50,0.15,10,0,0.025,3,0.388122,1.0,0.924636,50.0,False,500,500,433,19618,21217,500,2026-08-16T19:46:23
tdma_packet_loss,1,50,0.15,10,0,0.025,4,0.323533,1.0,0.925677,50.0,False,500,500,416,18869,20384,500,2026-08-16T19:46:15
tdma_packet_loss,1,50,0.15,10,0,0.05,0,0.320998,1.0,0.926578,50.0,False,500,500,435,19750,21315,500,2026-08-16T19:46:18
tdma_packet_loss,1,50,0.15,10,0,0.05,1,0.363151,1.0,0.927843,50.0,False,500,500,420,19095,20580,500,2026-08-16T19:46:21
tdma_packet_loss,1,50,0.15,10,0,0.05,2,0.405011,1.0,0.924295,50.0,False,500,500,420,19022,20580,500,2026-08-16T19:46:23
tdma_packet_loss,1,50,0.15,10,0,0.05,3,0.388122,1.0,0.924636,50.0,False,500,500,433,19618,21217,500,2026-08-16T19:46:16
tdma_packet_loss,1,50,0.15,10,0,0.05,4,0.323533,1.0,0.925677,50.0,False,500,500,416,18869,20384,500,2026-08-16T19:46:19
tdma_packet_loss,1,50,0.15,10,0,0.1,0,0.320998,1.0,0.926578,50.0,False,500,500,435,19750,21315,500,2026-08-16T19:46:22
tdma_packet_loss,1,50,0.15,10,0,0.1,1,0.363151,1.0,0.927843,50.0,False,500,500,420,19095,20580,500,2026-08-16T19:46:24
tdma_packet_loss,1,50,0.15,10,0,0.1,2,0.405011,1.0,0.924295,50.0,False,500,500,420,19022,20580,500,2026-08-16T19:46:18
tdma_packet_loss,1,50,0.15,10,0,0.1,3,0.388122,1.0,0.924636,50.0,False,500,500,433,19618,21217,500,2026-08-16T19:46:21
tdma_packet_loss,1,50,0.15,10,0,0.1,4,0.323533,1.0,0.925677,50.0,False,500,500,416,18869,20384,500,2026-08-16T19:46:23
tdma_packet_loss,1,50,0.15,10,2,0.025,0,0.360226,1.0,0.927725,50.0,False,500,500,410,18638,20090,500,2026-08-16T19:46:26
tdma_packet_loss,1,50,0.15,10,2,0.025,1,0.360673,1.0,0.927968,50.0,False,500,500,423,19234,20727,500,2026-08-16T19:46:19
tdma_packet_loss,1,50,0.15,10,2,0.025,2,0.460557,1.0,0.924205,50.0,False,500,500,423,19156,20727,500,2026-08-16T19:46:22
tdma_packet_loss,1,50,0.15,10,2,0.025,3,0.347607,1.0,0.924485,50.0,False,500,500,437,19796,21413,500,2026-08-16T19:46:24
tdma_packet_loss,1,50,0.15,10,2,0.025,4,0.427446,1.0,0.925413,50.0,False,500,500,420,19045,20580,500,2026-08-16T19:46:27
tdma_packet_loss,1,50,0.15,10,2,0.05,0,0.360226,1.0,0.927725,50.0,False,500,500,410,18638,20090,500,2026-08-16T19:46:23
tdma_packet_loss,1,50,0.15,10,2,0.05,1,0.360673,1.0,0.927968,50.0,False,500,500,423,19234,20727,500,2026-08-16T19:46:26
tdma_packet_loss,1,50,0.15,10,2,0.05,2,0.460557,1.0,0.924205,50.0,False,500,500,423,19156,20727,500,2026-08-16T19:46:29
tdma_packet_loss,1,50,0.15,10,2,0.05,3,0.347607,1.0,0.924485,50.0,False,500,500,437,19796,21413,500,2026-08-16T19:46:32
tdma_packet_loss,1,50,0.15,10,2,0.05,4,0.427446,1.0,0.925413,50.0,False,500,500,420,19045,20580,500,2026-08-16T19:46:25
tdma_packet_loss,1,50,0.15,10,2,0.1,0,0.360226,1.0,0.927725,50.0,False,500,500,410,18638,20090,500,2026-08-16T19:46:28
tdma_packet_loss,1,50,0.15,10,2,0.1,1,0.360673,1.0,0.927968,50.0,False,500,500,423,19234,20727,500,2026-08-16T19:46:31
tdma_packet_loss,1,50,0.15,10,2,0.1,2,0.460557,1.0,0.924205,50.0,False,500,500,423,19156,20727,500,2026-08-16T19:46:33
tdma_packet_loss,1,50,0.15,10,2,0.1,3,0.347607,1.0,0.924485,50.0,False,500,500,437,19796,21413,500,2026-08-16T19:46:26
tdma_packet_loss,1,50,0.15,10,2,0.1,4,0.427446,1.0,0.925413,50.0,False,500,500,420,19045,20580,500,2026-08-16T19:46:28
tdma_packet_loss,1,50,0.15,10,5,0.025,0,0.382269,1.0,0.927443,50.0,False,500,500,416,18905,20384,500,2026-08-16T19:46:32
tdma_packet_loss,1,50,0.15,10,5,0.025,1,0.400622,1.0,0.927926,50.0,False,500,500,427,19415,20923,500,2026-08-16T19:46:34
tdma_packet_loss,1,50,0.15,10,5,0.025,2,0.374548,1.0,0.924533,50.0,False,500,500,427,19344,20923,500,2026-08-16T19:46:27
tdma_packet_loss,1,50,0.15,10,5,0.025,3,0.329916,1.0,0.924771,50.0,False,500,500,443,20074,21707,500,2026-08-16T19:46:30
tdma_packet_loss,1,50,0.15,10,5,0.025,4,0.428461,1.0,0.924898,50.0,False,500,500,425,19261,20825,500,2026-08-16T19:46:32
tdma_packet_loss,1,50,0.15,10,5,0.05,0,0.382269,1.0,0.927443,50.0,False,500,500,416,18905,20384,500,2026-08-16T19:46:35
tdma_packet_loss,1,50,0.15,10,5,0.05,1,0.400622,1.0,0.927926,50.0,False,500,500,427,19415,20923,500,2026-08-16T19:46:28
tdma_packet_loss,1,50,0.15,10,5,0.05,2,0.374548,1.0,0.924533,50.0,False,500,500,427,19344,20923,500,2026-08-16T19:46:31
tdma_packet_loss,1,50,0.15,10,5,0.05,3,0.329916,1.0,0.924771,50.0,False,500,500,443,20074,21707,500,2026-08-16T19:46:34
tdma_packet_loss,1,50,0.15,10,5,0.05,4,0.428461,1.0,0.924898,50.0,False,500,500,425,19261,20825,500,2026-08-16T19:46:36
tdma_packet_loss,1,50,0.15,10,5,0.1,0,0.382269,1.0,0.927443,50.0,False,500,500,416,18905,20384,500,2026-08-16T19:46:30
tdma_packet_loss,1,50,0.15,10,5,0.1,1,0.400622,1.0,0.927926,50.0,False,500,500,427,19415,20923,500,2026-08-16T19:46:32
tdma_packet_loss,1,50,0.15,10,5,0.1,2,0.374548,1.0,0.924533,50.0,False,500,500,427,19344,20923,500,2026-08-16T19:46:35
tdma_packet_loss,1,50,0.15,10,5,0.1,3,0.329916,1.0,0.924771,50.0,False,500,500,443,20074,21707,500,2026-08-16T19:46:38
tdma_packet_loss,1,50,0.15,10,5,0.1,4,0.428461,1.0,0.924898,50.0,False,500,500,425,19261,20825,500,2026-08-16T19:46:34
tdma_packet_loss,1,50,0.3,3,0,0.025,0,0.397224,1.0,0.848839,50.0,False,500,500,349,14516,17101,500,2026-08-16T19:46:36
tdma_packet_loss,1,50,0.3,3,0,0.025,1,0.487313,1.0,0.847582,50.0,False,500,500,365,15159,17885,500,2026-08-16T19:46:37
tdma_packet_loss,1,50,0.3,3,0,0.025,2,0.461741,1.0,0.850992,50.0,False,500,500,355,14803,17395,500,2026-08-16T19:46:39
tdma_packet_loss,1,50,0.3,3,0,0.025,3,0.517429,1.0,0.850713,50.0,False,500,394,365,15215,17885,500,2026-08-16T19:46:35
tdma_packet_loss,1,50,0.3,3,0,0.025,4,0.466379,1.0,0.849285,50.0,False,500,500,348,14482,17052,500,2026-08-16T19:46:37
tdma_packet_loss,1,50,0.3,3,0,0.05,0,0.397224,1.0,0.848839,50.0,False,500,500,349,14516,17101,500,2026-08-16T19:46:38
tdma_packet_loss,1,50,0.3,3,0,0.05,1,0.487313,1.0,0.847582,50.0,False,500,500,365,15159,17885,500,2026-08-16T19:46:40
tdma_packet_loss,1,50,0.3,3,0,0.05,2,0.461741,1.0,0.850992,50.0,False,500,500,355,14803,17395,500,2026-08-16T19:46:36
tdma_packet_loss,1,50,0.3,3,0,0.05,3,0.517429,1.0,0.850713,50.0,False,500,394,365,15215,17885,500,2026-08-16T19:46:37
tdma_packet_loss,1,50,0.3,3,0,0.05,4,0.466379,1.0,0.849285,50.0,False,500,500,348,14482,17052,500,2026-08-16T19:46:39
tdma_packet_loss,1,50,0.3,3,0,0.1,0,0.397224,1.0,0.848839,50.0,False,500,500,349,14516,17101,500,2026-08-16T19:46:41
tdma_packet_loss,1,50,0.3,3,0,0.1,1,0.487313,1.0,0.847582,50.0,False,500,500,365,15159,17885,500,2026-08-16T19:46:37
tdma_packet_loss,1,50,0.3,3,0,0.1,2,0.461741,1.0,0.850992,50.0,False,500,500,355,14803,17395,500,2026-08-16T19:46:38
tdma_packet_loss,1,50,0.3,3,0,0.1,3,0.517429,1.0,0.850713,50.0,False,500,394,365,15215,17885,500,2026-08-16T19:46:40
tdma_packet_loss,1,50,0.3,3,0,0.1,4,0.466379,1.0,0.849285,50.0,False,500,500,348,14482,17052,500,2026-08-16T19:46:42
tdma_packet_loss,1,50,0.3,3,2,0.025,0,0.514148,1.0,0.8492,50.0,False,500,500,352,14647,17248,500,2026-08-16T19:46:38
tdma_packet_loss,1,50,0.3,3,2,0.025,1,0.396604,1.0,0.84766,50.0,False,500,500,368,15285,18032,500,2026-08-16T19:46:40
tdma_packet_loss,1,50,0.3,3,2,0.025,2,0.47327,1.0,0.851124,50.0,False,500,500,356,14847,17444,500,2026-08-16T19:46:42
tdma_packet_loss,1,50,0.3,3,2,0.025,3,0.37321,1.0,0.851728,50.0,False,500,500,343,14315,16807,500,2026-08-16T19:46:44
tdma_packet_loss,1,50,0.3,3,2,0.025,4,0.476003,1.0,0.849038,50.0,False,500,500,350,14561,17150,500,2026-08-16T19:46:40
tdma_packet_loss,1,50,0.3,3,2,0.05,0,0.514148,1.0,0.8492,50.0,False,500,500,352,14647,17248,500,2026-08-16T19:46:41
tdma_packet_loss,1,50,0.3,3,2,0.05,1,0.396604,1.0,0.84766,50.0,False,500,500,368,15285,18032,500,2026-08-16T19:46:43
tdma_packet_loss,1,50,0.3,3,2,0.05,2,0.47327,1.0,0.851124,50.0,False,500,500,356,14847,17444,500,2026-08-16T19:46:45
tdma_packet_loss,1,50,0.3,3,2,0.05,3,0.37321,1.0,0.851728,50.0,False,500,500,343,14315,16807,500,2026-08-16T19:46:41
tdma_packet_loss,1,50,0.3,3,2,0.05,4,0.476003,1.0,0.849038,50.0,False,500,500,350,14561,17150,500,2026-08-16T19:46:42
tdma_packet_loss,1,50,0.3,3,2,0.1,0,0.514148,1.0,0.8492,50.0,False,500,500,352,14647,17248,500,2026-08-16T19:46:44
tdma_packet_loss,1,50,0.3,3,2,0.1,1,0.396604,1.0,0.84766,50.0,False,500,500,368,15285,18032,500,2026-08-16T19:46:46
tdma_packet_loss,1,50,0.3,3,2,0.1,2,0.47327,1.0,0.851124,50.0,False,500,500,356,14847,17444,500,2026-08-16T19:46:42
tdma_packet_loss,1,50,0.3,3,2,0.1,3,0.37321,1.0,0.851728,50.0,False,500,500,343,14315,16807,500,2026-08-16T19:46:44
tdma_packet_loss,1,50,0.3,3,2,0.1,4,0.476003,1.0,0.849038,50.0,False,500,500,350,14561,17150,500,2026-08-16T19:46:45
tdma_packet_loss,1,50,0.3,3,5,0.025,0,0.486785,1.0,0.849276,50.0,False,500,500,358,14898,17542,500,2026-08-16T19:46:47
tdma_packet_loss,1,50,0.3,3,5,0.025,1,0.46458,1.0,0.848956,50.0,False,500,500,339,14102,16611,500,2026-08-16T19:46:42
tdma_packet_loss,1,50,0.3,3,5,0.025,2,0.540804,1.0,0.851681,50.0,False,500,500,340,14189,16660,500,2026-08-16T19:46:44
tdma_packet_loss,1,50,0.3,3,5,0.025,3,0.456414,1.0,0.851085,50.0,False,500,500,347,14471,17003,500,2026-08-16T19:46:46
tdma_packet_loss,1,50,0.3,3,5,0.025,4,0.399736,1.0,0.850953,50.0,False,500,500,333,13885,16317,500,2026-08-16T19:46:48
tdma_packet_loss,1,50,0.3,3,5,0.05,0,0.486785,1.0,0.849276,50.0,False,500,500,358,14898,17542,500,2026-08-16T19:46:44
tdma_packet_loss,1,50,0.3,3,5,0.05,1,0.46458,1.0,0.848956,50.0,False,500,500,339,14102,16611,500,2026-08-16T19:46:45
tdma_packet_loss,1,50,0.3,3,5,0.05,2,0.540804,1.0,0.851681,50.0,False,500,500,340,14189,16660,500,2026-08-16T19:46:47
tdma_packet_loss,1,50,0.3,3,5,0.05,3,0.456414,1.0,0.851085,50.0,False,500,500,347,14471,17003,500,2026-08-16T19:46:49
tdma_packet_loss,1,50,0.3,3,5,0.05,4,0.399736,1.0,0.850953,50.0,False,500,500,333,13885,16317,500,2026-08-16T19:46:46
tdma_packet_loss,1,50,0.3,3,5,0.1,0,0.486785,1.0,0.849276,50.0,False,500,500,358,14898,17542,500,2026-08-16T19:46:48
tdma_packet_loss,1,50,0.3,3,5,0.1,1,0.46458,1.0,0.848956,50.0,False,500,500,339,14102,16611,500,2026-08-16T19:46:50
tdma_packet_loss,1,50,0.3,3,5,0.1,2,0.540804,1.0,0.851681,50.0,False,500,500,340,14189,16660,500,2026-08-16T19:46:51
tdma_packet_loss,1,50,0.3,3,5,0.1,3,0.456414,1.0,0.851085,50.0,False,500,500,347,14471,17003,500,2026-08-16T19:46:47
tdma_packet_loss,1,50,0.3,3,5,0.1,4,0.399736,1.0,0.850953,50.0,False,500,500,333,13885,16317,500,2026-08-16T19:46:49
tdma_packet_loss,1,50,0.3,5,0,0.025,0,0.403399,1.0,0.8492,50.0,False,500,500,352,14647,17248,500,2026-08-16T19:46:50
tdma_packet_loss,1,50,0.3,5,0,0.025,1,0.360527,1.0,0.84766,50.0,False,500,500,368,15285,18032,500,2026-08-16T19:46:52
tdma_packet_loss,1,50,0.3,5,0,0.025,2,0.391209,1.0,0.851124,50.0,False,500,500,356,14847,17444,500,2026-08-16T19:46:48
tdma_packet_loss,1,50,0.3,5,0,0.025,3,0.362817,1.0,0.851728,50.0,False,500,500,343,14315,16807,500,2026-08-16T19:46:50
tdma_packet_loss,1,50,0.3,5,0,0.025,4,0.440138,1.0,0.849038,50.0,False,500,500,350,14561,17150,500,2026-08-16T19:46:51
tdma_packet_loss,1,50,0.3,5,0,0.05,0,0.403399,1.0,0.8492,50.0,False,500,500,352,14647,17248,500,2026-08-16T19:46:54
tdma_packet_loss,1,50,0.3,5,0,0.05,1,0.360527,1.0,0.84766,50.0,False,500,500,368,15285,18032,500,2026-08-16T19:46:49
tdma_packet_loss,1,50,0.3,5,0,0.05,2,0.391209,1.0,0.851124,50.0,False,500,500,356,14847,17444,500,2026-08-16T19:46:51
tdma_packet_loss,1,50,0.3,5,0,0.05,3,0.362817,1.0,0.851728,50.0,False,500,500,343,14315,16807,500,2026-08-16T19:46:53
tdma_packet_loss,1,50,0.3,5,0,0.05,4,0.440138,1.0,0.849038,50.0,False,500,500,350,14561,17150,500,2026-08-16T19:46:55
tdma_packet_loss,1,50,0.3,5,0,0.1,0,0.403399,1.0,0.8492,50.0,False,500,500,352,14647,17248,500,2026-08-16T19:46:50
tdma_packet_loss,1,50,0.3,5,0,0.1,1,0.360527,1.0,0.84766,50.0,False,500,500,368,15285,18032,500,2026-08-16T19:46:52
tdma_packet_loss,1,50,0.3,5,0,0.1,2,0.391209,1.0,0.851124,50.0,False,500,500,356,14847,17444,500,2026-08-16T19:46:54
tdma_packet_loss,1,50,0.3,5,0,0.1,3,0.362817,1.0,0.851728,50.0,False,500,500,343,14315,16807,500,2026-08-16T19:46:55
tdma_packet_loss,1,50,0.3,5,0,0.1,4,0.440138,1.0,0.849038,50.0,False,500,500,350,14561,17150,500,2026-08-16T19:46:51
tdma_packet_loss,1,50,0.3,5,2,0.025,0,0.318439,1.0,0.849232,50.0,False,500,500,356,14814,17444,500,2026-08-16T19:46:53
tdma_packet_loss,1,50,0.3,5,2,0.025,1,0.305967,1.0,0.849028,50.0,False,500,500,337,14020,16513,500,2026-08-16T19:46:55
tdma_packet_loss,1,50,0.3,5,2,0.025,2,0.303804,1.0,0.850701,50.0,False,500,500,358,14923,17542,500,2026-08-16T19:46:57
tdma_packet_loss,1,50,0.3,5,2,0.025,3,0.394481,1.0,0.851363,50.0,False,500,500,346,14434,16954,500,2026-08-16T19:46:54
tdma_packet_loss,1,50,0.3,5,2,0.025,4,0.446837,1.0,0.850996,50.0,False,500,500,332,13844,16268,500,2026-08-16T19:46:55
tdma_packet_loss,1,50,0.3,5,2,0.05,0,0.318439,1.0,0.849232,50.0,False,500,500,356,14814,17444,500,2026-08-16T19:46:57
tdma_packet_loss,1,50,0.3,5,2,0.05,1,0.305967,1.0,0.849028,50.0,False,500,500,337,14020,16513,500,2026-08-16T19:46:59
tdma_packet_loss,1,50,0.3,5,2,0.05,2,0.303804,1.0,0.850701,50.0,False,500,500,358,14923,17542,500,2026-08-16T19:46:54
tdma_packet_loss,1,50,0.3,5,2,0.05,3,0.394481,1.0,0.851363,50.0,False,500,500,346,14434,16954,500,2026-08-16T19:46:56
tdma_packet_loss,1,50,0.3,5,2,0.05,4,0.446837,1.0,0.850996,50.0,False,500,500,332,13844,16268,500,2026-08-16T19:46:58
tdma_packet_loss,1,50,0.3,5,2,0.1,0,0.318439,1.0,0.849232,50.0,False,500,500,356,14814,17444,500,2026-08-16T19:47:00
tdma_packet_loss,1,50,0.3,5,2,0.1,1,0.305967,1.0,0.849028,50.0,False,500,500,337,14020,16513,500,2026-08-16T19:46:55
tdma_packet_loss,1,50,0.3,5,2,0.1,2,0.303804,1.0,0.850701,50.0,False,500,500,358,14923,17542,500,2026-08-16T19:46:57
tdma_packet_loss,1,50,0.3,5,2,0.1,3,0.394481,1.0,0.851363,50.0,False,500,500,346,14434,16954,500,2026-08-16T19:46:59
tdma_packet_loss,1,50,0.3,5,2,0.1,4,0.446837,1.0,0.850996,50.0,False,500,500,332,13844,16268,500,2026-08-16T19:47:01
tdma_packet_loss,1,50,0.3,5,5,0.025,0,0.335406,1.0,0.849194,50.0,False,500,500,362,15063,17738,500,2026-08-16T19:46:57
tdma_packet_loss,1,50,0.3,5,5,0.025,1,0.325267,1.0,0.848835,50.0,False,500,500,339,14100,16611,500,2026-08-16T19:46:59
tdma_packet_loss,1,50,0.3,5,5,0.025,2,0.406748,1.0,0.851133,50.0,False,500,500,343,14305,16807,500,2026-08-16T19:47:01
tdma_packet_loss,1,50,0.3,5,5,0.025,3,0.399473,1.0,0.851003,50.0,False,500,500,349,14553,17101,500,2026-08-16T19:47:02
tdma_packet_loss,1,50,0.3,5,5,0.025,4,0.446079,1.0,0.850279,50.0,False,500,500,336,13999,16464,500,2026-08-16T19:46:57
tdma_packet_loss,1,50,0.3,5,5,0.05,0,0.335406,1.0,0.849194,50.0,False,500,500,362,15063,17738,500,2026-08-16T19:46:59
tdma_packet_loss,1,50,0.3,5,5,0.05,1,0.325267,1.0,0.848835,50.0,False,500,500,339,14100,16611,500,2026-08-16T19:47:01
tdma_packet_loss,1,50,0.3,5,5,0.05,2,0.406748,1.0,0.851133,50.0,False,500,500,343,14305,16807,500,2026-08-16T19:47:03
tdma_packet_loss,1,50,0.3,5,5,0.05,3,0.399473,1.0,0.851003,50.0,False,500,500,349,14553,17101,500,2026-08-16T19:46:59
tdma_packet_loss,1,50,0.3,5,5,0.05,4,0.446079,1.0,0.850279,50.0,False,500,500,336,13999,16464,500,2026-08-16T19:47:01
tdma_packet_loss,1,50,0.3,5,5,0.1,0,0.335406,1.0,0.849194,50.0,False,500,500,362,15063,17738,500,2026-08-16T19:47:03
tdma_packet_loss,1,50,0.3,5,5,0.1,1,0.325267,1.0,0.848835,50.0,False,500,500,339,14100,16611,500,2026-08-16T19:47:04
tdma_packet_loss,1,50,0.3,5,5,0.1,2,0.406748,1.0,0.851133,50.0,False,500,500,343,14305,16807,500,2026-08-16T19:47:01
tdma_packet_loss,1,50,0.3,5,5,0.1,3,0.399473,1.0,0.851003,50.0,False,500,500,349,14553,17101,500,2026-08-16T19:47:03
tdma_packet_loss,1,50,0.3,5,5,0.1,4,0.446079,1.0,0.850279,50.0,False,500,500,336,13999,16464,500,2026-08-16T19:47:05
tdma_packet_loss,1,50,0.3,10,0,0.025,0,0.411121,1.0,0.849194,50.0,False,500,500,362,15063,17738,500,2026-08-16T19:47:07
tdma_packet_loss,1,50,0.3,10,0,0.025,1,0.347429,1.0,0.848835,50.0,False,500,500,339,14100,16611,500,2026-08-16T19:47:02
tdma_packet_loss,1,50,0.3,10,0,0.025,2,0.367406,1.0,0.851133,50.0,False,500,500,343,14305,16807,500,2026-08-16T19:47:04
tdma_packet_loss,1,50,0.3,10,0,0.025,3,0.360152,1.0,0.851003,50.0,False,500,500,349,14553,17101,500,2026-08-16T19:47:06
tdma_packet_loss,1,50,0.3,10,0,0.025,4,0.383912,1.0,0.850279,50.0,False,500,500,336,13999,16464,500,2026-08-16T19:47:08
tdma_packet_loss,1,50,0.3,10,0,0.05,0,0.411121,1.0,0.849194,50.0,False,500,500,362,15063,17738,500,2026-08-16T19:47:03
tdma_packet_loss,1,50,0.3,10,0,0.05,1,0.347429,1.0,0.848835,50.0,False,500,500,339,14100,16611,500,2026-08-16T19:47:05
tdma_packet_loss,1,50,0.3,10,0,0.05,2,0.367406,1.0,0.851133,50.0,False,500,500,343,14305,16807,500,2026-08-16T19:47:07
tdma_packet_loss,1,50,0.3,10,0,0.05,3,0.360152,1.0,0.851003,50.0,False,500,500,349,14553,17101,500,2026-08-16T19:47:09
tdma_packet_loss,1,50,0.3,10,0,0.05,4,0.383912,1.0,0.850279,50.0,False,500,500,336,13999,16464,500,2026-08-16T19:47:04
tdma_packet_loss,1,50,0.3,10,0,0.1,0,0.411121,1.0,0.849194,50.0,False,500,500,362,15063,17738,500,2026-08-16T19:47:06
tdma_packet_loss,1,50,0.3,10,0,0.1,1,0.347429,1.0,0.848835,50.0,False,500,500,339,14100,16611,500,2026-08-16T19:47:09
tdma_packet_loss,1,50,0.3,10,0,0.1,2,0.367406,1.0,0.851133,50.0,False,500,500,343,14305,16807,500,2026-08-16T19:47:11
tdma_packet_loss,1,50,0.3,10,0,0.1,3,0.360152,1.0,0.851003,50.0,False,500,500,349,14553,17101,500,2026-08-16T19:47:05
tdma_packet_loss,1,50,0.3,10,0,0.1,4,0.383912,1.0,0.850279,50.0,False,500,500,336,13999,16464,500,2026-08-16T19:47:07
tdma_packet_loss,1,50,0.3,10,2,0.025,0,0.38735,1.0,0.848307,50.0,False,500,500,358,14881,17542,500,2026-08-16T19:47:09
tdma_packet_loss,1,50,0.3,10,2,0.025,1,0.345924,1.0,0.848218,50.0,False,500,500,343,14256,16807,500,2026-08-16T19:47:12
tdma_packet_loss,1,50,0.3,10,2,0.025,2,0.344724,1.0,0.851227,50.0,False,500,500,345,14390,16905,500,2026-08-16T19:47:06
tdma_packet_loss,1,50,0.3,10,2,0.025,3,0.345046,1.0,0.851063,50.0,False,500,500,339,14137,16611,500,2026-08-16T19:47:09
tdma_packet_loss,1,50,0.3,10,2,0.025,4,0.402147,1.0,0.850887,50.0,False,500,500,336,14009,16464,500,2026-08-16T19:47:11
tdma_packet_loss,1,50,0.3,10,2,0.05,0,0.38735,1.0,0.848307,50.0,False,500,500,358,14881,17542,500,2026-08-16T19:47:14
tdma_packet_loss,1,50,0.3,10,2,0.05,1,0.345924,1.0,0.848218,50.0,False,500,500,343,14256,16807,500,2026-08-16T19:47:09
tdma_packet_loss,1,50,0.3,10,2,0.05,2,0.344724,1.0,0.851227,50.0,False,500,500,345,14390,16905,500,2026-08-16T19:47:12
tdma_packet_loss,1,50,0.3,10,2,0.05,3,0.345046,1.0,0.851063,50.0,False,500,500,339,14137,16611,500,2026-08-16T19:47:14
tdma_packet_loss,1,50,0.3,10,2,0.05,4,0.402147,1.0,0.850887,50.0,False,500,500,336,14009,16464,500,2026-08-16T19:47:17
tdma_packet_loss,1,50,0.3,10,2,0.1,0,0.38735,1.0,0.848307,50.0,False,500,500,358,14881,17542,500,2026-08-16T19:47:11
tdma_packet_loss,1,50,0.3,10,2,0.1,1,0.345924,1.0,0.848218,50.0,False,500,500,343,14256,16807,500,2026-08-16T19:47:13
tdma_packet_loss,1,50,0.3,10,2,0.1,2,0.344724,1.0,0.851227,50.0,False,500,500,345,14390,16905,500,2026-08-16T19:47:15
tdma_packet_loss,1,50,0.3,10,2,0.1,3,0.345046,1.0,0.851063,50.0,False,500,500,339,14137,16611,500,2026-08-16T19:47:18
tdma_packet_loss,1,50,0.3,10,2,0.1,4,0.402147,1.0,0.850887,50.0,False,500,500,336,14009,16464,500,2026-08-16T19:47:12
tdma_packet_loss,1,50,0.3,10,5,0.025,0,0.385592,1.0,0.848179,50.0,False,500,500,362,15045,17738,500,2026-08-16T19:47:14
tdma_packet_loss,1,50,0.3,10,5,0.025,1,0.328932,1.0,0.847674,50.0,False,500,500,347,14413,17003,500,2026-08-16T19:47:17
tdma_packet_loss,1,50,0.3,10,5,0.025,2,0.414182,1.0,0.851154,50.0,False,500,500,351,14639,17199,500,2026-08-16T19:47:20
tdma_packet_loss,1,50,0.3,10,5,0.025,3,0.393534,1.0,0.850754,50.0,False,500,500,345,14382,16905,500,2026-08-16T19:47:14
tdma_packet_loss,1,50,0.3,10,5,0.025,4,0.336023,1.0,0.850622,50.0,False,500,500,338,14088,16562,500,2026-08-16T19:47:17
tdma_packet_loss,1,50,0.3,10,5,0.05,0,0.385592,1.0,0.848179,50.0,False,500,500,362,15045,17738,500,2026-08-16T19:47:19
tdma_packet_loss,1,50,0.3,10,5,0.05,1,0.328932,1.0,0.847674,50.0,False,500,500,347,14413,17003,500,2026-08-16T19:47:21
tdma_packet_loss,1,50,0.3,10,5,0.05,2,0.414182,1.0,0.851154,50.0,False,500,500,351,14639,17199,500,2026-08-16T19:47:14
tdma_packet_loss,1,50,0.3,10,5,0.05,3,0.393534,1.0,0.850754,50.0,False,500,500,345,14382,16905,500,2026-08-16T19:47:18
tdma_packet_loss,1,50,0.3,10,5,0.05,4,0.336023,1.0,0.850622,50.0,False,500,500,338,14088,16562,500,2026-08-16T19:47:20
tdma_packet_loss,1,50,0.3,10,5,0.1,0,0.385592,1.0,0.848179,50.0,False,500,500,362,15045,17738,500,2026-08-16T19:47:22
tdma_packet_loss,1,50,0.3,10,5,0.1,1,0.328932,1.0,0.847674,50.0,False,500,500,347,14413,17003,500,2026-08-16T19:47:17
tdma_packet_loss,1,50,0.3,10,5,0.1,2,0.414182,1.0,0.851154,50.0,False,500,500,351,14639,17199,500,2026-08-16T19:47:19
tdma_packet_loss,1,50,0.3,10,5,0.1,3,0.393534,1.0,0.850754,50.0,False,500,500,345,14382,16905,500,2026-08-16T19:47:21
tdma_packet_loss,1,50,0.3,10,5,0.1,4,0.336023,1.0,0.850622,50.0,False,500,500,338,14088,16562,500,2026-08-16T19:47:23
