baseline,use_tdma,swarm_size,packet_loss,num_objectives,num_threats,slot_duration,trial,sci,ce,pdr,mtc,converged,frames_to_consensus,consensus_verified,consensus_regressions,frames_to_stability,packets_sent,packets_received,packets_offered,tx_opportunities,p_tx_success,p_rx_given_tx,p_e2e,total_frames,timestamp,T_val,staleness_ratio
phase_transition,1,12,0.0,5,2,0.1,0,0.695838,0.8,1.0,2.8,True,28,1,25,26,80,880,880,80,1.0,1.0,1.0,80,2026-09-03T19:08:56,2.0,0.6000000000000001
phase_transition,1,12,0.0,5,2,0.1,1,0.717931,0.6,1.0,4.3,True,43,1,19,40,123,1353,1353,123,1.0,1.0,1.0,123,2026-09-03T19:08:56,2.0,0.6000000000000001
phase_transition,1,12,0.0,5,2,0.1,2,0.709608,0.4,1.0,2.9,True,29,1,7,25,72,792,792,72,1.0,1.0,1.0,72,2026-09-03T19:08:56,2.0,0.6000000000000001
phase_transition,1,12,0.0,5,2,0.1,3,0.611494,0.6,1.0,4.0,True,40,1,1,44,74,814,814,74,1.0,1.0,1.0,74,2026-09-03T19:08:56,2.0,0.6000000000000001
phase_transition,1,12,0.0,5,2,0.1,4,0.665971,0.8,1.0,4.7,True,47,1,2,17,84,924,924,84,1.0,1.0,1.0,84,2026-09-03T19:08:56,2.0,0.6000000000000001
phase_transition,1,12,0.0,5,2,0.1,5,0.709577,0.4,1.0,3.0,True,30,1,22,29,92,1012,1012,92,1.0,1.0,1.0,92,2026-09-03T19:08:56,2.0,0.6000000000000001
phase_transition,1,12,0.0,5,2,0.1,6,0.604821,1.0,1.0,3.3,True,33,1,0,35,53,583,583,53,1.0,1.0,1.0,53,2026-09-03T19:08:56,2.0,0.6000000000000001
phase_transition,1,12,0.0,5,2,0.1,7,0.674831,0.6,1.0,3.6,True,36,1,9,29,80,880,880,80,1.0,1.0,1.0,80,2026-09-03T19:08:56,2.0,0.6000000000000001
phase_transition,1,12,0.0,5,2,0.1,8,0.65722,0.6,1.0,3.8,True,38,1,12,47,83,913,913,83,1.0,1.0,1.0,83,2026-09-03T19:08:56,2.0,0.6000000000000001
phase_transition,1,12,0.0,5,2,0.1,9,0.59147,0.8,1.0,2.7,True,27,1,1,21,56,616,616,56,1.0,1.0,1.0,56,2026-09-03T19:08:56,2.0,0.6000000000000001
phase_transition,1,12,0.0,5,2,0.1,10,0.634374,0.6,1.0,4.9,True,49,1,0,53,69,759,759,69,1.0,1.0,1.0,69,2026-09-03T19:08:56,2.0,0.6000000000000001
phase_transition,1,12,0.0,5,2,0.1,11,0.728582,0.4,1.0,2.5,True,25,1,23,29,93,1023,1023,93,1.0,1.0,1.0,93,2026-09-03T19:08:56,2.0,0.6000000000000001
phase_transition,1,12,0.0,5,2,0.1,12,0.740637,0.4,1.0,3.8,True,38,1,7,35,77,847,847,77,1.0,1.0,1.0,77,2026-09-03T19:08:56,2.0,0.6000000000000001
phase_transition,1,12,0.0,5,2,0.1,13,0.660584,0.8,1.0,2.6,True,26,1,2,17,50,550,550,50,1.0,1.0,1.0,50,2026-09-03T19:08:56,2.0,0.6000000000000001
phase_transition,1,12,0.0,5,2,0.1,14,0.614554,1.0,1.0,1.6,True,16,1,10,20,51,561,561,51,1.0,1.0,1.0,51,2026-09-03T19:08:56,2.0,0.6000000000000001
phase_transition,1,12,0.0,5,2,0.1,15,0.66743,1.0,1.0,4.3,True,43,1,11,27,119,1309,1309,119,1.0,1.0,1.0,119,2026-09-03T19:08:56,2.0,0.6000000000000001
phase_transition,1,12,0.0,5,2,0.1,16,0.674031,0.8,1.0,2.4,True,24,1,16,16,111,1221,1221,111,1.0,1.0,1.0,111,2026-09-03T19:08:56,2.0,0.6000000000000001
phase_transition,1,12,0.0,5,2,0.1,17,0.679397,0.4,1.0,4.9,True,49,1,15,42,93,1023,1023,93,1.0,1.0,1.0,93,2026-09-03T19:08:56,2.0,0.6000000000000001
phase_transition,1,12,0.0,5,2,0.1,18,0.682827,0.6,1.0,2.9,True,29,1,4,41,57,627,627,57,1.0,1.0,1.0,57,2026-09-03T19:08:56,2.0,0.6000000000000001
phase_transition,1,12,0.0,5,2,0.1,19,0.630958,0.8,1.0,3.4,True,34,1,14,32,104,1144,1144,104,1.0,1.0,1.0,104,2026-09-03T19:08:56,2.0,0.6000000000000001
phase_transition,1,12,0.0,5,2,0.1,20,0.655022,0.8,1.0,1.9,True,19,1,16,18,64,704,704,64,1.0,1.0,1.0,64,2026-09-03T19:08:56,2.0,0.6000000000000001
phase_transition,1,12,0.0,5,2,0.1,21,0.577598,0.8,1.0,3.9,True,39,1,0,25,59,649,649,59,1.0,1.0,1.0,59,2026-09-03T19:08:56,2.0,0.6000000000000001
phase_transition,1,12,0.0,5,2,0.1,22,0.688938,0.8,1.0,3.5,True,35,1,22,39,103,1133,1133,103,1.0,1.0,1.0,103,2026-09-03T19:08:56,2.0,0.6000000000000001
phase_transition,1,12,0.0,5,2,0.1,23,0.57562,0.8,1.0,3.6,True,36,1,0,33,56,616,616,56,1.0,1.0,1.0,56,2026-09-03T19:08:56,2.0,0.6000000000000001
phase_transition,1,12,0.0,5,2,0.1,24,0.700971,0.6,1.0,2.0,True,20,1,16,26,61,671,671,61,1.0,1.0,1.0,61,2026-09-03T19:08:56,2.0,0.6000000000000001
phase_transition,1,12,0.0,5,2,0.1,25,0.616143,0.8,1.0,3.1,True,31,1,0,27,51,561,561,51,1.0,1.0,1.0,51,2026-09-03T19:08:56,2.0,0.6000000000000001
phase_transition,1,12,0.0,5,2,0.1,26,0.655212,0.8,1.0,2.7,True,27,1,12,22,62,682,682,62,1.0,1.0,1.0,62,2026-09-03T19:08:56,2.0,0.6000000000000001
phase_transition,1,12,0.0,5,2,0.1,27,0.670452,0.6,1.0,1.9,True,19,1,0,16,39,429,429,39,1.0,1.0,1.0,39,2026-09-03T19:08:56,2.0,0.6000000000000001
phase_transition,1,12,0.0,5,2,0.1,28,0.638088,0.8,1.0,4.6,True,46,1,0,28,66,726,726,66,1.0,1.0,1.0,66,2026-09-03T19:08:56,2.0,0.6000000000000001
phase_transition,1,12,0.0,5,2,0.1,29,0.598253,0.8,1.0,1.7,True,17,1,22,21,66,726,726,66,1.0,1.0,1.0,66,2026-09-03T19:08:56,2.0,0.6000000000000001
phase_transition,1,12,0.05,5,2,0.1,0,0.671678,0.8,0.95508,2.9,True,29,1,28,26,83,893,935,85,0.976471,0.978094,0.95508,85,2026-09-03T19:08:56,2.0,0.6000000000000001
phase_transition,1,12,0.05,5,2,0.1,1,0.6323,0.0,0.912991,4.4,True,44,1,80,57,283,3043,3333,303,0.933993,0.977514,0.912991,303,2026-09-03T19:08:57,2.0,0.6000000000000001
phase_transition,1,12,0.05,5,2,0.1,2,0.683763,0.0,0.927273,3.0,True,30,1,151,21,344,3672,3960,360,0.955556,0.970402,0.927273,360,2026-09-03T19:08:57,2.0,0.6000000000000001
phase_transition,1,12,0.05,5,2,0.1,3,0.784758,0.0,0.933411,8.1,True,81,1,33,46,150,1612,1727,157,0.955414,0.97697,0.933411,157,2026-09-03T19:08:57,2.0,0.6000000000000001
phase_transition,1,12,0.05,5,2,0.1,4,0.688345,0.2,0.945887,4.6,True,46,1,28,18,122,1311,1386,126,0.968254,0.9769,0.945887,126,2026-09-03T19:08:56,2.0,0.6000000000000001
phase_transition,1,12,0.05,5,2,0.1,5,0.826849,0.0,0.933333,3.8,True,38,1,43,29,143,1540,1650,150,0.953333,0.979021,0.933333,150,2026-09-03T19:08:56,2.0,0.6000000000000001
phase_transition,1,12,0.05,5,2,0.1,6,0.66083,0.0,0.950693,4.5,True,45,1,30,49,114,1234,1298,118,0.966102,0.984051,0.950693,118,2026-09-03T19:08:56,2.0,0.6000000000000001
phase_transition,1,12,0.05,5,2,0.1,7,0.743927,0.0,0.938161,6.0,True,60,1,51,35,165,1775,1892,172,0.959302,0.977961,0.938161,172,2026-09-03T19:08:56,2.0,0.6000000000000001
phase_transition,1,12,0.05,5,2,0.1,8,0.757051,0.0,0.908249,3.9,True,39,1,83,45,201,2158,2376,216,0.930556,0.976029,0.908249,216,2026-09-03T19:08:57,2.0,0.6000000000000001
phase_transition,1,12,0.05,5,2,0.1,9,0.818253,0.0,0.924171,3.6,True,36,1,95,88,200,2145,2321,211,0.947867,0.975,0.924171,211,2026-09-03T19:08:57,2.0,0.6000000000000001
phase_transition,1,12,0.05,5,2,0.1,10,0.665571,0.2,0.956818,3.7,True,37,1,18,41,78,842,880,80,0.975,0.981352,0.956818,80,2026-09-03T19:08:57,2.0,0.6000000000000001
phase_transition,1,12,0.05,5,2,0.1,11,0.719621,0.4,0.957422,2.5,True,25,1,19,29,77,832,869,79,0.974684,0.98229,0.957422,79,2026-09-03T19:08:57,2.0,0.6000000000000001
phase_transition,1,12,0.05,5,2,0.1,12,0.72347,0.4,0.924731,5.3,True,53,1,4,37,88,946,1023,93,0.946237,0.977273,0.924731,93,2026-09-03T19:08:57,2.0,0.6000000000000001
phase_transition,1,12,0.05,5,2,0.1,13,0.653038,0.8,0.963979,2.6,True,26,1,5,17,52,562,583,53,0.981132,0.982517,0.963979,53,2026-09-03T19:08:57,2.0,0.6000000000000001
phase_transition,1,12,0.05,5,2,0.1,14,0.739958,0.0,0.940726,3.8,True,38,1,128,42,263,2825,3003,273,0.96337,0.976495,0.940726,273,2026-09-03T19:08:57,2.0,0.6000000000000001
phase_transition,1,12,0.05,5,2,0.1,15,0.832334,0.0,0.932533,4.5,True,45,1,47,27,152,1631,1749,159,0.955975,0.975478,0.932533,159,2026-09-03T19:08:57,2.0,0.6000000000000001
phase_transition,1,12,0.05,5,2,0.1,16,0.662774,0.6,0.942734,2.4,True,24,1,30,16,122,1317,1397,127,0.96063,0.981371,0.942734,127,2026-09-03T19:08:57,2.0,0.6000000000000001
phase_transition,1,12,0.05,5,2,0.1,17,0.727745,0.4,0.91502,5.0,True,50,1,16,43,87,926,1012,92,0.945652,0.967607,0.91502,92,2026-09-03T19:08:57,2.0,0.6000000000000001
phase_transition,1,12,0.05,5,2,0.1,18,0.67502,0.4,0.940646,2.9,True,29,1,29,41,116,1252,1331,121,0.958678,0.981191,0.940646,121,2026-09-03T19:08:57,2.0,0.6000000000000001
phase_transition,1,12,0.05,5,2,0.1,19,0.683989,0.0,0.933257,4.5,True,45,1,154,54,378,4055,4345,395,0.956962,0.975228,0.933257,395,2026-09-03T19:08:57,2.0,0.6000000000000001
phase_transition,1,12,0.05,5,2,0.1,20,0.759572,0.4,0.919786,2.9,True,29,1,9,18,80,860,935,85,0.941176,0.977273,0.919786,85,2026-09-03T19:08:57,2.0,0.6000000000000001
phase_transition,1,12,0.05,5,2,0.1,21,0.705161,0.2,0.943279,4.4,True,44,1,36,38,113,1214,1287,117,0.965812,0.976669,0.943279,117,2026-09-03T19:08:57,2.0,0.6000000000000001
phase_transition,1,12,0.05,5,2,0.1,22,0.690637,0.2,0.912364,3.2,True,32,0,271,36,470,5018,5500,500,0.94,0.9706,0.912364,500,2026-09-03T19:08:57,2.0,0.6000000000000001
phase_transition,1,12,0.05,5,2,0.1,23,0.624478,0.8,0.914005,4.1,True,41,1,11,28,69,744,814,74,0.932432,0.980237,0.914005,74,2026-09-03T19:08:57,2.0,0.6000000000000001
phase_transition,1,12,0.05,5,2,0.1,24,0.775785,0.2,0.947584,2.2,True,22,1,26,18,107,1157,1221,111,0.963964,0.983008,0.947584,111,2026-09-03T19:08:57,2.0,0.6000000000000001
phase_transition,1,12,0.05,5,2,0.1,25,0.737923,0.2,0.928005,3.2,True,32,1,59,35,142,1521,1639,149,0.95302,0.973752,0.928005,149,2026-09-03T19:08:57,2.0,0.6000000000000001
phase_transition,1,12,0.05,5,2,0.1,26,0.768426,0.4,0.94006,2.7,True,27,1,31,41,88,941,1001,91,0.967033,0.972107,0.94006,91,2026-09-03T19:08:57,2.0,0.6000000000000001
phase_transition,1,12,0.05,5,2,0.1,27,0.676948,0.6,0.966132,2.0,True,20,1,6,18,50,542,561,51,0.980392,0.985455,0.966132,51,2026-09-03T19:08:57,2.0,0.6000000000000001
phase_transition,1,12,0.05,5,2,0.1,28,0.691614,0.2,0.894428,4.8,True,48,1,37,72,114,1220,1364,124,0.919355,0.972887,0.894428,124,2026-09-03T19:08:57,2.0,0.6000000000000001
phase_transition,1,12,0.05,5,2,0.1,29,0.853352,0.0,0.935504,3.9,True,39,1,96,21,284,3046,3256,296,0.959459,0.975032,0.935504,296,2026-09-03T19:08:57,2.0,0.6000000000000001
phase_transition,1,12,0.15,5,2,0.1,0,0.670277,0.6,0.798,7.3,True,73,0,333,36,429,4389,5500,500,0.858,0.93007,0.798,500,2026-09-03T19:08:57,2.0,0.6000000000000001
phase_transition,1,12,0.15,5,2,0.1,1,0.443531,0.2,0.784182,4.3,True,43,0,431,64,421,4313,5500,500,0.842,0.931332,0.784182,500,2026-09-03T19:08:58,2.0,0.6000000000000001
phase_transition,1,12,0.15,5,2,0.1,2,0.53247,0.4,0.771273,7.9,True,79,0,363,63,419,4242,5500,500,0.838,0.920373,0.771273,500,2026-09-03T19:08:57,2.0,0.6000000000000001
phase_transition,1,12,0.15,5,2,0.1,3,0.68378,0.2,0.784909,16.9,True,169,0,283,92,423,4317,5500,500,0.846,0.927789,0.784909,500,2026-09-03T19:08:58,2.0,0.6000000000000001
phase_transition,1,12,0.15,5,2,0.1,4,0.52337,0.6,0.776182,8.0,True,80,0,364,42,420,4269,5500,500,0.84,0.924026,0.776182,500,2026-09-03T19:08:57,2.0,0.6000000000000001
phase_transition,1,12,0.15,5,2,0.1,5,0.657908,0.2,0.766727,6.6,True,66,0,368,70,415,4217,5500,500,0.83,0.923768,0.766727,500,2026-09-03T19:08:58,2.0,0.6000000000000001
phase_transition,1,12,0.15,5,2,0.1,6,0.616597,0.2,0.801273,5.0,True,50,0,396,54,429,4407,5500,500,0.858,0.933884,0.801273,500,2026-09-03T19:08:57,2.0,0.6000000000000001
phase_transition,1,12,0.15,5,2,0.1,7,0.718919,0.2,0.7868,7.2,True,72,1,170,85,239,2432,3091,281,0.850534,0.925067,0.7868,281,2026-09-03T19:08:58,2.0,0.6000000000000001
phase_transition,1,12,0.15,5,2,0.1,8,0.703622,0.2,0.808727,8.1,True,81,0,365,89,437,4448,5500,500,0.874,0.925317,0.808727,500,2026-09-03T19:08:58,2.0,0.6000000000000001
phase_transition,1,12,0.15,5,2,0.1,9,0.606118,0.4,0.791818,8.0,True,80,0,381,91,428,4355,5500,500,0.856,0.925021,0.791818,500,2026-09-03T19:08:58,2.0,0.6000000000000001
phase_transition,1,12,0.15,5,2,0.1,10,0.660505,0.4,0.787455,18.7,True,187,0,294,43,425,4331,5500,500,0.85,0.926417,0.787455,500,2026-09-03T19:08:58,2.0,0.6000000000000001
phase_transition,1,12,0.15,5,2,0.1,11,0.37694,0.2,0.769818,3.7,True,37,0,399,28,415,4234,5500,500,0.83,0.927492,0.769818,500,2026-09-03T19:08:58,2.0,0.6000000000000001
phase_transition,1,12,0.15,5,2,0.1,12,0.570122,0.2,0.784545,4.3,True,43,0,382,70,422,4315,5500,500,0.844,0.929556,0.784545,500,2026-09-03T19:08:58,2.0,0.6000000000000001
phase_transition,1,12,0.15,5,2,0.1,13,0.627141,0.2,0.780909,4.9,True,49,0,389,94,422,4295,5500,500,0.844,0.925248,0.780909,500,2026-09-03T19:08:58,2.0,0.6000000000000001
phase_transition,1,12,0.15,5,2,0.1,14,0.728715,0.0,0.811455,5.1,True,51,0,382,53,438,4463,5500,500,0.876,0.926318,0.811455,500,2026-09-03T19:08:58,2.0,0.6000000000000001
phase_transition,1,12,0.15,5,2,0.1,15,0.536347,0.4,0.771636,7.7,True,77,0,353,52,418,4244,5500,500,0.836,0.92301,0.771636,500,2026-09-03T19:08:59,2.0,0.6000000000000001
phase_transition,1,12,0.15,5,2,0.1,16,0.648519,0.0,0.812834,2.7,True,27,1,247,23,282,2888,3553,323,0.873065,0.931012,0.812834,323,2026-09-03T19:08:58,2.0,0.6000000000000001
phase_transition,1,12,0.15,5,2,0.1,17,0.597316,0.2,0.768727,6.4,True,64,0,315,55,413,4228,5500,500,0.826,0.930663,0.768727,500,2026-09-03T19:08:58,2.0,0.6000000000000001
phase_transition,1,12,0.15,5,2,0.1,18,0.791583,0.2,0.776,5.2,True,52,0,390,19,419,4268,5500,500,0.838,0.926014,0.776,500,2026-09-03T19:08:58,2.0,0.6000000000000001
phase_transition,1,12,0.15,5,2,0.1,19,0.713562,0.2,0.761818,9.8,True,98,0,355,63,410,4190,5500,500,0.82,0.929047,0.761818,500,2026-09-03T19:08:59,2.0,0.6000000000000001
phase_transition,1,12,0.15,5,2,0.1,20,0.656834,0.4,0.81,5.9,True,59,0,408,25,435,4455,5500,500,0.87,0.931034,0.81,500,2026-09-03T19:08:58,2.0,0.6000000000000001
phase_transition,1,12,0.15,5,2,0.1,21,0.671402,0.4,0.790182,13.3,True,133,0,308,79,426,4346,5500,500,0.852,0.927443,0.790182,500,2026-09-03T19:08:59,2.0,0.6000000000000001
phase_transition,1,12,0.15,5,2,0.1,22,0.639532,0.4,0.787091,6.0,True,60,0,402,17,428,4329,5500,500,0.856,0.919499,0.787091,500,2026-09-03T19:08:58,2.0,0.6000000000000001
phase_transition,1,12,0.15,5,2,0.1,23,0.62145,0.6,0.760727,3.6,True,36,0,421,42,411,4184,5500,500,0.822,0.925459,0.760727,500,2026-09-03T19:08:59,2.0,0.6000000000000001
phase_transition,1,12,0.15,5,2,0.1,24,0.574135,0.6,0.780909,7.7,True,77,0,410,58,421,4295,5500,500,0.842,0.927445,0.780909,500,2026-09-03T19:08:58,2.0,0.6000000000000001
phase_transition,1,12,0.15,5,2,0.1,25,0.543065,0.0,0.789818,9.2,True,92,0,349,61,430,4344,5500,500,0.86,0.918393,0.789818,500,2026-09-03T19:08:59,2.0,0.6000000000000001
phase_transition,1,12,0.15,5,2,0.1,26,0.666646,0.4,0.797818,4.5,True,45,0,372,43,432,4388,5500,500,0.864,0.923401,0.797818,500,2026-09-03T19:08:59,2.0,0.6000000000000001
phase_transition,1,12,0.15,5,2,0.1,27,0.732854,0.4,0.787273,6.0,True,60,0,372,43,424,4330,5500,500,0.848,0.928388,0.787273,500,2026-09-03T19:08:59,2.0,0.6000000000000001
phase_transition,1,12,0.15,5,2,0.1,28,0.57792,0.4,0.814909,9.6,True,96,0,354,117,441,4482,5500,500,0.882,0.923933,0.814909,500,2026-09-03T19:08:59,2.0,0.6000000000000001
phase_transition,1,12,0.15,5,2,0.1,29,0.671638,0.4,0.817818,4.4,True,44,0,371,48,439,4498,5500,500,0.878,0.931456,0.817818,500,2026-09-03T19:08:59,2.0,0.6000000000000001
phase_transition,1,14,0.0,5,2,0.1,0,0.678812,1.0,1.0,2.4,True,24,1,32,35,87,1131,1131,87,1.0,1.0,1.0,87,2026-09-03T19:08:59,2.0,0.7000000000000001
phase_transition,1,14,0.0,5,2,0.1,1,0.675641,0.6,1.0,3.6,True,36,1,5,40,70,910,910,70,1.0,1.0,1.0,70,2026-09-03T19:08:59,2.0,0.7000000000000001
phase_transition,1,14,0.0,5,2,0.1,2,0.669157,0.4,1.0,3.2,True,32,1,12,26,80,1040,1040,80,1.0,1.0,1.0,80,2026-09-03T19:08:59,2.0,0.7000000000000001
phase_transition,1,14,0.0,5,2,0.1,3,0.624451,0.6,1.0,4.6,True,46,1,15,37,82,1066,1066,82,1.0,1.0,1.0,82,2026-09-03T19:08:59,2.0,0.7000000000000001
phase_transition,1,14,0.0,5,2,0.1,4,0.67939,1.0,1.0,4.8,True,48,1,29,41,110,1430,1430,110,1.0,1.0,1.0,110,2026-09-03T19:08:59,2.0,0.7000000000000001
phase_transition,1,14,0.0,5,2,0.1,5,0.651141,0.6,1.0,3.8,True,38,1,11,33,77,1001,1001,77,1.0,1.0,1.0,77,2026-09-03T19:08:59,2.0,0.7000000000000001
phase_transition,1,14,0.0,5,2,0.1,6,0.70838,0.8,1.0,4.7,True,47,1,0,31,67,871,871,67,1.0,1.0,1.0,67,2026-09-03T19:08:59,2.0,0.7000000000000001
phase_transition,1,14,0.0,5,2,0.1,7,0.736527,0.6,1.0,4.2,True,42,1,10,32,85,1105,1105,85,1.0,1.0,1.0,85,2026-09-03T19:08:59,2.0,0.7000000000000001
phase_transition,1,14,0.0,5,2,0.1,8,0.650199,0.8,1.0,4.4,True,44,1,0,39,64,832,832,64,1.0,1.0,1.0,64,2026-09-03T19:08:59,2.0,0.7000000000000001
phase_transition,1,14,0.0,5,2,0.1,9,0.642854,0.8,1.0,2.8,True,28,1,13,23,63,819,819,63,1.0,1.0,1.0,63,2026-09-03T19:08:59,2.0,0.7000000000000001
phase_transition,1,14,0.0,5,2,0.1,10,0.761536,0.6,1.0,3.7,True,37,1,23,35,113,1469,1469,113,1.0,1.0,1.0,113,2026-09-03T19:08:59,2.0,0.7000000000000001
phase_transition,1,14,0.0,5,2,0.1,11,0.697924,0.8,1.0,2.9,True,29,1,26,33,99,1287,1287,99,1.0,1.0,1.0,99,2026-09-03T19:08:59,2.0,0.7000000000000001
phase_transition,1,14,0.0,5,2,0.1,12,0.669737,0.6,1.0,3.5,True,35,1,1,39,68,884,884,68,1.0,1.0,1.0,68,2026-09-03T19:08:59,2.0,0.7000000000000001
phase_transition,1,14,0.0,5,2,0.1,13,0.659336,0.8,1.0,4.1,True,41,1,0,21,61,793,793,61,1.0,1.0,1.0,61,2026-09-03T19:08:59,2.0,0.7000000000000001
phase_transition,1,14,0.0,5,2,0.1,14,0.574901,0.8,1.0,2.3,True,23,1,0,22,43,559,559,43,1.0,1.0,1.0,43,2026-09-03T19:08:59,2.0,0.7000000000000001
phase_transition,1,14,0.0,5,2,0.1,15,0.683608,0.8,1.0,4.9,True,49,1,0,41,69,897,897,69,1.0,1.0,1.0,69,2026-09-03T19:08:59,2.0,0.7000000000000001
phase_transition,1,14,0.0,5,2,0.1,16,0.642764,0.8,1.0,2.1,True,21,1,28,16,79,1027,1027,79,1.0,1.0,1.0,79,2026-09-03T19:08:59,2.0,0.7000000000000001
phase_transition,1,14,0.0,5,2,0.1,17,0.621807,0.8,1.0,3.0,True,30,1,0,22,50,650,650,50,1.0,1.0,1.0,50,2026-09-03T19:08:59,2.0,0.7000000000000001
phase_transition,1,14,0.0,5,2,0.1,18,0.636055,0.8,1.0,4.3,True,43,1,0,32,63,819,819,63,1.0,1.0,1.0,63,2026-09-03T19:08:59,2.0,0.7000000000000001
phase_transition,1,14,0.0,5,2,0.1,19,0.741999,0.6,1.0,3.8,True,38,1,15,43,86,1118,1118,86,1.0,1.0,1.0,86,2026-09-03T19:08:59,2.0,0.7000000000000001
phase_transition,1,14,0.0,5,2,0.1,20,0.657788,0.8,1.0,2.1,True,21,1,9,13,56,728,728,56,1.0,1.0,1.0,56,2026-09-03T19:08:59,2.0,0.7000000000000001
phase_transition,1,14,0.0,5,2,0.1,21,0.729988,0.6,1.0,4.2,True,42,1,22,40,121,1573,1573,121,1.0,1.0,1.0,121,2026-09-03T19:08:59,2.0,0.7000000000000001
phase_transition,1,14,0.0,5,2,0.1,22,0.635239,1.0,1.0,4.1,True,41,1,14,40,76,988,988,76,1.0,1.0,1.0,76,2026-09-03T19:08:59,2.0,0.7000000000000001
phase_transition,1,14,0.0,5,2,0.1,23,0.61642,0.8,1.0,3.5,True,35,1,16,32,78,1014,1014,78,1.0,1.0,1.0,78,2026-09-03T19:08:59,2.0,0.7000000000000001
phase_transition,1,14,0.0,5,2,0.1,24,0.570978,0.6,1.0,2.6,True,26,1,0,30,46,598,598,46,1.0,1.0,1.0,46,2026-09-03T19:08:59,2.0,0.7000000000000001
phase_transition,1,14,0.0,5,2,0.1,25,0.627346,0.8,1.0,3.5,True,35,1,0,27,55,715,715,55,1.0,1.0,1.0,55,2026-09-03T19:08:59,2.0,0.7000000000000001
phase_transition,1,14,0.0,5,2,0.1,26,0.688952,0.8,1.0,4.8,True,48,1,0,24,68,884,884,68,1.0,1.0,1.0,68,2026-09-03T19:08:59,2.0,0.7000000000000001
phase_transition,1,14,0.0,5,2,0.1,27,0.685868,0.6,1.0,2.1,True,21,1,0,16,41,533,533,41,1.0,1.0,1.0,41,2026-09-03T19:08:59,2.0,0.7000000000000001
phase_transition,1,14,0.0,5,2,0.1,28,0.513027,0.8,1.0,3.9,True,39,1,0,43,59,767,767,59,1.0,1.0,1.0,59,2026-09-03T19:08:59,2.0,0.7000000000000001
phase_transition,1,14,0.0,5,2,0.1,29,0.569992,0.8,1.0,2.7,True,27,1,15,31,67,871,871,67,1.0,1.0,1.0,67,2026-09-03T19:08:59,2.0,0.7000000000000001
phase_transition,1,14,0.05,5,2,0.1,0,0.673242,0.0,0.940265,6.0,True,60,1,102,38,262,3337,3549,273,0.959707,0.979742,0.940265,273,2026-09-03T19:08:59,2.0,0.7000000000000001
phase_transition,1,14,0.05,5,2,0.1,1,0.689174,0.2,0.909782,6.1,True,61,1,0,46,76,958,1053,81,0.938272,0.969636,0.909782,81,2026-09-03T19:08:59,2.0,0.7000000000000001
phase_transition,1,14,0.05,5,2,0.1,2,0.752571,0.0,0.907895,4.2,True,42,1,68,40,142,1794,1976,152,0.934211,0.971831,0.907895,152,2026-09-03T19:08:59,2.0,0.7000000000000001
phase_transition,1,14,0.05,5,2,0.1,3,0.71817,0.6,0.924009,6.9,True,69,1,33,58,156,1982,2145,165,0.945455,0.977318,0.924009,165,2026-09-03T19:08:59,2.0,0.7000000000000001
phase_transition,1,14,0.05,5,2,0.1,4,0.681635,0.0,0.913784,4.3,True,43,1,58,38,139,1770,1937,149,0.932886,0.979524,0.913784,149,2026-09-03T19:08:59,2.0,0.7000000000000001
phase_transition,1,14,0.05,5,2,0.1,5,0.737462,0.0,0.919651,6.0,True,60,1,84,53,232,2953,3211,247,0.939271,0.979111,0.919651,247,2026-09-03T19:08:59,2.0,0.7000000000000001
phase_transition,1,14,0.05,5,2,0.1,6,0.611605,1.0,0.952663,3.4,True,34,1,7,42,63,805,845,65,0.969231,0.982906,0.952663,65,2026-09-03T19:08:59,2.0,0.7000000000000001
phase_transition,1,14,0.05,5,2,0.1,7,0.757021,0.4,0.936,4.2,True,42,0,303,32,480,6084,6500,500,0.96,0.975,0.936,500,2026-09-03T19:08:59,2.0,0.7000000000000001
phase_transition,1,14,0.05,5,2,0.1,8,0.720908,0.2,0.925705,3.2,True,32,1,279,42,416,5283,5707,439,0.947608,0.976886,0.925705,439,2026-09-03T19:08:59,2.0,0.7000000000000001
phase_transition,1,14,0.05,5,2,0.1,9,0.659463,0.4,0.909077,5.1,True,51,0,329,54,467,5909,6500,500,0.934,0.973316,0.909077,500,2026-09-03T19:09:00,2.0,0.7000000000000001
phase_transition,1,14,0.05,5,2,0.1,10,0.70132,0.4,0.936139,3.7,True,37,1,112,35,203,2580,2756,212,0.957547,0.977643,0.936139,212,2026-09-03T19:08:59,2.0,0.7000000000000001
phase_transition,1,14,0.05,5,2,0.1,11,0.627807,1.0,0.927473,5.0,True,50,1,0,33,66,844,910,70,0.942857,0.983683,0.927473,70,2026-09-03T19:08:59,2.0,0.7000000000000001
phase_transition,1,14,0.05,5,2,0.1,12,0.700324,0.2,0.917308,10.4,True,104,1,28,72,150,1908,2080,160,0.9375,0.978462,0.917308,160,2026-09-03T19:08:59,2.0,0.7000000000000001
phase_transition,1,14,0.05,5,2,0.1,13,0.690885,0.0,0.928232,4.9,True,49,1,91,27,184,2341,2522,194,0.948454,0.978679,0.928232,194,2026-09-03T19:08:59,2.0,0.7000000000000001
phase_transition,1,14,0.05,5,2,0.1,14,0.590223,0.0,0.922913,3.2,True,32,1,277,22,443,5627,6097,469,0.944563,0.977079,0.922913,469,2026-09-03T19:08:59,2.0,0.7000000000000001
phase_transition,1,14,0.05,5,2,0.1,15,0.700645,0.6,0.938323,3.9,True,39,1,41,34,107,1354,1443,111,0.963964,0.9734,0.938323,111,2026-09-03T19:09:00,2.0,0.7000000000000001
phase_transition,1,14,0.05,5,2,0.1,16,0.714094,0.4,0.935385,2.6,True,26,0,346,18,479,6080,6500,500,0.958,0.976393,0.935385,500,2026-09-03T19:09:00,2.0,0.7000000000000001
phase_transition,1,14,0.05,5,2,0.1,17,0.7646,0.0,0.934511,3.1,True,31,1,87,41,142,1798,1924,148,0.959459,0.973998,0.934511,148,2026-09-03T19:09:00,2.0,0.7000000000000001
phase_transition,1,14,0.05,5,2,0.1,18,0.710367,0.2,0.930769,4.7,True,47,0,349,37,478,6050,6500,500,0.956,0.973608,0.930769,500,2026-09-03T19:09:00,2.0,0.7000000000000001
phase_transition,1,14,0.05,5,2,0.1,19,0.598955,0.0,0.926301,5.6,True,56,1,211,38,317,4022,4342,334,0.949102,0.975977,0.926301,334,2026-09-03T19:09:00,2.0,0.7000000000000001
phase_transition,1,14,0.05,5,2,0.1,20,0.788557,0.2,0.947223,3.3,True,33,1,89,13,217,2746,2899,223,0.973094,0.973414,0.947223,223,2026-09-03T19:08:59,2.0,0.7000000000000001
phase_transition,1,14,0.05,5,2,0.1,21,0.731082,0.0,0.94185,9.9,True,99,1,173,40,324,4114,4368,336,0.964286,0.976733,0.94185,336,2026-09-03T19:09:00,2.0,0.7000000000000001
phase_transition,1,14,0.05,5,2,0.1,22,0.657337,0.4,0.919231,3.9,True,39,1,26,48,94,1195,1300,100,0.94,0.977905,0.919231,100,2026-09-03T19:08:59,2.0,0.7000000000000001
phase_transition,1,14,0.05,5,2,0.1,23,0.588093,0.2,0.919255,4.3,True,43,1,62,45,151,1924,2093,161,0.937888,0.980132,0.919255,161,2026-09-03T19:09:00,2.0,0.7000000000000001
phase_transition,1,14,0.05,5,2,0.1,24,0.653124,0.8,0.941486,3.9,True,39,1,42,29,112,1432,1521,117,0.957265,0.983516,0.941486,117,2026-09-03T19:08:59,2.0,0.7000000000000001
phase_transition,1,14,0.05,5,2,0.1,25,0.757815,0.0,0.930424,8.7,True,87,1,41,67,170,2153,2314,178,0.955056,0.974208,0.930424,178,2026-09-03T19:09:00,2.0,0.7000000000000001
phase_transition,1,14,0.05,5,2,0.1,26,0.819719,0.0,0.916281,6.7,True,67,1,97,65,234,2966,3237,249,0.939759,0.975016,0.916281,249,2026-09-03T19:09:00,2.0,0.7000000000000001
phase_transition,1,14,0.05,5,2,0.1,27,0.720546,0.4,0.943439,2.1,True,21,1,276,16,428,5421,5746,442,0.968326,0.974299,0.943439,442,2026-09-03T19:09:00,2.0,0.7000000000000001
phase_transition,1,14,0.05,5,2,0.1,28,0.639829,0.0,0.923538,8.5,True,85,0,336,73,475,6003,6500,500,0.95,0.972146,0.923538,500,2026-09-03T19:09:00,2.0,0.7000000000000001
phase_transition,1,14,0.05,5,2,0.1,29,0.694571,0.2,0.919969,5.0,True,50,1,183,27,280,3552,3861,297,0.942761,0.975824,0.919969,297,2026-09-03T19:09:00,2.0,0.7000000000000001
phase_transition,1,14,0.15,5,2,0.1,0,0.57357,0.8,0.811231,11.4,True,114,0,384,52,437,5273,6500,500,0.874,0.928182,0.811231,500,2026-09-03T19:09:00,2.0,0.7000000000000001
phase_transition,1,14,0.15,5,2,0.1,1,0.669297,0.2,0.785846,16.7,True,167,0,300,94,422,5108,6500,500,0.844,0.931097,0.785846,500,2026-09-03T19:09:01,2.0,0.7000000000000001
phase_transition,1,14,0.15,5,2,0.1,2,0.573405,0.6,0.737538,15.9,True,159,0,332,57,400,4794,6500,500,0.8,0.921923,0.737538,500,2026-09-03T19:09:00,2.0,0.7000000000000001
phase_transition,1,14,0.15,5,2,0.1,3,0.520427,0.4,0.782769,16.9,True,169,0,319,70,422,5088,6500,500,0.844,0.927452,0.782769,500,2026-09-03T19:09:01,2.0,0.7000000000000001
phase_transition,1,14,0.15,5,2,0.1,4,0.644734,0.8,0.75,16.6,True,166,0,331,107,405,4875,6500,500,0.81,0.925926,0.75,500,2026-09-03T19:09:00,2.0,0.7000000000000001
phase_transition,1,14,0.15,5,2,0.1,5,0.471577,0.6,0.778462,5.7,True,57,0,435,61,422,5060,6500,500,0.844,0.922348,0.778462,500,2026-09-03T19:09:01,2.0,0.7000000000000001
phase_transition,1,14,0.15,5,2,0.1,6,0.456819,0.6,0.793538,6.6,True,66,0,428,91,426,5158,6500,500,0.852,0.931383,0.793538,500,2026-09-03T19:09:01,2.0,0.7000000000000001
phase_transition,1,14,0.15,5,2,0.1,7,0.331195,0.6,0.781231,6.7,True,67,0,408,57,422,5078,6500,500,0.844,0.925629,0.781231,500,2026-09-03T19:09:01,2.0,0.7000000000000001
phase_transition,1,14,0.15,5,2,0.1,8,0.690372,0.0,0.804462,7.3,True,73,0,402,36,434,5229,6500,500,0.868,0.926799,0.804462,500,2026-09-03T19:09:00,2.0,0.7000000000000001
phase_transition,1,14,0.15,5,2,0.1,9,0.56765,0.2,0.777385,8.2,True,82,0,399,27,420,5053,6500,500,0.84,0.925458,0.777385,500,2026-09-03T19:09:01,2.0,0.7000000000000001
phase_transition,1,14,0.15,5,2,0.1,10,0.663789,0.2,0.794308,6.0,True,60,0,410,146,429,5163,6500,500,0.858,0.925767,0.794308,500,2026-09-03T19:09:01,2.0,0.7000000000000001
phase_transition,1,14,0.15,5,2,0.1,11,0.512917,0.0,0.790462,28.3,True,283,0,212,48,428,5138,6500,500,0.856,0.923436,0.790462,500,2026-09-03T19:09:01,2.0,0.7000000000000001
phase_transition,1,14,0.15,5,2,0.1,12,0.672808,0.6,0.779231,6.5,True,65,0,434,65,420,5065,6500,500,0.84,0.927656,0.779231,500,2026-09-03T19:09:01,2.0,0.7000000000000001
phase_transition,1,14,0.15,5,2,0.1,13,0.569907,0.4,0.779846,14.4,True,144,0,344,28,420,5069,6500,500,0.84,0.928388,0.779846,500,2026-09-03T19:09:01,2.0,0.7000000000000001
phase_transition,1,14,0.15,5,2,0.1,14,0.394263,0.2,0.794615,7.2,True,72,0,385,48,429,5165,6500,500,0.858,0.926125,0.794615,500,2026-09-03T19:09:01,2.0,0.7000000000000001
phase_transition,1,14,0.15,5,2,0.1,15,0.654653,0.6,0.785231,38.7,True,387,0,111,115,425,5104,6500,500,0.85,0.923801,0.785231,500,2026-09-03T19:09:01,2.0,0.7000000000000001
phase_transition,1,14,0.15,5,2,0.1,16,0.584083,0.2,0.785091,5.3,True,53,1,385,20,409,4950,6305,485,0.843299,0.930976,0.785091,485,2026-09-03T19:09:01,2.0,0.7000000000000001
phase_transition,1,14,0.15,5,2,0.1,17,0.642588,1.0,0.789538,7.2,True,72,0,416,46,426,5132,6500,500,0.852,0.926688,0.789538,500,2026-09-03T19:09:02,2.0,0.7000000000000001
phase_transition,1,14,0.15,5,2,0.1,18,0.565395,0.4,0.788769,12.7,True,127,0,363,68,426,5127,6500,500,0.852,0.925785,0.788769,500,2026-09-03T19:09:01,2.0,0.7000000000000001
phase_transition,1,14,0.15,5,2,0.1,19,0.429271,0.8,0.789385,7.9,True,79,0,416,66,427,5131,6500,500,0.854,0.924338,0.789385,500,2026-09-03T19:09:02,2.0,0.7000000000000001
phase_transition,1,14,0.15,5,2,0.1,20,0.563045,0.2,0.789077,12.6,True,126,0,371,120,424,5129,6500,500,0.848,0.930515,0.789077,500,2026-09-03T19:09:01,2.0,0.7000000000000001
phase_transition,1,14,0.15,5,2,0.1,21,0.669661,0.4,0.801077,5.5,True,55,0,402,60,432,5207,6500,500,0.864,0.927172,0.801077,500,2026-09-03T19:09:02,2.0,0.7000000000000001
phase_transition,1,14,0.15,5,2,0.1,22,0.619774,0.2,0.781538,20.9,True,209,0,281,53,425,5080,6500,500,0.85,0.919457,0.781538,500,2026-09-03T19:09:01,2.0,0.7000000000000001
phase_transition,1,14,0.15,5,2,0.1,23,0.705929,0.6,0.787077,24.6,True,246,0,248,110,425,5116,6500,500,0.85,0.925973,0.787077,500,2026-09-03T19:09:02,2.0,0.7000000000000001
phase_transition,1,14,0.15,5,2,0.1,24,0.543274,0.2,0.773231,5.4,True,54,0,423,53,415,5026,6500,500,0.83,0.931603,0.773231,500,2026-09-03T19:09:01,2.0,0.7000000000000001
phase_transition,1,14,0.15,5,2,0.1,25,0.395251,0.2,0.786462,12.4,True,124,0,358,32,427,5112,6500,500,0.854,0.920915,0.786462,500,2026-09-03T19:09:02,2.0,0.7000000000000001
phase_transition,1,14,0.15,5,2,0.1,26,0.650777,0.4,0.804308,14.8,True,148,0,319,75,434,5228,6500,500,0.868,0.926622,0.804308,500,2026-09-03T19:09:02,2.0,0.7000000000000001
phase_transition,1,14,0.15,5,2,0.1,27,0.580905,0.6,0.772462,39.4,True,394,0,99,240,416,5021,6500,500,0.832,0.928439,0.772462,500,2026-09-03T19:09:02,2.0,0.7000000000000001
phase_transition,1,14,0.15,5,2,0.1,28,0.61603,0.2,0.780923,14.5,True,145,0,335,47,422,5076,6500,500,0.844,0.925264,0.780923,500,2026-09-03T19:09:02,2.0,0.7000000000000001
phase_transition,1,14,0.15,5,2,0.1,29,0.657484,0.4,0.784308,5.0,True,50,0,423,80,421,5098,6500,500,0.842,0.931482,0.784308,500,2026-09-03T19:09:02,2.0,0.7000000000000001
phase_transition,1,16,0.0,5,2,0.1,0,0.643382,0.8,1.0,2.6,True,26,1,22,40,69,1035,1035,69,1.0,1.0,1.0,69,2026-09-03T19:09:02,2.0,0.8
phase_transition,1,16,0.0,5,2,0.1,1,0.725128,0.8,1.0,3.2,True,32,1,14,36,76,1140,1140,76,1.0,1.0,1.0,76,2026-09-03T19:09:02,2.0,0.8
phase_transition,1,16,0.0,5,2,0.1,2,0.608005,0.8,1.0,3.6,True,36,1,13,34,72,1080,1080,72,1.0,1.0,1.0,72,2026-09-03T19:09:02,2.0,0.8
phase_transition,1,16,0.0,5,2,0.1,3,0.594823,0.8,1.0,5.7,True,57,1,2,43,82,1230,1230,82,1.0,1.0,1.0,82,2026-09-03T19:09:02,2.0,0.8
phase_transition,1,16,0.0,5,2,0.1,4,0.684892,1.0,1.0,2.0,True,20,1,32,16,83,1245,1245,83,1.0,1.0,1.0,83,2026-09-03T19:09:02,2.0,0.8
phase_transition,1,16,0.0,5,2,0.1,5,0.702388,0.4,1.0,5.3,True,53,1,0,40,73,1095,1095,73,1.0,1.0,1.0,73,2026-09-03T19:09:02,2.0,0.8
phase_transition,1,16,0.0,5,2,0.1,6,0.683986,0.8,1.0,4.1,True,41,1,0,31,61,915,915,61,1.0,1.0,1.0,61,2026-09-03T19:09:02,2.0,0.8
phase_transition,1,16,0.0,5,2,0.1,7,0.673393,0.8,1.0,3.3,True,33,1,41,37,125,1875,1875,125,1.0,1.0,1.0,125,2026-09-03T19:09:02,2.0,0.8
phase_transition,1,16,0.0,5,2,0.1,8,0.690098,0.8,1.0,4.6,True,46,1,0,42,66,990,990,66,1.0,1.0,1.0,66,2026-09-03T19:09:02,2.0,0.8
phase_transition,1,16,0.0,5,2,0.1,9,0.632304,1.0,1.0,5.5,True,55,1,0,25,75,1125,1125,75,1.0,1.0,1.0,75,2026-09-03T19:09:02,2.0,0.8
phase_transition,1,16,0.0,5,2,0.1,10,0.738518,0.6,1.0,4.7,True,47,1,14,36,99,1485,1485,99,1.0,1.0,1.0,99,2026-09-03T19:09:02,2.0,0.8
phase_transition,1,16,0.0,5,2,0.1,11,0.621828,0.8,1.0,2.9,True,29,1,7,22,61,915,915,61,1.0,1.0,1.0,61,2026-09-03T19:09:02,2.0,0.8
phase_transition,1,16,0.0,5,2,0.1,12,0.751044,0.6,1.0,3.5,True,35,1,23,33,105,1575,1575,105,1.0,1.0,1.0,105,2026-09-03T19:09:02,2.0,0.8
phase_transition,1,16,0.0,5,2,0.1,13,0.678082,0.8,1.0,2.5,True,25,1,15,17,65,975,975,65,1.0,1.0,1.0,65,2026-09-03T19:09:02,2.0,0.8
phase_transition,1,16,0.0,5,2,0.1,14,0.623599,0.8,1.0,2.0,True,20,1,16,34,59,885,885,59,1.0,1.0,1.0,59,2026-09-03T19:09:02,2.0,0.8
phase_transition,1,16,0.0,5,2,0.1,15,0.649615,0.8,1.0,2.7,True,27,1,12,33,61,915,915,61,1.0,1.0,1.0,61,2026-09-03T19:09:02,2.0,0.8
phase_transition,1,16,0.0,5,2,0.1,16,0.679494,0.8,1.0,2.3,True,23,1,3,18,58,870,870,58,1.0,1.0,1.0,58,2026-09-03T19:09:02,2.0,0.8
phase_transition,1,16,0.0,5,2,0.1,17,0.607251,1.0,1.0,3.4,True,34,1,0,24,54,810,810,54,1.0,1.0,1.0,54,2026-09-03T19:09:02,2.0,0.8
phase_transition,1,16,0.0,5,2,0.1,18,0.669634,0.8,1.0,3.7,True,37,1,11,34,76,1140,1140,76,1.0,1.0,1.0,76,2026-09-03T19:09:02,2.0,0.8
phase_transition,1,16,0.0,5,2,0.1,19,0.531834,0.8,1.0,4.2,True,42,1,0,43,62,930,930,62,1.0,1.0,1.0,62,2026-09-03T19:09:02,2.0,0.8
phase_transition,1,16,0.0,5,2,0.1,20,0.67054,0.8,1.0,2.3,True,23,1,12,13,60,900,900,60,1.0,1.0,1.0,60,2026-09-03T19:09:02,2.0,0.8
phase_transition,1,16,0.0,5,2,0.1,21,0.69633,0.8,1.0,4.8,True,48,1,0,29,68,1020,1020,68,1.0,1.0,1.0,68,2026-09-03T19:09:02,2.0,0.8
phase_transition,1,16,0.0,5,2,0.1,22,0.694574,1.0,1.0,4.5,True,45,1,0,34,65,975,975,65,1.0,1.0,1.0,65,2026-09-03T19:09:02,2.0,0.8
phase_transition,1,16,0.0,5,2,0.1,23,0.573562,1.0,1.0,3.8,True,38,1,0,26,58,870,870,58,1.0,1.0,1.0,58,2026-09-03T19:09:02,2.0,0.8
phase_transition,1,16,0.0,5,2,0.1,24,0.592683,0.8,1.0,2.8,True,28,1,0,16,48,720,720,48,1.0,1.0,1.0,48,2026-09-03T19:09:02,2.0,0.8
phase_transition,1,16,0.0,5,2,0.1,25,0.746076,0.8,1.0,3.1,True,31,1,19,30,92,1380,1380,92,1.0,1.0,1.0,92,2026-09-03T19:09:02,2.0,0.8
phase_transition,1,16,0.0,5,2,0.1,26,0.652819,0.6,1.0,5.5,True,55,1,0,26,75,1125,1125,75,1.0,1.0,1.0,75,2026-09-03T19:09:02,2.0,0.8
phase_transition,1,16,0.0,5,2,0.1,27,0.773106,0.6,1.0,3.1,True,31,1,2,16,67,1005,1005,67,1.0,1.0,1.0,67,2026-09-03T19:09:02,2.0,0.8
phase_transition,1,16,0.0,5,2,0.1,28,0.717385,0.8,1.0,4.2,True,42,1,37,29,110,1650,1650,110,1.0,1.0,1.0,110,2026-09-03T19:09:02,2.0,0.8
phase_transition,1,16,0.0,5,2,0.1,29,0.647806,0.8,1.0,4.2,True,42,1,0,28,62,930,930,62,1.0,1.0,1.0,62,2026-09-03T19:09:02,2.0,0.8
phase_transition,1,16,0.05,5,2,0.1,0,0.660412,0.0,0.93974,4.9,True,49,1,244,53,370,5427,5775,385,0.961039,0.977838,0.93974,385,2026-09-03T19:09:03,2.0,0.8
phase_transition,1,16,0.05,5,2,0.1,1,0.666683,0.2,0.9136,4.2,True,42,0,400,36,468,6852,7500,500,0.936,0.976068,0.9136,500,2026-09-03T19:09:03,2.0,0.8
phase_transition,1,16,0.05,5,2,0.1,2,0.750259,0.4,0.935467,12.0,True,120,0,329,50,481,7016,7500,500,0.962,0.972419,0.935467,500,2026-09-03T19:09:03,2.0,0.8
phase_transition,1,16,0.05,5,2,0.1,3,0.703598,0.4,0.924,9.2,True,92,0,329,64,473,6930,7500,500,0.946,0.976744,0.924,500,2026-09-03T19:09:03,2.0,0.8
phase_transition,1,16,0.05,5,2,0.1,4,0.77883,0.2,0.942133,11.0,True,110,0,278,49,481,7066,7500,500,0.962,0.979349,0.942133,500,2026-09-03T19:09:03,2.0,0.8
phase_transition,1,16,0.05,5,2,0.1,5,0.706099,0.2,0.925157,8.6,True,86,1,0,58,100,1471,1590,106,0.943396,0.980667,0.925157,106,2026-09-03T19:09:03,2.0,0.8
phase_transition,1,16,0.05,5,2,0.1,6,0.587968,0.8,0.965517,3.8,True,38,1,0,42,57,840,870,58,0.982759,0.982456,0.965517,58,2026-09-03T19:09:02,2.0,0.8
phase_transition,1,16,0.05,5,2,0.1,7,0.701572,0.4,0.929787,6.4,True,64,1,87,37,179,2622,2820,188,0.952128,0.976536,0.929787,188,2026-09-03T19:09:02,2.0,0.8
phase_transition,1,16,0.05,5,2,0.1,8,0.751151,0.6,0.900585,7.5,True,75,1,67,39,158,2310,2565,171,0.923977,0.974684,0.900585,171,2026-09-03T19:09:02,2.0,0.8
phase_transition,1,16,0.05,5,2,0.1,9,0.731351,0.0,0.872989,7.4,True,74,1,19,68,104,1519,1740,116,0.896552,0.973718,0.872989,116,2026-09-03T19:09:03,2.0,0.8
phase_transition,1,16,0.05,5,2,0.1,10,0.72381,0.0,0.914349,11.7,True,117,1,12,48,141,2071,2265,151,0.933775,0.979196,0.914349,151,2026-09-03T19:09:02,2.0,0.8
phase_transition,1,16,0.05,5,2,0.1,11,0.723993,0.0,0.937467,17.0,True,170,0,265,29,481,7031,7500,500,0.962,0.974498,0.937467,500,2026-09-03T19:09:03,2.0,0.8
phase_transition,1,16,0.05,5,2,0.1,12,0.70548,0.2,0.9376,7.7,True,77,0,347,44,480,7032,7500,500,0.96,0.976667,0.9376,500,2026-09-03T19:09:03,2.0,0.8
phase_transition,1,16,0.05,5,2,0.1,13,0.689188,0.4,0.929574,8.5,True,85,1,122,27,253,3709,3990,266,0.951128,0.977339,0.929574,266,2026-09-03T19:09:03,2.0,0.8
phase_transition,1,16,0.05,5,2,0.1,14,0.678221,0.0,0.9072,4.4,True,44,0,378,41,464,6804,7500,500,0.928,0.977586,0.9072,500,2026-09-03T19:09:03,2.0,0.8
phase_transition,1,16,0.05,5,2,0.1,15,0.686095,0.2,0.908535,4.1,True,41,1,125,45,193,2821,3105,207,0.932367,0.974439,0.908535,207,2026-09-03T19:09:03,2.0,0.8
phase_transition,1,16,0.05,5,2,0.1,16,0.718423,0.0,0.934887,5.4,True,54,1,321,19,452,6619,7080,472,0.957627,0.976254,0.934887,472,2026-09-03T19:09:03,2.0,0.8
phase_transition,1,16,0.05,5,2,0.1,17,0.645641,0.4,0.947458,5.0,True,50,1,46,41,115,1677,1770,118,0.974576,0.972174,0.947458,118,2026-09-03T19:09:03,2.0,0.8
phase_transition,1,16,0.05,5,2,0.1,18,0.720222,0.0,0.912423,4.6,True,46,1,181,28,253,3709,4065,271,0.933579,0.977339,0.912423,271,2026-09-03T19:09:03,2.0,0.8
phase_transition,1,16,0.05,5,2,0.1,19,0.698479,0.0,0.936643,6.7,True,67,1,171,43,271,3962,4230,282,0.960993,0.974662,0.936643,282,2026-09-03T19:09:03,2.0,0.8
phase_transition,1,16,0.05,5,2,0.1,20,0.746303,0.6,0.938,2.5,True,25,0,413,13,481,7035,7500,500,0.962,0.975052,0.938,500,2026-09-03T19:09:03,2.0,0.8
phase_transition,1,16,0.05,5,2,0.1,21,0.796453,0.0,0.943665,4.9,True,49,1,214,38,330,4841,5130,342,0.964912,0.97798,0.943665,342,2026-09-03T19:09:04,2.0,0.8
phase_transition,1,16,0.05,5,2,0.1,22,0.71732,0.4,0.917867,7.7,True,77,0,352,35,472,6884,7500,500,0.944,0.972316,0.917867,500,2026-09-03T19:09:04,2.0,0.8
phase_transition,1,16,0.05,5,2,0.1,23,0.641356,0.4,0.943735,4.7,True,47,1,47,29,136,1996,2115,141,0.964539,0.978431,0.943735,141,2026-09-03T19:09:04,2.0,0.8
phase_transition,1,16,0.05,5,2,0.1,24,0.724601,0.0,0.945733,10.3,True,103,0,345,35,485,7093,7500,500,0.97,0.974983,0.945733,500,2026-09-03T19:09:04,2.0,0.8
phase_transition,1,16,0.05,5,2,0.1,25,0.721307,0.4,0.925591,8.3,True,83,1,31,47,147,2152,2325,155,0.948387,0.975964,0.925591,155,2026-09-03T19:09:04,2.0,0.8
phase_transition,1,16,0.05,5,2,0.1,26,0.716871,0.0,0.921542,11.0,True,110,1,13,94,139,2032,2205,147,0.945578,0.97458,0.921542,147,2026-09-03T19:09:03,2.0,0.8
phase_transition,1,16,0.05,5,2,0.1,27,0.721986,0.0,0.903476,3.7,True,37,1,61,35,151,2209,2445,163,0.92638,0.975276,0.903476,163,2026-09-03T19:09:04,2.0,0.8
phase_transition,1,16,0.05,5,2,0.1,28,0.723035,0.4,0.935378,10.5,True,105,1,19,76,157,2287,2445,163,0.96319,0.971125,0.935378,163,2026-09-03T19:09:03,2.0,0.8
phase_transition,1,16,0.05,5,2,0.1,29,0.720353,0.4,0.9296,4.3,True,43,0,382,27,476,6972,7500,500,0.952,0.976471,0.9296,500,2026-09-03T19:09:04,2.0,0.8
phase_transition,1,16,0.15,5,2,0.1,0,0.482591,0.4,0.7748,6.5,True,65,0,428,57,416,5811,7500,500,0.832,0.93125,0.7748,500,2026-09-03T19:09:04,2.0,0.8
phase_transition,1,16,0.15,5,2,0.1,1,0.710048,0.6,0.792133,15.0,True,150,0,321,93,426,5941,7500,500,0.852,0.929734,0.792133,500,2026-09-03T19:09:04,2.0,0.8
phase_transition,1,16,0.15,5,2,0.1,2,0.732749,0.6,0.821733,27.5,True,275,0,219,99,446,6163,7500,500,0.892,0.921226,0.821733,500,2026-09-03T19:09:04,2.0,0.8
phase_transition,1,16,0.15,5,2,0.1,3,0.648407,0.4,0.8012,47.0,True,470,0,29,72,431,6009,7500,500,0.862,0.929466,0.8012,500,2026-09-03T19:09:05,2.0,0.8
phase_transition,1,16,0.15,5,2,0.1,4,0.550733,0.6,0.7744,19.2,True,192,0,290,182,420,5808,7500,500,0.84,0.921905,0.7744,500,2026-09-03T19:09:04,2.0,0.8
phase_transition,1,16,0.15,5,2,0.1,5,0.548317,0.4,0.793067,10.9,True,109,0,382,57,430,5948,7500,500,0.86,0.922171,0.793067,500,2026-09-03T19:09:05,2.0,0.8
phase_transition,1,16,0.15,5,2,0.1,6,0.379069,0.2,0.7888,14.5,True,145,0,346,83,423,5916,7500,500,0.846,0.932388,0.7888,500,2026-09-03T19:09:04,2.0,0.8
phase_transition,1,16,0.15,5,2,0.1,7,0.583765,1.0,0.784133,8.4,True,84,0,412,91,423,5881,7500,500,0.846,0.926872,0.784133,500,2026-09-03T19:09:05,2.0,0.8
phase_transition,1,16,0.15,5,2,0.1,8,0.587409,0.6,0.784,20.5,True,205,0,282,78,423,5880,7500,500,0.846,0.926714,0.784,500,2026-09-03T19:09:04,2.0,0.8
phase_transition,1,16,0.15,5,2,0.1,9,0.629018,0.4,0.8008,26.0,True,260,0,212,109,434,6006,7500,500,0.868,0.922581,0.8008,500,2026-09-03T19:09:05,2.0,0.8
phase_transition,1,16,0.15,5,2,0.1,10,0.492845,0.8,0.786133,15.2,True,152,0,338,156,426,5896,7500,500,0.852,0.922692,0.786133,500,2026-09-03T19:09:05,2.0,0.8
phase_transition,1,16,0.15,5,2,0.1,11,0.587993,0.4,0.789733,11.4,True,114,0,382,93,427,5923,7500,500,0.854,0.924746,0.789733,500,2026-09-03T19:09:05,2.0,0.8
phase_transition,1,16,0.15,5,2,0.1,12,0.626437,0.4,0.808,8.6,True,86,0,411,108,436,6060,7500,500,0.872,0.926606,0.808,500,2026-09-03T19:09:05,2.0,0.8
phase_transition,1,16,0.15,5,2,0.1,13,0.57153,0.6,0.8104,23.2,True,232,0,256,85,437,6078,7500,500,0.874,0.927231,0.8104,500,2026-09-03T19:09:05,2.0,0.8
phase_transition,1,16,0.15,5,2,0.1,14,0.518168,0.6,0.7792,9.7,True,97,0,398,73,421,5844,7500,500,0.842,0.925416,0.7792,500,2026-09-03T19:09:05,2.0,0.8
phase_transition,1,16,0.15,5,2,0.1,15,0.644785,0.8,0.758533,47.2,True,472,0,23,113,410,5689,7500,500,0.82,0.925041,0.758533,500,2026-09-03T19:09:05,2.0,0.8
phase_transition,1,16,0.15,5,2,0.1,16,0.564036,0.6,0.793867,13.3,True,133,0,347,47,428,5954,7500,500,0.856,0.927414,0.793867,500,2026-09-03T19:09:05,2.0,0.8
phase_transition,1,16,0.15,5,2,0.1,17,0.449141,0.4,0.781333,8.3,True,83,0,403,46,421,5860,7500,500,0.842,0.927949,0.781333,500,2026-09-03T19:09:06,2.0,0.8
phase_transition,1,16,0.15,5,2,0.1,18,0.651334,0.4,0.775867,50.0,False,500,0,0,73,418,5819,7500,500,0.836,0.92807,0.775867,500,2026-09-03T19:09:05,2.0,0.8
phase_transition,1,16,0.15,5,2,0.1,19,0.573897,0.4,0.819867,16.1,True,161,0,335,63,444,6149,7500,500,0.888,0.923273,0.819867,500,2026-09-03T19:09:06,2.0,0.8
phase_transition,1,16,0.15,5,2,0.1,20,0.616318,0.6,0.8052,18.5,True,185,0,314,21,434,6039,7500,500,0.868,0.92765,0.8052,500,2026-09-03T19:09:05,2.0,0.8
phase_transition,1,16,0.15,5,2,0.1,21,0.569802,0.4,0.792667,35.3,True,353,0,141,42,428,5945,7500,500,0.856,0.926012,0.792667,500,2026-09-03T19:09:06,2.0,0.8
phase_transition,1,16,0.15,5,2,0.1,22,0.542385,0.4,0.817867,19.7,True,197,0,295,57,445,6134,7500,500,0.89,0.918951,0.817867,500,2026-09-03T19:09:05,2.0,0.8
phase_transition,1,16,0.15,5,2,0.1,23,0.56113,0.4,0.7916,50.0,False,500,0,0,99,428,5937,7500,500,0.856,0.924766,0.7916,500,2026-09-03T19:09:06,2.0,0.8
phase_transition,1,16,0.15,5,2,0.1,24,0.577726,0.8,0.778933,50.0,False,500,0,0,60,419,5842,7500,500,0.838,0.929515,0.778933,500,2026-09-03T19:09:06,2.0,0.8
phase_transition,1,16,0.15,5,2,0.1,25,0.639425,0.4,0.798533,31.6,True,316,0,168,125,432,5989,7500,500,0.864,0.924228,0.798533,500,2026-09-03T19:09:06,2.0,0.8
phase_transition,1,16,0.15,5,2,0.1,26,0.604134,0.8,0.7788,20.2,True,202,0,296,172,420,5841,7500,500,0.84,0.927143,0.7788,500,2026-09-03T19:09:06,2.0,0.8
phase_transition,1,16,0.15,5,2,0.1,27,0.581851,0.4,0.7784,50.0,False,500,0,0,127,420,5838,7500,500,0.84,0.926667,0.7784,500,2026-09-03T19:09:06,2.0,0.8
phase_transition,1,16,0.15,5,2,0.1,28,0.482604,0.6,0.783867,11.8,True,118,0,371,82,425,5879,7500,500,0.85,0.922196,0.783867,500,2026-09-03T19:09:06,2.0,0.8
phase_transition,1,16,0.15,5,2,0.1,29,0.610851,0.4,0.805467,10.4,True,104,0,388,28,433,6041,7500,500,0.866,0.9301,0.805467,500,2026-09-03T19:09:06,2.0,0.8
phase_transition,1,18,0.0,5,2,0.1,0,0.63071,1.0,1.0,2.8,True,28,1,29,35,85,1445,1445,85,1.0,1.0,1.0,85,2026-09-03T19:09:05,2.0,0.9
phase_transition,1,18,0.0,5,2,0.1,1,0.670254,0.8,1.0,4.4,True,44,1,0,48,64,1088,1088,64,1.0,1.0,1.0,64,2026-09-03T19:09:05,2.0,0.9
phase_transition,1,18,0.0,5,2,0.1,2,0.620589,0.8,1.0,4.0,True,40,1,0,36,60,1020,1020,60,1.0,1.0,1.0,60,2026-09-03T19:09:05,2.0,0.9
phase_transition,1,18,0.0,5,2,0.1,3,0.670606,0.6,1.0,5.9,True,59,1,40,31,145,2465,2465,145,1.0,1.0,1.0,145,2026-09-03T19:09:06,2.0,0.9
phase_transition,1,18,0.0,5,2,0.1,4,0.737204,0.8,1.0,2.2,True,22,1,33,41,98,1666,1666,98,1.0,1.0,1.0,98,2026-09-03T19:09:06,2.0,0.9
phase_transition,1,18,0.0,5,2,0.1,5,0.709598,0.6,1.0,4.6,True,46,1,14,32,97,1649,1649,97,1.0,1.0,1.0,97,2026-09-03T19:09:06,2.0,0.9
phase_transition,1,18,0.0,5,2,0.1,6,0.650116,0.6,1.0,4.1,True,41,1,0,32,61,1037,1037,61,1.0,1.0,1.0,61,2026-09-03T19:09:06,2.0,0.9
phase_transition,1,18,0.0,5,2,0.1,7,0.693806,0.8,1.0,3.6,True,36,1,44,33,110,1870,1870,110,1.0,1.0,1.0,110,2026-09-03T19:09:06,2.0,0.9
phase_transition,1,18,0.0,5,2,0.1,8,0.60739,1.0,1.0,4.0,True,40,1,0,44,60,1020,1020,60,1.0,1.0,1.0,60,2026-09-03T19:09:06,2.0,0.9
phase_transition,1,18,0.0,5,2,0.1,9,0.649017,1.0,1.0,4.9,True,49,1,0,27,69,1173,1173,69,1.0,1.0,1.0,69,2026-09-03T19:09:06,2.0,0.9
phase_transition,1,18,0.0,5,2,0.1,10,0.687266,0.6,1.0,5.9,True,59,1,12,40,92,1564,1564,92,1.0,1.0,1.0,92,2026-09-03T19:09:06,2.0,0.9
phase_transition,1,18,0.0,5,2,0.1,11,0.70416,0.8,1.0,5.1,True,51,1,9,45,97,1649,1649,97,1.0,1.0,1.0,97,2026-09-03T19:09:06,2.0,0.9
phase_transition,1,18,0.0,5,2,0.1,12,0.690738,0.8,1.0,6.0,True,60,1,0,37,80,1360,1360,80,1.0,1.0,1.0,80,2026-09-03T19:09:06,2.0,0.9
phase_transition,1,18,0.0,5,2,0.1,13,0.707588,0.8,1.0,4.9,True,49,1,0,18,69,1173,1173,69,1.0,1.0,1.0,69,2026-09-03T19:09:06,2.0,0.9
phase_transition,1,18,0.0,5,2,0.1,14,0.669844,1.0,1.0,4.1,True,41,1,0,33,61,1037,1037,61,1.0,1.0,1.0,61,2026-09-03T19:09:06,2.0,0.9
phase_transition,1,18,0.0,5,2,0.1,15,0.648922,0.6,1.0,4.3,True,43,1,0,33,63,1071,1071,63,1.0,1.0,1.0,63,2026-09-03T19:09:06,2.0,0.9
phase_transition,1,18,0.0,5,2,0.1,16,0.776951,0.8,1.0,3.5,True,35,1,23,22,88,1496,1496,88,1.0,1.0,1.0,88,2026-09-03T19:09:06,2.0,0.9
phase_transition,1,18,0.0,5,2,0.1,17,0.63414,0.8,1.0,3.8,True,38,1,0,26,58,986,986,58,1.0,1.0,1.0,58,2026-09-03T19:09:06,2.0,0.9
phase_transition,1,18,0.0,5,2,0.1,18,0.633697,0.8,1.0,3.1,True,31,1,0,28,51,867,867,51,1.0,1.0,1.0,51,2026-09-03T19:09:06,2.0,0.9
phase_transition,1,18,0.0,5,2,0.1,19,0.547453,0.6,1.0,4.0,True,40,1,21,36,89,1513,1513,89,1.0,1.0,1.0,89,2026-09-03T19:09:06,2.0,0.9
phase_transition,1,18,0.0,5,2,0.1,20,0.700243,0.8,1.0,2.5,True,25,1,15,13,64,1088,1088,64,1.0,1.0,1.0,64,2026-09-03T19:09:06,2.0,0.9
phase_transition,1,18,0.0,5,2,0.1,21,0.635457,0.8,1.0,4.4,True,44,1,0,30,64,1088,1088,64,1.0,1.0,1.0,64,2026-09-03T19:09:06,2.0,0.9
phase_transition,1,18,0.0,5,2,0.1,22,0.740359,0.8,1.0,4.9,True,49,1,12,39,95,1615,1615,95,1.0,1.0,1.0,95,2026-09-03T19:09:06,2.0,0.9
phase_transition,1,18,0.0,5,2,0.1,23,0.631949,1.0,1.0,3.6,True,36,1,2,28,64,1088,1088,64,1.0,1.0,1.0,64,2026-09-03T19:09:06,2.0,0.9
phase_transition,1,18,0.0,5,2,0.1,24,0.669365,0.8,1.0,3.0,True,30,1,7,16,63,1071,1071,63,1.0,1.0,1.0,63,2026-09-03T19:09:06,2.0,0.9
phase_transition,1,18,0.0,5,2,0.1,25,0.688266,1.0,1.0,5.1,True,51,1,4,39,81,1377,1377,81,1.0,1.0,1.0,81,2026-09-03T19:09:06,2.0,0.9
phase_transition,1,18,0.0,5,2,0.1,26,0.63809,0.6,1.0,4.9,True,49,1,0,46,69,1173,1173,69,1.0,1.0,1.0,69,2026-09-03T19:09:06,2.0,0.9
phase_transition,1,18,0.0,5,2,0.1,27,0.750536,0.8,1.0,3.3,True,33,1,18,16,73,1241,1241,73,1.0,1.0,1.0,73,2026-09-03T19:09:06,2.0,0.9
phase_transition,1,18,0.0,5,2,0.1,28,0.617478,1.0,1.0,4.6,True,46,1,0,39,66,1122,1122,66,1.0,1.0,1.0,66,2026-09-03T19:09:06,2.0,0.9
phase_transition,1,18,0.0,5,2,0.1,29,0.62161,0.8,1.0,4.1,True,41,1,0,28,61,1037,1037,61,1.0,1.0,1.0,61,2026-09-03T19:09:06,2.0,0.9
phase_transition,1,18,0.05,5,2,0.1,0,0.714923,0.4,0.938588,8.5,True,85,0,373,35,480,7978,8500,500,0.96,0.977696,0.938588,500,2026-09-03T19:09:07,2.0,0.9
phase_transition,1,18,0.05,5,2,0.1,1,0.645545,0.6,0.905176,12.7,True,127,0,343,40,463,7694,8500,500,0.926,0.977512,0.905176,500,2026-09-03T19:09:08,2.0,0.9
phase_transition,1,18,0.05,5,2,0.1,2,0.616755,0.4,0.921176,16.0,True,160,0,320,28,473,7830,8500,500,0.946,0.973759,0.921176,500,2026-09-03T19:09:07,2.0,0.9
phase_transition,1,18,0.05,5,2,0.1,3,0.68442,0.4,0.908429,7.7,True,77,1,0,50,90,1498,1649,97,0.927835,0.979085,0.908429,97,2026-09-03T19:09:07,2.0,0.9
phase_transition,1,18,0.05,5,2,0.1,4,0.609557,0.2,0.934352,2.2,True,22,1,345,66,411,6846,7327,431,0.953596,0.97982,0.934352,431,2026-09-03T19:09:07,2.0,0.9
phase_transition,1,18,0.05,5,2,0.1,5,0.673545,0.2,0.916509,7.3,True,73,1,0,45,87,1449,1581,93,0.935484,0.979716,0.916509,93,2026-09-03T19:09:07,2.0,0.9
phase_transition,1,18,0.05,5,2,0.1,6,0.712688,0.2,0.938574,5.8,True,58,1,125,63,216,3606,3842,226,0.955752,0.982026,0.938574,226,2026-09-03T19:09:07,2.0,0.9
phase_transition,1,18,0.05,5,2,0.1,7,0.665735,0.0,0.935574,16.4,True,164,1,107,65,302,5010,5355,315,0.95873,0.975847,0.935574,315,2026-09-03T19:09:07,2.0,0.9
phase_transition,1,18,0.05,5,2,0.1,8,0.667831,0.6,0.917882,5.6,True,56,0,390,32,471,7802,8500,500,0.942,0.974397,0.917882,500,2026-09-03T19:09:07,2.0,0.9
phase_transition,1,18,0.05,5,2,0.1,9,0.683869,0.2,0.911513,9.0,True,90,1,208,54,328,5439,5967,351,0.934473,0.97543,0.911513,351,2026-09-03T19:09:08,2.0,0.9
phase_transition,1,18,0.05,5,2,0.1,10,0.635175,0.8,0.938854,4.9,True,49,1,66,33,146,2426,2584,152,0.960526,0.977438,0.938854,152,2026-09-03T19:09:07,2.0,0.9
phase_transition,1,18,0.05,5,2,0.1,11,0.722905,0.2,0.932442,6.7,True,67,1,312,44,412,6832,7327,431,0.955916,0.975443,0.932442,431,2026-09-03T19:09:07,2.0,0.9
phase_transition,1,18,0.05,5,2,0.1,12,0.768191,0.2,0.927642,10.3,True,103,1,148,75,322,5346,5763,339,0.949853,0.976617,0.927642,339,2026-09-03T19:09:07,2.0,0.9
phase_transition,1,18,0.05,5,2,0.1,13,0.736576,0.4,0.930118,13.2,True,132,0,276,35,476,7906,8500,500,0.952,0.977014,0.930118,500,2026-09-03T19:09:08,2.0,0.9
phase_transition,1,18,0.05,5,2,0.1,14,0.751075,0.4,0.926118,4.5,True,45,0,344,32,474,7872,8500,500,0.948,0.976917,0.926118,500,2026-09-03T19:09:07,2.0,0.9
phase_transition,1,18,0.05,5,2,0.1,15,0.759565,0.2,0.943498,5.0,True,50,1,331,42,442,7314,7752,456,0.969298,0.973383,0.943498,456,2026-09-03T19:09:08,2.0,0.9
phase_transition,1,18,0.05,5,2,0.1,16,0.652012,0.6,0.932773,3.6,True,36,1,0,22,53,888,952,56,0.946429,0.985572,0.932773,56,2026-09-03T19:09:07,2.0,0.9
phase_transition,1,18,0.05,5,2,0.1,17,0.738653,0.4,0.936,11.4,True,114,0,301,26,479,7956,8500,500,0.958,0.977035,0.936,500,2026-09-03T19:09:08,2.0,0.9
phase_transition,1,18,0.05,5,2,0.1,18,0.670994,0.6,0.914425,7.7,True,77,1,250,41,363,6016,6579,387,0.937984,0.974883,0.914425,387,2026-09-03T19:09:08,2.0,0.9
phase_transition,1,18,0.05,5,2,0.1,19,0.740723,0.6,0.927176,5.7,True,57,0,383,50,475,7881,8500,500,0.95,0.975975,0.927176,500,2026-09-03T19:09:08,2.0,0.9
phase_transition,1,18,0.05,5,2,0.1,20,0.744703,0.2,0.937059,9.3,True,93,0,361,14,481,7965,8500,500,0.962,0.974074,0.937059,500,2026-09-03T19:09:08,2.0,0.9
phase_transition,1,18,0.05,5,2,0.1,21,0.751381,0.2,0.931059,8.4,True,84,0,365,44,476,7914,8500,500,0.952,0.978003,0.931059,500,2026-09-03T19:09:09,2.0,0.9
phase_transition,1,18,0.05,5,2,0.1,22,0.715337,0.0,0.935176,7.1,True,71,0,356,43,481,7949,8500,500,0.962,0.972117,0.935176,500,2026-09-03T19:09:08,2.0,0.9
phase_transition,1,18,0.05,5,2,0.1,23,0.722742,0.8,0.930235,4.2,True,42,0,414,46,477,7907,8500,500,0.954,0.975089,0.930235,500,2026-09-03T19:09:09,2.0,0.9
phase_transition,1,18,0.05,5,2,0.1,24,0.757589,0.8,0.924235,3.0,True,30,0,427,16,474,7856,8500,500,0.948,0.974932,0.924235,500,2026-09-03T19:09:08,2.0,0.9
phase_transition,1,18,0.05,5,2,0.1,25,0.736134,0.0,0.936393,8.6,True,86,1,181,38,319,5285,5644,332,0.960843,0.974553,0.936393,332,2026-09-03T19:09:09,2.0,0.9
phase_transition,1,18,0.05,5,2,0.1,26,0.652135,0.6,0.918118,9.1,True,91,0,382,57,470,7804,8500,500,0.94,0.976721,0.918118,500,2026-09-03T19:09:08,2.0,0.9
phase_transition,1,18,0.05,5,2,0.1,27,0.751946,0.0,0.915904,3.3,True,33,1,207,28,253,4204,4590,270,0.937037,0.977447,0.915904,270,2026-09-03T19:09:09,2.0,0.9
phase_transition,1,18,0.05,5,2,0.1,28,0.669612,0.2,0.926588,29.6,True,296,0,193,45,476,7876,8500,500,0.952,0.973307,0.926588,500,2026-09-03T19:09:08,2.0,0.9
phase_transition,1,18,0.05,5,2,0.1,29,0.737531,0.0,0.938588,8.2,True,82,0,342,50,480,7978,8500,500,0.96,0.977696,0.938588,500,2026-09-03T19:09:09,2.0,0.9
phase_transition,1,18,0.15,5,2,0.1,0,0.595079,0.6,0.784353,5.4,True,54,0,442,46,422,6667,8500,500,0.844,0.929328,0.784353,500,2026-09-03T19:09:09,2.0,0.9
phase_transition,1,18,0.15,5,2,0.1,1,0.618366,0.6,0.783412,50.0,False,500,0,0,59,421,6659,8500,500,0.842,0.930418,0.783412,500,2026-09-03T19:09:09,2.0,0.9
phase_transition,1,18,0.15,5,2,0.1,2,0.617188,0.8,0.79,50.0,False,500,0,0,23,428,6715,8500,500,0.856,0.922897,0.79,500,2026-09-03T19:09:09,2.0,0.9
phase_transition,1,18,0.15,5,2,0.1,3,0.633108,0.4,0.814471,40.9,True,409,0,89,90,439,6923,8500,500,0.878,0.927643,0.814471,500,2026-09-03T19:09:09,2.0,0.9
phase_transition,1,18,0.15,5,2,0.1,4,0.55596,1.0,0.798,50.0,False,500,0,0,63,433,6783,8500,500,0.866,0.921478,0.798,500,2026-09-03T19:09:09,2.0,0.9
phase_transition,1,18,0.15,5,2,0.1,5,0.58091,0.8,0.788235,50.0,False,500,0,0,52,427,6700,8500,500,0.854,0.922992,0.788235,500,2026-09-03T19:09:10,2.0,0.9
phase_transition,1,18,0.15,5,2,0.1,6,0.49174,0.6,0.820353,10.6,True,106,0,391,65,441,6973,8500,500,0.882,0.930105,0.820353,500,2026-09-03T19:09:09,2.0,0.9
phase_transition,1,18,0.15,5,2,0.1,7,0.545442,1.0,0.786471,50.0,False,500,0,0,66,424,6685,8500,500,0.848,0.927442,0.786471,500,2026-09-03T19:09:10,2.0,0.9
phase_transition,1,18,0.15,5,2,0.1,8,0.578449,0.6,0.79,13.7,True,137,0,354,54,427,6715,8500,500,0.854,0.925059,0.79,500,2026-09-03T19:09:09,2.0,0.9
phase_transition,1,18,0.15,5,2,0.1,9,0.669927,0.6,0.792235,15.3,True,153,0,345,85,429,6734,8500,500,0.858,0.923351,0.792235,500,2026-09-03T19:09:10,2.0,0.9
phase_transition,1,18,0.15,5,2,0.1,10,0.545256,0.6,0.785412,29.6,True,296,0,203,116,425,6676,8500,500,0.85,0.924014,0.785412,500,2026-09-03T19:09:09,2.0,0.9
phase_transition,1,18,0.15,5,2,0.1,11,0.505669,0.8,0.804588,50.0,False,500,0,0,88,436,6839,8500,500,0.872,0.922693,0.804588,500,2026-09-03T19:09:10,2.0,0.9
phase_transition,1,18,0.15,5,2,0.1,12,0.676373,0.8,0.792824,50.0,False,500,0,0,343,427,6739,8500,500,0.854,0.928365,0.792824,500,2026-09-03T19:09:09,2.0,0.9
phase_transition,1,18,0.15,5,2,0.1,13,0.54276,0.8,0.800118,34.3,True,343,0,147,28,432,6801,8500,500,0.864,0.926062,0.800118,500,2026-09-03T19:09:10,2.0,0.9
phase_transition,1,18,0.15,5,2,0.1,14,0.628751,0.8,0.790824,50.0,False,500,0,0,48,428,6722,8500,500,0.856,0.923859,0.790824,500,2026-09-03T19:09:10,2.0,0.9
phase_transition,1,18,0.15,5,2,0.1,15,0.627329,0.6,0.787647,50.0,False,500,0,0,303,426,6695,8500,500,0.852,0.924468,0.787647,500,2026-09-03T19:09:10,2.0,0.9
phase_transition,1,18,0.15,5,2,0.1,16,0.656498,0.8,0.788353,50.0,False,500,0,0,52,425,6701,8500,500,0.85,0.927474,0.788353,500,2026-09-03T19:09:10,2.0,0.9
phase_transition,1,18,0.15,5,2,0.1,17,0.577405,0.8,0.787176,50.0,False,500,0,0,89,425,6691,8500,500,0.85,0.92609,0.787176,500,2026-09-03T19:09:11,2.0,0.9
phase_transition,1,18,0.15,5,2,0.1,18,0.535526,0.8,0.776824,11.4,True,114,0,385,29,419,6603,8500,500,0.838,0.926997,0.776824,500,2026-09-03T19:09:10,2.0,0.9
phase_transition,1,18,0.15,5,2,0.1,19,0.499013,0.6,0.766706,50.0,False,500,0,0,63,414,6517,8500,500,0.828,0.925973,0.766706,500,2026-09-03T19:09:11,2.0,0.9
phase_transition,1,18,0.15,5,2,0.1,20,0.519909,0.6,0.787647,27.8,True,278,0,218,14,424,6695,8500,500,0.848,0.928829,0.787647,500,2026-09-03T19:09:10,2.0,0.9
phase_transition,1,18,0.15,5,2,0.1,21,0.564521,0.6,0.795294,50.0,False,500,0,0,92,430,6760,8500,500,0.86,0.924761,0.795294,500,2026-09-03T19:09:11,2.0,0.9
phase_transition,1,18,0.15,5,2,0.1,22,0.611191,0.6,0.798706,39.3,True,393,0,101,83,433,6789,8500,500,0.866,0.922293,0.798706,500,2026-09-03T19:09:10,2.0,0.9
phase_transition,1,18,0.15,5,2,0.1,23,0.555524,1.0,0.783176,23.5,True,235,0,264,232,422,6657,8500,500,0.844,0.927934,0.783176,500,2026-09-03T19:09:11,2.0,0.9
phase_transition,1,18,0.15,5,2,0.1,24,0.544395,0.8,0.772353,8.7,True,87,0,410,62,416,6565,8500,500,0.832,0.928309,0.772353,500,2026-09-03T19:09:11,2.0,0.9
phase_transition,1,18,0.15,5,2,0.1,25,0.65369,0.4,0.774941,50.0,False,500,0,0,67,419,6587,8500,500,0.838,0.924751,0.774941,500,2026-09-03T19:09:11,2.0,0.9
phase_transition,1,18,0.15,5,2,0.1,26,0.591662,0.6,0.803647,50.0,False,500,0,0,58,433,6831,8500,500,0.866,0.927999,0.803647,500,2026-09-03T19:09:11,2.0,0.9
phase_transition,1,18,0.15,5,2,0.1,27,0.602535,0.4,0.791882,37.5,True,375,0,122,50,427,6731,8500,500,0.854,0.927263,0.791882,500,2026-09-03T19:09:11,2.0,0.9
phase_transition,1,18,0.15,5,2,0.1,28,0.493551,1.0,0.798235,50.0,False,500,0,0,457,433,6785,8500,500,0.866,0.92175,0.798235,500,2026-09-03T19:09:11,2.0,0.9
phase_transition,1,18,0.15,5,2,0.1,29,0.553578,0.6,0.802118,41.6,True,416,0,80,90,432,6818,8500,500,0.864,0.928377,0.802118,500,2026-09-03T19:09:11,2.0,0.9
phase_transition,1,20,0.0,5,2,0.1,0,0.676627,0.8,1.0,4.4,True,44,1,14,28,82,1558,1558,82,1.0,1.0,1.0,82,2026-09-03T19:09:11,2.0,1.0
phase_transition,1,20,0.0,5,2,0.1,1,0.690631,0.4,1.0,3.8,True,38,1,0,41,58,1102,1102,58,1.0,1.0,1.0,58,2026-09-03T19:09:11,2.0,1.0
phase_transition,1,20,0.0,5,2,0.1,2,0.578817,0.8,1.0,3.1,True,31,1,14,28,74,1406,1406,74,1.0,1.0,1.0,74,2026-09-03T19:09:11,2.0,1.0
phase_transition,1,20,0.0,5,2,0.1,3,0.611207,0.4,1.0,4.7,True,47,1,14,44,86,1634,1634,86,1.0,1.0,1.0,86,2026-09-03T19:09:11,2.0,1.0
phase_transition,1,20,0.0,5,2,0.1,4,0.693216,0.6,1.0,5.9,True,59,1,0,54,79,1501,1501,79,1.0,1.0,1.0,79,2026-09-03T19:09:11,2.0,1.0
phase_transition,1,20,0.0,5,2,0.1,5,0.657307,1.0,1.0,5.2,True,52,1,0,49,72,1368,1368,72,1.0,1.0,1.0,72,2026-09-03T19:09:11,2.0,1.0
phase_transition,1,20,0.0,5,2,0.1,6,0.729029,0.4,1.0,5.9,True,59,1,0,44,79,1501,1501,79,1.0,1.0,1.0,79,2026-09-03T19:09:11,2.0,1.0
phase_transition,1,20,0.0,5,2,0.1,7,0.739256,0.2,1.0,5.4,True,54,1,0,35,74,1406,1406,74,1.0,1.0,1.0,74,2026-09-03T19:09:11,2.0,1.0
phase_transition,1,20,0.0,5,2,0.1,8,0.698046,0.4,1.0,5.3,True,53,1,14,33,93,1767,1767,93,1.0,1.0,1.0,93,2026-09-03T19:09:11,2.0,1.0
phase_transition,1,20,0.0,5,2,0.1,9,0.742262,0.2,1.0,2.1,True,21,1,20,25,73,1387,1387,73,1.0,1.0,1.0,73,2026-09-03T19:09:11,2.0,1.0
phase_transition,1,20,0.0,5,2,0.1,10,0.713196,0.4,1.0,4.7,True,47,1,31,56,102,1938,1938,102,1.0,1.0,1.0,102,2026-09-03T19:09:11,2.0,1.0
phase_transition,1,20,0.0,5,2,0.1,11,0.69613,0.8,1.0,2.5,True,25,1,58,29,109,2071,2071,109,1.0,1.0,1.0,109,2026-09-03T19:09:11,2.0,1.0
phase_transition,1,20,0.0,5,2,0.1,12,0.740934,0.6,1.0,6.5,True,65,1,6,38,105,1995,1995,105,1.0,1.0,1.0,105,2026-09-03T19:09:11,2.0,1.0
phase_transition,1,20,0.0,5,2,0.1,13,0.735322,0.4,1.0,5.2,True,52,1,22,18,107,2033,2033,107,1.0,1.0,1.0,107,2026-09-03T19:09:11,2.0,1.0
phase_transition,1,20,0.0,5,2,0.1,14,0.773342,0.2,1.0,2.8,True,28,1,17,32,82,1558,1558,82,1.0,1.0,1.0,82,2026-09-03T19:09:11,2.0,1.0
phase_transition,1,20,0.0,5,2,0.1,15,0.767055,0.4,1.0,4.7,True,47,1,15,40,98,1862,1862,98,1.0,1.0,1.0,98,2026-09-03T19:09:11,2.0,1.0
phase_transition,1,20,0.0,5,2,0.1,16,0.774027,0.4,1.0,5.9,True,59,1,3,22,86,1634,1634,86,1.0,1.0,1.0,86,2026-09-03T19:09:11,2.0,1.0
phase_transition,1,20,0.0,5,2,0.1,17,0.662868,0.2,1.0,3.8,True,38,1,9,28,84,1596,1596,84,1.0,1.0,1.0,84,2026-09-03T19:09:11,2.0,1.0
phase_transition,1,20,0.0,5,2,0.1,18,0.653712,0.0,1.0,3.5,True,35,1,0,29,55,1045,1045,55,1.0,1.0,1.0,55,2026-09-03T19:09:11,2.0,1.0
phase_transition,1,20,0.0,5,2,0.1,19,0.701903,0.2,1.0,4.7,True,47,1,5,32,87,1653,1653,87,1.0,1.0,1.0,87,2026-09-03T19:09:11,2.0,1.0
phase_transition,1,20,0.0,5,2,0.1,20,0.743037,0.2,1.0,2.1,True,21,1,22,13,68,1292,1292,68,1.0,1.0,1.0,68,2026-09-03T19:09:11,2.0,1.0
phase_transition,1,20,0.0,5,2,0.1,21,0.705405,0.4,1.0,3.4,True,34,1,19,32,81,1539,1539,81,1.0,1.0,1.0,81,2026-09-03T19:09:12,2.0,1.0
phase_transition,1,20,0.0,5,2,0.1,22,0.759101,0.4,1.0,5.1,True,51,1,11,37,90,1710,1710,90,1.0,1.0,1.0,90,2026-09-03T19:09:11,2.0,1.0
phase_transition,1,20,0.0,5,2,0.1,23,0.598956,0.8,1.0,5.3,True,53,1,0,33,73,1387,1387,73,1.0,1.0,1.0,73,2026-09-03T19:09:12,2.0,1.0
phase_transition,1,20,0.0,5,2,0.1,24,0.71771,0.2,1.0,3.1,True,31,1,10,42,94,1786,1786,94,1.0,1.0,1.0,94,2026-09-03T19:09:11,2.0,1.0
phase_transition,1,20,0.0,5,2,0.1,25,0.724758,0.4,1.0,6.0,True,60,1,2,45,92,1748,1748,92,1.0,1.0,1.0,92,2026-09-03T19:09:12,2.0,1.0
phase_transition,1,20,0.0,5,2,0.1,26,0.759054,0.4,1.0,5.2,True,52,1,8,47,101,1919,1919,101,1.0,1.0,1.0,101,2026-09-03T19:09:11,2.0,1.0
phase_transition,1,20,0.0,5,2,0.1,27,0.770887,0.4,1.0,3.7,True,37,1,18,16,77,1463,1463,77,1.0,1.0,1.0,77,2026-09-03T19:09:12,2.0,1.0
phase_transition,1,20,0.0,5,2,0.1,28,0.627484,0.6,1.0,3.7,True,37,1,17,35,75,1425,1425,75,1.0,1.0,1.0,75,2026-09-03T19:09:11,2.0,1.0
phase_transition,1,20,0.0,5,2,0.1,29,0.629655,0.0,1.0,2.8,True,28,1,11,29,61,1159,1159,61,1.0,1.0,1.0,61,2026-09-03T19:09:12,2.0,1.0
phase_transition,1,20,0.05,5,2,0.1,0,0.542162,0.4,0.917579,6.0,True,60,0,384,44,469,8717,9500,500,0.938,0.978229,0.917579,500,2026-09-03T19:09:12,2.0,1.0
phase_transition,1,20,0.05,5,2,0.1,1,0.58316,0.2,0.939579,12.7,True,127,0,345,54,481,8926,9500,500,0.962,0.976693,0.939579,500,2026-09-03T19:09:13,2.0,1.0
phase_transition,1,20,0.05,5,2,0.1,2,0.66509,0.4,0.901996,6.7,True,67,1,0,34,81,1491,1653,87,0.931034,0.968811,0.901996,87,2026-09-03T19:09:12,2.0,1.0
phase_transition,1,20,0.05,5,2,0.1,3,0.587324,0.6,0.932105,23.8,True,238,0,230,65,477,8855,9500,500,0.954,0.97705,0.932105,500,2026-09-03T19:09:12,2.0,1.0
phase_transition,1,20,0.05,5,2,0.1,4,0.552315,0.2,0.944211,24.8,True,248,0,236,57,482,8970,9500,500,0.964,0.979472,0.944211,500,2026-09-03T19:09:12,2.0,1.0
phase_transition,1,20,0.05,5,2,0.1,5,0.537332,0.2,0.939474,7.4,True,74,0,377,50,482,8925,9500,500,0.964,0.974558,0.939474,500,2026-09-03T19:09:13,2.0,1.0
phase_transition,1,20,0.05,5,2,0.1,6,0.614624,0.6,0.933579,19.9,True,199,0,283,44,477,8869,9500,500,0.954,0.978594,0.933579,500,2026-09-03T19:09:12,2.0,1.0
phase_transition,1,20,0.05,5,2,0.1,7,0.570563,0.4,0.948421,15.9,True,159,0,334,38,487,9010,9500,500,0.974,0.973738,0.948421,500,2026-09-03T19:09:13,2.0,1.0
phase_transition,1,20,0.05,5,2,0.1,8,0.570119,0.0,0.925263,23.2,True,232,0,233,31,475,8790,9500,500,0.95,0.973961,0.925263,500,2026-09-03T19:09:12,2.0,1.0
phase_transition,1,20,0.05,5,2,0.1,9,0.549093,0.4,0.900421,13.3,True,133,0,328,52,462,8554,9500,500,0.924,0.974482,0.900421,500,2026-09-03T19:09:13,2.0,1.0
phase_transition,1,20,0.05,5,2,0.1,10,0.64899,0.4,0.926842,9.3,True,93,0,338,64,475,8805,9500,500,0.95,0.975623,0.926842,500,2026-09-03T19:09:12,2.0,1.0
phase_transition,1,20,0.05,5,2,0.1,11,0.578842,0.2,0.927684,33.3,True,333,0,142,48,476,8813,9500,500,0.952,0.974458,0.927684,500,2026-09-03T19:09:13,2.0,1.0
phase_transition,1,20,0.05,5,2,0.1,12,0.670956,0.2,0.921684,9.4,True,94,0,333,38,472,8756,9500,500,0.944,0.97636,0.921684,500,2026-09-03T19:09:12,2.0,1.0
phase_transition,1,20,0.05,5,2,0.1,13,0.571106,0.2,0.920842,19.9,True,199,0,280,57,471,8748,9500,500,0.942,0.977539,0.920842,500,2026-09-03T19:09:13,2.0,1.0
phase_transition,1,20,0.05,5,2,0.1,14,0.620491,0.0,0.916526,18.1,True,181,0,263,51,469,8707,9500,500,0.938,0.977107,0.916526,500,2026-09-03T19:09:12,2.0,1.0
phase_transition,1,20,0.05,5,2,0.1,15,0.757721,0.6,0.940007,4.8,True,48,1,57,41,138,2554,2717,143,0.965035,0.974066,0.940007,143,2026-09-03T19:09:13,2.0,1.0
phase_transition,1,20,0.05,5,2,0.1,16,0.680022,0.4,0.944828,5.9,True,59,1,51,22,140,2603,2755,145,0.965517,0.978571,0.944828,145,2026-09-03T19:09:12,2.0,1.0
phase_transition,1,20,0.05,5,2,0.1,17,0.683041,0.4,0.907441,5.6,True,56,1,38,37,108,2000,2204,116,0.931034,0.974659,0.907441,116,2026-09-03T19:09:13,2.0,1.0
phase_transition,1,20,0.05,5,2,0.1,18,0.570019,0.8,0.923684,16.8,True,168,0,317,39,474,8775,9500,500,0.948,0.97435,0.923684,500,2026-09-03T19:09:13,2.0,1.0
phase_transition,1,20,0.05,5,2,0.1,19,0.57408,0.6,0.915053,18.5,True,185,0,265,45,469,8693,9500,500,0.938,0.975536,0.915053,500,2026-09-03T19:09:14,2.0,1.0
phase_transition,1,20,0.05,5,2,0.1,20,0.60346,0.2,0.934211,22.2,True,222,0,246,45,479,8875,9500,500,0.958,0.975168,0.934211,500,2026-09-03T19:09:13,2.0,1.0
phase_transition,1,20,0.05,5,2,0.1,21,0.767,0.2,0.91676,10.1,True,101,1,15,47,132,2456,2679,141,0.93617,0.979266,0.91676,141,2026-09-03T19:09:14,2.0,1.0
phase_transition,1,20,0.05,5,2,0.1,22,0.571252,0.6,0.916105,6.3,True,63,0,372,56,471,8703,9500,500,0.942,0.972511,0.916105,500,2026-09-03T19:09:14,2.0,1.0
phase_transition,1,20,0.05,5,2,0.1,23,0.610646,0.2,0.911579,10.4,True,104,0,357,52,467,8660,9500,500,0.934,0.975995,0.911579,500,2026-09-03T19:09:14,2.0,1.0
phase_transition,1,20,0.05,5,2,0.1,24,0.515285,0.4,0.917368,6.6,True,66,0,408,33,470,8715,9500,500,0.94,0.975924,0.917368,500,2026-09-03T19:09:14,2.0,1.0
phase_transition,1,20,0.05,5,2,0.1,25,0.669852,0.4,0.923263,5.8,True,58,0,383,62,473,8771,9500,500,0.946,0.975965,0.923263,500,2026-09-03T19:09:14,2.0,1.0
phase_transition,1,20,0.05,5,2,0.1,26,0.718023,0.4,0.930964,9.5,True,95,1,37,51,147,2724,2926,154,0.954545,0.975295,0.930964,154,2026-09-03T19:09:13,2.0,1.0
phase_transition,1,20,0.05,5,2,0.1,27,0.468902,0.6,0.934632,16.1,True,161,0,307,30,479,8879,9500,500,0.958,0.975607,0.934632,500,2026-09-03T19:09:14,2.0,1.0
phase_transition,1,20,0.05,5,2,0.1,28,0.580423,0.6,0.937789,27.0,True,270,0,198,54,481,8909,9500,500,0.962,0.974833,0.937789,500,2026-09-03T19:09:14,2.0,1.0
phase_transition,1,20,0.05,5,2,0.1,29,0.699548,0.2,0.948316,27.8,True,278,0,159,33,485,9009,9500,500,0.97,0.977645,0.948316,500,2026-09-03T19:09:14,2.0,1.0
phase_transition,1,20,0.15,5,2,0.1,0,0.671883,0.6,0.744421,50.0,False,500,0,0,177,400,7072,9500,500,0.8,0.930526,0.744421,500,2026-09-03T19:09:14,2.0,1.0
phase_transition,1,20,0.15,5,2,0.1,1,0.383344,0.8,0.796211,50.0,False,500,0,0,77,429,7564,9500,500,0.858,0.927984,0.796211,500,2026-09-03T19:09:14,2.0,1.0
phase_transition,1,20,0.15,5,2,0.1,2,0.406405,0.6,0.781368,50.0,False,500,0,0,97,424,7423,9500,500,0.848,0.921425,0.781368,500,2026-09-03T19:09:14,2.0,1.0
phase_transition,1,20,0.15,5,2,0.1,3,0.409282,1.0,0.770211,50.0,False,500,0,0,86,415,7317,9500,500,0.83,0.927964,0.770211,500,2026-09-03T19:09:15,2.0,1.0
phase_transition,1,20,0.15,5,2,0.1,4,0.549322,0.8,0.784421,50.0,False,500,0,0,110,425,7452,9500,500,0.85,0.922848,0.784421,500,2026-09-03T19:09:14,2.0,1.0
phase_transition,1,20,0.15,5,2,0.1,5,0.476389,0.8,0.796737,50.0,False,500,0,0,106,432,7569,9500,500,0.864,0.922149,0.796737,500,2026-09-03T19:09:15,2.0,1.0
phase_transition,1,20,0.15,5,2,0.1,6,0.451017,1.0,0.777158,50.0,False,500,0,0,34,417,7383,9500,500,0.834,0.931844,0.777158,500,2026-09-03T19:09:15,2.0,1.0
phase_transition,1,20,0.15,5,2,0.1,7,0.475325,0.4,0.778316,17.4,True,174,0,312,178,420,7394,9500,500,0.84,0.926566,0.778316,500,2026-09-03T19:09:16,2.0,1.0
phase_transition,1,20,0.15,5,2,0.1,8,0.559608,0.4,0.774632,50.0,False,500,0,0,55,418,7359,9500,500,0.836,0.926593,0.774632,500,2026-09-03T19:09:15,2.0,1.0
phase_transition,1,20,0.15,5,2,0.1,9,0.614286,0.6,0.793263,46.4,True,464,0,33,85,430,7536,9500,500,0.86,0.922399,0.793263,500,2026-09-03T19:09:16,2.0,1.0
phase_transition,1,20,0.15,5,2,0.1,10,0.506634,1.0,0.782737,50.0,False,500,0,0,135,423,7436,9500,500,0.846,0.925221,0.782737,500,2026-09-03T19:09:15,2.0,1.0
phase_transition,1,20,0.15,5,2,0.1,11,0.51128,0.6,0.761368,50.0,False,500,0,0,19,412,7233,9500,500,0.824,0.923991,0.761368,500,2026-09-03T19:09:16,2.0,1.0
phase_transition,1,20,0.15,5,2,0.1,12,0.537706,0.6,0.805789,50.0,False,500,0,0,74,435,7655,9500,500,0.87,0.926195,0.805789,500,2026-09-03T19:09:15,2.0,1.0
phase_transition,1,20,0.15,5,2,0.1,13,0.361073,1.0,0.780211,50.0,False,500,0,0,354,421,7412,9500,500,0.842,0.926616,0.780211,500,2026-09-03T19:09:16,2.0,1.0
phase_transition,1,20,0.15,5,2,0.1,14,0.479145,1.0,0.770947,50.0,False,500,0,0,44,416,7324,9500,500,0.832,0.926619,0.770947,500,2026-09-03T19:09:15,2.0,1.0
phase_transition,1,20,0.15,5,2,0.1,15,0.513171,1.0,0.784105,50.0,False,500,0,0,112,424,7449,9500,500,0.848,0.924652,0.784105,500,2026-09-03T19:09:16,2.0,1.0
phase_transition,1,20,0.15,5,2,0.1,16,0.560871,0.6,0.787684,21.9,True,219,0,278,21,425,7483,9500,500,0.85,0.926687,0.787684,500,2026-09-03T19:09:15,2.0,1.0
phase_transition,1,20,0.15,5,2,0.1,17,0.673858,0.4,0.804105,50.0,False,500,0,0,49,434,7639,9500,500,0.868,0.926389,0.804105,500,2026-09-03T19:09:16,2.0,1.0
phase_transition,1,20,0.15,5,2,0.1,18,0.390433,0.8,0.772211,11.3,True,113,0,386,107,416,7336,9500,500,0.832,0.928138,0.772211,500,2026-09-03T19:09:15,2.0,1.0
phase_transition,1,20,0.15,5,2,0.1,19,0.433591,1.0,0.788526,50.0,False,500,0,0,144,426,7491,9500,500,0.852,0.9255,0.788526,500,2026-09-03T19:09:16,2.0,1.0
phase_transition,1,20,0.15,5,2,0.1,20,0.482914,0.2,0.779368,50.0,False,500,0,0,76,419,7404,9500,500,0.838,0.930034,0.779368,500,2026-09-03T19:09:16,2.0,1.0
phase_transition,1,20,0.15,5,2,0.1,21,0.549386,0.4,0.788842,50.0,False,500,0,0,188,426,7494,9500,500,0.852,0.925871,0.788842,500,2026-09-03T19:09:17,2.0,1.0
phase_transition,1,20,0.15,5,2,0.1,22,0.569542,0.2,0.817579,20.1,True,201,0,298,94,444,7767,9500,500,0.888,0.920697,0.817579,500,2026-09-03T19:09:16,2.0,1.0
phase_transition,1,20,0.15,5,2,0.1,23,0.535224,0.6,0.779053,50.0,False,500,0,0,31,420,7401,9500,500,0.84,0.927444,0.779053,500,2026-09-03T19:09:17,2.0,1.0
phase_transition,1,20,0.15,5,2,0.1,24,0.446403,0.2,0.810526,50.0,False,500,0,0,26,437,7700,9500,500,0.874,0.927376,0.810526,500,2026-09-03T19:09:16,2.0,1.0
phase_transition,1,20,0.15,5,2,0.1,25,0.567867,0.8,0.784947,50.0,False,500,0,0,119,424,7457,9500,500,0.848,0.925645,0.784947,500,2026-09-03T19:09:17,2.0,1.0
phase_transition,1,20,0.15,5,2,0.1,26,0.510574,0.6,0.785474,50.0,False,500,0,0,79,423,7462,9500,500,0.846,0.928456,0.785474,500,2026-09-03T19:09:17,2.0,1.0
phase_transition,1,20,0.15,5,2,0.1,27,0.530303,0.8,0.767789,50.0,False,500,0,0,75,414,7294,9500,500,0.828,0.927282,0.767789,500,2026-09-03T19:09:17,2.0,1.0
phase_transition,1,20,0.15,5,2,0.1,28,0.640808,0.2,0.792526,38.5,True,385,0,94,85,428,7529,9500,500,0.856,0.925848,0.792526,500,2026-09-03T19:09:17,2.0,1.0
phase_transition,1,20,0.15,5,2,0.1,29,0.463703,0.4,0.807158,50.0,False,500,0,0,61,434,7668,9500,500,0.868,0.929905,0.807158,500,2026-09-03T19:09:17,2.0,1.0
phase_transition,1,22,0.0,5,2,0.1,0,0.559958,0.2,1.0,2.8,True,28,0,330,37,500,10500,10500,500,1.0,1.0,1.0,500,2026-09-03T19:09:17,2.0,1.1
phase_transition,1,22,0.0,5,2,0.1,1,0.564654,0.0,1.0,3.9,True,39,0,294,43,500,10500,10500,500,1.0,1.0,1.0,500,2026-09-03T19:09:18,2.0,1.1
phase_transition,1,22,0.0,5,2,0.1,2,0.475248,0.0,1.0,7.2,True,72,0,266,63,500,10500,10500,500,1.0,1.0,1.0,500,2026-09-03T19:09:17,2.0,1.1
phase_transition,1,22,0.0,5,2,0.1,3,0.470946,0.2,1.0,7.5,True,75,0,274,55,500,10500,10500,500,1.0,1.0,1.0,500,2026-09-03T19:09:18,2.0,1.1
phase_transition,1,22,0.0,5,2,0.1,4,0.507327,0.2,1.0,5.2,True,52,0,305,68,500,10500,10500,500,1.0,1.0,1.0,500,2026-09-03T19:09:17,2.0,1.1
phase_transition,1,22,0.0,5,2,0.1,5,0.530981,0.2,1.0,4.9,True,49,0,266,62,500,10500,10500,500,1.0,1.0,1.0,500,2026-09-03T19:09:18,2.0,1.1
phase_transition,1,22,0.0,5,2,0.1,6,0.542042,0.0,1.0,4.9,True,49,0,266,45,500,10500,10500,500,1.0,1.0,1.0,500,2026-09-03T19:09:17,2.0,1.1
phase_transition,1,22,0.0,5,2,0.1,7,0.561128,0.0,1.0,5.8,True,58,0,291,72,500,10500,10500,500,1.0,1.0,1.0,500,2026-09-03T19:09:18,2.0,1.1
phase_transition,1,22,0.0,5,2,0.1,8,0.478776,0.0,1.0,4.5,True,45,0,297,41,500,10500,10500,500,1.0,1.0,1.0,500,2026-09-03T19:09:18,2.0,1.1
phase_transition,1,22,0.0,5,2,0.1,9,0.557981,0.2,1.0,3.5,True,35,0,257,27,500,10500,10500,500,1.0,1.0,1.0,500,2026-09-03T19:09:19,2.0,1.1
phase_transition,1,22,0.0,5,2,0.1,10,0.45839,0.2,1.0,6.2,True,62,0,323,66,500,10500,10500,500,1.0,1.0,1.0,500,2026-09-03T19:09:18,2.0,1.1
phase_transition,1,22,0.0,5,2,0.1,11,0.446605,0.0,1.0,6.3,True,63,0,284,31,500,10500,10500,500,1.0,1.0,1.0,500,2026-09-03T19:09:19,2.0,1.1
phase_transition,1,22,0.0,5,2,0.1,12,0.499162,0.4,1.0,4.3,True,43,0,247,62,500,10500,10500,500,1.0,1.0,1.0,500,2026-09-03T19:09:18,2.0,1.1
phase_transition,1,22,0.0,5,2,0.1,13,0.584045,0.0,1.0,5.3,True,53,0,311,53,500,10500,10500,500,1.0,1.0,1.0,500,2026-09-03T19:09:19,2.0,1.1
phase_transition,1,22,0.0,5,2,0.1,14,0.55496,0.0,1.0,4.0,True,40,0,234,34,500,10500,10500,500,1.0,1.0,1.0,500,2026-09-03T19:09:18,2.0,1.1
phase_transition,1,22,0.0,5,2,0.1,15,0.520511,0.2,1.0,5.4,True,54,0,297,57,500,10500,10500,500,1.0,1.0,1.0,500,2026-09-03T19:09:19,2.0,1.1
phase_transition,1,22,0.0,5,2,0.1,16,0.552901,0.2,1.0,5.1,True,51,0,319,46,500,10500,10500,500,1.0,1.0,1.0,500,2026-09-03T19:09:18,2.0,1.1
phase_transition,1,22,0.0,5,2,0.1,17,0.593338,0.0,1.0,4.5,True,45,0,282,41,500,10500,10500,500,1.0,1.0,1.0,500,2026-09-03T19:09:19,2.0,1.1
phase_transition,1,22,0.0,5,2,0.1,18,0.59092,0.2,1.0,6.7,True,67,0,310,31,500,10500,10500,500,1.0,1.0,1.0,500,2026-09-03T19:09:19,2.0,1.1
phase_transition,1,22,0.0,5,2,0.1,19,0.507664,0.0,1.0,5.1,True,51,0,303,32,500,10500,10500,500,1.0,1.0,1.0,500,2026-09-03T19:09:19,2.0,1.1
phase_transition,1,22,0.0,5,2,0.1,20,0.508144,0.2,1.0,2.3,True,23,0,323,13,500,10500,10500,500,1.0,1.0,1.0,500,2026-09-03T19:09:19,2.0,1.1
phase_transition,1,22,0.0,5,2,0.1,21,0.490717,0.2,1.0,3.6,True,36,0,320,40,500,10500,10500,500,1.0,1.0,1.0,500,2026-09-03T19:09:20,2.0,1.1
phase_transition,1,22,0.0,5,2,0.1,22,0.464052,0.2,1.0,3.5,True,35,0,286,52,500,10500,10500,500,1.0,1.0,1.0,500,2026-09-03T19:09:19,2.0,1.1
phase_transition,1,22,0.0,5,2,0.1,23,0.496859,0.0,1.0,4.4,True,44,0,267,63,500,10500,10500,500,1.0,1.0,1.0,500,2026-09-03T19:09:20,2.0,1.1
phase_transition,1,22,0.0,5,2,0.1,24,0.643295,0.2,1.0,3.3,True,33,0,335,44,500,10500,10500,500,1.0,1.0,1.0,500,2026-09-03T19:09:19,2.0,1.1
phase_transition,1,22,0.0,5,2,0.1,25,0.682737,0.2,1.0,5.7,True,57,0,290,53,500,10500,10500,500,1.0,1.0,1.0,500,2026-09-03T19:09:20,2.0,1.1
phase_transition,1,22,0.0,5,2,0.1,26,0.569687,0.0,1.0,5.9,True,59,0,318,47,500,10500,10500,500,1.0,1.0,1.0,500,2026-09-03T19:09:20,2.0,1.1
phase_transition,1,22,0.0,5,2,0.1,27,0.501977,0.0,1.0,4.3,True,43,0,303,16,500,10500,10500,500,1.0,1.0,1.0,500,2026-09-03T19:09:21,2.0,1.1
phase_transition,1,22,0.0,5,2,0.1,28,0.479844,0.2,1.0,4.1,True,41,0,303,36,500,10500,10500,500,1.0,1.0,1.0,500,2026-09-03T19:09:20,2.0,1.1
phase_transition,1,22,0.0,5,2,0.1,29,0.614715,0.2,1.0,4.5,True,45,0,289,34,500,10500,10500,500,1.0,1.0,1.0,500,2026-09-03T19:09:21,2.0,1.1
phase_transition,1,22,0.05,5,2,0.1,0,0.438878,0.4,0.92581,21.3,True,213,0,271,54,473,9721,10500,500,0.946,0.978657,0.92581,500,2026-09-03T19:09:20,2.0,1.1
phase_transition,1,22,0.05,5,2,0.1,1,0.50113,0.2,0.946571,22.5,True,225,0,253,43,484,9939,10500,500,0.968,0.977863,0.946571,500,2026-09-03T19:09:21,2.0,1.1
phase_transition,1,22,0.05,5,2,0.1,2,0.488724,0.6,0.907333,25.7,True,257,0,232,85,466,9527,10500,500,0.932,0.973534,0.907333,500,2026-09-03T19:09:20,2.0,1.1
phase_transition,1,22,0.05,5,2,0.1,3,0.457604,0.4,0.93181,35.9,True,359,0,121,75,477,9784,10500,500,0.954,0.97674,0.93181,500,2026-09-03T19:09:21,2.0,1.1
phase_transition,1,22,0.05,5,2,0.1,4,0.469628,0.4,0.930857,7.5,True,75,0,412,65,475,9774,10500,500,0.95,0.97985,0.930857,500,2026-09-03T19:09:20,2.0,1.1
phase_transition,1,22,0.05,5,2,0.1,5,0.477747,0.6,0.926095,6.2,True,62,0,406,49,475,9724,10500,500,0.95,0.974837,0.926095,500,2026-09-03T19:09:21,2.0,1.1
phase_transition,1,22,0.05,5,2,0.1,6,0.45923,0.6,0.936857,17.5,True,175,0,315,45,479,9837,10500,500,0.958,0.97793,0.936857,500,2026-09-03T19:09:20,2.0,1.1
phase_transition,1,22,0.05,5,2,0.1,7,0.562918,0.4,0.942857,37.4,True,374,0,120,74,484,9900,10500,500,0.968,0.974026,0.942857,500,2026-09-03T19:09:21,2.0,1.1
phase_transition,1,22,0.05,5,2,0.1,8,0.489235,0.2,0.931429,5.8,True,58,0,430,51,478,9780,10500,500,0.956,0.974298,0.931429,500,2026-09-03T19:09:21,2.0,1.1
phase_transition,1,22,0.05,5,2,0.1,9,0.552643,0.2,0.926667,8.0,True,80,0,391,142,475,9730,10500,500,0.95,0.975439,0.926667,500,2026-09-03T19:09:22,2.0,1.1
phase_transition,1,22,0.05,5,2,0.1,10,0.542786,0.2,0.927524,9.8,True,98,0,342,110,475,9739,10500,500,0.95,0.976341,0.927524,500,2026-09-03T19:09:21,2.0,1.1
phase_transition,1,22,0.05,5,2,0.1,11,0.47574,0.4,0.921714,7.1,True,71,0,423,42,473,9678,10500,500,0.946,0.974328,0.921714,500,2026-09-03T19:09:22,2.0,1.1
phase_transition,1,22,0.05,5,2,0.1,12,0.563997,0.6,0.936667,50.0,False,500,0,0,69,480,9835,10500,500,0.96,0.975694,0.936667,500,2026-09-03T19:09:21,2.0,1.1
phase_transition,1,22,0.05,5,2,0.1,13,0.519436,0.4,0.932,7.9,True,79,0,413,36,477,9786,10500,500,0.954,0.976939,0.932,500,2026-09-03T19:09:22,2.0,1.1
phase_transition,1,22,0.05,5,2,0.1,14,0.49874,0.4,0.919048,4.0,True,40,0,445,49,471,9650,10500,500,0.942,0.975634,0.919048,500,2026-09-03T19:09:21,2.0,1.1
phase_transition,1,22,0.05,5,2,0.1,15,0.503272,0.4,0.930857,26.5,True,265,0,222,40,478,9774,10500,500,0.956,0.9737,0.930857,500,2026-09-03T19:09:23,2.0,1.1
phase_transition,1,22,0.05,5,2,0.1,16,0.499703,0.2,0.923619,32.8,True,328,0,171,103,473,9698,10500,500,0.946,0.976341,0.923619,500,2026-09-03T19:09:22,2.0,1.1
phase_transition,1,22,0.05,5,2,0.1,17,0.533483,0.4,0.941429,7.5,True,75,0,419,27,482,9885,10500,500,0.964,0.976586,0.941429,500,2026-09-03T19:09:23,2.0,1.1
phase_transition,1,22,0.05,5,2,0.1,18,0.467152,0.4,0.931333,48.9,True,489,0,10,42,478,9779,10500,500,0.956,0.974198,0.931333,500,2026-09-03T19:09:22,2.0,1.1
phase_transition,1,22,0.05,5,2,0.1,19,0.407611,0.4,0.935619,12.4,True,124,0,365,86,480,9824,10500,500,0.96,0.974603,0.935619,500,2026-09-03T19:09:23,2.0,1.1
phase_transition,1,22,0.05,5,2,0.1,20,0.451889,0.4,0.927048,13.4,True,134,0,358,13,475,9734,10500,500,0.95,0.97584,0.927048,500,2026-09-03T19:09:22,2.0,1.1
phase_transition,1,22,0.05,5,2,0.1,21,0.473908,0.8,0.944,7.9,True,79,0,404,83,483,9912,10500,500,0.966,0.977226,0.944,500,2026-09-03T19:09:23,2.0,1.1
phase_transition,1,22,0.05,5,2,0.1,22,0.512825,0.6,0.896857,50.0,False,500,0,0,69,461,9417,10500,500,0.922,0.97273,0.896857,500,2026-09-03T19:09:22,2.0,1.1
phase_transition,1,22,0.05,5,2,0.1,23,0.539455,0.6,0.923143,19.6,True,196,0,268,68,473,9693,10500,500,0.946,0.975838,0.923143,500,2026-09-03T19:09:23,2.0,1.1
phase_transition,1,22,0.05,5,2,0.1,24,0.607424,0.2,0.942381,27.5,True,275,0,219,44,483,9895,10500,500,0.966,0.97555,0.942381,500,2026-09-03T19:09:23,2.0,1.1
phase_transition,1,22,0.05,5,2,0.1,25,0.462424,0.4,0.934381,23.8,True,238,0,256,57,479,9811,10500,500,0.958,0.975345,0.934381,500,2026-09-03T19:09:24,2.0,1.1
phase_transition,1,22,0.05,5,2,0.1,26,0.501056,0.4,0.927238,16.9,True,169,0,315,67,475,9736,10500,500,0.95,0.97604,0.927238,500,2026-09-03T19:09:23,2.0,1.1
phase_transition,1,22,0.05,5,2,0.1,27,0.452673,0.4,0.938571,14.1,True,141,0,353,16,481,9855,10500,500,0.962,0.975646,0.938571,500,2026-09-03T19:09:24,2.0,1.1
phase_transition,1,22,0.05,5,2,0.1,28,0.526131,0.8,0.92619,41.9,True,419,0,63,79,475,9725,10500,500,0.95,0.974937,0.92619,500,2026-09-03T19:09:23,2.0,1.1
phase_transition,1,22,0.05,5,2,0.1,29,0.473793,0.6,0.935048,17.7,True,177,0,322,75,478,9818,10500,500,0.956,0.978083,0.935048,500,2026-09-03T19:09:24,2.0,1.1
phase_transition,1,22,0.15,5,2,0.1,0,0.384222,0.6,0.794,50.0,False,500,0,0,40,427,8337,10500,500,0.854,0.929742,0.794,500,2026-09-03T19:09:24,2.0,1.1
phase_transition,1,22,0.15,5,2,0.1,1,0.463996,0.4,0.795238,50.0,False,500,0,0,79,428,8350,10500,500,0.856,0.929016,0.795238,500,2026-09-03T19:09:25,2.0,1.1
phase_transition,1,22,0.15,5,2,0.1,2,0.390083,0.4,0.79019,50.0,False,500,0,0,204,429,8297,10500,500,0.858,0.920968,0.79019,500,2026-09-03T19:09:24,2.0,1.1
phase_transition,1,22,0.15,5,2,0.1,3,0.362339,0.8,0.761905,50.0,False,500,0,0,136,410,8000,10500,500,0.82,0.929152,0.761905,500,2026-09-03T19:09:25,2.0,1.1
phase_transition,1,22,0.15,5,2,0.1,4,0.418574,0.6,0.787714,50.0,False,500,0,0,413,426,8271,10500,500,0.852,0.924547,0.787714,500,2026-09-03T19:09:24,2.0,1.1
phase_transition,1,22,0.15,5,2,0.1,5,0.436748,0.6,0.789524,50.0,False,500,0,0,49,428,8290,10500,500,0.856,0.922341,0.789524,500,2026-09-03T19:09:25,2.0,1.1
phase_transition,1,22,0.15,5,2,0.1,6,0.442306,0.8,0.809333,50.0,False,500,0,0,60,435,8498,10500,500,0.87,0.930268,0.809333,500,2026-09-03T19:09:24,2.0,1.1
phase_transition,1,22,0.15,5,2,0.1,7,0.496506,0.6,0.797714,50.0,False,500,0,0,238,431,8376,10500,500,0.862,0.925423,0.797714,500,2026-09-03T19:09:25,2.0,1.1
phase_transition,1,22,0.15,5,2,0.1,8,0.486243,0.4,0.78219,50.0,False,500,0,0,57,422,8213,10500,500,0.844,0.926766,0.78219,500,2026-09-03T19:09:24,2.0,1.1
phase_transition,1,22,0.15,5,2,0.1,9,0.414469,1.0,0.783714,20.7,True,207,0,290,58,424,8229,10500,500,0.848,0.924191,0.783714,500,2026-09-03T19:09:25,2.0,1.1
phase_transition,1,22,0.15,5,2,0.1,10,0.401664,1.0,0.791333,50.0,False,500,0,0,110,428,8309,10500,500,0.856,0.924455,0.791333,500,2026-09-03T19:09:25,2.0,1.1
phase_transition,1,22,0.15,5,2,0.1,11,0.418544,0.8,0.764571,17.3,True,173,0,326,149,414,8028,10500,500,0.828,0.923395,0.764571,500,2026-09-03T19:09:26,2.0,1.1
phase_transition,1,22,0.15,5,2,0.1,12,0.475636,0.8,0.792476,50.0,False,500,0,0,83,428,8321,10500,500,0.856,0.92579,0.792476,500,2026-09-03T19:09:25,2.0,1.1
phase_transition,1,22,0.15,5,2,0.1,13,0.419091,0.8,0.820286,50.0,False,500,0,0,171,444,8613,10500,500,0.888,0.923745,0.820286,500,2026-09-03T19:09:26,2.0,1.1
phase_transition,1,22,0.15,5,2,0.1,14,0.430993,0.8,0.788286,50.0,False,500,0,0,115,426,8277,10500,500,0.852,0.925218,0.788286,500,2026-09-03T19:09:25,2.0,1.1
phase_transition,1,22,0.15,5,2,0.1,15,0.469876,0.6,0.768857,50.0,False,500,0,0,223,415,8073,10500,500,0.83,0.926334,0.768857,500,2026-09-03T19:09:26,2.0,1.1
phase_transition,1,22,0.15,5,2,0.1,16,0.413949,1.0,0.781238,50.0,False,500,0,0,202,421,8203,10500,500,0.842,0.927836,0.781238,500,2026-09-03T19:09:26,2.0,1.1
phase_transition,1,22,0.15,5,2,0.1,17,0.501392,0.6,0.826857,50.0,False,500,0,0,93,447,8682,10500,500,0.894,0.924896,0.826857,500,2026-09-03T19:09:27,2.0,1.1
phase_transition,1,22,0.15,5,2,0.1,18,0.340498,0.4,0.796476,50.0,False,500,0,0,51,430,8363,10500,500,0.86,0.926135,0.796476,500,2026-09-03T19:09:26,2.0,1.1
phase_transition,1,22,0.15,5,2,0.1,19,0.509196,1.0,0.794952,50.0,False,500,0,0,177,430,8347,10500,500,0.86,0.924363,0.794952,500,2026-09-03T19:09:27,2.0,1.1
phase_transition,1,22,0.15,5,2,0.1,20,0.583213,0.6,0.802571,50.0,False,500,0,0,100,431,8427,10500,500,0.862,0.931057,0.802571,500,2026-09-03T19:09:26,2.0,1.1
phase_transition,1,22,0.15,5,2,0.1,21,0.428086,0.4,0.808286,50.0,False,500,0,0,208,437,8487,10500,500,0.874,0.924812,0.808286,500,2026-09-03T19:09:27,2.0,1.1
phase_transition,1,22,0.15,5,2,0.1,22,0.411648,1.0,0.791619,50.0,False,500,0,0,108,430,8312,10500,500,0.86,0.920487,0.791619,500,2026-09-03T19:09:26,2.0,1.1
phase_transition,1,22,0.15,5,2,0.1,23,0.499272,0.4,0.77181,50.0,False,500,0,0,66,416,8104,10500,500,0.832,0.927656,0.77181,500,2026-09-03T19:09:27,2.0,1.1
phase_transition,1,22,0.15,5,2,0.1,24,0.537189,0.4,0.798571,50.0,False,500,0,0,191,430,8385,10500,500,0.86,0.928571,0.798571,500,2026-09-03T19:09:26,2.0,1.1
phase_transition,1,22,0.15,5,2,0.1,25,0.584102,0.8,0.76781,50.0,False,500,0,0,289,415,8062,10500,500,0.83,0.925072,0.76781,500,2026-09-03T19:09:27,2.0,1.1
phase_transition,1,22,0.15,5,2,0.1,26,0.549288,0.6,0.765238,50.0,False,500,0,0,154,412,8035,10500,500,0.824,0.928687,0.765238,500,2026-09-03T19:09:27,2.0,1.1
phase_transition,1,22,0.15,5,2,0.1,27,0.332172,0.6,0.808286,50.0,False,500,0,0,138,437,8487,10500,500,0.874,0.924812,0.808286,500,2026-09-03T19:09:28,2.0,1.1
phase_transition,1,22,0.15,5,2,0.1,28,0.437363,0.8,0.814762,50.0,False,500,0,0,137,441,8555,10500,500,0.882,0.923766,0.814762,500,2026-09-03T19:09:27,2.0,1.1
phase_transition,1,22,0.15,5,2,0.1,29,0.479096,0.4,0.802857,50.0,False,500,0,0,127,431,8430,10500,500,0.862,0.931389,0.802857,500,2026-09-03T19:09:28,2.0,1.1
phase_transition,1,24,0.0,5,2,0.1,0,0.41762,0.2,1.0,6.7,True,67,0,377,52,500,11500,11500,500,1.0,1.0,1.0,500,2026-09-03T19:09:27,2.0,1.2000000000000002
phase_transition,1,24,0.0,5,2,0.1,1,0.528139,0.2,1.0,4.1,True,41,0,374,23,500,11500,11500,500,1.0,1.0,1.0,500,2026-09-03T19:09:28,2.0,1.2000000000000002
phase_transition,1,24,0.0,5,2,0.1,2,0.435164,0.2,1.0,5.2,True,52,0,394,61,500,11500,11500,500,1.0,1.0,1.0,500,2026-09-03T19:09:28,2.0,1.2000000000000002
phase_transition,1,24,0.0,5,2,0.1,3,0.531753,0.2,1.0,7.9,True,79,0,330,72,500,11500,11500,500,1.0,1.0,1.0,500,2026-09-03T19:09:29,2.0,1.2000000000000002
phase_transition,1,24,0.0,5,2,0.1,4,0.558574,0.2,1.0,4.4,True,44,0,350,34,500,11500,11500,500,1.0,1.0,1.0,500,2026-09-03T19:09:28,2.0,1.2000000000000002
phase_transition,1,24,0.0,5,2,0.1,5,0.455025,0.0,1.0,7.7,True,77,0,330,41,500,11500,11500,500,1.0,1.0,1.0,500,2026-09-03T19:09:29,2.0,1.2000000000000002
phase_transition,1,24,0.0,5,2,0.1,6,0.470461,0.0,1.0,7.8,True,78,0,334,48,500,11500,11500,500,1.0,1.0,1.0,500,2026-09-03T19:09:28,2.0,1.2000000000000002
phase_transition,1,24,0.0,5,2,0.1,7,0.598251,0.2,1.0,7.4,True,74,0,381,115,500,11500,11500,500,1.0,1.0,1.0,500,2026-09-03T19:09:29,2.0,1.2000000000000002
phase_transition,1,24,0.0,5,2,0.1,8,0.578012,0.2,1.0,4.4,True,44,0,327,34,500,11500,11500,500,1.0,1.0,1.0,500,2026-09-03T19:09:28,2.0,1.2000000000000002
phase_transition,1,24,0.0,5,2,0.1,9,0.574005,0.2,1.0,4.8,True,48,0,362,76,500,11500,11500,500,1.0,1.0,1.0,500,2026-09-03T19:09:29,2.0,1.2000000000000002
phase_transition,1,24,0.0,5,2,0.1,10,0.525943,0.2,1.0,11.1,True,111,0,328,81,500,11500,11500,500,1.0,1.0,1.0,500,2026-09-03T19:09:28,2.0,1.2000000000000002
phase_transition,1,24,0.0,5,2,0.1,11,0.476859,0.2,1.0,3.9,True,39,0,355,43,500,11500,11500,500,1.0,1.0,1.0,500,2026-09-03T19:09:29,2.0,1.2000000000000002
phase_transition,1,24,0.0,5,2,0.1,12,0.518953,0.0,1.0,5.1,True,51,0,355,49,500,11500,11500,500,1.0,1.0,1.0,500,2026-09-03T19:09:29,2.0,1.2000000000000002
phase_transition,1,24,0.0,5,2,0.1,13,0.577061,0.2,1.0,5.4,True,54,0,375,44,500,11500,11500,500,1.0,1.0,1.0,500,2026-09-03T19:09:30,2.0,1.2000000000000002
phase_transition,1,24,0.0,5,2,0.1,14,0.54463,0.0,1.0,4.2,True,42,0,365,60,500,11500,11500,500,1.0,1.0,1.0,500,2026-09-03T19:09:29,2.0,1.2000000000000002
phase_transition,1,24,0.0,5,2,0.1,15,0.570575,0.0,1.0,4.9,True,49,0,367,61,500,11500,11500,500,1.0,1.0,1.0,500,2026-09-03T19:09:30,2.0,1.2000000000000002
phase_transition,1,24,0.0,5,2,0.1,16,0.604834,0.0,1.0,4.7,True,47,0,340,52,500,11500,11500,500,1.0,1.0,1.0,500,2026-09-03T19:09:29,2.0,1.2000000000000002
phase_transition,1,24,0.0,5,2,0.1,17,0.555236,0.0,1.0,5.0,True,50,0,373,43,500,11500,11500,500,1.0,1.0,1.0,500,2026-09-03T19:09:30,2.0,1.2000000000000002
phase_transition,1,24,0.0,5,2,0.1,18,0.49669,0.0,1.0,3.9,True,39,0,334,43,500,11500,11500,500,1.0,1.0,1.0,500,2026-09-03T19:09:29,2.0,1.2000000000000002
phase_transition,1,24,0.0,5,2,0.1,19,0.496416,0.2,1.0,6.7,True,67,0,371,144,500,11500,11500,500,1.0,1.0,1.0,500,2026-09-03T19:09:30,2.0,1.2000000000000002
phase_transition,1,24,0.0,5,2,0.1,20,0.600185,0.2,1.0,7.3,True,73,0,360,13,500,11500,11500,500,1.0,1.0,1.0,500,2026-09-03T19:09:30,2.0,1.2000000000000002
phase_transition,1,24,0.0,5,2,0.1,21,0.587477,0.2,1.0,10.7,True,107,0,339,61,500,11500,11500,500,1.0,1.0,1.0,500,2026-09-03T19:09:31,2.0,1.2000000000000002
phase_transition,1,24,0.0,5,2,0.1,22,0.562954,0.2,1.0,4.6,True,46,0,369,65,500,11500,11500,500,1.0,1.0,1.0,500,2026-09-03T19:09:30,2.0,1.2000000000000002
phase_transition,1,24,0.0,5,2,0.1,23,0.589025,0.2,1.0,7.2,True,72,0,360,43,500,11500,11500,500,1.0,1.0,1.0,500,2026-09-03T19:09:31,2.0,1.2000000000000002
phase_transition,1,24,0.0,5,2,0.1,24,0.500833,0.2,1.0,4.2,True,42,0,390,46,500,11500,11500,500,1.0,1.0,1.0,500,2026-09-03T19:09:30,2.0,1.2000000000000002
phase_transition,1,24,0.0,5,2,0.1,25,0.604516,0.2,1.0,6.1,True,61,0,404,57,500,11500,11500,500,1.0,1.0,1.0,500,2026-09-03T19:09:31,2.0,1.2000000000000002
phase_transition,1,24,0.0,5,2,0.1,26,0.516753,0.2,1.0,4.7,True,47,0,364,50,500,11500,11500,500,1.0,1.0,1.0,500,2026-09-03T19:09:30,2.0,1.2000000000000002
phase_transition,1,24,0.0,5,2,0.1,27,0.49844,0.2,1.0,8.7,True,87,0,332,97,500,11500,11500,500,1.0,1.0,1.0,500,2026-09-03T19:09:31,2.0,1.2000000000000002
phase_transition,1,24,0.0,5,2,0.1,28,0.517304,0.2,1.0,11.5,True,115,0,342,71,500,11500,11500,500,1.0,1.0,1.0,500,2026-09-03T19:09:31,2.0,1.2000000000000002
phase_transition,1,24,0.0,5,2,0.1,29,0.582591,0.2,1.0,4.8,True,48,0,374,34,500,11500,11500,500,1.0,1.0,1.0,500,2026-09-03T19:09:32,2.0,1.2000000000000002
phase_transition,1,24,0.05,5,2,0.1,0,0.495036,0.8,0.929391,19.3,True,193,0,299,77,475,10688,11500,500,0.95,0.978307,0.929391,500,2026-09-03T19:09:31,2.0,1.2000000000000002
phase_transition,1,24,0.05,5,2,0.1,1,0.584157,0.8,0.936609,6.8,True,68,0,416,23,479,10771,11500,500,0.958,0.977671,0.936609,500,2026-09-03T19:09:32,2.0,1.2000000000000002
phase_transition,1,24,0.05,5,2,0.1,2,0.503394,0.2,0.931826,50.0,False,500,0,0,82,479,10716,11500,500,0.958,0.972679,0.931826,500,2026-09-03T19:09:31,2.0,1.2000000000000002
phase_transition,1,24,0.05,5,2,0.1,3,0.49512,0.6,0.929043,29.9,True,299,0,187,63,475,10684,11500,500,0.95,0.977941,0.929043,500,2026-09-03T19:09:32,2.0,1.2000000000000002
phase_transition,1,24,0.05,5,2,0.1,4,0.504436,0.4,0.934261,4.4,True,44,0,442,145,477,10744,11500,500,0.954,0.979309,0.934261,500,2026-09-03T19:09:31,2.0,1.2000000000000002
phase_transition,1,24,0.05,5,2,0.1,5,0.439473,0.6,0.928,10.0,True,100,0,392,56,476,10672,11500,500,0.952,0.97479,0.928,500,2026-09-03T19:09:32,2.0,1.2000000000000002
phase_transition,1,24,0.05,5,2,0.1,6,0.465198,0.8,0.907391,11.1,True,111,0,370,115,464,10435,11500,500,0.928,0.977792,0.907391,500,2026-09-03T19:09:32,2.0,1.2000000000000002
phase_transition,1,24,0.05,5,2,0.1,7,0.508601,0.4,0.933478,33.1,True,331,0,162,223,479,10735,11500,500,0.958,0.974403,0.933478,500,2026-09-03T19:09:33,2.0,1.2000000000000002
phase_transition,1,24,0.05,5,2,0.1,8,0.537918,0.6,0.932261,41.2,True,412,0,77,35,478,10721,11500,500,0.956,0.975168,0.932261,500,2026-09-03T19:09:32,2.0,1.2000000000000002
phase_transition,1,24,0.05,5,2,0.1,9,0.423311,0.6,0.926957,8.5,True,85,0,408,74,475,10660,11500,500,0.95,0.975744,0.926957,500,2026-09-03T19:09:33,2.0,1.2000000000000002
phase_transition,1,24,0.05,5,2,0.1,10,0.553136,0.8,0.925478,13.4,True,134,0,357,38,474,10643,11500,500,0.948,0.976243,0.925478,500,2026-09-03T19:09:32,2.0,1.2000000000000002
phase_transition,1,24,0.05,5,2,0.1,11,0.525873,0.6,0.941217,48.1,True,481,0,9,18,483,10824,11500,500,0.966,0.974345,0.941217,500,2026-09-03T19:09:33,2.0,1.2000000000000002
phase_transition,1,24,0.05,5,2,0.1,12,0.419869,0.4,0.947043,5.4,True,54,0,441,68,485,10891,11500,500,0.97,0.976333,0.947043,500,2026-09-03T19:09:32,2.0,1.2000000000000002
phase_transition,1,24,0.05,5,2,0.1,13,0.5136,0.4,0.915391,23.7,True,237,0,251,54,469,10527,11500,500,0.938,0.975897,0.915391,500,2026-09-03T19:09:33,2.0,1.2000000000000002
phase_transition,1,24,0.05,5,2,0.1,14,0.499646,0.6,0.936957,15.2,True,152,0,334,60,480,10775,11500,500,0.96,0.975996,0.936957,500,2026-09-03T19:09:33,2.0,1.2000000000000002
phase_transition,1,24,0.05,5,2,0.1,15,0.520361,0.6,0.921304,14.1,True,141,0,349,88,473,10595,11500,500,0.946,0.973895,0.921304,500,2026-09-03T19:09:33,2.0,1.2000000000000002
phase_transition,1,24,0.05,5,2,0.1,16,0.444231,0.2,0.918261,49.1,True,491,0,3,53,470,10560,11500,500,0.94,0.976873,0.918261,500,2026-09-03T19:09:33,2.0,1.2000000000000002
phase_transition,1,24,0.05,5,2,0.1,17,0.579021,0.8,0.925565,9.8,True,98,0,392,78,474,10644,11500,500,0.948,0.976335,0.925565,500,2026-09-03T19:09:34,2.0,1.2000000000000002
phase_transition,1,24,0.05,5,2,0.1,18,0.549058,0.6,0.925739,30.8,True,308,0,184,43,475,10646,11500,500,0.95,0.974462,0.925739,500,2026-09-03T19:09:33,2.0,1.2000000000000002
phase_transition,1,24,0.05,5,2,0.1,19,0.503882,0.6,0.926261,46.3,True,463,0,35,43,475,10652,11500,500,0.95,0.975011,0.926261,500,2026-09-03T19:09:34,2.0,1.2000000000000002
phase_transition,1,24,0.05,5,2,0.1,20,0.502769,0.2,0.925913,12.7,True,127,0,372,119,475,10648,11500,500,0.95,0.974645,0.925913,500,2026-09-03T19:09:33,2.0,1.2000000000000002
phase_transition,1,24,0.05,5,2,0.1,21,0.5343,0.4,0.947826,14.2,True,142,0,339,61,485,10900,11500,500,0.97,0.97714,0.947826,500,2026-09-03T19:09:34,2.0,1.2000000000000002
phase_transition,1,24,0.05,5,2,0.1,22,0.465065,0.4,0.914522,13.9,True,139,0,359,107,470,10517,11500,500,0.94,0.972895,0.914522,500,2026-09-03T19:09:34,2.0,1.2000000000000002
phase_transition,1,24,0.05,5,2,0.1,23,0.466275,0.2,0.924522,33.1,True,331,0,166,38,474,10632,11500,500,0.948,0.975234,0.924522,500,2026-09-03T19:09:35,2.0,1.2000000000000002
phase_transition,1,24,0.05,5,2,0.1,24,0.401184,0.2,0.931913,50.0,False,500,0,0,47,478,10717,11500,500,0.956,0.974804,0.931913,500,2026-09-03T19:09:34,2.0,1.2000000000000002
phase_transition,1,24,0.05,5,2,0.1,25,0.499032,0.6,0.926261,10.1,True,101,0,385,94,475,10652,11500,500,0.95,0.975011,0.926261,500,2026-09-03T19:09:35,2.0,1.2000000000000002
phase_transition,1,24,0.05,5,2,0.1,26,0.474278,0.4,0.928696,14.6,True,146,0,343,454,476,10680,11500,500,0.952,0.975521,0.928696,500,2026-09-03T19:09:34,2.0,1.2000000000000002
phase_transition,1,24,0.05,5,2,0.1,27,0.474834,0.4,0.930348,50.0,False,500,0,0,130,477,10699,11500,500,0.954,0.975207,0.930348,500,2026-09-03T19:09:35,2.0,1.2000000000000002
phase_transition,1,24,0.05,5,2,0.1,28,0.445914,0.2,0.929043,39.7,True,397,0,102,53,477,10684,11500,500,0.954,0.97384,0.929043,500,2026-09-03T19:09:34,2.0,1.2000000000000002
phase_transition,1,24,0.05,5,2,0.1,29,0.564825,0.4,0.938522,19.1,True,191,0,296,35,480,10793,11500,500,0.96,0.977627,0.938522,500,2026-09-03T19:09:35,2.0,1.2000000000000002
phase_transition,1,24,0.15,5,2,0.1,0,0.529135,0.8,0.78513,50.0,False,500,0,0,500,423,9029,11500,500,0.846,0.92805,0.78513,500,2026-09-03T19:09:34,2.0,1.2000000000000002
phase_transition,1,24,0.15,5,2,0.1,1,0.42911,0.8,0.801565,50.0,False,500,0,0,222,432,9218,11500,500,0.864,0.927738,0.801565,500,2026-09-03T19:09:36,2.0,1.2000000000000002
phase_transition,1,24,0.15,5,2,0.1,2,0.453418,0.8,0.795739,50.0,False,500,0,0,500,431,9151,11500,500,0.862,0.923131,0.795739,500,2026-09-03T19:09:35,2.0,1.2000000000000002
phase_transition,1,24,0.15,5,2,0.1,3,0.427461,1.0,0.804,50.0,False,500,0,0,122,434,9246,11500,500,0.868,0.926267,0.804,500,2026-09-03T19:09:36,2.0,1.2000000000000002
phase_transition,1,24,0.15,5,2,0.1,4,0.485813,0.6,0.780435,50.0,False,500,0,0,133,422,8975,11500,500,0.844,0.924686,0.780435,500,2026-09-03T19:09:35,2.0,1.2000000000000002
phase_transition,1,24,0.15,5,2,0.1,5,0.40475,0.8,0.785652,50.0,False,500,0,0,500,426,9035,11500,500,0.852,0.922127,0.785652,500,2026-09-03T19:09:36,2.0,1.2000000000000002
phase_transition,1,24,0.15,5,2,0.1,6,0.43786,1.0,0.796,50.0,False,500,0,0,500,428,9154,11500,500,0.856,0.929907,0.796,500,2026-09-03T19:09:36,2.0,1.2000000000000002
phase_transition,1,24,0.15,5,2,0.1,7,0.398186,1.0,0.790957,50.0,False,500,0,0,226,427,9096,11500,500,0.854,0.926179,0.790957,500,2026-09-03T19:09:37,2.0,1.2000000000000002
phase_transition,1,24,0.15,5,2,0.1,8,0.472539,0.6,0.806348,50.0,False,500,0,0,58,435,9273,11500,500,0.87,0.926837,0.806348,500,2026-09-03T19:09:36,2.0,1.2000000000000002
phase_transition,1,24,0.15,5,2,0.1,9,0.428022,0.8,0.785826,50.0,False,500,0,0,166,425,9037,11500,500,0.85,0.924501,0.785826,500,2026-09-03T19:09:38,2.0,1.2000000000000002
phase_transition,1,24,0.15,5,2,0.1,10,0.427765,0.8,0.768522,50.0,False,500,0,0,227,415,8838,11500,500,0.83,0.92593,0.768522,500,2026-09-03T19:09:36,2.0,1.2000000000000002
phase_transition,1,24,0.15,5,2,0.1,11,0.469713,0.6,0.778696,50.0,False,500,0,0,70,421,8955,11500,500,0.842,0.924817,0.778696,500,2026-09-03T19:09:38,2.0,1.2000000000000002
phase_transition,1,24,0.15,5,2,0.1,12,0.475931,1.0,0.789043,50.0,False,500,0,0,500,426,9074,11500,500,0.852,0.926107,0.789043,500,2026-09-03T19:09:37,2.0,1.2000000000000002
phase_transition,1,24,0.15,5,2,0.1,13,0.468708,1.0,0.782522,50.0,False,500,0,0,500,423,8999,11500,500,0.846,0.924967,0.782522,500,2026-09-03T19:09:38,2.0,1.2000000000000002
phase_transition,1,24,0.15,5,2,0.1,14,0.416417,0.8,0.77887,50.0,False,500,0,0,164,421,8957,11500,500,0.842,0.925023,0.77887,500,2026-09-03T19:09:37,2.0,1.2000000000000002
phase_transition,1,24,0.15,5,2,0.1,15,0.530958,0.4,0.791913,50.0,False,500,0,0,152,429,9107,11500,500,0.858,0.922976,0.791913,500,2026-09-03T19:09:38,2.0,1.2000000000000002
phase_transition,1,24,0.15,5,2,0.1,16,0.549886,0.8,0.784435,50.0,False,500,0,0,500,423,9021,11500,500,0.846,0.927228,0.784435,500,2026-09-03T19:09:37,2.0,1.2000000000000002
phase_transition,1,24,0.15,5,2,0.1,17,0.516994,0.4,0.796522,50.0,False,500,0,0,500,430,9160,11500,500,0.86,0.926188,0.796522,500,2026-09-03T19:09:39,2.0,1.2000000000000002
phase_transition,1,24,0.15,5,2,0.1,18,0.497732,1.0,0.771391,50.0,False,500,0,0,486,416,8871,11500,500,0.832,0.927153,0.771391,500,2026-09-03T19:09:38,2.0,1.2000000000000002
phase_transition,1,24,0.15,5,2,0.1,19,0.313559,1.0,0.764609,50.0,False,500,0,0,176,414,8793,11500,500,0.828,0.92344,0.764609,500,2026-09-03T19:09:39,2.0,1.2000000000000002
phase_transition,1,24,0.15,5,2,0.1,20,0.377485,1.0,0.806,50.0,False,500,0,0,286,434,9269,11500,500,0.868,0.928571,0.806,500,2026-09-03T19:09:38,2.0,1.2000000000000002
phase_transition,1,24,0.15,5,2,0.1,21,0.479196,0.8,0.780957,50.0,False,500,0,0,500,422,8981,11500,500,0.844,0.925304,0.780957,500,2026-09-03T19:09:39,2.0,1.2000000000000002
phase_transition,1,24,0.15,5,2,0.1,22,0.430613,0.2,0.769652,50.0,False,500,0,0,40,417,8851,11500,500,0.834,0.922844,0.769652,500,2026-09-03T19:09:38,2.0,1.2000000000000002
phase_transition,1,24,0.15,5,2,0.1,23,0.389865,0.8,0.786,50.0,False,500,0,0,232,424,9039,11500,500,0.848,0.926887,0.786,500,2026-09-03T19:09:40,2.0,1.2000000000000002
phase_transition,1,24,0.15,5,2,0.1,24,0.447546,0.8,0.794435,50.0,False,500,0,0,385,429,9136,11500,500,0.858,0.925915,0.794435,500,2026-09-03T19:09:39,2.0,1.2000000000000002
phase_transition,1,24,0.15,5,2,0.1,25,0.449616,0.8,0.785478,50.0,False,500,0,0,276,425,9033,11500,500,0.85,0.924092,0.785478,500,2026-09-03T19:09:40,2.0,1.2000000000000002
phase_transition,1,24,0.15,5,2,0.1,26,0.468684,0.6,0.79913,50.0,False,500,0,0,261,431,9190,11500,500,0.862,0.927065,0.79913,500,2026-09-03T19:09:39,2.0,1.2000000000000002
phase_transition,1,24,0.15,5,2,0.1,27,0.511765,0.6,0.778609,50.0,False,500,0,0,236,421,8954,11500,500,0.842,0.924713,0.778609,500,2026-09-03T19:09:40,2.0,1.2000000000000002
phase_transition,1,24,0.15,5,2,0.1,28,0.356722,0.6,0.79713,50.0,False,500,0,0,500,431,9167,11500,500,0.862,0.924745,0.79713,500,2026-09-03T19:09:39,2.0,1.2000000000000002
phase_transition,1,24,0.15,5,2,0.1,29,0.48302,0.8,0.791652,50.0,False,500,0,0,74,424,9104,11500,500,0.848,0.933552,0.791652,500,2026-09-03T19:09:41,2.0,1.2000000000000002
phase_transition,1,26,0.0,5,2,0.1,0,0.549132,0.2,1.0,6.2,True,62,0,411,225,500,12500,12500,500,1.0,1.0,1.0,500,2026-09-03T19:09:40,2.0,1.3
phase_transition,1,26,0.0,5,2,0.1,1,0.488692,0.0,1.0,8.3,True,83,0,361,23,500,12500,12500,500,1.0,1.0,1.0,500,2026-09-03T19:09:41,2.0,1.3
phase_transition,1,26,0.0,5,2,0.1,2,0.542353,0.2,1.0,6.3,True,63,0,354,143,500,12500,12500,500,1.0,1.0,1.0,500,2026-09-03T19:09:40,2.0,1.3
phase_transition,1,26,0.0,5,2,0.1,3,0.552477,0.4,1.0,7.2,True,72,0,392,76,500,12500,12500,500,1.0,1.0,1.0,500,2026-09-03T19:09:41,2.0,1.3
phase_transition,1,26,0.0,5,2,0.1,4,0.530387,0.4,1.0,4.6,True,46,0,337,44,500,12500,12500,500,1.0,1.0,1.0,500,2026-09-03T19:09:41,2.0,1.3
phase_transition,1,26,0.0,5,2,0.1,5,0.533594,0.4,1.0,9.1,True,91,0,377,44,500,12500,12500,500,1.0,1.0,1.0,500,2026-09-03T19:09:42,2.0,1.3
phase_transition,1,26,0.0,5,2,0.1,6,0.591655,0.2,1.0,5.8,True,58,0,412,156,500,12500,12500,500,1.0,1.0,1.0,500,2026-09-03T19:09:41,2.0,1.3
phase_transition,1,26,0.0,5,2,0.1,7,0.58967,0.4,1.0,16.2,True,162,0,313,240,500,12500,12500,500,1.0,1.0,1.0,500,2026-09-03T19:09:42,2.0,1.3
phase_transition,1,26,0.0,5,2,0.1,8,0.600756,0.0,1.0,8.4,True,84,0,385,36,500,12500,12500,500,1.0,1.0,1.0,500,2026-09-03T19:09:41,2.0,1.3
phase_transition,1,26,0.0,5,2,0.1,9,0.568372,0.4,1.0,5.3,True,53,0,402,206,500,12500,12500,500,1.0,1.0,1.0,500,2026-09-03T19:09:42,2.0,1.3
phase_transition,1,26,0.0,5,2,0.1,10,0.48239,0.2,1.0,7.4,True,74,0,341,176,500,12500,12500,500,1.0,1.0,1.0,500,2026-09-03T19:09:41,2.0,1.3
phase_transition,1,26,0.0,5,2,0.1,11,0.515736,0.4,1.0,8.3,True,83,0,365,43,500,12500,12500,500,1.0,1.0,1.0,500,2026-09-03T19:09:43,2.0,1.3
phase_transition,1,26,0.0,5,2,0.1,12,0.547008,0.2,1.0,6.8,True,68,0,382,57,500,12500,12500,500,1.0,1.0,1.0,500,2026-09-03T19:09:42,2.0,1.3
phase_transition,1,26,0.0,5,2,0.1,13,0.505833,0.0,1.0,5.8,True,58,0,400,46,500,12500,12500,500,1.0,1.0,1.0,500,2026-09-03T19:09:43,2.0,1.3
phase_transition,1,26,0.0,5,2,0.1,14,0.486514,0.2,1.0,4.4,True,44,0,414,42,500,12500,12500,500,1.0,1.0,1.0,500,2026-09-03T19:09:42,2.0,1.3
phase_transition,1,26,0.0,5,2,0.1,15,0.554598,0.2,1.0,5.3,True,53,0,417,46,500,12500,12500,500,1.0,1.0,1.0,500,2026-09-03T19:09:43,2.0,1.3
phase_transition,1,26,0.0,5,2,0.1,16,0.59679,0.2,1.0,7.5,True,75,0,382,55,500,12500,12500,500,1.0,1.0,1.0,500,2026-09-03T19:09:42,2.0,1.3
phase_transition,1,26,0.0,5,2,0.1,17,0.577693,0.2,1.0,5.4,True,54,0,413,43,500,12500,12500,500,1.0,1.0,1.0,500,2026-09-03T19:09:43,2.0,1.3
phase_transition,1,26,0.0,5,2,0.1,18,0.501926,0.2,1.0,5.0,True,50,0,355,45,500,12500,12500,500,1.0,1.0,1.0,500,2026-09-03T19:09:43,2.0,1.3
phase_transition,1,26,0.0,5,2,0.1,19,0.449564,0.2,1.0,7.1,True,71,0,387,57,500,12500,12500,500,1.0,1.0,1.0,500,2026-09-03T19:09:44,2.0,1.3
phase_transition,1,26,0.0,5,2,0.1,20,0.539357,0.4,1.0,7.5,True,75,0,391,13,500,12500,12500,500,1.0,1.0,1.0,500,2026-09-03T19:09:43,2.0,1.3
phase_transition,1,26,0.0,5,2,0.1,21,0.481952,0.2,1.0,11.7,True,117,0,349,39,500,12500,12500,500,1.0,1.0,1.0,500,2026-09-03T19:09:44,2.0,1.3
phase_transition,1,26,0.0,5,2,0.1,22,0.523527,0.2,1.0,7.6,True,76,0,377,160,500,12500,12500,500,1.0,1.0,1.0,500,2026-09-03T19:09:43,2.0,1.3
phase_transition,1,26,0.0,5,2,0.1,23,0.459671,0.2,1.0,5.3,True,53,0,375,57,500,12500,12500,500,1.0,1.0,1.0,500,2026-09-03T19:09:45,2.0,1.3
phase_transition,1,26,0.0,5,2,0.1,24,0.656703,0.2,1.0,4.6,True,46,0,424,48,500,12500,12500,500,1.0,1.0,1.0,500,2026-09-03T19:09:44,2.0,1.3
phase_transition,1,26,0.0,5,2,0.1,25,0.515784,0.2,1.0,7.1,True,71,0,413,172,500,12500,12500,500,1.0,1.0,1.0,500,2026-09-03T19:09:45,2.0,1.3
phase_transition,1,26,0.0,5,2,0.1,26,0.461231,0.0,1.0,7.5,True,75,0,295,55,500,12500,12500,500,1.0,1.0,1.0,500,2026-09-03T19:09:44,2.0,1.3
phase_transition,1,26,0.0,5,2,0.1,27,0.513538,0.2,1.0,3.1,True,31,0,444,39,500,12500,12500,500,1.0,1.0,1.0,500,2026-09-03T19:09:45,2.0,1.3
phase_transition,1,26,0.0,5,2,0.1,28,0.544942,0.4,1.0,10.2,True,102,0,381,54,500,12500,12500,500,1.0,1.0,1.0,500,2026-09-03T19:09:44,2.0,1.3
phase_transition,1,26,0.0,5,2,0.1,29,0.528502,0.2,1.0,3.4,True,34,0,385,38,500,12500,12500,500,1.0,1.0,1.0,500,2026-09-03T19:09:45,2.0,1.3
phase_transition,1,26,0.05,5,2,0.1,0,0.518857,0.4,0.91968,11.5,True,115,0,380,52,470,11496,12500,500,0.94,0.978383,0.91968,500,2026-09-03T19:09:45,2.0,1.3
phase_transition,1,26,0.05,5,2,0.1,1,0.452256,0.6,0.9244,14.7,True,147,0,350,62,473,11555,12500,500,0.946,0.977167,0.9244,500,2026-09-03T19:09:46,2.0,1.3
phase_transition,1,26,0.05,5,2,0.1,2,0.555368,0.4,0.91912,50.0,False,500,0,0,367,472,11489,12500,500,0.944,0.973644,0.91912,500,2026-09-03T19:09:45,2.0,1.3
phase_transition,1,26,0.05,5,2,0.1,3,0.468804,0.4,0.94248,50.0,False,500,0,0,269,482,11781,12500,500,0.964,0.977676,0.94248,500,2026-09-03T19:09:46,2.0,1.3
phase_transition,1,26,0.05,5,2,0.1,4,0.466619,0.8,0.95312,29.6,True,296,0,203,143,487,11914,12500,500,0.974,0.978563,0.95312,500,2026-09-03T19:09:45,2.0,1.3
phase_transition,1,26,0.05,5,2,0.1,5,0.504218,0.6,0.9236,50.0,False,500,0,0,205,474,11545,12500,500,0.948,0.974262,0.9236,500,2026-09-03T19:09:46,2.0,1.3
phase_transition,1,26,0.05,5,2,0.1,6,0.535488,0.4,0.93096,14.8,True,148,0,346,50,477,11637,12500,500,0.954,0.975849,0.93096,500,2026-09-03T19:09:45,2.0,1.3
phase_transition,1,26,0.05,5,2,0.1,7,0.500219,0.6,0.93912,15.2,True,152,0,340,156,482,11739,12500,500,0.964,0.974191,0.93912,500,2026-09-03T19:09:47,2.0,1.3
phase_transition,1,26,0.05,5,2,0.1,8,0.54204,0.4,0.93312,23.1,True,231,0,267,90,478,11664,12500,500,0.956,0.976067,0.93312,500,2026-09-03T19:09:46,2.0,1.3
phase_transition,1,26,0.05,5,2,0.1,9,0.471717,0.4,0.9148,41.4,True,414,0,83,80,469,11435,12500,500,0.938,0.975267,0.9148,500,2026-09-03T19:09:47,2.0,1.3
phase_transition,1,26,0.05,5,2,0.1,10,0.377716,0.8,0.94296,50.0,False,500,0,0,67,483,11787,12500,500,0.966,0.976149,0.94296,500,2026-09-03T19:09:46,2.0,1.3
phase_transition,1,26,0.05,5,2,0.1,11,0.428027,0.6,0.91616,50.0,False,500,0,0,45,470,11452,12500,500,0.94,0.974638,0.91616,500,2026-09-03T19:09:47,2.0,1.3
phase_transition,1,26,0.05,5,2,0.1,12,0.511179,0.8,0.92344,30.1,True,301,0,195,75,473,11543,12500,500,0.946,0.976152,0.92344,500,2026-09-03T19:09:46,2.0,1.3
phase_transition,1,26,0.05,5,2,0.1,13,0.555322,0.6,0.9384,50.0,False,500,0,0,157,481,11730,12500,500,0.962,0.975468,0.9384,500,2026-09-03T19:09:48,2.0,1.3
phase_transition,1,26,0.05,5,2,0.1,14,0.46383,0.4,0.92736,13.7,True,137,0,357,39,475,11592,12500,500,0.95,0.976168,0.92736,500,2026-09-03T19:09:47,2.0,1.3
phase_transition,1,26,0.05,5,2,0.1,15,0.502477,0.4,0.91768,50.0,False,500,0,0,34,471,11471,12500,500,0.942,0.974183,0.91768,500,2026-09-03T19:09:48,2.0,1.3
phase_transition,1,26,0.05,5,2,0.1,16,0.448478,0.8,0.9216,15.6,True,156,0,325,87,472,11520,12500,500,0.944,0.976271,0.9216,500,2026-09-03T19:09:47,2.0,1.3
phase_transition,1,26,0.05,5,2,0.1,17,0.500713,0.8,0.92128,18.9,True,189,0,307,69,472,11516,12500,500,0.944,0.975932,0.92128,500,2026-09-03T19:09:48,2.0,1.3
phase_transition,1,26,0.05,5,2,0.1,18,0.51541,0.4,0.90768,50.0,False,500,0,0,46,466,11346,12500,500,0.932,0.973906,0.90768,500,2026-09-03T19:09:47,2.0,1.3
phase_transition,1,26,0.05,5,2,0.1,19,0.479286,0.6,0.93,50.0,False,500,0,0,57,477,11625,12500,500,0.954,0.974843,0.93,500,2026-09-03T19:09:48,2.0,1.3
phase_transition,1,26,0.05,5,2,0.1,20,0.516488,0.6,0.94096,50.0,False,500,0,0,84,483,11762,12500,500,0.966,0.974079,0.94096,500,2026-09-03T19:09:48,2.0,1.3
phase_transition,1,26,0.05,5,2,0.1,21,0.486548,0.6,0.934,41.6,True,416,0,77,90,478,11675,12500,500,0.956,0.976987,0.934,500,2026-09-03T19:09:49,2.0,1.3
phase_transition,1,26,0.05,5,2,0.1,22,0.53991,0.4,0.92216,18.0,True,180,0,319,29,474,11527,12500,500,0.948,0.972743,0.92216,500,2026-09-03T19:09:48,2.0,1.3
phase_transition,1,26,0.05,5,2,0.1,23,0.458732,0.2,0.92248,36.8,True,368,0,128,500,473,11531,12500,500,0.946,0.975137,0.92248,500,2026-09-03T19:09:49,2.0,1.3
phase_transition,1,26,0.05,5,2,0.1,24,0.449542,0.6,0.92432,50.0,False,500,0,0,80,474,11554,12500,500,0.948,0.975021,0.92432,500,2026-09-03T19:09:48,2.0,1.3
phase_transition,1,26,0.05,5,2,0.1,25,0.47274,0.6,0.90808,10.8,True,108,0,391,174,465,11351,12500,500,0.93,0.97643,0.90808,500,2026-09-03T19:09:49,2.0,1.3
phase_transition,1,26,0.05,5,2,0.1,26,0.409039,0.6,0.9312,46.5,True,465,0,27,56,478,11640,12500,500,0.956,0.974059,0.9312,500,2026-09-03T19:09:49,2.0,1.3
phase_transition,1,26,0.05,5,2,0.1,27,0.435235,0.4,0.9108,50.0,False,500,0,0,39,467,11385,12500,500,0.934,0.975161,0.9108,500,2026-09-03T19:09:50,2.0,1.3
phase_transition,1,26,0.05,5,2,0.1,28,0.442831,0.6,0.93336,50.0,False,500,0,0,221,479,11667,12500,500,0.958,0.97428,0.93336,500,2026-09-03T19:09:49,2.0,1.3
phase_transition,1,26,0.05,5,2,0.1,29,0.48134,0.8,0.92416,18.0,True,180,0,317,80,473,11552,12500,500,0.946,0.976913,0.92416,500,2026-09-03T19:09:50,2.0,1.3
phase_transition,1,26,0.15,5,2,0.1,0,0.426879,0.6,0.76416,50.0,False,500,0,0,500,411,9552,12500,500,0.822,0.929635,0.76416,500,2026-09-03T19:09:49,2.0,1.3
phase_transition,1,26,0.15,5,2,0.1,1,0.471916,1.0,0.80976,50.0,False,500,0,0,340,436,10122,12500,500,0.872,0.928624,0.80976,500,2026-09-03T19:09:50,2.0,1.3
phase_transition,1,26,0.15,5,2,0.1,2,0.436248,0.8,0.78896,50.0,False,500,0,0,102,428,9862,12500,500,0.856,0.921682,0.78896,500,2026-09-03T19:09:49,2.0,1.3
phase_transition,1,26,0.15,5,2,0.1,3,0.473495,1.0,0.77712,50.0,False,500,0,0,286,419,9714,12500,500,0.838,0.927351,0.77712,500,2026-09-03T19:09:50,2.0,1.3
phase_transition,1,26,0.15,5,2,0.1,4,0.371836,0.4,0.79648,50.0,False,500,0,0,156,430,9956,12500,500,0.86,0.92614,0.79648,500,2026-09-03T19:09:50,2.0,1.3
phase_transition,1,26,0.15,5,2,0.1,5,0.45858,0.4,0.76696,50.0,False,500,0,0,500,415,9587,12500,500,0.83,0.924048,0.76696,500,2026-09-03T19:09:51,2.0,1.3
phase_transition,1,26,0.15,5,2,0.1,6,0.444599,0.8,0.78376,50.0,False,500,0,0,175,422,9797,12500,500,0.844,0.928626,0.78376,500,2026-09-03T19:09:50,2.0,1.3
phase_transition,1,26,0.15,5,2,0.1,7,0.503628,0.8,0.78608,50.0,False,500,0,0,457,424,9826,12500,500,0.848,0.926981,0.78608,500,2026-09-03T19:09:51,2.0,1.3
phase_transition,1,26,0.15,5,2,0.1,8,0.451127,0.8,0.79352,50.0,False,500,0,0,230,427,9919,12500,500,0.854,0.92918,0.79352,500,2026-09-03T19:09:50,2.0,1.3
phase_transition,1,26,0.15,5,2,0.1,9,0.393027,0.6,0.78184,50.0,False,500,0,0,331,422,9773,12500,500,0.844,0.926351,0.78184,500,2026-09-03T19:09:51,2.0,1.3
phase_transition,1,26,0.15,5,2,0.1,10,0.412665,0.6,0.77752,50.0,False,500,0,0,127,420,9719,12500,500,0.84,0.925619,0.77752,500,2026-09-03T19:09:51,2.0,1.3
phase_transition,1,26,0.15,5,2,0.1,11,0.474815,1.0,0.7804,50.0,False,500,0,0,151,422,9755,12500,500,0.844,0.924645,0.7804,500,2026-09-03T19:09:52,2.0,1.3
phase_transition,1,26,0.15,5,2,0.1,12,0.352659,0.8,0.77136,50.0,False,500,0,0,500,417,9642,12500,500,0.834,0.924892,0.77136,500,2026-09-03T19:09:51,2.0,1.3
phase_transition,1,26,0.15,5,2,0.1,13,0.507499,0.4,0.76248,50.0,False,500,0,0,62,412,9531,12500,500,0.824,0.92534,0.76248,500,2026-09-03T19:09:52,2.0,1.3
phase_transition,1,26,0.15,5,2,0.1,14,0.442013,1.0,0.77464,50.0,False,500,0,0,300,419,9683,12500,500,0.838,0.924391,0.77464,500,2026-09-03T19:09:51,2.0,1.3
phase_transition,1,26,0.15,5,2,0.1,15,0.521711,0.8,0.77344,50.0,False,500,0,0,229,418,9668,12500,500,0.836,0.925167,0.77344,500,2026-09-03T19:09:52,2.0,1.3
phase_transition,1,26,0.15,5,2,0.1,16,0.494277,1.0,0.80656,50.0,False,500,0,0,500,435,10082,12500,500,0.87,0.92708,0.80656,500,2026-09-03T19:09:51,2.0,1.3
phase_transition,1,26,0.15,5,2,0.1,17,0.544395,1.0,0.79424,50.0,False,500,0,0,500,429,9928,12500,500,0.858,0.925688,0.79424,500,2026-09-03T19:09:52,2.0,1.3
phase_transition,1,26,0.15,5,2,0.1,18,0.437447,0.8,0.802,50.0,False,500,0,0,468,433,10025,12500,500,0.866,0.926097,0.802,500,2026-09-03T19:09:51,2.0,1.3
phase_transition,1,26,0.15,5,2,0.1,19,0.404624,0.8,0.75928,50.0,False,500,0,0,500,410,9491,12500,500,0.82,0.925951,0.75928,500,2026-09-03T19:09:53,2.0,1.3
phase_transition,1,26,0.15,5,2,0.1,20,0.502673,0.8,0.7708,50.0,False,500,0,0,500,415,9635,12500,500,0.83,0.928675,0.7708,500,2026-09-03T19:09:52,2.0,1.3
phase_transition,1,26,0.15,5,2,0.1,21,0.418644,0.8,0.77312,50.0,False,500,0,0,500,418,9664,12500,500,0.836,0.924785,0.77312,500,2026-09-03T19:09:53,2.0,1.3
phase_transition,1,26,0.15,5,2,0.1,22,0.425314,0.6,0.77384,50.0,False,500,0,0,500,420,9673,12500,500,0.84,0.921238,0.77384,500,2026-09-03T19:09:52,2.0,1.3
phase_transition,1,26,0.15,5,2,0.1,23,0.34689,0.6,0.7684,50.0,False,500,0,0,307,415,9605,12500,500,0.83,0.925783,0.7684,500,2026-09-03T19:09:53,2.0,1.3
phase_transition,1,26,0.15,5,2,0.1,24,0.415045,0.6,0.78672,50.0,False,500,0,0,500,425,9834,12500,500,0.85,0.925553,0.78672,500,2026-09-03T19:09:52,2.0,1.3
phase_transition,1,26,0.15,5,2,0.1,25,0.467135,0.8,0.77664,50.0,False,500,0,0,64,420,9708,12500,500,0.84,0.924571,0.77664,500,2026-09-03T19:09:54,2.0,1.3
phase_transition,1,26,0.15,5,2,0.1,26,0.434603,0.8,0.79336,50.0,False,500,0,0,500,428,9917,12500,500,0.856,0.926822,0.79336,500,2026-09-03T19:09:53,2.0,1.3
phase_transition,1,26,0.15,5,2,0.1,27,0.435859,0.8,0.7844,50.0,False,500,0,0,78,424,9805,12500,500,0.848,0.925,0.7844,500,2026-09-03T19:09:54,2.0,1.3
phase_transition,1,26,0.15,5,2,0.1,28,0.416038,1.0,0.77984,50.0,False,500,0,0,500,421,9748,12500,500,0.842,0.926176,0.77984,500,2026-09-03T19:09:53,2.0,1.3
phase_transition,1,26,0.15,5,2,0.1,29,0.450049,0.8,0.81448,50.0,False,500,0,0,381,437,10181,12500,500,0.874,0.931899,0.81448,500,2026-09-03T19:09:54,2.0,1.3
phase_transition,1,28,0.0,5,2,0.1,0,0.504325,0.4,1.0,12.1,True,121,0,367,74,500,13500,13500,500,1.0,1.0,1.0,500,2026-09-03T19:09:53,2.0,1.4000000000000001
phase_transition,1,28,0.0,5,2,0.1,1,0.457961,0.6,1.0,9.3,True,93,0,373,23,500,13500,13500,500,1.0,1.0,1.0,500,2026-09-03T19:09:55,2.0,1.4000000000000001
phase_transition,1,28,0.0,5,2,0.1,2,0.567393,0.2,1.0,8.8,True,88,0,393,120,500,13500,13500,500,1.0,1.0,1.0,500,2026-09-03T19:09:53,2.0,1.4000000000000001
phase_transition,1,28,0.0,5,2,0.1,3,0.512824,0.4,1.0,14.0,True,140,0,348,157,500,13500,13500,500,1.0,1.0,1.0,500,2026-09-03T19:09:55,2.0,1.4000000000000001
phase_transition,1,28,0.0,5,2,0.1,4,0.532256,0.4,1.0,4.8,True,48,0,387,46,500,13500,13500,500,1.0,1.0,1.0,500,2026-09-03T19:09:54,2.0,1.4000000000000001
phase_transition,1,28,0.0,5,2,0.1,5,0.545504,0.2,1.0,16.6,True,166,0,262,47,500,13500,13500,500,1.0,1.0,1.0,500,2026-09-03T19:09:55,2.0,1.4000000000000001
phase_transition,1,28,0.0,5,2,0.1,6,0.436778,0.2,1.0,4.7,True,47,0,437,51,500,13500,13500,500,1.0,1.0,1.0,500,2026-09-03T19:09:54,2.0,1.4000000000000001
phase_transition,1,28,0.0,5,2,0.1,7,0.471438,0.2,1.0,30.4,True,304,0,184,97,500,13500,13500,500,1.0,1.0,1.0,500,2026-09-03T19:09:56,2.0,1.4000000000000001
phase_transition,1,28,0.0,5,2,0.1,8,0.595557,0.2,1.0,10.5,True,105,0,385,36,500,13500,13500,500,1.0,1.0,1.0,500,2026-09-03T19:09:55,2.0,1.4000000000000001
phase_transition,1,28,0.0,5,2,0.1,9,0.577466,0.0,1.0,9.3,True,93,0,384,129,500,13500,13500,500,1.0,1.0,1.0,500,2026-09-03T19:09:56,2.0,1.4000000000000001
phase_transition,1,28,0.0,5,2,0.1,10,0.535445,0.2,1.0,10.8,True,108,0,364,71,500,13500,13500,500,1.0,1.0,1.0,500,2026-09-03T19:09:55,2.0,1.4000000000000001
phase_transition,1,28,0.0,5,2,0.1,11,0.528325,0.2,1.0,7.5,True,75,0,355,46,500,13500,13500,500,1.0,1.0,1.0,500,2026-09-03T19:09:56,2.0,1.4000000000000001
phase_transition,1,28,0.0,5,2,0.1,12,0.54107,0.2,1.0,6.2,True,62,0,426,67,500,13500,13500,500,1.0,1.0,1.0,500,2026-09-03T19:09:55,2.0,1.4000000000000001
phase_transition,1,28,0.0,5,2,0.1,13,0.53579,0.4,1.0,29.1,True,291,0,194,49,500,13500,13500,500,1.0,1.0,1.0,500,2026-09-03T19:09:56,2.0,1.4000000000000001
phase_transition,1,28,0.0,5,2,0.1,14,0.510457,0.2,1.0,6.3,True,63,0,428,39,500,13500,13500,500,1.0,1.0,1.0,500,2026-09-03T19:09:56,2.0,1.4000000000000001
phase_transition,1,28,0.0,5,2,0.1,15,0.478023,0.6,1.0,9.3,True,93,0,379,43,500,13500,13500,500,1.0,1.0,1.0,500,2026-09-03T19:09:57,2.0,1.4000000000000001
phase_transition,1,28,0.0,5,2,0.1,16,0.532586,0.6,1.0,5.3,True,53,0,395,57,500,13500,13500,500,1.0,1.0,1.0,500,2026-09-03T19:09:56,2.0,1.4000000000000001
phase_transition,1,28,0.0,5,2,0.1,17,0.58337,0.4,1.0,9.4,True,94,0,349,42,500,13500,13500,500,1.0,1.0,1.0,500,2026-09-03T19:09:57,2.0,1.4000000000000001
phase_transition,1,28,0.0,5,2,0.1,18,0.588333,0.4,1.0,4.3,True,43,0,409,86,500,13500,13500,500,1.0,1.0,1.0,500,2026-09-03T19:09:56,2.0,1.4000000000000001
phase_transition,1,28,0.0,5,2,0.1,19,0.554889,0.2,1.0,7.4,True,74,0,384,111,500,13500,13500,500,1.0,1.0,1.0,500,2026-09-03T19:09:57,2.0,1.4000000000000001
phase_transition,1,28,0.0,5,2,0.1,20,0.568339,0.2,1.0,13.5,True,135,0,332,13,500,13500,13500,500,1.0,1.0,1.0,500,2026-09-03T19:09:56,2.0,1.4000000000000001
phase_transition,1,28,0.0,5,2,0.1,21,0.552118,0.4,1.0,6.4,True,64,0,389,40,500,13500,13500,500,1.0,1.0,1.0,500,2026-09-03T19:09:58,2.0,1.4000000000000001
phase_transition,1,28,0.0,5,2,0.1,22,0.61681,0.2,1.0,5.5,True,55,0,413,326,500,13500,13500,500,1.0,1.0,1.0,500,2026-09-03T19:09:57,2.0,1.4000000000000001
phase_transition,1,28,0.0,5,2,0.1,23,0.511522,0.4,1.0,10.0,True,100,0,383,34,500,13500,13500,500,1.0,1.0,1.0,500,2026-09-03T19:09:58,2.0,1.4000000000000001
phase_transition,1,28,0.0,5,2,0.1,24,0.535099,0.4,1.0,7.2,True,72,0,408,76,500,13500,13500,500,1.0,1.0,1.0,500,2026-09-03T19:09:57,2.0,1.4000000000000001
phase_transition,1,28,0.0,5,2,0.1,25,0.458279,0.2,1.0,22.4,True,224,0,258,157,500,13500,13500,500,1.0,1.0,1.0,500,2026-09-03T19:09:59,2.0,1.4000000000000001
phase_transition,1,28,0.0,5,2,0.1,26,0.518905,0.4,1.0,5.3,True,53,0,414,57,500,13500,13500,500,1.0,1.0,1.0,500,2026-09-03T19:09:57,2.0,1.4000000000000001
phase_transition,1,28,0.0,5,2,0.1,27,0.58709,0.4,1.0,7.8,True,78,0,382,144,500,13500,13500,500,1.0,1.0,1.0,500,2026-09-03T19:09:59,2.0,1.4000000000000001
phase_transition,1,28,0.0,5,2,0.1,28,0.516431,0.2,1.0,15.5,True,155,0,337,284,500,13500,13500,500,1.0,1.0,1.0,500,2026-09-03T19:09:58,2.0,1.4000000000000001
phase_transition,1,28,0.0,5,2,0.1,29,0.547066,0.2,1.0,3.6,True,36,0,428,32,500,13500,13500,500,1.0,1.0,1.0,500,2026-09-03T19:09:59,2.0,1.4000000000000001
phase_transition,1,28,0.05,5,2,0.1,0,0.497772,1.0,0.920667,25.4,True,254,0,240,500,471,12429,13500,500,0.942,0.977353,0.920667,500,2026-09-03T19:09:58,2.0,1.4000000000000001
phase_transition,1,28,0.05,5,2,0.1,1,0.351668,0.8,0.933778,50.0,False,500,0,0,288,478,12606,13500,500,0.956,0.976755,0.933778,500,2026-09-03T19:10:00,2.0,1.4000000000000001
phase_transition,1,28,0.05,5,2,0.1,2,0.535121,0.2,0.922444,50.0,False,500,0,0,209,474,12453,13500,500,0.948,0.973043,0.922444,500,2026-09-03T19:09:59,2.0,1.4000000000000001
phase_transition,1,28,0.05,5,2,0.1,3,0.553404,0.6,0.931111,11.3,True,113,0,381,408,476,12570,13500,500,0.952,0.978058,0.931111,500,2026-09-03T19:10:00,2.0,1.4000000000000001
phase_transition,1,28,0.05,5,2,0.1,4,0.445877,0.2,0.933704,50.0,False,500,0,0,59,477,12605,13500,500,0.954,0.978725,0.933704,500,2026-09-03T19:09:59,2.0,1.4000000000000001
phase_transition,1,28,0.05,5,2,0.1,5,0.402305,0.6,0.938667,50.0,False,500,0,0,241,482,12672,13500,500,0.964,0.973721,0.938667,500,2026-09-03T19:10:00,2.0,1.4000000000000001
phase_transition,1,28,0.05,5,2,0.1,6,0.476469,0.2,0.93163,22.4,True,224,0,271,228,477,12577,13500,500,0.954,0.976551,0.93163,500,2026-09-03T19:09:59,2.0,1.4000000000000001
phase_transition,1,28,0.05,5,2,0.1,7,0.487292,0.4,0.927407,10.4,True,104,0,395,500,476,12520,13500,500,0.952,0.974167,0.927407,500,2026-09-03T19:10:01,2.0,1.4000000000000001
phase_transition,1,28,0.05,5,2,0.1,8,0.516796,0.4,0.930889,50.0,False,500,0,0,116,477,12567,13500,500,0.954,0.975775,0.930889,500,2026-09-03T19:10:00,2.0,1.4000000000000001
phase_transition,1,28,0.05,5,2,0.1,9,0.569399,0.6,0.915111,50.0,False,500,0,0,112,469,12354,13500,500,0.938,0.975598,0.915111,500,2026-09-03T19:10:01,2.0,1.4000000000000001
phase_transition,1,28,0.05,5,2,0.1,10,0.498733,0.8,0.936444,33.6,True,336,0,160,410,480,12642,13500,500,0.96,0.975463,0.936444,500,2026-09-03T19:10:00,2.0,1.4000000000000001
phase_transition,1,28,0.05,5,2,0.1,11,0.52893,0.4,0.921926,50.0,False,500,0,0,44,473,12446,13500,500,0.946,0.974552,0.921926,500,2026-09-03T19:10:01,2.0,1.4000000000000001
phase_transition,1,28,0.05,5,2,0.1,12,0.494986,0.8,0.929704,50.0,False,500,0,0,38,476,12551,13500,500,0.952,0.97658,0.929704,500,2026-09-03T19:10:00,2.0,1.4000000000000001
phase_transition,1,28,0.05,5,2,0.1,13,0.478084,0.6,0.936296,50.0,False,500,0,0,116,480,12640,13500,500,0.96,0.975309,0.936296,500,2026-09-03T19:10:01,2.0,1.4000000000000001
phase_transition,1,28,0.05,5,2,0.1,14,0.493313,0.6,0.900667,12.0,True,120,0,361,96,461,12159,13500,500,0.922,0.976862,0.900667,500,2026-09-03T19:10:00,2.0,1.4000000000000001
phase_transition,1,28,0.05,5,2,0.1,15,0.530164,0.8,0.921259,50.0,False,500,0,0,95,473,12437,13500,500,0.946,0.973847,0.921259,500,2026-09-03T19:10:02,2.0,1.4000000000000001
phase_transition,1,28,0.05,5,2,0.1,16,0.519452,0.4,0.946889,50.0,False,500,0,0,85,485,12783,13500,500,0.97,0.976174,0.946889,500,2026-09-03T19:10:01,2.0,1.4000000000000001
phase_transition,1,28,0.05,5,2,0.1,17,0.471495,0.8,0.946815,50.0,False,500,0,0,44,485,12782,13500,500,0.97,0.976098,0.946815,500,2026-09-03T19:10:02,2.0,1.4000000000000001
phase_transition,1,28,0.05,5,2,0.1,18,0.49365,0.4,0.921333,4.5,True,45,0,454,270,473,12438,13500,500,0.946,0.973925,0.921333,500,2026-09-03T19:10:01,2.0,1.4000000000000001
phase_transition,1,28,0.05,5,2,0.1,19,0.426412,0.6,0.907111,50.0,False,500,0,0,500,465,12246,13500,500,0.93,0.975388,0.907111,500,2026-09-03T19:10:02,2.0,1.4000000000000001
phase_transition,1,28,0.05,5,2,0.1,20,0.560671,0.2,0.927778,32.8,True,328,0,166,13,476,12525,13500,500,0.952,0.974556,0.927778,500,2026-09-03T19:10:01,2.0,1.4000000000000001
phase_transition,1,28,0.05,5,2,0.1,21,0.464618,0.6,0.945556,50.0,False,500,0,0,240,484,12765,13500,500,0.968,0.976814,0.945556,500,2026-09-03T19:10:03,2.0,1.4000000000000001
phase_transition,1,28,0.05,5,2,0.1,22,0.54261,0.4,0.920963,50.0,False,500,0,0,28,473,12433,13500,500,0.946,0.973534,0.920963,500,2026-09-03T19:10:02,2.0,1.4000000000000001
phase_transition,1,28,0.05,5,2,0.1,23,0.478872,0.8,0.926889,33.0,True,330,0,166,96,475,12513,13500,500,0.95,0.975673,0.926889,500,2026-09-03T19:10:03,2.0,1.4000000000000001
phase_transition,1,28,0.05,5,2,0.1,24,0.471793,0.4,0.921333,50.0,False,500,0,0,149,472,12438,13500,500,0.944,0.975989,0.921333,500,2026-09-03T19:10:02,2.0,1.4000000000000001
phase_transition,1,28,0.05,5,2,0.1,25,0.452109,1.0,0.935852,50.0,False,500,0,0,372,480,12634,13500,500,0.96,0.974846,0.935852,500,2026-09-03T19:10:03,2.0,1.4000000000000001
phase_transition,1,28,0.05,5,2,0.1,26,0.590189,0.8,0.939111,50.0,False,500,0,0,86,482,12678,13500,500,0.964,0.974182,0.939111,500,2026-09-03T19:10:02,2.0,1.4000000000000001
phase_transition,1,28,0.05,5,2,0.1,27,0.437721,0.6,0.933778,50.0,False,500,0,0,88,479,12606,13500,500,0.958,0.974716,0.933778,500,2026-09-03T19:10:03,2.0,1.4000000000000001
phase_transition,1,28,0.05,5,2,0.1,28,0.49395,0.6,0.944519,36.4,True,364,0,135,110,485,12751,13500,500,0.97,0.97373,0.944519,500,2026-09-03T19:10:03,2.0,1.4000000000000001
phase_transition,1,28,0.05,5,2,0.1,29,0.510363,0.8,0.936,50.0,False,500,0,0,40,479,12636,13500,500,0.958,0.977035,0.936,500,2026-09-03T19:10:04,2.0,1.4000000000000001
phase_transition,1,28,0.15,5,2,0.1,0,0.406125,0.4,0.777481,50.0,False,500,0,0,500,418,10496,13500,500,0.836,0.930002,0.777481,500,2026-09-03T19:10:03,2.0,1.4000000000000001
phase_transition,1,28,0.15,5,2,0.1,1,0.437143,0.6,0.782,50.0,False,500,0,0,500,421,10557,13500,500,0.842,0.928741,0.782,500,2026-09-03T19:10:04,2.0,1.4000000000000001
phase_transition,1,28,0.15,5,2,0.1,2,0.414067,0.6,0.766148,50.0,False,500,0,0,500,415,10343,13500,500,0.83,0.92307,0.766148,500,2026-09-03T19:10:03,2.0,1.4000000000000001
phase_transition,1,28,0.15,5,2,0.1,3,0.500411,0.8,0.777481,50.0,False,500,0,0,500,419,10496,13500,500,0.838,0.927782,0.777481,500,2026-09-03T19:10:05,2.0,1.4000000000000001
phase_transition,1,28,0.15,5,2,0.1,4,0.481682,0.8,0.794519,50.0,False,500,0,0,500,429,10726,13500,500,0.858,0.926012,0.794519,500,2026-09-03T19:10:04,2.0,1.4000000000000001
phase_transition,1,28,0.15,5,2,0.1,5,0.418399,0.6,0.796667,50.0,False,500,0,0,500,432,10755,13500,500,0.864,0.922068,0.796667,500,2026-09-03T19:10:05,2.0,1.4000000000000001
phase_transition,1,28,0.15,5,2,0.1,6,0.461781,0.8,0.781556,50.0,False,500,0,0,372,421,10551,13500,500,0.842,0.928213,0.781556,500,2026-09-03T19:10:04,2.0,1.4000000000000001
phase_transition,1,28,0.15,5,2,0.1,7,0.474205,1.0,0.79763,50.0,False,500,0,0,500,430,10768,13500,500,0.86,0.927476,0.79763,500,2026-09-03T19:10:05,2.0,1.4000000000000001
phase_transition,1,28,0.15,5,2,0.1,8,0.499542,0.6,0.777407,50.0,False,500,0,0,163,418,10495,13500,500,0.836,0.929913,0.777407,500,2026-09-03T19:10:05,2.0,1.4000000000000001
phase_transition,1,28,0.15,5,2,0.1,9,0.424793,0.8,0.791481,50.0,False,500,0,0,500,428,10685,13500,500,0.856,0.924628,0.791481,500,2026-09-03T19:10:06,2.0,1.4000000000000001
phase_transition,1,28,0.15,5,2,0.1,10,0.477097,0.6,0.787111,50.0,False,500,0,0,500,425,10626,13500,500,0.85,0.926013,0.787111,500,2026-09-03T19:10:05,2.0,1.4000000000000001
phase_transition,1,28,0.15,5,2,0.1,11,0.460938,1.0,0.800444,50.0,False,500,0,0,114,433,10806,13500,500,0.866,0.924301,0.800444,500,2026-09-03T19:10:06,2.0,1.4000000000000001
phase_transition,1,28,0.15,5,2,0.1,12,0.496325,0.6,0.773704,50.0,False,500,0,0,500,418,10445,13500,500,0.836,0.925483,0.773704,500,2026-09-03T19:10:05,2.0,1.4000000000000001
phase_transition,1,28,0.15,5,2,0.1,13,0.476506,1.0,0.775926,50.0,False,500,0,0,500,419,10475,13500,500,0.838,0.925926,0.775926,500,2026-09-03T19:10:06,2.0,1.4000000000000001
phase_transition,1,28,0.15,5,2,0.1,14,0.447231,0.8,0.76563,50.0,False,500,0,0,42,414,10336,13500,500,0.828,0.924673,0.76563,500,2026-09-03T19:10:05,2.0,1.4000000000000001
phase_transition,1,28,0.15,5,2,0.1,15,0.481853,0.8,0.800519,50.0,False,500,0,0,500,433,10807,13500,500,0.866,0.924386,0.800519,500,2026-09-03T19:10:07,2.0,1.4000000000000001
phase_transition,1,28,0.15,5,2,0.1,16,0.413687,0.8,0.788,50.0,False,500,0,0,156,425,10638,13500,500,0.85,0.927059,0.788,500,2026-09-03T19:10:06,2.0,1.4000000000000001
phase_transition,1,28,0.15,5,2,0.1,17,0.478294,0.6,0.795259,50.0,False,500,0,0,500,430,10736,13500,500,0.86,0.92472,0.795259,500,2026-09-03T19:10:07,2.0,1.4000000000000001
phase_transition,1,28,0.15,5,2,0.1,18,0.395272,1.0,0.804,50.0,False,500,0,0,500,435,10854,13500,500,0.87,0.924138,0.804,500,2026-09-03T19:10:06,2.0,1.4000000000000001
phase_transition,1,28,0.15,5,2,0.1,19,0.456517,0.8,0.777704,50.0,False,500,0,0,201,420,10499,13500,500,0.84,0.925838,0.777704,500,2026-09-03T19:10:08,2.0,1.4000000000000001
phase_transition,1,28,0.15,5,2,0.1,20,0.515747,1.0,0.792593,50.0,False,500,0,0,396,428,10700,13500,500,0.856,0.925926,0.792593,500,2026-09-03T19:10:06,2.0,1.4000000000000001
phase_transition,1,28,0.15,5,2,0.1,21,0.401832,0.8,0.794,50.0,False,500,0,0,187,429,10719,13500,500,0.858,0.925408,0.794,500,2026-09-03T19:10:08,2.0,1.4000000000000001
phase_transition,1,28,0.15,5,2,0.1,22,0.488369,0.6,0.766,50.0,False,500,0,0,226,415,10341,13500,500,0.83,0.922892,0.766,500,2026-09-03T19:10:07,2.0,1.4000000000000001
phase_transition,1,28,0.15,5,2,0.1,23,0.487451,0.6,0.790444,50.0,False,500,0,0,500,427,10671,13500,500,0.854,0.925579,0.790444,500,2026-09-03T19:10:08,2.0,1.4000000000000001
phase_transition,1,28,0.15,5,2,0.1,24,0.434592,1.0,0.759111,50.0,False,500,0,0,255,410,10248,13500,500,0.82,0.925745,0.759111,500,2026-09-03T19:10:07,2.0,1.4000000000000001
phase_transition,1,28,0.15,5,2,0.1,25,0.525586,1.0,0.766963,50.0,False,500,0,0,500,415,10354,13500,500,0.83,0.924052,0.766963,500,2026-09-03T19:10:08,2.0,1.4000000000000001
phase_transition,1,28,0.15,5,2,0.1,26,0.447153,1.0,0.805556,50.0,False,500,0,0,433,436,10875,13500,500,0.872,0.923802,0.805556,500,2026-09-03T19:10:07,2.0,1.4000000000000001
phase_transition,1,28,0.15,5,2,0.1,27,0.453557,0.8,0.790741,50.0,False,500,0,0,500,427,10675,13500,500,0.854,0.925926,0.790741,500,2026-09-03T19:10:09,2.0,1.4000000000000001
phase_transition,1,28,0.15,5,2,0.1,28,0.424274,0.6,0.793037,50.0,False,500,0,0,372,429,10706,13500,500,0.858,0.924286,0.793037,500,2026-09-03T19:10:08,2.0,1.4000000000000001
phase_transition,1,28,0.15,5,2,0.1,29,0.533693,0.8,0.804222,50.0,False,500,0,0,124,432,10857,13500,500,0.864,0.930813,0.804222,500,2026-09-03T19:10:09,2.0,1.4000000000000001
phase_transition,1,30,0.0,5,2,0.1,0,0.592033,0.4,1.0,13.3,True,133,0,360,38,500,14500,14500,500,1.0,1.0,1.0,500,2026-09-03T19:10:08,2.0,1.5
phase_transition,1,30,0.0,5,2,0.1,1,0.527744,0.4,1.0,9.6,True,96,0,385,23,500,14500,14500,500,1.0,1.0,1.0,500,2026-09-03T19:10:09,2.0,1.5
phase_transition,1,30,0.0,5,2,0.1,2,0.465892,0.4,1.0,7.4,True,74,0,415,44,500,14500,14500,500,1.0,1.0,1.0,500,2026-09-03T19:10:08,2.0,1.5
phase_transition,1,30,0.0,5,2,0.1,3,0.550435,0.6,1.0,35.2,True,352,0,147,333,500,14500,14500,500,1.0,1.0,1.0,500,2026-09-03T19:10:10,2.0,1.5
phase_transition,1,30,0.0,5,2,0.1,4,0.636431,0.4,1.0,8.0,True,80,0,377,45,500,14500,14500,500,1.0,1.0,1.0,500,2026-09-03T19:10:09,2.0,1.5
phase_transition,1,30,0.0,5,2,0.1,5,0.530115,0.2,1.0,25.4,True,254,0,213,49,500,14500,14500,500,1.0,1.0,1.0,500,2026-09-03T19:10:10,2.0,1.5
phase_transition,1,30,0.0,5,2,0.1,6,0.431648,0.6,1.0,20.7,True,207,0,284,44,500,14500,14500,500,1.0,1.0,1.0,500,2026-09-03T19:10:09,2.0,1.5
phase_transition,1,30,0.0,5,2,0.1,7,0.505239,0.0,1.0,10.1,True,101,0,375,61,500,14500,14500,500,1.0,1.0,1.0,500,2026-09-03T19:10:10,2.0,1.5
phase_transition,1,30,0.0,5,2,0.1,8,0.60612,0.2,1.0,6.6,True,66,0,418,80,500,14500,14500,500,1.0,1.0,1.0,500,2026-09-03T19:10:09,2.0,1.5
phase_transition,1,30,0.0,5,2,0.1,9,0.496252,0.6,1.0,32.0,True,320,0,169,186,500,14500,14500,500,1.0,1.0,1.0,500,2026-09-03T19:10:11,2.0,1.5
phase_transition,1,30,0.0,5,2,0.1,10,0.560718,0.2,1.0,37.2,True,372,0,125,171,500,14500,14500,500,1.0,1.0,1.0,500,2026-09-03T19:10:10,2.0,1.5
phase_transition,1,30,0.0,5,2,0.1,11,0.575317,0.2,1.0,7.9,True,79,0,389,50,500,14500,14500,500,1.0,1.0,1.0,500,2026-09-03T19:10:11,2.0,1.5
phase_transition,1,30,0.0,5,2,0.1,12,0.476597,0.2,1.0,9.8,True,98,0,369,72,500,14500,14500,500,1.0,1.0,1.0,500,2026-09-03T19:10:10,2.0,1.5
phase_transition,1,30,0.0,5,2,0.1,13,0.54728,0.4,1.0,9.6,True,96,0,388,54,500,14500,14500,500,1.0,1.0,1.0,500,2026-09-03T19:10:11,2.0,1.5
phase_transition,1,30,0.0,5,2,0.1,14,0.577259,0.2,1.0,9.8,True,98,0,361,41,500,14500,14500,500,1.0,1.0,1.0,500,2026-09-03T19:10:10,2.0,1.5
phase_transition,1,30,0.0,5,2,0.1,15,0.568905,0.4,1.0,16.6,True,166,0,314,43,500,14500,14500,500,1.0,1.0,1.0,500,2026-09-03T19:10:12,2.0,1.5
phase_transition,1,30,0.0,5,2,0.1,16,0.530221,0.6,1.0,5.6,True,56,0,422,60,500,14500,14500,500,1.0,1.0,1.0,500,2026-09-03T19:10:11,2.0,1.5
phase_transition,1,30,0.0,5,2,0.1,17,0.513976,0.6,1.0,6.9,True,69,0,421,220,500,14500,14500,500,1.0,1.0,1.0,500,2026-09-03T19:10:12,2.0,1.5
phase_transition,1,30,0.0,5,2,0.1,18,0.499407,0.0,1.0,7.5,True,75,0,404,194,500,14500,14500,500,1.0,1.0,1.0,500,2026-09-03T19:10:11,2.0,1.5
phase_transition,1,30,0.0,5,2,0.1,19,0.509512,0.4,1.0,20.4,True,204,0,291,208,500,14500,14500,500,1.0,1.0,1.0,500,2026-09-03T19:10:12,2.0,1.5
phase_transition,1,30,0.0,5,2,0.1,20,0.564751,0.4,1.0,3.8,True,38,0,438,13,500,14500,14500,500,1.0,1.0,1.0,500,2026-09-03T19:10:12,2.0,1.5
phase_transition,1,30,0.0,5,2,0.1,21,0.667852,0.0,1.0,8.6,True,86,0,367,49,500,14500,14500,500,1.0,1.0,1.0,500,2026-09-03T19:10:13,2.0,1.5
phase_transition,1,30,0.0,5,2,0.1,22,0.568032,0.6,1.0,12.6,True,126,0,348,37,500,14500,14500,500,1.0,1.0,1.0,500,2026-09-03T19:10:12,2.0,1.5
phase_transition,1,30,0.0,5,2,0.1,23,0.562337,0.2,1.0,9.2,True,92,0,398,31,500,14500,14500,500,1.0,1.0,1.0,500,2026-09-03T19:10:13,2.0,1.5
phase_transition,1,30,0.0,5,2,0.1,24,0.49104,0.6,1.0,21.3,True,213,0,238,158,500,14500,14500,500,1.0,1.0,1.0,500,2026-09-03T19:10:12,2.0,1.5
phase_transition,1,30,0.0,5,2,0.1,25,0.554397,0.2,1.0,26.2,True,262,0,233,73,500,14500,14500,500,1.0,1.0,1.0,500,2026-09-03T19:10:13,2.0,1.5
phase_transition,1,30,0.0,5,2,0.1,26,0.519703,0.2,1.0,5.9,True,59,0,404,63,500,14500,14500,500,1.0,1.0,1.0,500,2026-09-03T19:10:12,2.0,1.5
phase_transition,1,30,0.0,5,2,0.1,27,0.515603,0.6,1.0,11.2,True,112,0,381,62,500,14500,14500,500,1.0,1.0,1.0,500,2026-09-03T19:10:14,2.0,1.5
phase_transition,1,30,0.0,5,2,0.1,28,0.559498,0.6,1.0,8.7,True,87,0,409,64,500,14500,14500,500,1.0,1.0,1.0,500,2026-09-03T19:10:13,2.0,1.5
phase_transition,1,30,0.0,5,2,0.1,29,0.506596,0.4,1.0,3.8,True,38,0,423,32,500,14500,14500,500,1.0,1.0,1.0,500,2026-09-03T19:10:14,2.0,1.5
phase_transition,1,30,0.05,5,2,0.1,0,0.606707,0.8,0.910897,50.0,False,500,0,0,486,466,13208,14500,500,0.932,0.977357,0.910897,500,2026-09-03T19:10:13,2.0,1.5
phase_transition,1,30,0.05,5,2,0.1,1,0.496266,0.8,0.932138,18.9,True,189,0,303,74,477,13516,14500,500,0.954,0.977084,0.932138,500,2026-09-03T19:10:14,2.0,1.5
phase_transition,1,30,0.05,5,2,0.1,2,0.571829,0.6,0.910207,50.0,False,500,0,0,500,467,13198,14500,500,0.934,0.974526,0.910207,500,2026-09-03T19:10:14,2.0,1.5
phase_transition,1,30,0.05,5,2,0.1,3,0.453634,0.6,0.928483,50.0,False,500,0,0,500,475,13463,14500,500,0.95,0.97735,0.928483,500,2026-09-03T19:10:15,2.0,1.5
phase_transition,1,30,0.05,5,2,0.1,4,0.478041,0.4,0.93669,38.0,True,380,0,114,89,479,13582,14500,500,0.958,0.977755,0.93669,500,2026-09-03T19:10:14,2.0,1.5
phase_transition,1,30,0.05,5,2,0.1,5,0.388595,1.0,0.936552,47.1,True,471,0,25,258,481,13580,14500,500,0.962,0.973546,0.936552,500,2026-09-03T19:10:15,2.0,1.5
phase_transition,1,30,0.05,5,2,0.1,6,0.53054,0.4,0.942966,24.2,True,242,0,256,119,483,13673,14500,500,0.966,0.976155,0.942966,500,2026-09-03T19:10:14,2.0,1.5
phase_transition,1,30,0.05,5,2,0.1,7,0.475593,0.6,0.927793,50.0,False,500,0,0,124,476,13453,14500,500,0.952,0.974573,0.927793,500,2026-09-03T19:10:16,2.0,1.5
phase_transition,1,30,0.05,5,2,0.1,8,0.509015,0.8,0.912138,50.0,False,500,0,0,168,467,13226,14500,500,0.934,0.976593,0.912138,500,2026-09-03T19:10:15,2.0,1.5
phase_transition,1,30,0.05,5,2,0.1,9,0.502688,0.6,0.913103,50.0,False,500,0,0,109,468,13240,14500,500,0.936,0.975538,0.913103,500,2026-09-03T19:10:16,2.0,1.5
phase_transition,1,30,0.05,5,2,0.1,10,0.547764,0.2,0.927586,50.0,False,500,0,0,139,475,13450,14500,500,0.95,0.976407,0.927586,500,2026-09-03T19:10:15,2.0,1.5
phase_transition,1,30,0.05,5,2,0.1,11,0.526725,0.6,0.92,50.0,False,500,0,0,119,472,13340,14500,500,0.944,0.974576,0.92,500,2026-09-03T19:10:16,2.0,1.5
phase_transition,1,30,0.05,5,2,0.1,12,0.527349,0.8,0.929517,36.6,True,366,0,131,67,476,13478,14500,500,0.952,0.976384,0.929517,500,2026-09-03T19:10:15,2.0,1.5
phase_transition,1,30,0.05,5,2,0.1,13,0.450732,0.6,0.92469,50.0,False,500,0,0,51,474,13408,14500,500,0.948,0.975411,0.92469,500,2026-09-03T19:10:16,2.0,1.5
phase_transition,1,30,0.05,5,2,0.1,14,0.455929,0.6,0.919655,50.0,False,500,0,0,75,471,13335,14500,500,0.942,0.976279,0.919655,500,2026-09-03T19:10:15,2.0,1.5
phase_transition,1,30,0.05,5,2,0.1,15,0.514369,0.4,0.921379,50.0,False,500,0,0,43,473,13360,14500,500,0.946,0.973974,0.921379,500,2026-09-03T19:10:17,2.0,1.5
phase_transition,1,30,0.05,5,2,0.1,16,0.459886,0.4,0.939103,50.0,False,500,0,0,311,481,13617,14500,500,0.962,0.976199,0.939103,500,2026-09-03T19:10:16,2.0,1.5
phase_transition,1,30,0.05,5,2,0.1,17,0.512076,0.4,0.90269,50.0,False,500,0,0,257,462,13089,14500,500,0.924,0.976937,0.90269,500,2026-09-03T19:10:17,2.0,1.5
phase_transition,1,30,0.05,5,2,0.1,18,0.539815,0.8,0.911586,50.0,False,500,0,0,36,468,13218,14500,500,0.936,0.973917,0.911586,500,2026-09-03T19:10:16,2.0,1.5
phase_transition,1,30,0.05,5,2,0.1,19,0.549271,0.8,0.932,50.0,False,500,0,0,207,478,13514,14500,500,0.956,0.974895,0.932,500,2026-09-03T19:10:18,2.0,1.5
phase_transition,1,30,0.05,5,2,0.1,20,0.479723,0.8,0.926069,50.0,False,500,0,0,78,475,13428,14500,500,0.95,0.974809,0.926069,500,2026-09-03T19:10:16,2.0,1.5
phase_transition,1,30,0.05,5,2,0.1,21,0.436249,1.0,0.943862,50.0,False,500,0,0,56,483,13686,14500,500,0.966,0.977083,0.943862,500,2026-09-03T19:10:18,2.0,1.5
phase_transition,1,30,0.05,5,2,0.1,22,0.589389,0.6,0.917448,50.0,False,500,0,0,298,471,13303,14500,500,0.942,0.973937,0.917448,500,2026-09-03T19:10:17,2.0,1.5
phase_transition,1,30,0.05,5,2,0.1,23,0.56263,0.8,0.924897,50.0,False,500,0,0,500,474,13411,14500,500,0.948,0.975629,0.924897,500,2026-09-03T19:10:19,2.0,1.5
phase_transition,1,30,0.05,5,2,0.1,24,0.493889,0.4,0.936552,50.0,False,500,0,0,133,480,13580,14500,500,0.96,0.975575,0.936552,500,2026-09-03T19:10:17,2.0,1.5
phase_transition,1,30,0.05,5,2,0.1,25,0.479379,0.8,0.927862,50.0,False,500,0,0,97,476,13454,14500,500,0.952,0.974645,0.927862,500,2026-09-03T19:10:19,2.0,1.5
phase_transition,1,30,0.05,5,2,0.1,26,0.523352,0.8,0.927379,50.0,False,500,0,0,146,476,13447,14500,500,0.952,0.974138,0.927379,500,2026-09-03T19:10:17,2.0,1.5
phase_transition,1,30,0.05,5,2,0.1,27,0.526461,0.6,0.931586,50.0,False,500,0,0,50,478,13508,14500,500,0.956,0.974463,0.931586,500,2026-09-03T19:10:19,2.0,1.5
phase_transition,1,30,0.05,5,2,0.1,28,0.425636,0.4,0.935172,50.0,False,500,0,0,74,480,13560,14500,500,0.96,0.974138,0.935172,500,2026-09-03T19:10:18,2.0,1.5
phase_transition,1,30,0.05,5,2,0.1,29,0.518409,0.8,0.92669,13.0,True,130,0,367,95,474,13437,14500,500,0.948,0.977521,0.92669,500,2026-09-03T19:10:19,2.0,1.5
phase_transition,1,30,0.15,5,2,0.1,0,0.437174,1.0,0.796552,50.0,False,500,0,0,454,428,11550,14500,500,0.856,0.930551,0.796552,500,2026-09-03T19:10:18,2.0,1.5
phase_transition,1,30,0.15,5,2,0.1,1,0.430301,0.8,0.794069,50.0,False,500,0,0,500,428,11514,14500,500,0.856,0.927651,0.794069,500,2026-09-03T19:10:19,2.0,1.5
phase_transition,1,30,0.15,5,2,0.1,2,0.411963,0.8,0.757724,50.0,False,500,0,0,500,410,10987,14500,500,0.82,0.924054,0.757724,500,2026-09-03T19:10:19,2.0,1.5
phase_transition,1,30,0.15,5,2,0.1,3,0.334004,1.0,0.786207,50.0,False,500,0,0,500,424,11400,14500,500,0.848,0.927131,0.786207,500,2026-09-03T19:10:20,2.0,1.5
phase_transition,1,30,0.15,5,2,0.1,4,0.470224,0.6,0.808828,50.0,False,500,0,0,362,437,11728,14500,500,0.874,0.925432,0.808828,500,2026-09-03T19:10:19,2.0,1.5
phase_transition,1,30,0.15,5,2,0.1,5,0.383935,0.6,0.78331,50.0,False,500,0,0,500,425,11358,14500,500,0.85,0.921542,0.78331,500,2026-09-03T19:10:20,2.0,1.5
phase_transition,1,30,0.15,5,2,0.1,6,0.411848,0.8,0.759448,50.0,False,500,0,0,500,409,11012,14500,500,0.818,0.928421,0.759448,500,2026-09-03T19:10:19,2.0,1.5
phase_transition,1,30,0.15,5,2,0.1,7,0.417552,1.0,0.775724,50.0,False,500,0,0,444,418,11248,14500,500,0.836,0.9279,0.775724,500,2026-09-03T19:10:20,2.0,1.5
phase_transition,1,30,0.15,5,2,0.1,8,0.499987,0.6,0.802621,50.0,False,500,0,0,500,432,11638,14500,500,0.864,0.928959,0.802621,500,2026-09-03T19:10:20,2.0,1.5
phase_transition,1,30,0.15,5,2,0.1,9,0.380299,1.0,0.804138,50.0,False,500,0,0,500,435,11660,14500,500,0.87,0.924296,0.804138,500,2026-09-03T19:10:21,2.0,1.5
phase_transition,1,30,0.15,5,2,0.1,10,0.344247,1.0,0.802276,50.0,False,500,0,0,500,434,11633,14500,500,0.868,0.924281,0.802276,500,2026-09-03T19:10:20,2.0,1.5
phase_transition,1,30,0.15,5,2,0.1,11,0.388958,0.8,0.798138,50.0,False,500,0,0,500,431,11573,14500,500,0.862,0.925914,0.798138,500,2026-09-03T19:10:21,2.0,1.5
phase_transition,1,30,0.15,5,2,0.1,12,0.465119,1.0,0.782138,50.0,False,500,0,0,500,422,11341,14500,500,0.844,0.926704,0.782138,500,2026-09-03T19:10:20,2.0,1.5
phase_transition,1,30,0.15,5,2,0.1,13,0.476171,1.0,0.777655,50.0,False,500,0,0,266,420,11276,14500,500,0.84,0.92578,0.777655,500,2026-09-03T19:10:21,2.0,1.5
phase_transition,1,30,0.15,5,2,0.1,14,0.422247,0.8,0.785241,50.0,False,500,0,0,393,425,11386,14500,500,0.85,0.923813,0.785241,500,2026-09-03T19:10:20,2.0,1.5
phase_transition,1,30,0.15,5,2,0.1,15,0.54379,0.8,0.771793,50.0,False,500,0,0,500,417,11191,14500,500,0.834,0.925411,0.771793,500,2026-09-03T19:10:21,2.0,1.5
phase_transition,1,30,0.15,5,2,0.1,16,0.480841,0.6,0.773586,50.0,False,500,0,0,500,417,11217,14500,500,0.834,0.927561,0.773586,500,2026-09-03T19:10:21,2.0,1.5
phase_transition,1,30,0.15,5,2,0.1,17,0.493922,0.8,0.794207,50.0,False,500,0,0,168,429,11516,14500,500,0.858,0.925649,0.794207,500,2026-09-03T19:10:22,2.0,1.5
phase_transition,1,30,0.15,5,2,0.1,18,0.447951,0.4,0.786069,50.0,False,500,0,0,500,425,11398,14500,500,0.85,0.924787,0.786069,500,2026-09-03T19:10:21,2.0,1.5
phase_transition,1,30,0.15,5,2,0.1,19,0.448516,0.6,0.802621,50.0,False,500,0,0,500,434,11638,14500,500,0.868,0.924678,0.802621,500,2026-09-03T19:10:22,2.0,1.5
phase_transition,1,30,0.15,5,2,0.1,20,0.456451,0.4,0.794138,50.0,False,500,0,0,500,429,11515,14500,500,0.858,0.925569,0.794138,500,2026-09-03T19:10:21,2.0,1.5
phase_transition,1,30,0.15,5,2,0.1,21,0.479424,0.8,0.784621,50.0,False,500,0,0,500,424,11377,14500,500,0.848,0.92526,0.784621,500,2026-09-03T19:10:23,2.0,1.5
phase_transition,1,30,0.15,5,2,0.1,22,0.52791,0.8,0.762483,50.0,False,500,0,0,500,413,11056,14500,500,0.826,0.923103,0.762483,500,2026-09-03T19:10:22,2.0,1.5
phase_transition,1,30,0.15,5,2,0.1,23,0.458486,1.0,0.808828,50.0,False,500,0,0,227,437,11728,14500,500,0.874,0.925432,0.808828,500,2026-09-03T19:10:23,2.0,1.5
phase_transition,1,30,0.15,5,2,0.1,24,0.401767,0.6,0.780414,50.0,False,500,0,0,500,422,11316,14500,500,0.844,0.924661,0.780414,500,2026-09-03T19:10:22,2.0,1.5
phase_transition,1,30,0.15,5,2,0.1,25,0.445471,0.8,0.798069,50.0,False,500,0,0,500,432,11572,14500,500,0.864,0.923691,0.798069,500,2026-09-03T19:10:23,2.0,1.5
phase_transition,1,30,0.15,5,2,0.1,26,0.455239,1.0,0.794828,50.0,False,500,0,0,500,430,11525,14500,500,0.86,0.924218,0.794828,500,2026-09-03T19:10:23,2.0,1.5
phase_transition,1,30,0.15,5,2,0.1,27,0.433035,0.8,0.771862,50.0,False,500,0,0,431,417,11192,14500,500,0.834,0.925494,0.771862,500,2026-09-03T19:10:23,2.0,1.5
phase_transition,1,30,0.15,5,2,0.1,28,0.377838,1.0,0.791241,50.0,False,500,0,0,500,428,11473,14500,500,0.856,0.924347,0.791241,500,2026-09-03T19:10:23,2.0,1.5
phase_transition,1,30,0.15,5,2,0.1,29,0.432592,0.8,0.778276,50.0,False,500,0,0,500,418,11285,14500,500,0.836,0.930952,0.778276,500,2026-09-03T19:10:24,2.0,1.5
